Timing Analyzer report for project
Fri Dec 29 05:24:31 2023
Version 4.1 Build 181 06/29/2004 SJ Full Version


---------------------
; Table of Contents ;
---------------------
  1. Legal Notice
  2. Timing Analyzer Settings
  3. Timing Analyzer Summary
  4. Clock Settings Summary
  5. Clock Setup: 'CLK1'
  6. Clock Hold: 'CLK1'
  7. tsu
  8. tco
  9. th
 10. Minimum tco
 11. Timing Analyzer Messages



----------------
; Legal Notice ;
----------------
Copyright (C) 1991-2004 Altera Corporation
Any  megafunction  design,  and related netlist (encrypted  or  decrypted),
support information,  device programming or simulation file,  and any other
associated  documentation or information  provided by  Altera  or a partner
under  Altera's   Megafunction   Partnership   Program  may  be  used  only
to program  PLD  devices (but not masked  PLD  devices) from  Altera.   Any
other  use  of such  megafunction  design,  netlist,  support  information,
device programming or simulation file,  or any other  related documentation
or information  is prohibited  for  any  other purpose,  including, but not
limited to  modification,  reverse engineering,  de-compiling, or use  with
any other  silicon devices,  unless such use is  explicitly  licensed under
a separate agreement with  Altera  or a megafunction partner.  Title to the
intellectual property,  including patents,  copyrights,  trademarks,  trade
secrets,  or maskworks,  embodied in any such megafunction design, netlist,
support  information,  device programming or simulation file,  or any other
related documentation or information provided by  Altera  or a megafunction
partner, remains with Altera, the megafunction partner, or their respective
licensors. No other licenses, including any licenses needed under any third
party's intellectual property, are provided herein.



+----------------------------------------------------------------------------------------+
; Timing Analyzer Settings                                                               ;
+-------------------------------------------------------+--------------------+------+----+
; Option                                                ; Setting            ; From ; To ;
+-------------------------------------------------------+--------------------+------+----+
; Device name                                           ; EP1S10F484C5       ;      ;    ;
; Timing Models                                         ; Production         ;      ;    ;
; Number of source nodes to report per destination node ; 10                 ;      ;    ;
; Number of destination nodes to report                 ; 10                 ;      ;    ;
; Number of paths to report                             ; 200                ;      ;    ;
; Run Minimum Analysis                                  ; On                 ;      ;    ;
; Use Minimum Timing Models                             ; Off                ;      ;    ;
; Report IO Paths Separately                            ; Off                ;      ;    ;
; Clock Analysis Only                                   ; Off                ;      ;    ;
; Default hold multicycle                               ; Same as Multicycle ;      ;    ;
; Cut paths between unrelated clock domains             ; On                 ;      ;    ;
; Cut off read during write signal paths                ; On                 ;      ;    ;
; Cut off clear and preset signal paths                 ; On                 ;      ;    ;
; Cut off feedback from I/O pins                        ; On                 ;      ;    ;
; Ignore Clock Settings                                 ; Off                ;      ;    ;
; Analyze latches as synchronous elements               ; Off                ;      ;    ;
+-------------------------------------------------------+--------------------+------+----+


+----------------------------------------------------------------------------------------------------------------------------------------------------------------------------------------------------------------------------------------------------------------------------------------------------------+
; Timing Analyzer Summary                                                                                                                                                                                                                                                                                  ;
+------------------------------+------------------------------------------+---------------+----------------------------------+--------------------+-----------------------------------------------------------------------------------------------------------------+------------+----------+--------------+
; Type                         ; Slack                                    ; Required Time ; Actual Time                      ; From               ; To                                                                                                              ; From Clock ; To Clock ; Failed Paths ;
+------------------------------+------------------------------------------+---------------+----------------------------------+--------------------+-----------------------------------------------------------------------------------------------------------------+------------+----------+--------------+
; Worst-case tsu               ; N/A                                      ; None          ; -1.779 ns                        ; d0[6]              ; lpm_ram_dq0:inst10|altsyncram:altsyncram_component|altsyncram_dru:auto_generated|ram_block1a7~porta_datain_reg1 ;            ; CLK1     ; 0            ;
; Worst-case tco               ; N/A                                      ; None          ; 37.085 ns                        ; 273:inst19|14      ; d1[4]                                                                                                           ; CLK1       ;          ; 0            ;
; Worst-case th                ; N/A                                      ; None          ; 23.088 ns                        ; d0[7]              ; reg_3:inst1|273:reg2|12                                                                                         ;            ; CLK1     ; 0            ;
; Worst-case Minimum tco       ; N/A                                      ; None          ; 14.997 ns                        ; se6_1:inst7|inst45 ; uaddr[6]                                                                                                        ; CLK1       ;          ; 0            ;
; Clock Setup: 'CLK1'          ; N/A                                      ; None          ; 40.21 MHz ( period = 24.871 ns ) ; 273:inst19|14      ; lpm_ram_dq0:inst10|altsyncram:altsyncram_component|altsyncram_dru:auto_generated|ram_block1a7~porta_datain_reg2 ; CLK1       ; CLK1     ; 0            ;
; Clock Hold: 'CLK1'           ; Not operational: Clock Skew > Data Delay ; None          ; N/A                              ; 273:inst20|16      ; reg_3:inst1|273:reg1|16                                                                                         ; CLK1       ; CLK1     ; 2279         ;
; Total number of failed paths ;                                          ;               ;                                  ;                    ;                                                                                                                 ;            ;          ; 2279         ;
+------------------------------+------------------------------------------+---------------+----------------------------------+--------------------+-----------------------------------------------------------------------------------------------------------------+------------+----------+--------------+


+--------------------------------------------------------------------------------------------------------------------------------------+
; Clock Settings Summary                                                                                                               ;
+-----------------+--------------------+----------+------------------+----------+-----------------------+---------------------+--------+
; Clock Node Name ; Clock Setting Name ; Type     ; Fmax Requirement ; Based on ; Multiply Base Fmax by ; Divide Base Fmax by ; Offset ;
+-----------------+--------------------+----------+------------------+----------+-----------------------+---------------------+--------+
; CLK1            ;                    ; User Pin ; NONE             ; NONE     ; N/A                   ; N/A                 ; N/A    ;
+-----------------+--------------------+----------+------------------+----------+-----------------------+---------------------+--------+


+-------------------------------------------------------------------------------------------------------------------------------------------------------------------------------------------------------------------------------------------------------------------------------------------------------------------------------------------------------+
; Clock Setup: 'CLK1'                                                                                                                                                                                                                                                                                                                                   ;
+-----------------------------------------+-----------------------------------------------------+-------------------------+-----------------------------------------------------------------------------------------------------------------+------------+----------+-----------------------------+---------------------------+-------------------------+
; Slack                                   ; Actual fmax (period)                                ; From                    ; To                                                                                                              ; From Clock ; To Clock ; Required Setup Relationship ; Required Longest P2P Time ; Actual Longest P2P Time ;
+-----------------------------------------+-----------------------------------------------------+-------------------------+-----------------------------------------------------------------------------------------------------------------+------------+----------+-----------------------------+---------------------------+-------------------------+
; N/A                                     ; 40.21 MHz ( period = 24.871 ns )                    ; 273:inst19|14           ; lpm_ram_dq0:inst10|altsyncram:altsyncram_component|altsyncram_dru:auto_generated|ram_block1a7~porta_datain_reg2 ; CLK1       ; CLK1     ; None                        ; None                      ; None                    ;
; N/A                                     ; 40.44 MHz ( period = 24.729 ns )                    ; 273:inst8|15            ; lpm_ram_dq0:inst10|altsyncram:altsyncram_component|altsyncram_dru:auto_generated|ram_block1a7~porta_datain_reg2 ; CLK1       ; CLK1     ; None                        ; None                      ; None                    ;
; N/A                                     ; 40.67 MHz ( period = 24.591 ns )                    ; 273:inst8|14            ; lpm_ram_dq0:inst10|altsyncram:altsyncram_component|altsyncram_dru:auto_generated|ram_block1a7~porta_datain_reg2 ; CLK1       ; CLK1     ; None                        ; None                      ; None                    ;
; N/A                                     ; 40.76 MHz ( period = 24.534 ns )                    ; 273:inst19|15           ; lpm_ram_dq0:inst10|altsyncram:altsyncram_component|altsyncram_dru:auto_generated|ram_block1a7~porta_datain_reg2 ; CLK1       ; CLK1     ; None                        ; None                      ; None                    ;
; N/A                                     ; 40.92 MHz ( period = 24.439 ns )                    ; 273:inst19|13           ; lpm_ram_dq0:inst10|altsyncram:altsyncram_component|altsyncram_dru:auto_generated|ram_block1a7~porta_datain_reg2 ; CLK1       ; CLK1     ; None                        ; None                      ; None                    ;
; N/A                                     ; 41.05 MHz ( period = 24.361 ns )                    ; reg_3:inst1|273:reg1|17 ; lpm_ram_dq0:inst10|altsyncram:altsyncram_component|altsyncram_dru:auto_generated|ram_block1a7~porta_datain_reg5 ; CLK1       ; CLK1     ; None                        ; None                      ; None                    ;
; N/A                                     ; 41.30 MHz ( period = 24.215 ns )                    ; reg_3:inst1|273:reg1|15 ; lpm_ram_dq0:inst10|altsyncram:altsyncram_component|altsyncram_dru:auto_generated|ram_block1a7~porta_datain_reg3 ; CLK1       ; CLK1     ; None                        ; None                      ; None                    ;
; N/A                                     ; 41.30 MHz ( period = 24.215 ns )                    ; reg_3:inst1|273:reg1|12 ; lpm_ram_dq0:inst10|altsyncram:altsyncram_component|altsyncram_dru:auto_generated|ram_block1a7~porta_datain_reg0 ; CLK1       ; CLK1     ; None                        ; None                      ; None                    ;
; N/A                                     ; 41.43 MHz ( period = 24.138 ns )                    ; reg_3:inst1|273:reg1|19 ; lpm_ram_dq0:inst10|altsyncram:altsyncram_component|altsyncram_dru:auto_generated|ram_block1a7~porta_datain_reg6 ; CLK1       ; CLK1     ; None                        ; None                      ; None                    ;
; N/A                                     ; 41.47 MHz ( period = 24.114 ns )                    ; reg_3:inst1|273:reg1|18 ; lpm_ram_dq0:inst10|altsyncram:altsyncram_component|altsyncram_dru:auto_generated|ram_block1a7~porta_datain_reg7 ; CLK1       ; CLK1     ; None                        ; None                      ; None                    ;
; N/A                                     ; 41.63 MHz ( period = 24.020 ns )                    ; 273:inst8|13            ; lpm_ram_dq0:inst10|altsyncram:altsyncram_component|altsyncram_dru:auto_generated|ram_block1a7~porta_datain_reg2 ; CLK1       ; CLK1     ; None                        ; None                      ; None                    ;
; N/A                                     ; 41.81 MHz ( period = 23.920 ns )                    ; reg_3:inst1|273:reg1|18 ; 273:inst8|18                                                                                                    ; CLK1       ; CLK1     ; None                        ; None                      ; None                    ;
; N/A                                     ; 41.81 MHz ( period = 23.920 ns )                    ; 273:inst19|14           ; 273:inst8|14                                                                                                    ; CLK1       ; CLK1     ; None                        ; None                      ; None                    ;
; N/A                                     ; 41.95 MHz ( period = 23.837 ns )                    ; reg_3:inst1|273:reg1|16 ; lpm_ram_dq0:inst10|altsyncram:altsyncram_component|altsyncram_dru:auto_generated|ram_block1a7~porta_datain_reg4 ; CLK1       ; CLK1     ; None                        ; None                      ; None                    ;
; N/A                                     ; 41.97 MHz ( period = 23.829 ns )                    ; reg_3:inst1|273:reg1|14 ; lpm_ram_dq0:inst10|altsyncram:altsyncram_component|altsyncram_dru:auto_generated|ram_block1a7~porta_datain_reg2 ; CLK1       ; CLK1     ; None                        ; None                      ; None                    ;
; N/A                                     ; 41.97 MHz ( period = 23.827 ns )                    ; 273:inst19|14           ; lpm_ram_dq0:inst10|altsyncram:altsyncram_component|altsyncram_dru:auto_generated|ram_block1a7~porta_datain_reg1 ; CLK1       ; CLK1     ; None                        ; None                      ; None                    ;
; N/A                                     ; 42.06 MHz ( period = 23.778 ns )                    ; 273:inst8|15            ; 273:inst8|14                                                                                                    ; CLK1       ; CLK1     ; None                        ; None                      ; None                    ;
; N/A                                     ; 42.08 MHz ( period = 23.764 ns )                    ; reg_3:inst1|273:reg1|19 ; 273:inst8|19                                                                                                    ; CLK1       ; CLK1     ; None                        ; None                      ; None                    ;
; N/A                                     ; 42.09 MHz ( period = 23.757 ns )                    ; 273:inst19|12           ; lpm_ram_dq0:inst10|altsyncram:altsyncram_component|altsyncram_dru:auto_generated|ram_block1a7~porta_datain_reg2 ; CLK1       ; CLK1     ; None                        ; None                      ; None                    ;
; N/A                                     ; 42.18 MHz ( period = 23.706 ns )                    ; reg_3:inst1|273:reg1|13 ; lpm_ram_dq0:inst10|altsyncram:altsyncram_component|altsyncram_dru:auto_generated|ram_block1a7~porta_datain_reg1 ; CLK1       ; CLK1     ; None                        ; None                      ; None                    ;
; N/A                                     ; 42.20 MHz ( period = 23.696 ns )                    ; 273:inst19|14           ; lpm_ram_dq0:inst10|altsyncram:altsyncram_component|altsyncram_dru:auto_generated|ram_block1a7~porta_datain_reg3 ; CLK1       ; CLK1     ; None                        ; None                      ; None                    ;
; N/A                                     ; 42.20 MHz ( period = 23.696 ns )                    ; reg_3:inst1|273:reg1|15 ; 273:inst8|15                                                                                                    ; CLK1       ; CLK1     ; None                        ; None                      ; None                    ;
; N/A                                     ; 42.22 MHz ( period = 23.685 ns )                    ; 273:inst8|15            ; lpm_ram_dq0:inst10|altsyncram:altsyncram_component|altsyncram_dru:auto_generated|ram_block1a7~porta_datain_reg1 ; CLK1       ; CLK1     ; None                        ; None                      ; None                    ;
; N/A                                     ; 42.24 MHz ( period = 23.676 ns )                    ; reg_3:inst1|273:reg1|17 ; 273:inst8|17                                                                                                    ; CLK1       ; CLK1     ; None                        ; None                      ; None                    ;
; N/A                                     ; 42.30 MHz ( period = 23.640 ns )                    ; 273:inst8|14            ; 273:inst8|14                                                                                                    ; CLK1       ; CLK1     ; None                        ; None                      ; None                    ;
; N/A                                     ; 42.32 MHz ( period = 23.632 ns )                    ; reg_3:inst1|273:reg0|15 ; lpm_ram_dq0:inst10|altsyncram:altsyncram_component|altsyncram_dru:auto_generated|ram_block1a7~porta_datain_reg3 ; CLK1       ; CLK1     ; None                        ; None                      ; None                    ;
; N/A                                     ; 42.37 MHz ( period = 23.602 ns )                    ; reg_3:inst1|273:reg0|16 ; lpm_ram_dq0:inst10|altsyncram:altsyncram_component|altsyncram_dru:auto_generated|ram_block1a7~porta_datain_reg4 ; CLK1       ; CLK1     ; None                        ; None                      ; None                    ;
; N/A                                     ; 42.39 MHz ( period = 23.592 ns )                    ; 273:inst19|17           ; lpm_ram_dq0:inst10|altsyncram:altsyncram_component|altsyncram_dru:auto_generated|ram_block1a7~porta_datain_reg5 ; CLK1       ; CLK1     ; None                        ; None                      ; None                    ;
; N/A                                     ; 42.40 MHz ( period = 23.583 ns )                    ; 273:inst19|15           ; 273:inst8|14                                                                                                    ; CLK1       ; CLK1     ; None                        ; None                      ; None                    ;
; N/A                                     ; 42.46 MHz ( period = 23.554 ns )                    ; 273:inst8|15            ; lpm_ram_dq0:inst10|altsyncram:altsyncram_component|altsyncram_dru:auto_generated|ram_block1a7~porta_datain_reg3 ; CLK1       ; CLK1     ; None                        ; None                      ; None                    ;
; N/A                                     ; 42.47 MHz ( period = 23.547 ns )                    ; 273:inst8|14            ; lpm_ram_dq0:inst10|altsyncram:altsyncram_component|altsyncram_dru:auto_generated|ram_block1a7~porta_datain_reg1 ; CLK1       ; CLK1     ; None                        ; None                      ; None                    ;
; N/A                                     ; 42.49 MHz ( period = 23.533 ns )                    ; reg_3:inst1|273:reg0|12 ; lpm_ram_dq0:inst10|altsyncram:altsyncram_component|altsyncram_dru:auto_generated|ram_block1a7~porta_datain_reg0 ; CLK1       ; CLK1     ; None                        ; None                      ; None                    ;
; N/A                                     ; 42.52 MHz ( period = 23.516 ns )                    ; reg_3:inst1|273:reg0|17 ; lpm_ram_dq0:inst10|altsyncram:altsyncram_component|altsyncram_dru:auto_generated|ram_block1a7~porta_datain_reg5 ; CLK1       ; CLK1     ; None                        ; None                      ; None                    ;
; N/A                                     ; 42.57 MHz ( period = 23.490 ns )                    ; 273:inst19|15           ; lpm_ram_dq0:inst10|altsyncram:altsyncram_component|altsyncram_dru:auto_generated|ram_block1a7~porta_datain_reg1 ; CLK1       ; CLK1     ; None                        ; None                      ; None                    ;
; N/A                                     ; 42.57 MHz ( period = 23.488 ns )                    ; 273:inst19|13           ; 273:inst8|14                                                                                                    ; CLK1       ; CLK1     ; None                        ; None                      ; None                    ;
; N/A                                     ; 42.59 MHz ( period = 23.481 ns )                    ; reg_3:inst1|273:reg1|12 ; 273:inst8|12                                                                                                    ; CLK1       ; CLK1     ; None                        ; None                      ; None                    ;
; N/A                                     ; 42.64 MHz ( period = 23.454 ns )                    ; reg_3:inst1|273:reg0|14 ; lpm_ram_dq0:inst10|altsyncram:altsyncram_component|altsyncram_dru:auto_generated|ram_block1a7~porta_datain_reg2 ; CLK1       ; CLK1     ; None                        ; None                      ; None                    ;
; N/A                                     ; 42.66 MHz ( period = 23.439 ns )                    ; 273:inst8|12            ; lpm_ram_dq0:inst10|altsyncram:altsyncram_component|altsyncram_dru:auto_generated|ram_block1a7~porta_datain_reg2 ; CLK1       ; CLK1     ; None                        ; None                      ; None                    ;
; N/A                                     ; 42.67 MHz ( period = 23.434 ns )                    ; 273:inst19|14           ; 273:inst22|14                                                                                                   ; CLK1       ; CLK1     ; None                        ; None                      ; None                    ;
; N/A                                     ; 42.71 MHz ( period = 23.416 ns )                    ; 273:inst8|14            ; lpm_ram_dq0:inst10|altsyncram:altsyncram_component|altsyncram_dru:auto_generated|ram_block1a7~porta_datain_reg3 ; CLK1       ; CLK1     ; None                        ; None                      ; None                    ;
; N/A                                     ; 42.74 MHz ( period = 23.395 ns )                    ; 273:inst19|13           ; lpm_ram_dq0:inst10|altsyncram:altsyncram_component|altsyncram_dru:auto_generated|ram_block1a7~porta_datain_reg1 ; CLK1       ; CLK1     ; None                        ; None                      ; None                    ;
; N/A                                     ; 42.81 MHz ( period = 23.359 ns )                    ; 273:inst19|15           ; lpm_ram_dq0:inst10|altsyncram:altsyncram_component|altsyncram_dru:auto_generated|ram_block1a7~porta_datain_reg3 ; CLK1       ; CLK1     ; None                        ; None                      ; None                    ;
; N/A                                     ; 42.87 MHz ( period = 23.326 ns )                    ; reg_3:inst1|273:reg0|13 ; lpm_ram_dq0:inst10|altsyncram:altsyncram_component|altsyncram_dru:auto_generated|ram_block1a7~porta_datain_reg1 ; CLK1       ; CLK1     ; None                        ; None                      ; None                    ;
; N/A                                     ; 42.93 MHz ( period = 23.292 ns )                    ; 273:inst8|15            ; 273:inst22|14                                                                                                   ; CLK1       ; CLK1     ; None                        ; None                      ; None                    ;
; N/A                                     ; 42.98 MHz ( period = 23.264 ns )                    ; 273:inst19|13           ; lpm_ram_dq0:inst10|altsyncram:altsyncram_component|altsyncram_dru:auto_generated|ram_block1a7~porta_datain_reg3 ; CLK1       ; CLK1     ; None                        ; None                      ; None                    ;
; N/A                                     ; 43.09 MHz ( period = 23.206 ns )                    ; reg_3:inst1|273:reg0|19 ; lpm_ram_dq0:inst10|altsyncram:altsyncram_component|altsyncram_dru:auto_generated|ram_block1a7~porta_datain_reg6 ; CLK1       ; CLK1     ; None                        ; None                      ; None                    ;
; N/A                                     ; 43.15 MHz ( period = 23.177 ns )                    ; 273:inst19|14           ; 273:inst8|15                                                                                                    ; CLK1       ; CLK1     ; None                        ; None                      ; None                    ;
; N/A                                     ; 43.15 MHz ( period = 23.173 ns )                    ; reg_3:inst1|273:reg0|18 ; lpm_ram_dq0:inst10|altsyncram:altsyncram_component|altsyncram_dru:auto_generated|ram_block1a7~porta_datain_reg7 ; CLK1       ; CLK1     ; None                        ; None                      ; None                    ;
; N/A                                     ; 43.15 MHz ( period = 23.173 ns )                    ; 273:inst8|17            ; lpm_ram_dq0:inst10|altsyncram:altsyncram_component|altsyncram_dru:auto_generated|ram_block1a7~porta_datain_reg5 ; CLK1       ; CLK1     ; None                        ; None                      ; None                    ;
; N/A                                     ; 43.16 MHz ( period = 23.172 ns )                    ; reg_3:inst1|273:reg1|18 ; 273:inst19|18                                                                                                   ; CLK1       ; CLK1     ; None                        ; None                      ; None                    ;
; N/A                                     ; 43.16 MHz ( period = 23.171 ns )                    ; 273:inst19|14           ; 273:inst19|14                                                                                                   ; CLK1       ; CLK1     ; None                        ; None                      ; None                    ;
; N/A                                     ; 43.19 MHz ( period = 23.154 ns )                    ; 273:inst8|14            ; 273:inst22|14                                                                                                   ; CLK1       ; CLK1     ; None                        ; None                      ; None                    ;
; N/A                                     ; 43.27 MHz ( period = 23.113 ns )                    ; reg_3:inst1|273:reg0|15 ; 273:inst8|15                                                                                                    ; CLK1       ; CLK1     ; None                        ; None                      ; None                    ;
; N/A                                     ; 43.30 MHz ( period = 23.097 ns )                    ; 273:inst19|15           ; 273:inst22|14                                                                                                   ; CLK1       ; CLK1     ; None                        ; None                      ; None                    ;
; N/A                                     ; 43.35 MHz ( period = 23.069 ns )                    ; 273:inst8|13            ; 273:inst8|14                                                                                                    ; CLK1       ; CLK1     ; None                        ; None                      ; None                    ;
; N/A                                     ; 43.41 MHz ( period = 23.037 ns )                    ; reg_3:inst1|273:reg1|17 ; 273:inst21|17                                                                                                   ; CLK1       ; CLK1     ; None                        ; None                      ; None                    ;
; N/A                                     ; 43.41 MHz ( period = 23.035 ns )                    ; 273:inst8|15            ; 273:inst8|15                                                                                                    ; CLK1       ; CLK1     ; None                        ; None                      ; None                    ;
; N/A                                     ; 43.42 MHz ( period = 23.029 ns )                    ; 273:inst8|15            ; 273:inst19|14                                                                                                   ; CLK1       ; CLK1     ; None                        ; None                      ; None                    ;
; N/A                                     ; 43.44 MHz ( period = 23.020 ns )                    ; reg_3:inst1|273:reg1|19 ; 273:inst19|19                                                                                                   ; CLK1       ; CLK1     ; None                        ; None                      ; None                    ;
; N/A                                     ; 43.46 MHz ( period = 23.008 ns )                    ; 273:inst19|14           ; 273:inst8|13                                                                                                    ; CLK1       ; CLK1     ; None                        ; None                      ; None                    ;
; N/A                                     ; 43.47 MHz ( period = 23.002 ns )                    ; 273:inst19|13           ; 273:inst22|14                                                                                                   ; CLK1       ; CLK1     ; None                        ; None                      ; None                    ;
; N/A                                     ; 43.48 MHz ( period = 23.000 ns )                    ; 273:inst19|17           ; lpm_ram_dq0:inst10|altsyncram:altsyncram_component|altsyncram_dru:auto_generated|ram_block1a7~porta_datain_reg4 ; CLK1       ; CLK1     ; None                        ; None                      ; None                    ;
; N/A                                     ; 43.52 MHz ( period = 22.979 ns )                    ; reg_3:inst1|273:reg0|18 ; 273:inst8|18                                                                                                    ; CLK1       ; CLK1     ; None                        ; None                      ; None                    ;
; N/A                                     ; 43.52 MHz ( period = 22.976 ns )                    ; 273:inst8|13            ; lpm_ram_dq0:inst10|altsyncram:altsyncram_component|altsyncram_dru:auto_generated|ram_block1a7~porta_datain_reg1 ; CLK1       ; CLK1     ; None                        ; None                      ; None                    ;
; N/A                                     ; 43.56 MHz ( period = 22.955 ns )                    ; 273:inst8|18            ; lpm_ram_dq0:inst10|altsyncram:altsyncram_component|altsyncram_dru:auto_generated|ram_block1a7~porta_datain_reg7 ; CLK1       ; CLK1     ; None                        ; None                      ; None                    ;
; N/A                                     ; 43.57 MHz ( period = 22.954 ns )                    ; 273:inst19|19           ; lpm_ram_dq0:inst10|altsyncram:altsyncram_component|altsyncram_dru:auto_generated|ram_block1a7~porta_datain_reg7 ; CLK1       ; CLK1     ; None                        ; None                      ; None                    ;
; N/A                                     ; 43.58 MHz ( period = 22.948 ns )                    ; reg_3:inst1|273:reg1|12 ; 273:inst22|12                                                                                                   ; CLK1       ; CLK1     ; None                        ; None                      ; None                    ;
; N/A                                     ; 43.58 MHz ( period = 22.946 ns )                    ; reg_3:inst1|273:reg1|15 ; 273:inst19|15                                                                                                   ; CLK1       ; CLK1     ; None                        ; None                      ; None                    ;
; N/A                                     ; 43.58 MHz ( period = 22.944 ns )                    ; 273:inst19|14           ; 273:inst22|13                                                                                                   ; CLK1       ; CLK1     ; None                        ; None                      ; None                    ;
; N/A                                     ; 43.58 MHz ( period = 22.944 ns )                    ; reg_3:inst1|273:reg1|16 ; 273:inst8|16                                                                                                    ; CLK1       ; CLK1     ; None                        ; None                      ; None                    ;
; N/A                                     ; 43.62 MHz ( period = 22.926 ns )                    ; reg_3:inst1|273:reg1|17 ; 273:inst19|17                                                                                                   ; CLK1       ; CLK1     ; None                        ; None                      ; None                    ;
; N/A                                     ; 43.65 MHz ( period = 22.907 ns )                    ; 273:inst19|17           ; 273:inst8|17                                                                                                    ; CLK1       ; CLK1     ; None                        ; None                      ; None                    ;
; N/A                                     ; 43.67 MHz ( period = 22.897 ns )                    ; 273:inst8|14            ; 273:inst8|15                                                                                                    ; CLK1       ; CLK1     ; None                        ; None                      ; None                    ;
; N/A                                     ; 43.69 MHz ( period = 22.891 ns )                    ; reg_3:inst1|273:reg1|18 ; 273:inst22|18                                                                                                   ; CLK1       ; CLK1     ; None                        ; None                      ; None                    ;
; N/A                                     ; 43.69 MHz ( period = 22.891 ns )                    ; 273:inst8|14            ; 273:inst19|14                                                                                                   ; CLK1       ; CLK1     ; None                        ; None                      ; None                    ;
; N/A                                     ; 43.69 MHz ( period = 22.887 ns )                    ; reg_3:inst1|273:reg1|19 ; 273:inst22|19                                                                                                   ; CLK1       ; CLK1     ; None                        ; None                      ; None                    ;
; N/A                                     ; 43.69 MHz ( period = 22.887 ns )                    ; reg_3:inst1|273:reg1|13 ; 273:inst8|13                                                                                                    ; CLK1       ; CLK1     ; None                        ; None                      ; None                    ;
; N/A                                     ; 43.71 MHz ( period = 22.878 ns )                    ; reg_3:inst1|273:reg1|14 ; 273:inst8|14                                                                                                    ; CLK1       ; CLK1     ; None                        ; None                      ; None                    ;
; N/A                                     ; 43.73 MHz ( period = 22.866 ns )                    ; 273:inst8|15            ; 273:inst8|13                                                                                                    ; CLK1       ; CLK1     ; None                        ; None                      ; None                    ;
; N/A                                     ; 43.75 MHz ( period = 22.857 ns )                    ; reg_3:inst1|273:reg2|16 ; lpm_ram_dq0:inst10|altsyncram:altsyncram_component|altsyncram_dru:auto_generated|ram_block1a7~porta_datain_reg4 ; CLK1       ; CLK1     ; None                        ; None                      ; None                    ;
; N/A                                     ; 43.76 MHz ( period = 22.853 ns )                    ; reg_3:inst1|273:reg2|17 ; lpm_ram_dq0:inst10|altsyncram:altsyncram_component|altsyncram_dru:auto_generated|ram_block1a7~porta_datain_reg5 ; CLK1       ; CLK1     ; None                        ; None                      ; None                    ;
; N/A                                     ; 43.77 MHz ( period = 22.845 ns )                    ; 273:inst8|13            ; lpm_ram_dq0:inst10|altsyncram:altsyncram_component|altsyncram_dru:auto_generated|ram_block1a7~porta_datain_reg3 ; CLK1       ; CLK1     ; None                        ; None                      ; None                    ;
; N/A                                     ; 43.78 MHz ( period = 22.840 ns )                    ; 273:inst19|15           ; 273:inst8|15                                                                                                    ; CLK1       ; CLK1     ; None                        ; None                      ; None                    ;
; N/A                                     ; 43.79 MHz ( period = 22.834 ns )                    ; 273:inst19|15           ; 273:inst19|14                                                                                                   ; CLK1       ; CLK1     ; None                        ; None                      ; None                    ;
; N/A                                     ; 43.80 MHz ( period = 22.832 ns )                    ; reg_3:inst1|273:reg0|19 ; 273:inst8|19                                                                                                    ; CLK1       ; CLK1     ; None                        ; None                      ; None                    ;
; N/A                                     ; 43.80 MHz ( period = 22.831 ns )                    ; reg_3:inst1|273:reg0|17 ; 273:inst8|17                                                                                                    ; CLK1       ; CLK1     ; None                        ; None                      ; None                    ;
; N/A                                     ; 43.82 MHz ( period = 22.823 ns )                    ; reg_3:inst1|273:reg1|13 ; 273:inst22|13                                                                                                   ; CLK1       ; CLK1     ; None                        ; None                      ; None                    ;
; N/A                                     ; 43.85 MHz ( period = 22.806 ns )                    ; 273:inst19|12           ; 273:inst8|14                                                                                                    ; CLK1       ; CLK1     ; None                        ; None                      ; None                    ;
; N/A                                     ; 43.86 MHz ( period = 22.802 ns )                    ; 273:inst8|15            ; 273:inst22|13                                                                                                   ; CLK1       ; CLK1     ; None                        ; None                      ; None                    ;
; N/A                                     ; 43.86 MHz ( period = 22.799 ns )                    ; reg_3:inst1|273:reg0|12 ; 273:inst8|12                                                                                                    ; CLK1       ; CLK1     ; None                        ; None                      ; None                    ;
; N/A                                     ; 43.89 MHz ( period = 22.782 ns )                    ; 273:inst8|19            ; lpm_ram_dq0:inst10|altsyncram:altsyncram_component|altsyncram_dru:auto_generated|ram_block1a7~porta_datain_reg7 ; CLK1       ; CLK1     ; None                        ; None                      ; None                    ;
; N/A                                     ; 43.91 MHz ( period = 22.772 ns )                    ; reg_3:inst1|273:reg1|15 ; 273:inst22|15                                                                                                   ; CLK1       ; CLK1     ; None                        ; None                      ; None                    ;
; N/A                                     ; 43.93 MHz ( period = 22.761 ns )                    ; 273:inst8|18            ; 273:inst8|18                                                                                                    ; CLK1       ; CLK1     ; None                        ; None                      ; None                    ;
; N/A                                     ; 43.94 MHz ( period = 22.760 ns )                    ; 273:inst19|19           ; 273:inst8|18                                                                                                    ; CLK1       ; CLK1     ; None                        ; None                      ; None                    ;
; N/A                                     ; 43.97 MHz ( period = 22.745 ns )                    ; 273:inst19|13           ; 273:inst8|15                                                                                                    ; CLK1       ; CLK1     ; None                        ; None                      ; None                    ;
; N/A                                     ; 43.98 MHz ( period = 22.739 ns )                    ; 273:inst19|13           ; 273:inst19|14                                                                                                   ; CLK1       ; CLK1     ; None                        ; None                      ; None                    ;
; N/A                                     ; 43.99 MHz ( period = 22.733 ns )                    ; reg_3:inst1|273:reg1|12 ; 273:inst19|12                                                                                                   ; CLK1       ; CLK1     ; None                        ; None                      ; None                    ;
; N/A                                     ; 44.00 MHz ( period = 22.728 ns )                    ; 273:inst8|14            ; 273:inst8|13                                                                                                    ; CLK1       ; CLK1     ; None                        ; None                      ; None                    ;
; N/A                                     ; 44.03 MHz ( period = 22.713 ns )                    ; 273:inst19|12           ; lpm_ram_dq0:inst10|altsyncram:altsyncram_component|altsyncram_dru:auto_generated|ram_block1a7~porta_datain_reg1 ; CLK1       ; CLK1     ; None                        ; None                      ; None                    ;
; N/A                                     ; 44.04 MHz ( period = 22.709 ns )                    ; reg_3:inst1|273:reg0|16 ; 273:inst8|16                                                                                                    ; CLK1       ; CLK1     ; None                        ; None                      ; None                    ;
; N/A                                     ; 44.06 MHz ( period = 22.698 ns )                    ; 273:inst19|18           ; lpm_ram_dq0:inst10|altsyncram:altsyncram_component|altsyncram_dru:auto_generated|ram_block1a7~porta_datain_reg5 ; CLK1       ; CLK1     ; None                        ; None                      ; None                    ;
; N/A                                     ; 44.06 MHz ( period = 22.694 ns )                    ; reg_3:inst1|273:reg2|15 ; lpm_ram_dq0:inst10|altsyncram:altsyncram_component|altsyncram_dru:auto_generated|ram_block1a7~porta_datain_reg3 ; CLK1       ; CLK1     ; None                        ; None                      ; None                    ;
; N/A                                     ; 44.10 MHz ( period = 22.674 ns )                    ; reg_3:inst1|273:reg2|13 ; lpm_ram_dq0:inst10|altsyncram:altsyncram_component|altsyncram_dru:auto_generated|ram_block1a7~porta_datain_reg1 ; CLK1       ; CLK1     ; None                        ; None                      ; None                    ;
; N/A                                     ; 44.11 MHz ( period = 22.671 ns )                    ; 273:inst19|15           ; 273:inst8|13                                                                                                    ; CLK1       ; CLK1     ; None                        ; None                      ; None                    ;
; N/A                                     ; 44.12 MHz ( period = 22.664 ns )                    ; 273:inst8|14            ; 273:inst22|13                                                                                                   ; CLK1       ; CLK1     ; None                        ; None                      ; None                    ;
; N/A                                     ; 44.19 MHz ( period = 22.632 ns )                    ; reg_3:inst1|273:reg1|18 ; 273:inst21|18                                                                                                   ; CLK1       ; CLK1     ; None                        ; None                      ; None                    ;
; N/A                                     ; 44.20 MHz ( period = 22.622 ns )                    ; reg_3:inst1|273:reg1|18 ; reg_3:inst1|273:reg2|18                                                                                         ; CLK1       ; CLK1     ; None                        ; None                      ; None                    ;
; N/A                                     ; 44.23 MHz ( period = 22.609 ns )                    ; reg_3:inst1|273:reg1|17 ; 273:inst22|17                                                                                                   ; CLK1       ; CLK1     ; None                        ; None                      ; None                    ;
; N/A                                     ; 44.23 MHz ( period = 22.608 ns )                    ; 273:inst19|18           ; lpm_ram_dq0:inst10|altsyncram:altsyncram_component|altsyncram_dru:auto_generated|ram_block1a7~porta_datain_reg7 ; CLK1       ; CLK1     ; None                        ; None                      ; None                    ;
; N/A                                     ; 44.23 MHz ( period = 22.607 ns )                    ; 273:inst19|15           ; 273:inst22|13                                                                                                   ; CLK1       ; CLK1     ; None                        ; None                      ; None                    ;
; N/A                                     ; 44.24 MHz ( period = 22.602 ns )                    ; reg_3:inst1|273:reg2|14 ; lpm_ram_dq0:inst10|altsyncram:altsyncram_component|altsyncram_dru:auto_generated|ram_block1a7~porta_datain_reg2 ; CLK1       ; CLK1     ; None                        ; None                      ; None                    ;
; N/A                                     ; 44.27 MHz ( period = 22.588 ns )                    ; 273:inst8|19            ; 273:inst8|18                                                                                                    ; CLK1       ; CLK1     ; None                        ; None                      ; None                    ;
; N/A                                     ; 44.28 MHz ( period = 22.583 ns )                    ; 273:inst8|13            ; 273:inst22|14                                                                                                   ; CLK1       ; CLK1     ; None                        ; None                      ; None                    ;
; N/A                                     ; 44.28 MHz ( period = 22.582 ns )                    ; 273:inst19|12           ; lpm_ram_dq0:inst10|altsyncram:altsyncram_component|altsyncram_dru:auto_generated|ram_block1a7~porta_datain_reg3 ; CLK1       ; CLK1     ; None                        ; None                      ; None                    ;
; N/A                                     ; 44.29 MHz ( period = 22.581 ns )                    ; 273:inst8|17            ; lpm_ram_dq0:inst10|altsyncram:altsyncram_component|altsyncram_dru:auto_generated|ram_block1a7~porta_datain_reg4 ; CLK1       ; CLK1     ; None                        ; None                      ; None                    ;
; N/A                                     ; 44.29 MHz ( period = 22.576 ns )                    ; 273:inst19|13           ; 273:inst8|13                                                                                                    ; CLK1       ; CLK1     ; None                        ; None                      ; None                    ;
; N/A                                     ; 44.32 MHz ( period = 22.565 ns )                    ; reg_3:inst1|273:reg2|12 ; lpm_ram_dq0:inst10|altsyncram:altsyncram_component|altsyncram_dru:auto_generated|ram_block1a7~porta_datain_reg0 ; CLK1       ; CLK1     ; None                        ; None                      ; None                    ;
; N/A                                     ; 44.32 MHz ( period = 22.564 ns )                    ; reg_3:inst1|273:reg1|17 ; reg_3:inst1|273:reg2|17                                                                                         ; CLK1       ; CLK1     ; None                        ; None                      ; None                    ;
; N/A                                     ; 44.35 MHz ( period = 22.550 ns )                    ; reg_3:inst1|273:reg1|12 ; 273:inst21|12                                                                                                   ; CLK1       ; CLK1     ; None                        ; None                      ; None                    ;
; N/A                                     ; 44.35 MHz ( period = 22.546 ns )                    ; reg_3:inst1|273:reg2|19 ; lpm_ram_dq0:inst10|altsyncram:altsyncram_component|altsyncram_dru:auto_generated|ram_block1a7~porta_datain_reg6 ; CLK1       ; CLK1     ; None                        ; None                      ; None                    ;
; N/A                                     ; 44.36 MHz ( period = 22.542 ns )                    ; 273:inst8|16            ; lpm_ram_dq0:inst10|altsyncram:altsyncram_component|altsyncram_dru:auto_generated|ram_block1a7~porta_datain_reg5 ; CLK1       ; CLK1     ; None                        ; None                      ; None                    ;
; N/A                                     ; 44.42 MHz ( period = 22.512 ns )                    ; reg_3:inst1|273:reg2|18 ; lpm_ram_dq0:inst10|altsyncram:altsyncram_component|altsyncram_dru:auto_generated|ram_block1a7~porta_datain_reg7 ; CLK1       ; CLK1     ; None                        ; None                      ; None                    ;
; N/A                                     ; 44.42 MHz ( period = 22.512 ns )                    ; 273:inst19|13           ; 273:inst22|13                                                                                                   ; CLK1       ; CLK1     ; None                        ; None                      ; None                    ;
; N/A                                     ; 44.43 MHz ( period = 22.507 ns )                    ; reg_3:inst1|273:reg0|13 ; 273:inst8|13                                                                                                    ; CLK1       ; CLK1     ; None                        ; None                      ; None                    ;
; N/A                                     ; 44.44 MHz ( period = 22.503 ns )                    ; reg_3:inst1|273:reg0|14 ; 273:inst8|14                                                                                                    ; CLK1       ; CLK1     ; None                        ; None                      ; None                    ;
; N/A                                     ; 44.44 MHz ( period = 22.500 ns )                    ; reg_3:inst1|273:reg1|19 ; 273:inst21|19                                                                                                   ; CLK1       ; CLK1     ; None                        ; None                      ; None                    ;
; N/A                                     ; 44.44 MHz ( period = 22.500 ns )                    ; 273:inst19|14           ; 273:inst21|14                                                                                                   ; CLK1       ; CLK1     ; None                        ; None                      ; None                    ;
; N/A                                     ; 44.47 MHz ( period = 22.488 ns )                    ; 273:inst8|18            ; lpm_ram_dq0:inst10|altsyncram:altsyncram_component|altsyncram_dru:auto_generated|ram_block1a7~porta_datain_reg6 ; CLK1       ; CLK1     ; None                        ; None                      ; None                    ;
; N/A                                     ; 44.47 MHz ( period = 22.488 ns )                    ; 273:inst8|17            ; 273:inst8|17                                                                                                    ; CLK1       ; CLK1     ; None                        ; None                      ; None                    ;
; N/A                                     ; 44.47 MHz ( period = 22.488 ns )                    ; 273:inst8|12            ; 273:inst8|14                                                                                                    ; CLK1       ; CLK1     ; None                        ; None                      ; None                    ;
; N/A                                     ; 44.47 MHz ( period = 22.487 ns )                    ; 273:inst19|19           ; lpm_ram_dq0:inst10|altsyncram:altsyncram_component|altsyncram_dru:auto_generated|ram_block1a7~porta_datain_reg6 ; CLK1       ; CLK1     ; None                        ; None                      ; None                    ;
; N/A                                     ; 44.49 MHz ( period = 22.478 ns )                    ; reg_3:inst1|273:reg1|19 ; reg_3:inst1|273:reg2|19                                                                                         ; CLK1       ; CLK1     ; None                        ; None                      ; None                    ;
; N/A                                     ; 44.50 MHz ( period = 22.470 ns )                    ; reg_3:inst1|273:reg1|15 ; reg_3:inst1|273:reg1|15                                                                                         ; CLK1       ; CLK1     ; None                        ; None                      ; None                    ;
; N/A                                     ; 44.52 MHz ( period = 22.462 ns )                    ; reg_3:inst1|273:reg1|15 ; 273:inst21|15                                                                                                   ; CLK1       ; CLK1     ; None                        ; None                      ; None                    ;
; N/A                                     ; 44.55 MHz ( period = 22.448 ns )                    ; reg_3:inst1|273:reg1|15 ; reg_3:inst1|273:reg0|15                                                                                         ; CLK1       ; CLK1     ; None                        ; None                      ; None                    ;
; N/A                                     ; 44.56 MHz ( period = 22.443 ns )                    ; reg_3:inst1|273:reg0|13 ; 273:inst22|13                                                                                                   ; CLK1       ; CLK1     ; None                        ; None                      ; None                    ;
; N/A                                     ; 44.58 MHz ( period = 22.430 ns )                    ; reg_3:inst1|273:reg1|12 ; reg_3:inst1|273:reg0|12                                                                                         ; CLK1       ; CLK1     ; None                        ; None                      ; None                    ;
; N/A                                     ; 44.59 MHz ( period = 22.427 ns )                    ; 273:inst19|14           ; 273:inst19|15                                                                                                   ; CLK1       ; CLK1     ; None                        ; None                      ; None                    ;
; N/A                                     ; 44.60 MHz ( period = 22.423 ns )                    ; 273:inst19|12           ; lpm_ram_dq0:inst10|altsyncram:altsyncram_component|altsyncram_dru:auto_generated|ram_block1a7~porta_datain_reg0 ; CLK1       ; CLK1     ; None                        ; None                      ; None                    ;
; N/A                                     ; 44.61 MHz ( period = 22.418 ns )                    ; reg_3:inst1|273:reg1|18 ; reg_3:inst1|273:reg0|18                                                                                         ; CLK1       ; CLK1     ; None                        ; None                      ; None                    ;
; N/A                                     ; 44.61 MHz ( period = 22.417 ns )                    ; 273:inst19|16           ; lpm_ram_dq0:inst10|altsyncram:altsyncram_component|altsyncram_dru:auto_generated|ram_block1a7~porta_datain_reg5 ; CLK1       ; CLK1     ; None                        ; None                      ; None                    ;
; N/A                                     ; 44.61 MHz ( period = 22.414 ns )                    ; 273:inst19|18           ; 273:inst8|18                                                                                                    ; CLK1       ; CLK1     ; None                        ; None                      ; None                    ;
; N/A                                     ; 44.63 MHz ( period = 22.408 ns )                    ; 273:inst19|17           ; lpm_ram_dq0:inst10|altsyncram:altsyncram_component|altsyncram_dru:auto_generated|ram_block1a7~porta_datain_reg7 ; CLK1       ; CLK1     ; None                        ; None                      ; None                    ;
; N/A                                     ; 44.65 MHz ( period = 22.395 ns )                    ; 273:inst8|12            ; lpm_ram_dq0:inst10|altsyncram:altsyncram_component|altsyncram_dru:auto_generated|ram_block1a7~porta_datain_reg1 ; CLK1       ; CLK1     ; None                        ; None                      ; None                    ;
; N/A                                     ; 44.66 MHz ( period = 22.392 ns )                    ; reg_3:inst1|273:reg1|14 ; 273:inst22|14                                                                                                   ; CLK1       ; CLK1     ; None                        ; None                      ; None                    ;
; N/A                                     ; 44.72 MHz ( period = 22.363 ns )                    ; reg_3:inst1|273:reg0|15 ; 273:inst19|15                                                                                                   ; CLK1       ; CLK1     ; None                        ; None                      ; None                    ;
; N/A                                     ; 44.73 MHz ( period = 22.358 ns )                    ; 273:inst8|15            ; 273:inst21|14                                                                                                   ; CLK1       ; CLK1     ; None                        ; None                      ; None                    ;
; N/A                                     ; 44.73 MHz ( period = 22.357 ns )                    ; reg_3:inst1|273:reg1|12 ; reg_3:inst1|273:reg1|12                                                                                         ; CLK1       ; CLK1     ; None                        ; None                      ; None                    ;
; N/A                                     ; 44.75 MHz ( period = 22.345 ns )                    ; reg_3:inst1|273:reg1|15 ; reg_3:inst1|273:reg2|15                                                                                         ; CLK1       ; CLK1     ; None                        ; None                      ; None                    ;
; N/A                                     ; 44.79 MHz ( period = 22.326 ns )                    ; 273:inst8|13            ; 273:inst8|15                                                                                                    ; CLK1       ; CLK1     ; None                        ; None                      ; None                    ;
; N/A                                     ; 44.80 MHz ( period = 22.320 ns )                    ; 273:inst19|12           ; 273:inst22|14                                                                                                   ; CLK1       ; CLK1     ; None                        ; None                      ; None                    ;
; N/A                                     ; 44.80 MHz ( period = 22.320 ns )                    ; 273:inst8|13            ; 273:inst19|14                                                                                                   ; CLK1       ; CLK1     ; None                        ; None                      ; None                    ;
; N/A                                     ; 44.81 MHz ( period = 22.318 ns )                    ; reg_3:inst1|273:reg2|18 ; 273:inst8|18                                                                                                    ; CLK1       ; CLK1     ; None                        ; None                      ; None                    ;
; N/A                                     ; 44.81 MHz ( period = 22.315 ns )                    ; 273:inst8|19            ; lpm_ram_dq0:inst10|altsyncram:altsyncram_component|altsyncram_dru:auto_generated|ram_block1a7~porta_datain_reg6 ; CLK1       ; CLK1     ; None                        ; None                      ; None                    ;
; N/A                                     ; 44.87 MHz ( period = 22.288 ns )                    ; 273:inst8|18            ; lpm_ram_dq0:inst10|altsyncram:altsyncram_component|altsyncram_dru:auto_generated|ram_block1a7~porta_datain_reg5 ; CLK1       ; CLK1     ; None                        ; None                      ; None                    ;
; N/A                                     ; 44.87 MHz ( period = 22.285 ns )                    ; 273:inst8|15            ; 273:inst19|15                                                                                                   ; CLK1       ; CLK1     ; None                        ; None                      ; None                    ;
; N/A                                     ; 44.91 MHz ( period = 22.268 ns )                    ; 273:inst19|17           ; 273:inst21|17                                                                                                   ; CLK1       ; CLK1     ; None                        ; None                      ; None                    ;
; N/A                                     ; 44.91 MHz ( period = 22.266 ns )                    ; reg_3:inst1|273:reg0|12 ; 273:inst22|12                                                                                                   ; CLK1       ; CLK1     ; None                        ; None                      ; None                    ;
; N/A                                     ; 44.91 MHz ( period = 22.265 ns )                    ; reg_3:inst1|273:reg1|16 ; 273:inst21|16                                                                                                   ; CLK1       ; CLK1     ; None                        ; None                      ; None                    ;
; N/A                                     ; 44.92 MHz ( period = 22.264 ns )                    ; 273:inst8|12            ; lpm_ram_dq0:inst10|altsyncram:altsyncram_component|altsyncram_dru:auto_generated|ram_block1a7~porta_datain_reg3 ; CLK1       ; CLK1     ; None                        ; None                      ; None                    ;
; N/A                                     ; 44.93 MHz ( period = 22.255 ns )                    ; 273:inst19|14           ; 273:inst19|13                                                                                                   ; CLK1       ; CLK1     ; None                        ; None                      ; None                    ;
; N/A                                     ; 44.94 MHz ( period = 22.253 ns )                    ; 273:inst19|14           ; 273:inst22|15                                                                                                   ; CLK1       ; CLK1     ; None                        ; None                      ; None                    ;
; N/A                                     ; 44.98 MHz ( period = 22.231 ns )                    ; reg_3:inst1|273:reg0|18 ; 273:inst19|18                                                                                                   ; CLK1       ; CLK1     ; None                        ; None                      ; None                    ;
; N/A                                     ; 45.00 MHz ( period = 22.220 ns )                    ; 273:inst8|14            ; 273:inst21|14                                                                                                   ; CLK1       ; CLK1     ; None                        ; None                      ; None                    ;
; N/A                                     ; 45.01 MHz ( period = 22.215 ns )                    ; 273:inst19|14           ; lpm_ram_dq0:inst10|altsyncram:altsyncram_component|altsyncram_dru:auto_generated|ram_block1a7~porta_datain_reg5 ; CLK1       ; CLK1     ; None                        ; None                      ; None                    ;
; N/A                                     ; 45.02 MHz ( period = 22.214 ns )                    ; 273:inst19|17           ; 273:inst8|18                                                                                                    ; CLK1       ; CLK1     ; None                        ; None                      ; None                    ;
; N/A                                     ; 45.06 MHz ( period = 22.195 ns )                    ; reg_3:inst1|273:reg1|16 ; 273:inst19|16                                                                                                   ; CLK1       ; CLK1     ; None                        ; None                      ; None                    ;
; N/A                                     ; 45.06 MHz ( period = 22.192 ns )                    ; reg_3:inst1|273:reg0|17 ; 273:inst21|17                                                                                                   ; CLK1       ; CLK1     ; None                        ; None                      ; None                    ;
; N/A                                     ; 45.07 MHz ( period = 22.189 ns )                    ; reg_3:inst1|273:reg0|15 ; 273:inst22|15                                                                                                   ; CLK1       ; CLK1     ; None                        ; None                      ; None                    ;
; N/A                                     ; 45.10 MHz ( period = 22.175 ns )                    ; reg_3:inst1|273:reg2|15 ; 273:inst8|15                                                                                                    ; CLK1       ; CLK1     ; None                        ; None                      ; None                    ;
; N/A                                     ; 45.10 MHz ( period = 22.172 ns )                    ; 273:inst19|14           ; 273:inst21|13                                                                                                   ; CLK1       ; CLK1     ; None                        ; None                      ; None                    ;
; N/A                                     ; 45.10 MHz ( period = 22.172 ns )                    ; reg_3:inst1|273:reg2|19 ; 273:inst8|19                                                                                                    ; CLK1       ; CLK1     ; None                        ; None                      ; None                    ;
; N/A                                     ; 45.11 MHz ( period = 22.168 ns )                    ; reg_3:inst1|273:reg2|17 ; 273:inst8|17                                                                                                    ; CLK1       ; CLK1     ; None                        ; None                      ; None                    ;
; N/A                                     ; 45.12 MHz ( period = 22.163 ns )                    ; 273:inst19|15           ; 273:inst21|14                                                                                                   ; CLK1       ; CLK1     ; None                        ; None                      ; None                    ;
; N/A                                     ; 45.13 MHz ( period = 22.157 ns )                    ; 273:inst19|17           ; 273:inst19|17                                                                                                   ; CLK1       ; CLK1     ; None                        ; None                      ; None                    ;
; N/A                                     ; 45.13 MHz ( period = 22.157 ns )                    ; 273:inst8|13            ; 273:inst8|13                                                                                                    ; CLK1       ; CLK1     ; None                        ; None                      ; None                    ;
; N/A                                     ; 45.15 MHz ( period = 22.147 ns )                    ; 273:inst8|14            ; 273:inst19|15                                                                                                   ; CLK1       ; CLK1     ; None                        ; None                      ; None                    ;
; N/A                                     ; 45.17 MHz ( period = 22.141 ns )                    ; 273:inst19|18           ; lpm_ram_dq0:inst10|altsyncram:altsyncram_component|altsyncram_dru:auto_generated|ram_block1a7~porta_datain_reg6 ; CLK1       ; CLK1     ; None                        ; None                      ; None                    ;
; N/A                                     ; 45.18 MHz ( period = 22.134 ns )                    ; reg_3:inst1|273:reg1|13 ; 273:inst19|13                                                                                                   ; CLK1       ; CLK1     ; None                        ; None                      ; None                    ;
; N/A                                     ; 45.18 MHz ( period = 22.133 ns )                    ; reg_3:inst1|273:reg1|19 ; reg_3:inst1|273:reg0|19                                                                                         ; CLK1       ; CLK1     ; None                        ; None                      ; None                    ;
; N/A                                     ; 45.19 MHz ( period = 22.129 ns )                    ; reg_3:inst1|273:reg1|14 ; 273:inst19|14                                                                                                   ; CLK1       ; CLK1     ; None                        ; None                      ; None                    ;
; N/A                                     ; 45.22 MHz ( period = 22.114 ns )                    ; 273:inst8|18            ; 273:inst8|19                                                                                                    ; CLK1       ; CLK1     ; None                        ; None                      ; None                    ;
; N/A                                     ; 45.22 MHz ( period = 22.113 ns )                    ; 273:inst19|19           ; 273:inst8|19                                                                                                    ; CLK1       ; CLK1     ; None                        ; None                      ; None                    ;
; N/A                                     ; 45.22 MHz ( period = 22.113 ns )                    ; 273:inst8|15            ; 273:inst19|13                                                                                                   ; CLK1       ; CLK1     ; None                        ; None                      ; None                    ;
; N/A                                     ; 45.23 MHz ( period = 22.111 ns )                    ; 273:inst8|15            ; 273:inst22|15                                                                                                   ; CLK1       ; CLK1     ; None                        ; None                      ; None                    ;
; N/A                                     ; 45.23 MHz ( period = 22.107 ns )                    ; 273:inst19|17           ; 273:inst8|16                                                                                                    ; CLK1       ; CLK1     ; None                        ; None                      ; None                    ;
; N/A                                     ; 45.24 MHz ( period = 22.106 ns )                    ; 273:inst19|18           ; lpm_ram_dq0:inst10|altsyncram:altsyncram_component|altsyncram_dru:auto_generated|ram_block1a7~porta_datain_reg4 ; CLK1       ; CLK1     ; None                        ; None                      ; None                    ;
; N/A                                     ; 45.24 MHz ( period = 22.105 ns )                    ; 273:inst8|12            ; lpm_ram_dq0:inst10|altsyncram:altsyncram_component|altsyncram_dru:auto_generated|ram_block1a7~porta_datain_reg0 ; CLK1       ; CLK1     ; None                        ; None                      ; None                    ;
; N/A                                     ; 45.25 MHz ( period = 22.100 ns )                    ; reg_3:inst1|273:reg1|12 ; reg_3:inst1|273:reg2|12                                                                                         ; CLK1       ; CLK1     ; None                        ; None                      ; None                    ;
; N/A                                     ; 45.26 MHz ( period = 22.093 ns )                    ; 273:inst8|13            ; 273:inst22|13                                                                                                   ; CLK1       ; CLK1     ; None                        ; None                      ; None                    ;
; N/A                                     ; 45.27 MHz ( period = 22.090 ns )                    ; 273:inst19|15           ; 273:inst19|15                                                                                                   ; CLK1       ; CLK1     ; None                        ; None                      ; None                    ;
; N/A                                     ; 45.27 MHz ( period = 22.088 ns )                    ; reg_3:inst1|273:reg0|19 ; 273:inst19|19                                                                                                   ; CLK1       ; CLK1     ; None                        ; None                      ; None                    ;
; N/A                                     ; 45.29 MHz ( period = 22.081 ns )                    ; reg_3:inst1|273:reg0|17 ; 273:inst19|17                                                                                                   ; CLK1       ; CLK1     ; None                        ; None                      ; None                    ;
; N/A                                     ; 45.30 MHz ( period = 22.073 ns )                    ; 273:inst8|15            ; lpm_ram_dq0:inst10|altsyncram:altsyncram_component|altsyncram_dru:auto_generated|ram_block1a7~porta_datain_reg5 ; CLK1       ; CLK1     ; None                        ; None                      ; None                    ;
; N/A                                     ; 45.31 MHz ( period = 22.068 ns )                    ; 273:inst19|13           ; 273:inst21|14                                                                                                   ; CLK1       ; CLK1     ; None                        ; None                      ; None                    ;
; N/A                                     ; 45.32 MHz ( period = 22.063 ns )                    ; 273:inst19|12           ; 273:inst8|15                                                                                                    ; CLK1       ; CLK1     ; None                        ; None                      ; None                    ;
; N/A                                     ; 45.34 MHz ( period = 22.058 ns )                    ; reg_3:inst1|273:reg1|16 ; 273:inst22|16                                                                                                   ; CLK1       ; CLK1     ; None                        ; None                      ; None                    ;
; N/A                                     ; 45.34 MHz ( period = 22.057 ns )                    ; 273:inst19|12           ; 273:inst19|14                                                                                                   ; CLK1       ; CLK1     ; None                        ; None                      ; None                    ;
; N/A                                     ; 45.35 MHz ( period = 22.051 ns )                    ; reg_3:inst1|273:reg1|13 ; 273:inst21|13                                                                                                   ; CLK1       ; CLK1     ; None                        ; None                      ; None                    ;
; N/A                                     ; 45.35 MHz ( period = 22.051 ns )                    ; reg_3:inst1|273:reg0|12 ; 273:inst19|12                                                                                                   ; CLK1       ; CLK1     ; None                        ; None                      ; None                    ;
; Timing analysis restricted to 200 rows. ; To change the limit use Settings (Assignments menu) ;                         ;                                                                                                                 ;            ;          ;                             ;                           ;                         ;
+-----------------------------------------+-----------------------------------------------------+-------------------------+-----------------------------------------------------------------------------------------------------------------+------------+----------+-----------------------------+---------------------------+-------------------------+


+---------------------------------------------------------------------------------------------------------------------------------------------------------------------------------------------------------------------------------------------------------------------------------------------------------------------------------------------------------------------------------------------+
; Clock Hold: 'CLK1'                                                                                                                                                                                                                                                                                                                                                                          ;
+------------------------------------------+------------------------------------------------------------------------------------------------------------------+------------------------------------------------------------------------------------------------------------------+------------+----------+----------------------------+----------------------------+--------------------------+
; Minimum Slack                            ; From                                                                                                             ; To                                                                                                               ; From Clock ; To Clock ; Required Hold Relationship ; Required Shortest P2P Time ; Actual Shortest P2P Time ;
+------------------------------------------+------------------------------------------------------------------------------------------------------------------+------------------------------------------------------------------------------------------------------------------+------------+----------+----------------------------+----------------------------+--------------------------+
; Not operational: Clock Skew > Data Delay ; lpm_rom0:inst12|altsyncram:altsyncram_component|altsyncram_ecq:auto_generated|ram_block1a14~porta_address_reg5   ; 273:inst22|14                                                                                                    ; CLK1       ; CLK1     ; None                       ; None                       ; None                     ;
; Not operational: Clock Skew > Data Delay ; lpm_rom0:inst12|altsyncram:altsyncram_component|altsyncram_ecq:auto_generated|ram_block1a14~porta_address_reg4   ; 273:inst22|14                                                                                                    ; CLK1       ; CLK1     ; None                       ; None                       ; None                     ;
; Not operational: Clock Skew > Data Delay ; lpm_rom0:inst12|altsyncram:altsyncram_component|altsyncram_ecq:auto_generated|ram_block1a14~porta_address_reg3   ; 273:inst22|14                                                                                                    ; CLK1       ; CLK1     ; None                       ; None                       ; None                     ;
; Not operational: Clock Skew > Data Delay ; lpm_rom0:inst12|altsyncram:altsyncram_component|altsyncram_ecq:auto_generated|ram_block1a14~porta_address_reg2   ; 273:inst22|14                                                                                                    ; CLK1       ; CLK1     ; None                       ; None                       ; None                     ;
; Not operational: Clock Skew > Data Delay ; lpm_rom0:inst12|altsyncram:altsyncram_component|altsyncram_ecq:auto_generated|ram_block1a14~porta_address_reg1   ; 273:inst22|14                                                                                                    ; CLK1       ; CLK1     ; None                       ; None                       ; None                     ;
; Not operational: Clock Skew > Data Delay ; 273:inst8|16                                                                                                     ; 273:inst21|17                                                                                                    ; CLK1       ; CLK1     ; None                       ; None                       ; None                     ;
; Not operational: Clock Skew > Data Delay ; lpm_rom0:inst12|altsyncram:altsyncram_component|altsyncram_ecq:auto_generated|ram_block1a14~porta_address_reg5   ; 273:inst8|18                                                                                                     ; CLK1       ; CLK1     ; None                       ; None                       ; None                     ;
; Not operational: Clock Skew > Data Delay ; lpm_rom0:inst12|altsyncram:altsyncram_component|altsyncram_ecq:auto_generated|ram_block1a14~porta_address_reg4   ; 273:inst8|18                                                                                                     ; CLK1       ; CLK1     ; None                       ; None                       ; None                     ;
; Not operational: Clock Skew > Data Delay ; lpm_rom0:inst12|altsyncram:altsyncram_component|altsyncram_ecq:auto_generated|ram_block1a14~porta_address_reg3   ; 273:inst8|18                                                                                                     ; CLK1       ; CLK1     ; None                       ; None                       ; None                     ;
; Not operational: Clock Skew > Data Delay ; lpm_rom0:inst12|altsyncram:altsyncram_component|altsyncram_ecq:auto_generated|ram_block1a14~porta_address_reg2   ; 273:inst8|18                                                                                                     ; CLK1       ; CLK1     ; None                       ; None                       ; None                     ;
; Not operational: Clock Skew > Data Delay ; lpm_rom0:inst12|altsyncram:altsyncram_component|altsyncram_ecq:auto_generated|ram_block1a14~porta_address_reg1   ; 273:inst8|18                                                                                                     ; CLK1       ; CLK1     ; None                       ; None                       ; None                     ;
; Not operational: Clock Skew > Data Delay ; lpm_rom0:inst12|altsyncram:altsyncram_component|altsyncram_ecq:auto_generated|ram_block1a14~porta_address_reg0   ; 273:inst8|18                                                                                                     ; CLK1       ; CLK1     ; None                       ; None                       ; None                     ;
; Not operational: Clock Skew > Data Delay ; 273:inst8|12                                                                                                     ; 273:inst19|15                                                                                                    ; CLK1       ; CLK1     ; None                       ; None                       ; None                     ;
; Not operational: Clock Skew > Data Delay ; 273:inst8|12                                                                                                     ; 273:inst21|14                                                                                                    ; CLK1       ; CLK1     ; None                       ; None                       ; None                     ;
; Not operational: Clock Skew > Data Delay ; 273:inst8|12                                                                                                     ; 273:inst8|13                                                                                                     ; CLK1       ; CLK1     ; None                       ; None                       ; None                     ;
; Not operational: Clock Skew > Data Delay ; lpm_ram_dq0:inst10|altsyncram:altsyncram_component|altsyncram_dru:auto_generated|ram_block1a7~porta_address_reg7 ; 273:inst8|13                                                                                                     ; CLK1       ; CLK1     ; None                       ; None                       ; None                     ;
; Not operational: Clock Skew > Data Delay ; lpm_ram_dq0:inst10|altsyncram:altsyncram_component|altsyncram_dru:auto_generated|ram_block1a7~porta_address_reg6 ; 273:inst8|13                                                                                                     ; CLK1       ; CLK1     ; None                       ; None                       ; None                     ;
; Not operational: Clock Skew > Data Delay ; lpm_ram_dq0:inst10|altsyncram:altsyncram_component|altsyncram_dru:auto_generated|ram_block1a7~porta_address_reg5 ; 273:inst8|13                                                                                                     ; CLK1       ; CLK1     ; None                       ; None                       ; None                     ;
; Not operational: Clock Skew > Data Delay ; lpm_ram_dq0:inst10|altsyncram:altsyncram_component|altsyncram_dru:auto_generated|ram_block1a7~porta_address_reg4 ; 273:inst8|13                                                                                                     ; CLK1       ; CLK1     ; None                       ; None                       ; None                     ;
; Not operational: Clock Skew > Data Delay ; lpm_ram_dq0:inst10|altsyncram:altsyncram_component|altsyncram_dru:auto_generated|ram_block1a7~porta_address_reg3 ; 273:inst8|13                                                                                                     ; CLK1       ; CLK1     ; None                       ; None                       ; None                     ;
; Not operational: Clock Skew > Data Delay ; lpm_ram_dq0:inst10|altsyncram:altsyncram_component|altsyncram_dru:auto_generated|ram_block1a7~porta_address_reg2 ; 273:inst8|13                                                                                                     ; CLK1       ; CLK1     ; None                       ; None                       ; None                     ;
; Not operational: Clock Skew > Data Delay ; lpm_ram_dq0:inst10|altsyncram:altsyncram_component|altsyncram_dru:auto_generated|ram_block1a7~porta_address_reg1 ; 273:inst8|13                                                                                                     ; CLK1       ; CLK1     ; None                       ; None                       ; None                     ;
; Not operational: Clock Skew > Data Delay ; lpm_ram_dq0:inst10|altsyncram:altsyncram_component|altsyncram_dru:auto_generated|ram_block1a7~porta_address_reg0 ; 273:inst8|13                                                                                                     ; CLK1       ; CLK1     ; None                       ; None                       ; None                     ;
; Not operational: Clock Skew > Data Delay ; 273:inst19|15                                                                                                    ; 273:inst8|18                                                                                                     ; CLK1       ; CLK1     ; None                       ; None                       ; None                     ;
; Not operational: Clock Skew > Data Delay ; 273:inst19|17                                                                                                    ; 273:inst19|18                                                                                                    ; CLK1       ; CLK1     ; None                       ; None                       ; None                     ;
; Not operational: Clock Skew > Data Delay ; 273:inst19|18                                                                                                    ; 273:inst19|19                                                                                                    ; CLK1       ; CLK1     ; None                       ; None                       ; None                     ;
; Not operational: Clock Skew > Data Delay ; lpm_ram_dq0:inst10|altsyncram:altsyncram_component|altsyncram_dru:auto_generated|ram_block1a7~porta_address_reg7 ; 273:inst8|18                                                                                                     ; CLK1       ; CLK1     ; None                       ; None                       ; None                     ;
; Not operational: Clock Skew > Data Delay ; lpm_ram_dq0:inst10|altsyncram:altsyncram_component|altsyncram_dru:auto_generated|ram_block1a7~porta_address_reg6 ; 273:inst8|18                                                                                                     ; CLK1       ; CLK1     ; None                       ; None                       ; None                     ;
; Not operational: Clock Skew > Data Delay ; lpm_ram_dq0:inst10|altsyncram:altsyncram_component|altsyncram_dru:auto_generated|ram_block1a7~porta_address_reg5 ; 273:inst8|18                                                                                                     ; CLK1       ; CLK1     ; None                       ; None                       ; None                     ;
; Not operational: Clock Skew > Data Delay ; lpm_ram_dq0:inst10|altsyncram:altsyncram_component|altsyncram_dru:auto_generated|ram_block1a7~porta_address_reg4 ; 273:inst8|18                                                                                                     ; CLK1       ; CLK1     ; None                       ; None                       ; None                     ;
; Not operational: Clock Skew > Data Delay ; lpm_ram_dq0:inst10|altsyncram:altsyncram_component|altsyncram_dru:auto_generated|ram_block1a7~porta_address_reg3 ; 273:inst8|18                                                                                                     ; CLK1       ; CLK1     ; None                       ; None                       ; None                     ;
; Not operational: Clock Skew > Data Delay ; lpm_ram_dq0:inst10|altsyncram:altsyncram_component|altsyncram_dru:auto_generated|ram_block1a7~porta_address_reg2 ; 273:inst8|18                                                                                                     ; CLK1       ; CLK1     ; None                       ; None                       ; None                     ;
; Not operational: Clock Skew > Data Delay ; lpm_ram_dq0:inst10|altsyncram:altsyncram_component|altsyncram_dru:auto_generated|ram_block1a7~porta_address_reg1 ; 273:inst8|18                                                                                                     ; CLK1       ; CLK1     ; None                       ; None                       ; None                     ;
; Not operational: Clock Skew > Data Delay ; lpm_ram_dq0:inst10|altsyncram:altsyncram_component|altsyncram_dru:auto_generated|ram_block1a7~porta_address_reg0 ; 273:inst8|18                                                                                                     ; CLK1       ; CLK1     ; None                       ; None                       ; None                     ;
; Not operational: Clock Skew > Data Delay ; 273:inst19|12                                                                                                    ; 273:inst21|15                                                                                                    ; CLK1       ; CLK1     ; None                       ; None                       ; None                     ;
; Not operational: Clock Skew > Data Delay ; 273:inst19|13                                                                                                    ; 273:inst22|15                                                                                                    ; CLK1       ; CLK1     ; None                       ; None                       ; None                     ;
; Not operational: Clock Skew > Data Delay ; 273:inst8|16                                                                                                     ; 273:inst8|17                                                                                                     ; CLK1       ; CLK1     ; None                       ; None                       ; None                     ;
; Not operational: Clock Skew > Data Delay ; lpm_ram_dq0:inst10|altsyncram:altsyncram_component|altsyncram_dru:auto_generated|ram_block1a7~porta_address_reg7 ; 273:inst19|14                                                                                                    ; CLK1       ; CLK1     ; None                       ; None                       ; None                     ;
; Not operational: Clock Skew > Data Delay ; lpm_ram_dq0:inst10|altsyncram:altsyncram_component|altsyncram_dru:auto_generated|ram_block1a7~porta_address_reg6 ; 273:inst19|14                                                                                                    ; CLK1       ; CLK1     ; None                       ; None                       ; None                     ;
; Not operational: Clock Skew > Data Delay ; lpm_ram_dq0:inst10|altsyncram:altsyncram_component|altsyncram_dru:auto_generated|ram_block1a7~porta_address_reg5 ; 273:inst19|14                                                                                                    ; CLK1       ; CLK1     ; None                       ; None                       ; None                     ;
; Not operational: Clock Skew > Data Delay ; lpm_ram_dq0:inst10|altsyncram:altsyncram_component|altsyncram_dru:auto_generated|ram_block1a7~porta_address_reg4 ; 273:inst19|14                                                                                                    ; CLK1       ; CLK1     ; None                       ; None                       ; None                     ;
; Not operational: Clock Skew > Data Delay ; lpm_ram_dq0:inst10|altsyncram:altsyncram_component|altsyncram_dru:auto_generated|ram_block1a7~porta_address_reg3 ; 273:inst19|14                                                                                                    ; CLK1       ; CLK1     ; None                       ; None                       ; None                     ;
; Not operational: Clock Skew > Data Delay ; lpm_ram_dq0:inst10|altsyncram:altsyncram_component|altsyncram_dru:auto_generated|ram_block1a7~porta_address_reg2 ; 273:inst19|14                                                                                                    ; CLK1       ; CLK1     ; None                       ; None                       ; None                     ;
; Not operational: Clock Skew > Data Delay ; lpm_ram_dq0:inst10|altsyncram:altsyncram_component|altsyncram_dru:auto_generated|ram_block1a7~porta_address_reg1 ; 273:inst19|14                                                                                                    ; CLK1       ; CLK1     ; None                       ; None                       ; None                     ;
; Not operational: Clock Skew > Data Delay ; lpm_ram_dq0:inst10|altsyncram:altsyncram_component|altsyncram_dru:auto_generated|ram_block1a7~porta_address_reg0 ; 273:inst19|14                                                                                                    ; CLK1       ; CLK1     ; None                       ; None                       ; None                     ;
; Not operational: Clock Skew > Data Delay ; lpm_ram_dq0:inst10|altsyncram:altsyncram_component|altsyncram_dru:auto_generated|ram_block1a7~porta_address_reg7 ; 273:inst22|19                                                                                                    ; CLK1       ; CLK1     ; None                       ; None                       ; None                     ;
; Not operational: Clock Skew > Data Delay ; lpm_ram_dq0:inst10|altsyncram:altsyncram_component|altsyncram_dru:auto_generated|ram_block1a7~porta_address_reg6 ; 273:inst22|19                                                                                                    ; CLK1       ; CLK1     ; None                       ; None                       ; None                     ;
; Not operational: Clock Skew > Data Delay ; lpm_ram_dq0:inst10|altsyncram:altsyncram_component|altsyncram_dru:auto_generated|ram_block1a7~porta_address_reg5 ; 273:inst22|19                                                                                                    ; CLK1       ; CLK1     ; None                       ; None                       ; None                     ;
; Not operational: Clock Skew > Data Delay ; lpm_ram_dq0:inst10|altsyncram:altsyncram_component|altsyncram_dru:auto_generated|ram_block1a7~porta_address_reg4 ; 273:inst22|19                                                                                                    ; CLK1       ; CLK1     ; None                       ; None                       ; None                     ;
; Not operational: Clock Skew > Data Delay ; lpm_ram_dq0:inst10|altsyncram:altsyncram_component|altsyncram_dru:auto_generated|ram_block1a7~porta_address_reg3 ; 273:inst22|19                                                                                                    ; CLK1       ; CLK1     ; None                       ; None                       ; None                     ;
; Not operational: Clock Skew > Data Delay ; lpm_ram_dq0:inst10|altsyncram:altsyncram_component|altsyncram_dru:auto_generated|ram_block1a7~porta_address_reg2 ; 273:inst22|19                                                                                                    ; CLK1       ; CLK1     ; None                       ; None                       ; None                     ;
; Not operational: Clock Skew > Data Delay ; lpm_ram_dq0:inst10|altsyncram:altsyncram_component|altsyncram_dru:auto_generated|ram_block1a7~porta_address_reg1 ; 273:inst22|19                                                                                                    ; CLK1       ; CLK1     ; None                       ; None                       ; None                     ;
; Not operational: Clock Skew > Data Delay ; lpm_ram_dq0:inst10|altsyncram:altsyncram_component|altsyncram_dru:auto_generated|ram_block1a7~porta_address_reg0 ; 273:inst22|19                                                                                                    ; CLK1       ; CLK1     ; None                       ; None                       ; None                     ;
; Not operational: Clock Skew > Data Delay ; 273:inst19|16                                                                                                    ; 273:inst19|18                                                                                                    ; CLK1       ; CLK1     ; None                       ; None                       ; None                     ;
; Not operational: Clock Skew > Data Delay ; 273:inst8|12                                                                                                     ; 273:inst8|15                                                                                                     ; CLK1       ; CLK1     ; None                       ; None                       ; None                     ;
; Not operational: Clock Skew > Data Delay ; 273:inst19|15                                                                                                    ; 273:inst22|17                                                                                                    ; CLK1       ; CLK1     ; None                       ; None                       ; None                     ;
; Not operational: Clock Skew > Data Delay ; 273:inst19|17                                                                                                    ; 273:inst8|18                                                                                                     ; CLK1       ; CLK1     ; None                       ; None                       ; None                     ;
; Not operational: Clock Skew > Data Delay ; 273:inst19|18                                                                                                    ; 273:inst8|19                                                                                                     ; CLK1       ; CLK1     ; None                       ; None                       ; None                     ;
; Not operational: Clock Skew > Data Delay ; 273:inst19|14                                                                                                    ; 273:inst19|17                                                                                                    ; CLK1       ; CLK1     ; None                       ; None                       ; None                     ;
; Not operational: Clock Skew > Data Delay ; 273:inst19|13                                                                                                    ; 273:inst19|15                                                                                                    ; CLK1       ; CLK1     ; None                       ; None                       ; None                     ;
; Not operational: Clock Skew > Data Delay ; 273:inst19|13                                                                                                    ; 273:inst21|14                                                                                                    ; CLK1       ; CLK1     ; None                       ; None                       ; None                     ;
; Not operational: Clock Skew > Data Delay ; 273:inst19|14                                                                                                    ; 273:inst21|17                                                                                                    ; CLK1       ; CLK1     ; None                       ; None                       ; None                     ;
; Not operational: Clock Skew > Data Delay ; lpm_ram_dq0:inst10|altsyncram:altsyncram_component|altsyncram_dru:auto_generated|ram_block1a7~porta_address_reg7 ; 273:inst19|19                                                                                                    ; CLK1       ; CLK1     ; None                       ; None                       ; None                     ;
; Not operational: Clock Skew > Data Delay ; lpm_ram_dq0:inst10|altsyncram:altsyncram_component|altsyncram_dru:auto_generated|ram_block1a7~porta_address_reg6 ; 273:inst19|19                                                                                                    ; CLK1       ; CLK1     ; None                       ; None                       ; None                     ;
; Not operational: Clock Skew > Data Delay ; lpm_ram_dq0:inst10|altsyncram:altsyncram_component|altsyncram_dru:auto_generated|ram_block1a7~porta_address_reg5 ; 273:inst19|19                                                                                                    ; CLK1       ; CLK1     ; None                       ; None                       ; None                     ;
; Not operational: Clock Skew > Data Delay ; lpm_ram_dq0:inst10|altsyncram:altsyncram_component|altsyncram_dru:auto_generated|ram_block1a7~porta_address_reg4 ; 273:inst19|19                                                                                                    ; CLK1       ; CLK1     ; None                       ; None                       ; None                     ;
; Not operational: Clock Skew > Data Delay ; lpm_ram_dq0:inst10|altsyncram:altsyncram_component|altsyncram_dru:auto_generated|ram_block1a7~porta_address_reg3 ; 273:inst19|19                                                                                                    ; CLK1       ; CLK1     ; None                       ; None                       ; None                     ;
; Not operational: Clock Skew > Data Delay ; lpm_ram_dq0:inst10|altsyncram:altsyncram_component|altsyncram_dru:auto_generated|ram_block1a7~porta_address_reg2 ; 273:inst19|19                                                                                                    ; CLK1       ; CLK1     ; None                       ; None                       ; None                     ;
; Not operational: Clock Skew > Data Delay ; lpm_ram_dq0:inst10|altsyncram:altsyncram_component|altsyncram_dru:auto_generated|ram_block1a7~porta_address_reg1 ; 273:inst19|19                                                                                                    ; CLK1       ; CLK1     ; None                       ; None                       ; None                     ;
; Not operational: Clock Skew > Data Delay ; lpm_ram_dq0:inst10|altsyncram:altsyncram_component|altsyncram_dru:auto_generated|ram_block1a7~porta_address_reg0 ; 273:inst19|19                                                                                                    ; CLK1       ; CLK1     ; None                       ; None                       ; None                     ;
; Not operational: Clock Skew > Data Delay ; lpm_ram_dq0:inst10|altsyncram:altsyncram_component|altsyncram_dru:auto_generated|ram_block1a7~porta_address_reg7 ; 273:inst8|14                                                                                                     ; CLK1       ; CLK1     ; None                       ; None                       ; None                     ;
; Not operational: Clock Skew > Data Delay ; lpm_ram_dq0:inst10|altsyncram:altsyncram_component|altsyncram_dru:auto_generated|ram_block1a7~porta_address_reg6 ; 273:inst8|14                                                                                                     ; CLK1       ; CLK1     ; None                       ; None                       ; None                     ;
; Not operational: Clock Skew > Data Delay ; lpm_ram_dq0:inst10|altsyncram:altsyncram_component|altsyncram_dru:auto_generated|ram_block1a7~porta_address_reg5 ; 273:inst8|14                                                                                                     ; CLK1       ; CLK1     ; None                       ; None                       ; None                     ;
; Not operational: Clock Skew > Data Delay ; lpm_ram_dq0:inst10|altsyncram:altsyncram_component|altsyncram_dru:auto_generated|ram_block1a7~porta_address_reg4 ; 273:inst8|14                                                                                                     ; CLK1       ; CLK1     ; None                       ; None                       ; None                     ;
; Not operational: Clock Skew > Data Delay ; lpm_ram_dq0:inst10|altsyncram:altsyncram_component|altsyncram_dru:auto_generated|ram_block1a7~porta_address_reg3 ; 273:inst8|14                                                                                                     ; CLK1       ; CLK1     ; None                       ; None                       ; None                     ;
; Not operational: Clock Skew > Data Delay ; lpm_ram_dq0:inst10|altsyncram:altsyncram_component|altsyncram_dru:auto_generated|ram_block1a7~porta_address_reg2 ; 273:inst8|14                                                                                                     ; CLK1       ; CLK1     ; None                       ; None                       ; None                     ;
; Not operational: Clock Skew > Data Delay ; lpm_ram_dq0:inst10|altsyncram:altsyncram_component|altsyncram_dru:auto_generated|ram_block1a7~porta_address_reg1 ; 273:inst8|14                                                                                                     ; CLK1       ; CLK1     ; None                       ; None                       ; None                     ;
; Not operational: Clock Skew > Data Delay ; lpm_ram_dq0:inst10|altsyncram:altsyncram_component|altsyncram_dru:auto_generated|ram_block1a7~porta_address_reg0 ; 273:inst8|14                                                                                                     ; CLK1       ; CLK1     ; None                       ; None                       ; None                     ;
; Not operational: Clock Skew > Data Delay ; 273:inst19|12                                                                                                    ; 273:inst21|13                                                                                                    ; CLK1       ; CLK1     ; None                       ; None                       ; None                     ;
; Not operational: Clock Skew > Data Delay ; 273:inst8|14                                                                                                     ; 273:inst21|15                                                                                                    ; CLK1       ; CLK1     ; None                       ; None                       ; None                     ;
; Not operational: Clock Skew > Data Delay ; 273:inst19|16                                                                                                    ; 273:inst8|18                                                                                                     ; CLK1       ; CLK1     ; None                       ; None                       ; None                     ;
; Not operational: Clock Skew > Data Delay ; lpm_ram_dq0:inst10|altsyncram:altsyncram_component|altsyncram_dru:auto_generated|ram_block1a7~porta_address_reg7 ; 273:inst22|14                                                                                                    ; CLK1       ; CLK1     ; None                       ; None                       ; None                     ;
; Not operational: Clock Skew > Data Delay ; lpm_ram_dq0:inst10|altsyncram:altsyncram_component|altsyncram_dru:auto_generated|ram_block1a7~porta_address_reg6 ; 273:inst22|14                                                                                                    ; CLK1       ; CLK1     ; None                       ; None                       ; None                     ;
; Not operational: Clock Skew > Data Delay ; lpm_ram_dq0:inst10|altsyncram:altsyncram_component|altsyncram_dru:auto_generated|ram_block1a7~porta_address_reg5 ; 273:inst22|14                                                                                                    ; CLK1       ; CLK1     ; None                       ; None                       ; None                     ;
; Not operational: Clock Skew > Data Delay ; lpm_ram_dq0:inst10|altsyncram:altsyncram_component|altsyncram_dru:auto_generated|ram_block1a7~porta_address_reg4 ; 273:inst22|14                                                                                                    ; CLK1       ; CLK1     ; None                       ; None                       ; None                     ;
; Not operational: Clock Skew > Data Delay ; lpm_ram_dq0:inst10|altsyncram:altsyncram_component|altsyncram_dru:auto_generated|ram_block1a7~porta_address_reg3 ; 273:inst22|14                                                                                                    ; CLK1       ; CLK1     ; None                       ; None                       ; None                     ;
; Not operational: Clock Skew > Data Delay ; lpm_ram_dq0:inst10|altsyncram:altsyncram_component|altsyncram_dru:auto_generated|ram_block1a7~porta_address_reg2 ; 273:inst22|14                                                                                                    ; CLK1       ; CLK1     ; None                       ; None                       ; None                     ;
; Not operational: Clock Skew > Data Delay ; lpm_ram_dq0:inst10|altsyncram:altsyncram_component|altsyncram_dru:auto_generated|ram_block1a7~porta_address_reg1 ; 273:inst22|14                                                                                                    ; CLK1       ; CLK1     ; None                       ; None                       ; None                     ;
; Not operational: Clock Skew > Data Delay ; lpm_ram_dq0:inst10|altsyncram:altsyncram_component|altsyncram_dru:auto_generated|ram_block1a7~porta_address_reg0 ; 273:inst22|14                                                                                                    ; CLK1       ; CLK1     ; None                       ; None                       ; None                     ;
; Not operational: Clock Skew > Data Delay ; 273:inst19|14                                                                                                    ; 273:inst8|17                                                                                                     ; CLK1       ; CLK1     ; None                       ; None                       ; None                     ;
; Not operational: Clock Skew > Data Delay ; 273:inst19|13                                                                                                    ; 273:inst8|15                                                                                                     ; CLK1       ; CLK1     ; None                       ; None                       ; None                     ;
; Not operational: Clock Skew > Data Delay ; lpm_ram_dq0:inst10|altsyncram:altsyncram_component|altsyncram_dru:auto_generated|ram_block1a7~porta_address_reg7 ; 273:inst8|19                                                                                                     ; CLK1       ; CLK1     ; None                       ; None                       ; None                     ;
; Not operational: Clock Skew > Data Delay ; lpm_ram_dq0:inst10|altsyncram:altsyncram_component|altsyncram_dru:auto_generated|ram_block1a7~porta_address_reg6 ; 273:inst8|19                                                                                                     ; CLK1       ; CLK1     ; None                       ; None                       ; None                     ;
; Not operational: Clock Skew > Data Delay ; lpm_ram_dq0:inst10|altsyncram:altsyncram_component|altsyncram_dru:auto_generated|ram_block1a7~porta_address_reg5 ; 273:inst8|19                                                                                                     ; CLK1       ; CLK1     ; None                       ; None                       ; None                     ;
; Not operational: Clock Skew > Data Delay ; lpm_ram_dq0:inst10|altsyncram:altsyncram_component|altsyncram_dru:auto_generated|ram_block1a7~porta_address_reg4 ; 273:inst8|19                                                                                                     ; CLK1       ; CLK1     ; None                       ; None                       ; None                     ;
; Not operational: Clock Skew > Data Delay ; lpm_ram_dq0:inst10|altsyncram:altsyncram_component|altsyncram_dru:auto_generated|ram_block1a7~porta_address_reg3 ; 273:inst8|19                                                                                                     ; CLK1       ; CLK1     ; None                       ; None                       ; None                     ;
; Not operational: Clock Skew > Data Delay ; lpm_ram_dq0:inst10|altsyncram:altsyncram_component|altsyncram_dru:auto_generated|ram_block1a7~porta_address_reg2 ; 273:inst8|19                                                                                                     ; CLK1       ; CLK1     ; None                       ; None                       ; None                     ;
; Not operational: Clock Skew > Data Delay ; lpm_ram_dq0:inst10|altsyncram:altsyncram_component|altsyncram_dru:auto_generated|ram_block1a7~porta_address_reg1 ; 273:inst8|19                                                                                                     ; CLK1       ; CLK1     ; None                       ; None                       ; None                     ;
; Not operational: Clock Skew > Data Delay ; lpm_ram_dq0:inst10|altsyncram:altsyncram_component|altsyncram_dru:auto_generated|ram_block1a7~porta_address_reg0 ; 273:inst8|19                                                                                                     ; CLK1       ; CLK1     ; None                       ; None                       ; None                     ;
; Not operational: Clock Skew > Data Delay ; 273:inst19|12                                                                                                    ; 273:inst22|15                                                                                                    ; CLK1       ; CLK1     ; None                       ; None                       ; None                     ;
; Not operational: Clock Skew > Data Delay ; 273:inst19|12                                                                                                    ; 273:inst19|13                                                                                                    ; CLK1       ; CLK1     ; None                       ; None                       ; None                     ;
; Not operational: Clock Skew > Data Delay ; 273:inst8|13                                                                                                     ; 273:inst19|14                                                                                                    ; CLK1       ; CLK1     ; None                       ; None                       ; None                     ;
; Not operational: Clock Skew > Data Delay ; 273:inst19|14                                                                                                    ; 273:inst20|15                                                                                                    ; CLK1       ; CLK1     ; None                       ; None                       ; None                     ;
; Not operational: Clock Skew > Data Delay ; 273:inst8|12                                                                                                     ; 273:inst22|13                                                                                                    ; CLK1       ; CLK1     ; None                       ; None                       ; None                     ;
; Not operational: Clock Skew > Data Delay ; lpm_ram_dq0:inst10|altsyncram:altsyncram_component|altsyncram_dru:auto_generated|ram_block1a7~porta_address_reg7 ; 273:inst22|13                                                                                                    ; CLK1       ; CLK1     ; None                       ; None                       ; None                     ;
; Not operational: Clock Skew > Data Delay ; lpm_ram_dq0:inst10|altsyncram:altsyncram_component|altsyncram_dru:auto_generated|ram_block1a7~porta_address_reg6 ; 273:inst22|13                                                                                                    ; CLK1       ; CLK1     ; None                       ; None                       ; None                     ;
; Not operational: Clock Skew > Data Delay ; lpm_ram_dq0:inst10|altsyncram:altsyncram_component|altsyncram_dru:auto_generated|ram_block1a7~porta_address_reg5 ; 273:inst22|13                                                                                                    ; CLK1       ; CLK1     ; None                       ; None                       ; None                     ;
; Not operational: Clock Skew > Data Delay ; lpm_ram_dq0:inst10|altsyncram:altsyncram_component|altsyncram_dru:auto_generated|ram_block1a7~porta_address_reg4 ; 273:inst22|13                                                                                                    ; CLK1       ; CLK1     ; None                       ; None                       ; None                     ;
; Not operational: Clock Skew > Data Delay ; lpm_ram_dq0:inst10|altsyncram:altsyncram_component|altsyncram_dru:auto_generated|ram_block1a7~porta_address_reg3 ; 273:inst22|13                                                                                                    ; CLK1       ; CLK1     ; None                       ; None                       ; None                     ;
; Not operational: Clock Skew > Data Delay ; lpm_ram_dq0:inst10|altsyncram:altsyncram_component|altsyncram_dru:auto_generated|ram_block1a7~porta_address_reg2 ; 273:inst22|13                                                                                                    ; CLK1       ; CLK1     ; None                       ; None                       ; None                     ;
; Not operational: Clock Skew > Data Delay ; lpm_ram_dq0:inst10|altsyncram:altsyncram_component|altsyncram_dru:auto_generated|ram_block1a7~porta_address_reg1 ; 273:inst22|13                                                                                                    ; CLK1       ; CLK1     ; None                       ; None                       ; None                     ;
; Not operational: Clock Skew > Data Delay ; lpm_ram_dq0:inst10|altsyncram:altsyncram_component|altsyncram_dru:auto_generated|ram_block1a7~porta_address_reg0 ; 273:inst22|13                                                                                                    ; CLK1       ; CLK1     ; None                       ; None                       ; None                     ;
; Not operational: Clock Skew > Data Delay ; 273:inst19|15                                                                                                    ; 273:inst19|17                                                                                                    ; CLK1       ; CLK1     ; None                       ; None                       ; None                     ;
; Not operational: Clock Skew > Data Delay ; 273:inst19|16                                                                                                    ; 273:inst22|17                                                                                                    ; CLK1       ; CLK1     ; None                       ; None                       ; None                     ;
; Not operational: Clock Skew > Data Delay ; 273:inst19|15                                                                                                    ; 273:inst21|17                                                                                                    ; CLK1       ; CLK1     ; None                       ; None                       ; None                     ;
; Not operational: Clock Skew > Data Delay ; 273:inst19|12                                                                                                    ; 273:inst19|15                                                                                                    ; CLK1       ; CLK1     ; None                       ; None                       ; None                     ;
; Not operational: Clock Skew > Data Delay ; 273:inst19|12                                                                                                    ; 273:inst21|14                                                                                                    ; CLK1       ; CLK1     ; None                       ; None                       ; None                     ;
; Not operational: Clock Skew > Data Delay ; 273:inst19|12                                                                                                    ; 273:inst8|13                                                                                                     ; CLK1       ; CLK1     ; None                       ; None                       ; None                     ;
; Not operational: Clock Skew > Data Delay ; 273:inst8|13                                                                                                     ; 273:inst8|14                                                                                                     ; CLK1       ; CLK1     ; None                       ; None                       ; None                     ;
; Not operational: Clock Skew > Data Delay ; 273:inst8|14                                                                                                     ; 273:inst22|15                                                                                                    ; CLK1       ; CLK1     ; None                       ; None                       ; None                     ;
; Not operational: Clock Skew > Data Delay ; 273:inst19|15                                                                                                    ; 273:inst8|17                                                                                                     ; CLK1       ; CLK1     ; None                       ; None                       ; None                     ;
; Not operational: Clock Skew > Data Delay ; 273:inst8|12                                                                                                     ; 273:inst19|14                                                                                                    ; CLK1       ; CLK1     ; None                       ; None                       ; None                     ;
; Not operational: Clock Skew > Data Delay ; 273:inst8|13                                                                                                     ; 273:inst22|14                                                                                                    ; CLK1       ; CLK1     ; None                       ; None                       ; None                     ;
; Not operational: Clock Skew > Data Delay ; 273:inst19|12                                                                                                    ; 273:inst8|15                                                                                                     ; CLK1       ; CLK1     ; None                       ; None                       ; None                     ;
; Not operational: Clock Skew > Data Delay ; 273:inst19|16                                                                                                    ; 273:inst19|17                                                                                                    ; CLK1       ; CLK1     ; None                       ; None                       ; None                     ;
; Not operational: Clock Skew > Data Delay ; 273:inst8|14                                                                                                     ; 273:inst19|15                                                                                                    ; CLK1       ; CLK1     ; None                       ; None                       ; None                     ;
; Not operational: Clock Skew > Data Delay ; 273:inst19|16                                                                                                    ; 273:inst21|17                                                                                                    ; CLK1       ; CLK1     ; None                       ; None                       ; None                     ;
; Not operational: Clock Skew > Data Delay ; 273:inst8|12                                                                                                     ; 273:inst8|14                                                                                                     ; CLK1       ; CLK1     ; None                       ; None                       ; None                     ;
; Not operational: Clock Skew > Data Delay ; 273:inst8|12                                                                                                     ; 273:inst22|14                                                                                                    ; CLK1       ; CLK1     ; None                       ; None                       ; None                     ;
; Not operational: Clock Skew > Data Delay ; 273:inst19|13                                                                                                    ; 273:inst19|14                                                                                                    ; CLK1       ; CLK1     ; None                       ; None                       ; None                     ;
; Not operational: Clock Skew > Data Delay ; 273:inst19|16                                                                                                    ; 273:inst8|17                                                                                                     ; CLK1       ; CLK1     ; None                       ; None                       ; None                     ;
; Not operational: Clock Skew > Data Delay ; 273:inst8|14                                                                                                     ; 273:inst8|15                                                                                                     ; CLK1       ; CLK1     ; None                       ; None                       ; None                     ;
; Not operational: Clock Skew > Data Delay ; 273:inst19|12                                                                                                    ; 273:inst22|13                                                                                                    ; CLK1       ; CLK1     ; None                       ; None                       ; None                     ;
; Not operational: Clock Skew > Data Delay ; 273:inst19|13                                                                                                    ; 273:inst8|14                                                                                                     ; CLK1       ; CLK1     ; None                       ; None                       ; None                     ;
; Not operational: Clock Skew > Data Delay ; 273:inst19|13                                                                                                    ; 273:inst22|14                                                                                                    ; CLK1       ; CLK1     ; None                       ; None                       ; None                     ;
; Not operational: Clock Skew > Data Delay ; 273:inst19|14                                                                                                    ; 273:inst21|15                                                                                                    ; CLK1       ; CLK1     ; None                       ; None                       ; None                     ;
; Not operational: Clock Skew > Data Delay ; 273:inst19|12                                                                                                    ; 273:inst19|14                                                                                                    ; CLK1       ; CLK1     ; None                       ; None                       ; None                     ;
; Not operational: Clock Skew > Data Delay ; 273:inst19|12                                                                                                    ; 273:inst8|14                                                                                                     ; CLK1       ; CLK1     ; None                       ; None                       ; None                     ;
; Not operational: Clock Skew > Data Delay ; 273:inst19|12                                                                                                    ; 273:inst22|14                                                                                                    ; CLK1       ; CLK1     ; None                       ; None                       ; None                     ;
; Not operational: Clock Skew > Data Delay ; 273:inst19|14                                                                                                    ; 273:inst22|15                                                                                                    ; CLK1       ; CLK1     ; None                       ; None                       ; None                     ;
; Not operational: Clock Skew > Data Delay ; 273:inst19|14                                                                                                    ; 273:inst19|15                                                                                                    ; CLK1       ; CLK1     ; None                       ; None                       ; None                     ;
; Not operational: Clock Skew > Data Delay ; 273:inst19|14                                                                                                    ; 273:inst8|15                                                                                                     ; CLK1       ; CLK1     ; None                       ; None                       ; None                     ;
; Not operational: Clock Skew > Data Delay ; se6_1:inst7|inst43                                                                                               ; lpm_rom0:inst12|altsyncram:altsyncram_component|altsyncram_ecq:auto_generated|ram_block1a14~porta_address_reg3   ; CLK1       ; CLK1     ; None                       ; None                       ; None                     ;
; Not operational: Clock Skew > Data Delay ; t4:inst4|inst2                                                                                                   ; t4:inst4|inst3                                                                                                   ; CLK1       ; CLK1     ; None                       ; None                       ; None                     ;
; Not operational: Clock Skew > Data Delay ; t4:inst4|inst                                                                                                    ; t4:inst4|inst                                                                                                    ; CLK1       ; CLK1     ; None                       ; None                       ; None                     ;
; Not operational: Clock Skew > Data Delay ; se6_1:inst7|inst40                                                                                               ; lpm_rom0:inst12|altsyncram:altsyncram_component|altsyncram_ecq:auto_generated|ram_block1a14~porta_address_reg0   ; CLK1       ; CLK1     ; None                       ; None                       ; None                     ;
; Not operational: Clock Skew > Data Delay ; se6_1:inst7|inst42                                                                                               ; lpm_rom0:inst12|altsyncram:altsyncram_component|altsyncram_ecq:auto_generated|ram_block1a14~porta_address_reg2   ; CLK1       ; CLK1     ; None                       ; None                       ; None                     ;
; Not operational: Clock Skew > Data Delay ; t4:inst4|inst3                                                                                                   ; t4:inst4|inst                                                                                                    ; CLK1       ; CLK1     ; None                       ; None                       ; None                     ;
; Not operational: Clock Skew > Data Delay ; se6_1:inst7|inst44                                                                                               ; lpm_rom0:inst12|altsyncram:altsyncram_component|altsyncram_ecq:auto_generated|ram_block1a14~porta_address_reg4   ; CLK1       ; CLK1     ; None                       ; None                       ; None                     ;
; Not operational: Clock Skew > Data Delay ; se6_1:inst7|inst41                                                                                               ; lpm_rom0:inst12|altsyncram:altsyncram_component|altsyncram_ecq:auto_generated|ram_block1a14~porta_address_reg1   ; CLK1       ; CLK1     ; None                       ; None                       ; None                     ;
; Not operational: Clock Skew > Data Delay ; se6_1:inst7|inst45                                                                                               ; lpm_rom0:inst12|altsyncram:altsyncram_component|altsyncram_ecq:auto_generated|ram_block1a14~porta_address_reg5   ; CLK1       ; CLK1     ; None                       ; None                       ; None                     ;
; Not operational: Clock Skew > Data Delay ; t4:inst4|inst                                                                                                    ; t4:inst4|inst1                                                                                                   ; CLK1       ; CLK1     ; None                       ; None                       ; None                     ;
; Not operational: Clock Skew > Data Delay ; t4:inst4|inst2                                                                                                   ; t4:inst4|inst                                                                                                    ; CLK1       ; CLK1     ; None                       ; None                       ; None                     ;
; Not operational: Clock Skew > Data Delay ; t4:inst4|inst1                                                                                                   ; t4:inst4|inst2                                                                                                   ; CLK1       ; CLK1     ; None                       ; None                       ; None                     ;
; Not operational: Clock Skew > Data Delay ; t4:inst4|inst1                                                                                                   ; t4:inst4|inst                                                                                                    ; CLK1       ; CLK1     ; None                       ; None                       ; None                     ;
; Not operational: Clock Skew > Data Delay ; 273:inst20|19                                                                                                    ; lpm_ram_dq0:inst10|altsyncram:altsyncram_component|altsyncram_dru:auto_generated|ram_block1a7~porta_address_reg0 ; CLK1       ; CLK1     ; None                       ; None                       ; None                     ;
; Not operational: Clock Skew > Data Delay ; 273:inst20|13                                                                                                    ; lpm_ram_dq0:inst10|altsyncram:altsyncram_component|altsyncram_dru:auto_generated|ram_block1a7~porta_address_reg6 ; CLK1       ; CLK1     ; None                       ; None                       ; None                     ;
; Not operational: Clock Skew > Data Delay ; 273:inst20|18                                                                                                    ; lpm_ram_dq0:inst10|altsyncram:altsyncram_component|altsyncram_dru:auto_generated|ram_block1a7~porta_address_reg1 ; CLK1       ; CLK1     ; None                       ; None                       ; None                     ;
; Not operational: Clock Skew > Data Delay ; 273:inst20|15                                                                                                    ; lpm_ram_dq0:inst10|altsyncram:altsyncram_component|altsyncram_dru:auto_generated|ram_block1a7~porta_address_reg4 ; CLK1       ; CLK1     ; None                       ; None                       ; None                     ;
; Not operational: Clock Skew > Data Delay ; 273:inst20|14                                                                                                    ; lpm_ram_dq0:inst10|altsyncram:altsyncram_component|altsyncram_dru:auto_generated|ram_block1a7~porta_address_reg5 ; CLK1       ; CLK1     ; None                       ; None                       ; None                     ;
; Not operational: Clock Skew > Data Delay ; 273:inst20|12                                                                                                    ; lpm_ram_dq0:inst10|altsyncram:altsyncram_component|altsyncram_dru:auto_generated|ram_block1a7~porta_address_reg7 ; CLK1       ; CLK1     ; None                       ; None                       ; None                     ;
; Not operational: Clock Skew > Data Delay ; 273:inst20|16                                                                                                    ; lpm_ram_dq0:inst10|altsyncram:altsyncram_component|altsyncram_dru:auto_generated|ram_block1a7~porta_address_reg3 ; CLK1       ; CLK1     ; None                       ; None                       ; None                     ;
; Not operational: Clock Skew > Data Delay ; 273:inst20|17                                                                                                    ; lpm_ram_dq0:inst10|altsyncram:altsyncram_component|altsyncram_dru:auto_generated|ram_block1a7~porta_address_reg2 ; CLK1       ; CLK1     ; None                       ; None                       ; None                     ;
; Not operational: Clock Skew > Data Delay ; lpm_ram_dq0:inst10|altsyncram:altsyncram_component|altsyncram_dru:auto_generated|ram_block1a7~porta_datain_reg0  ; lpm_ram_dq0:inst10|altsyncram:altsyncram_component|altsyncram_dru:auto_generated|ram_block1a7~porta_memory_reg0  ; CLK1       ; CLK1     ; None                       ; None                       ; None                     ;
; Not operational: Clock Skew > Data Delay ; lpm_ram_dq0:inst10|altsyncram:altsyncram_component|altsyncram_dru:auto_generated|ram_block1a7~porta_datain_reg1  ; lpm_ram_dq0:inst10|altsyncram:altsyncram_component|altsyncram_dru:auto_generated|ram_block1a7~porta_memory_reg1  ; CLK1       ; CLK1     ; None                       ; None                       ; None                     ;
; Not operational: Clock Skew > Data Delay ; lpm_ram_dq0:inst10|altsyncram:altsyncram_component|altsyncram_dru:auto_generated|ram_block1a7~porta_datain_reg2  ; lpm_ram_dq0:inst10|altsyncram:altsyncram_component|altsyncram_dru:auto_generated|ram_block1a7~porta_memory_reg2  ; CLK1       ; CLK1     ; None                       ; None                       ; None                     ;
; Not operational: Clock Skew > Data Delay ; lpm_ram_dq0:inst10|altsyncram:altsyncram_component|altsyncram_dru:auto_generated|ram_block1a7~porta_datain_reg3  ; lpm_ram_dq0:inst10|altsyncram:altsyncram_component|altsyncram_dru:auto_generated|ram_block1a7~porta_memory_reg3  ; CLK1       ; CLK1     ; None                       ; None                       ; None                     ;
; Not operational: Clock Skew > Data Delay ; lpm_ram_dq0:inst10|altsyncram:altsyncram_component|altsyncram_dru:auto_generated|ram_block1a7~porta_datain_reg4  ; lpm_ram_dq0:inst10|altsyncram:altsyncram_component|altsyncram_dru:auto_generated|ram_block1a7~porta_memory_reg4  ; CLK1       ; CLK1     ; None                       ; None                       ; None                     ;
; Not operational: Clock Skew > Data Delay ; lpm_ram_dq0:inst10|altsyncram:altsyncram_component|altsyncram_dru:auto_generated|ram_block1a7~porta_datain_reg5  ; lpm_ram_dq0:inst10|altsyncram:altsyncram_component|altsyncram_dru:auto_generated|ram_block1a7~porta_memory_reg5  ; CLK1       ; CLK1     ; None                       ; None                       ; None                     ;
; Not operational: Clock Skew > Data Delay ; lpm_ram_dq0:inst10|altsyncram:altsyncram_component|altsyncram_dru:auto_generated|ram_block1a7~porta_datain_reg6  ; lpm_ram_dq0:inst10|altsyncram:altsyncram_component|altsyncram_dru:auto_generated|ram_block1a7~porta_memory_reg6  ; CLK1       ; CLK1     ; None                       ; None                       ; None                     ;
; Not operational: Clock Skew > Data Delay ; lpm_ram_dq0:inst10|altsyncram:altsyncram_component|altsyncram_dru:auto_generated|ram_block1a7~porta_datain_reg7  ; lpm_ram_dq0:inst10|altsyncram:altsyncram_component|altsyncram_dru:auto_generated|ram_block1a7~porta_memory_reg7  ; CLK1       ; CLK1     ; None                       ; None                       ; None                     ;
; Not operational: Clock Skew > Data Delay ; 273:inst20|15                                                                                                    ; lpm_ram_dq0:inst10|altsyncram:altsyncram_component|altsyncram_dru:auto_generated|ram_block1a7~porta_datain_reg3  ; CLK1       ; CLK1     ; None                       ; None                       ; None                     ;
; Not operational: Clock Skew > Data Delay ; 273:inst8|12                                                                                                     ; lpm_ram_dq0:inst10|altsyncram:altsyncram_component|altsyncram_dru:auto_generated|ram_block1a7~porta_datain_reg0  ; CLK1       ; CLK1     ; None                       ; None                       ; None                     ;
; Not operational: Clock Skew > Data Delay ; 273:inst20|16                                                                                                    ; lpm_ram_dq0:inst10|altsyncram:altsyncram_component|altsyncram_dru:auto_generated|ram_block1a7~porta_datain_reg4  ; CLK1       ; CLK1     ; None                       ; None                       ; None                     ;
; Not operational: Clock Skew > Data Delay ; 273:inst8|18                                                                                                     ; lpm_ram_dq0:inst10|altsyncram:altsyncram_component|altsyncram_dru:auto_generated|ram_block1a7~porta_datain_reg7  ; CLK1       ; CLK1     ; None                       ; None                       ; None                     ;
; Not operational: Clock Skew > Data Delay ; 273:inst8|14                                                                                                     ; lpm_ram_dq0:inst10|altsyncram:altsyncram_component|altsyncram_dru:auto_generated|ram_block1a7~porta_datain_reg0  ; CLK1       ; CLK1     ; None                       ; None                       ; None                     ;
; Not operational: Clock Skew > Data Delay ; 273:inst8|15                                                                                                     ; lpm_ram_dq0:inst10|altsyncram:altsyncram_component|altsyncram_dru:auto_generated|ram_block1a7~porta_datain_reg3  ; CLK1       ; CLK1     ; None                       ; None                       ; None                     ;
; Not operational: Clock Skew > Data Delay ; 273:inst8|13                                                                                                     ; lpm_ram_dq0:inst10|altsyncram:altsyncram_component|altsyncram_dru:auto_generated|ram_block1a7~porta_datain_reg0  ; CLK1       ; CLK1     ; None                       ; None                       ; None                     ;
; Not operational: Clock Skew > Data Delay ; 273:inst8|13                                                                                                     ; lpm_ram_dq0:inst10|altsyncram:altsyncram_component|altsyncram_dru:auto_generated|ram_block1a7~porta_datain_reg1  ; CLK1       ; CLK1     ; None                       ; None                       ; None                     ;
; Not operational: Clock Skew > Data Delay ; 273:inst20|12                                                                                                    ; lpm_ram_dq0:inst10|altsyncram:altsyncram_component|altsyncram_dru:auto_generated|ram_block1a7~porta_datain_reg0  ; CLK1       ; CLK1     ; None                       ; None                       ; None                     ;
; Not operational: Clock Skew > Data Delay ; 273:inst20|13                                                                                                    ; lpm_ram_dq0:inst10|altsyncram:altsyncram_component|altsyncram_dru:auto_generated|ram_block1a7~porta_datain_reg1  ; CLK1       ; CLK1     ; None                       ; None                       ; None                     ;
; Not operational: Clock Skew > Data Delay ; 273:inst20|18                                                                                                    ; lpm_ram_dq0:inst10|altsyncram:altsyncram_component|altsyncram_dru:auto_generated|ram_block1a7~porta_datain_reg7  ; CLK1       ; CLK1     ; None                       ; None                       ; None                     ;
; Not operational: Clock Skew > Data Delay ; 273:inst8|16                                                                                                     ; lpm_ram_dq0:inst10|altsyncram:altsyncram_component|altsyncram_dru:auto_generated|ram_block1a7~porta_datain_reg4  ; CLK1       ; CLK1     ; None                       ; None                       ; None                     ;
; Not operational: Clock Skew > Data Delay ; 273:inst8|14                                                                                                     ; lpm_ram_dq0:inst10|altsyncram:altsyncram_component|altsyncram_dru:auto_generated|ram_block1a7~porta_datain_reg1  ; CLK1       ; CLK1     ; None                       ; None                       ; None                     ;
; Not operational: Clock Skew > Data Delay ; 273:inst8|15                                                                                                     ; lpm_ram_dq0:inst10|altsyncram:altsyncram_component|altsyncram_dru:auto_generated|ram_block1a7~porta_datain_reg0  ; CLK1       ; CLK1     ; None                       ; None                       ; None                     ;
; Not operational: Clock Skew > Data Delay ; 273:inst20|19                                                                                                    ; lpm_ram_dq0:inst10|altsyncram:altsyncram_component|altsyncram_dru:auto_generated|ram_block1a7~porta_datain_reg6  ; CLK1       ; CLK1     ; None                       ; None                       ; None                     ;
; Not operational: Clock Skew > Data Delay ; 273:inst8|19                                                                                                     ; lpm_ram_dq0:inst10|altsyncram:altsyncram_component|altsyncram_dru:auto_generated|ram_block1a7~porta_datain_reg4  ; CLK1       ; CLK1     ; None                       ; None                       ; None                     ;
; Not operational: Clock Skew > Data Delay ; 273:inst8|18                                                                                                     ; lpm_ram_dq0:inst10|altsyncram:altsyncram_component|altsyncram_dru:auto_generated|ram_block1a7~porta_datain_reg4  ; CLK1       ; CLK1     ; None                       ; None                       ; None                     ;
; Not operational: Clock Skew > Data Delay ; 273:inst8|19                                                                                                     ; lpm_ram_dq0:inst10|altsyncram:altsyncram_component|altsyncram_dru:auto_generated|ram_block1a7~porta_datain_reg6  ; CLK1       ; CLK1     ; None                       ; None                       ; None                     ;
; Not operational: Clock Skew > Data Delay ; 273:inst20|17                                                                                                    ; lpm_ram_dq0:inst10|altsyncram:altsyncram_component|altsyncram_dru:auto_generated|ram_block1a7~porta_datain_reg5  ; CLK1       ; CLK1     ; None                       ; None                       ; None                     ;
; Not operational: Clock Skew > Data Delay ; lpm_rom0:inst12|altsyncram:altsyncram_component|altsyncram_ecq:auto_generated|ram_block1a14~porta_address_reg5   ; se6_1:inst7|inst43                                                                                               ; CLK1       ; CLK1     ; None                       ; None                       ; None                     ;
; Not operational: Clock Skew > Data Delay ; lpm_rom0:inst12|altsyncram:altsyncram_component|altsyncram_ecq:auto_generated|ram_block1a14~porta_address_reg4   ; se6_1:inst7|inst43                                                                                               ; CLK1       ; CLK1     ; None                       ; None                       ; None                     ;
; Not operational: Clock Skew > Data Delay ; lpm_rom0:inst12|altsyncram:altsyncram_component|altsyncram_ecq:auto_generated|ram_block1a14~porta_address_reg3   ; se6_1:inst7|inst43                                                                                               ; CLK1       ; CLK1     ; None                       ; None                       ; None                     ;
; Not operational: Clock Skew > Data Delay ; lpm_rom0:inst12|altsyncram:altsyncram_component|altsyncram_ecq:auto_generated|ram_block1a14~porta_address_reg2   ; se6_1:inst7|inst43                                                                                               ; CLK1       ; CLK1     ; None                       ; None                       ; None                     ;
; Not operational: Clock Skew > Data Delay ; lpm_rom0:inst12|altsyncram:altsyncram_component|altsyncram_ecq:auto_generated|ram_block1a14~porta_address_reg1   ; se6_1:inst7|inst43                                                                                               ; CLK1       ; CLK1     ; None                       ; None                       ; None                     ;
; Not operational: Clock Skew > Data Delay ; lpm_rom0:inst12|altsyncram:altsyncram_component|altsyncram_ecq:auto_generated|ram_block1a14~porta_address_reg0   ; se6_1:inst7|inst43                                                                                               ; CLK1       ; CLK1     ; None                       ; None                       ; None                     ;
; Not operational: Clock Skew > Data Delay ; 273:inst20|14                                                                                                    ; lpm_ram_dq0:inst10|altsyncram:altsyncram_component|altsyncram_dru:auto_generated|ram_block1a7~porta_datain_reg2  ; CLK1       ; CLK1     ; None                       ; None                       ; None                     ;
; Not operational: Clock Skew > Data Delay ; 273:inst8|17                                                                                                     ; lpm_ram_dq0:inst10|altsyncram:altsyncram_component|altsyncram_dru:auto_generated|ram_block1a7~porta_datain_reg4  ; CLK1       ; CLK1     ; None                       ; None                       ; None                     ;
; Not operational: Clock Skew > Data Delay ; 273:inst8|15                                                                                                     ; lpm_ram_dq0:inst10|altsyncram:altsyncram_component|altsyncram_dru:auto_generated|ram_block1a7~porta_datain_reg1  ; CLK1       ; CLK1     ; None                       ; None                       ; None                     ;
; Not operational: Clock Skew > Data Delay ; 273:inst19|13                                                                                                    ; lpm_ram_dq0:inst10|altsyncram:altsyncram_component|altsyncram_dru:auto_generated|ram_block1a7~porta_datain_reg0  ; CLK1       ; CLK1     ; None                       ; None                       ; None                     ;
; Timing analysis restricted to 200 rows.  ; To change the limit use Settings (Assignments menu)                                                              ;                                                                                                                  ;            ;          ;                            ;                            ;                          ;
+------------------------------------------+------------------------------------------------------------------------------------------------------------------+------------------------------------------------------------------------------------------------------------------+------------+----------+----------------------------+----------------------------+--------------------------+


+------------------------------------------------------------------------------------------------------------------------------------------------------------------------+
; tsu                                                                                                                                                                    ;
+-------+--------------+------------+-------+-----------------------------------------------------------------------------------------------------------------+----------+
; Slack ; Required tsu ; Actual tsu ; From  ; To                                                                                                              ; To Clock ;
+-------+--------------+------------+-------+-----------------------------------------------------------------------------------------------------------------+----------+
; N/A   ; None         ; -1.779 ns  ; d0[6] ; lpm_ram_dq0:inst10|altsyncram:altsyncram_component|altsyncram_dru:auto_generated|ram_block1a7~porta_datain_reg1 ; CLK1     ;
; N/A   ; None         ; -1.936 ns  ; d0[0] ; lpm_ram_dq0:inst10|altsyncram:altsyncram_component|altsyncram_dru:auto_generated|ram_block1a7~porta_datain_reg6 ; CLK1     ;
; N/A   ; None         ; -1.936 ns  ; d0[2] ; lpm_ram_dq0:inst10|altsyncram:altsyncram_component|altsyncram_dru:auto_generated|ram_block1a7~porta_datain_reg5 ; CLK1     ;
; N/A   ; None         ; -2.253 ns  ; d0[3] ; lpm_ram_dq0:inst10|altsyncram:altsyncram_component|altsyncram_dru:auto_generated|ram_block1a7~porta_datain_reg4 ; CLK1     ;
; N/A   ; None         ; -2.310 ns  ; d0[0] ; 273:inst8|19                                                                                                    ; CLK1     ;
; N/A   ; None         ; -2.334 ns  ; d0[5] ; lpm_ram_dq0:inst10|altsyncram:altsyncram_component|altsyncram_dru:auto_generated|ram_block1a7~porta_datain_reg2 ; CLK1     ;
; N/A   ; None         ; -2.598 ns  ; d0[6] ; 273:inst8|13                                                                                                    ; CLK1     ;
; N/A   ; None         ; -2.621 ns  ; d0[2] ; 273:inst8|17                                                                                                    ; CLK1     ;
; N/A   ; None         ; -2.662 ns  ; d0[6] ; 273:inst22|13                                                                                                   ; CLK1     ;
; N/A   ; None         ; -2.778 ns  ; d0[4] ; lpm_ram_dq0:inst10|altsyncram:altsyncram_component|altsyncram_dru:auto_generated|ram_block1a7~porta_datain_reg3 ; CLK1     ;
; N/A   ; None         ; -2.890 ns  ; d0[1] ; lpm_ram_dq0:inst10|altsyncram:altsyncram_component|altsyncram_dru:auto_generated|ram_block1a7~porta_datain_reg7 ; CLK1     ;
; N/A   ; None         ; -3.054 ns  ; d0[0] ; 273:inst19|19                                                                                                   ; CLK1     ;
; N/A   ; None         ; -3.084 ns  ; d0[1] ; 273:inst8|18                                                                                                    ; CLK1     ;
; N/A   ; None         ; -3.146 ns  ; d0[3] ; 273:inst8|16                                                                                                    ; CLK1     ;
; N/A   ; None         ; -3.187 ns  ; d0[0] ; 273:inst22|19                                                                                                   ; CLK1     ;
; N/A   ; None         ; -3.251 ns  ; d0[7] ; lpm_ram_dq0:inst10|altsyncram:altsyncram_component|altsyncram_dru:auto_generated|ram_block1a7~porta_datain_reg0 ; CLK1     ;
; N/A   ; None         ; -3.260 ns  ; d0[2] ; 273:inst21|17                                                                                                   ; CLK1     ;
; N/A   ; None         ; -3.285 ns  ; d0[5] ; 273:inst8|14                                                                                                    ; CLK1     ;
; N/A   ; None         ; -3.297 ns  ; d0[4] ; 273:inst8|15                                                                                                    ; CLK1     ;
; N/A   ; None         ; -3.351 ns  ; d0[6] ; 273:inst19|13                                                                                                   ; CLK1     ;
; N/A   ; None         ; -3.371 ns  ; d0[2] ; 273:inst19|17                                                                                                   ; CLK1     ;
; N/A   ; None         ; -3.434 ns  ; d0[6] ; 273:inst21|13                                                                                                   ; CLK1     ;
; N/A   ; None         ; -3.574 ns  ; d0[0] ; 273:inst21|19                                                                                                   ; CLK1     ;
; N/A   ; None         ; -3.596 ns  ; d0[0] ; reg_3:inst1|273:reg2|19                                                                                         ; CLK1     ;
; N/A   ; None         ; -3.688 ns  ; d0[2] ; 273:inst22|17                                                                                                   ; CLK1     ;
; N/A   ; None         ; -3.733 ns  ; d0[2] ; reg_3:inst1|273:reg2|17                                                                                         ; CLK1     ;
; N/A   ; None         ; -3.771 ns  ; d0[5] ; 273:inst22|14                                                                                                   ; CLK1     ;
; N/A   ; None         ; -3.811 ns  ; d0[6] ; reg_3:inst1|273:reg0|13                                                                                         ; CLK1     ;
; N/A   ; None         ; -3.825 ns  ; d0[3] ; 273:inst21|16                                                                                                   ; CLK1     ;
; N/A   ; None         ; -3.832 ns  ; d0[1] ; 273:inst19|18                                                                                                   ; CLK1     ;
; N/A   ; None         ; -3.895 ns  ; d0[3] ; 273:inst19|16                                                                                                   ; CLK1     ;
; N/A   ; None         ; -3.898 ns  ; d0[6] ; reg_3:inst1|273:reg2|13                                                                                         ; CLK1     ;
; N/A   ; None         ; -3.941 ns  ; d0[0] ; reg_3:inst1|273:reg0|19                                                                                         ; CLK1     ;
; N/A   ; None         ; -3.985 ns  ; d0[7] ; 273:inst8|12                                                                                                    ; CLK1     ;
; N/A   ; None         ; -4.001 ns  ; d0[6] ; reg_3:inst1|273:reg1|13                                                                                         ; CLK1     ;
; N/A   ; None         ; -4.032 ns  ; d0[3] ; 273:inst22|16                                                                                                   ; CLK1     ;
; N/A   ; None         ; -4.034 ns  ; d0[5] ; 273:inst19|14                                                                                                   ; CLK1     ;
; N/A   ; None         ; -4.047 ns  ; d0[4] ; 273:inst19|15                                                                                                   ; CLK1     ;
; N/A   ; None         ; -4.113 ns  ; d0[1] ; 273:inst22|18                                                                                                   ; CLK1     ;
; N/A   ; None         ; -4.151 ns  ; d0[0] ; reg_3:inst1|273:reg1|19                                                                                         ; CLK1     ;
; N/A   ; None         ; -4.194 ns  ; d0[6] ; 273:inst20|13                                                                                                   ; CLK1     ;
; N/A   ; None         ; -4.221 ns  ; d0[4] ; 273:inst22|15                                                                                                   ; CLK1     ;
; N/A   ; None         ; -4.319 ns  ; d0[2] ; reg_3:inst1|273:reg0|17                                                                                         ; CLK1     ;
; N/A   ; None         ; -4.326 ns  ; d0[0] ; 273:inst20|19                                                                                                   ; CLK1     ;
; N/A   ; None         ; -4.372 ns  ; d0[1] ; 273:inst21|18                                                                                                   ; CLK1     ;
; N/A   ; None         ; -4.382 ns  ; d0[1] ; reg_3:inst1|273:reg2|18                                                                                         ; CLK1     ;
; N/A   ; None         ; -4.388 ns  ; d0[3] ; reg_3:inst1|273:reg2|16                                                                                         ; CLK1     ;
; N/A   ; None         ; -4.462 ns  ; d0[2] ; reg_3:inst1|273:reg1|17                                                                                         ; CLK1     ;
; N/A   ; None         ; -4.518 ns  ; d0[7] ; 273:inst22|12                                                                                                   ; CLK1     ;
; N/A   ; None         ; -4.523 ns  ; d0[4] ; reg_3:inst1|273:reg1|15                                                                                         ; CLK1     ;
; N/A   ; None         ; -4.531 ns  ; d0[4] ; 273:inst21|15                                                                                                   ; CLK1     ;
; N/A   ; None         ; -4.545 ns  ; d0[4] ; reg_3:inst1|273:reg0|15                                                                                         ; CLK1     ;
; N/A   ; None         ; -4.586 ns  ; d0[1] ; reg_3:inst1|273:reg0|18                                                                                         ; CLK1     ;
; N/A   ; None         ; -4.648 ns  ; d0[4] ; reg_3:inst1|273:reg2|15                                                                                         ; CLK1     ;
; N/A   ; None         ; -4.686 ns  ; d0[2] ; 273:inst20|17                                                                                                   ; CLK1     ;
; N/A   ; None         ; -4.692 ns  ; d0[3] ; reg_3:inst1|273:reg0|16                                                                                         ; CLK1     ;
; N/A   ; None         ; -4.699 ns  ; d0[3] ; reg_3:inst1|273:reg1|16                                                                                         ; CLK1     ;
; N/A   ; None         ; -4.705 ns  ; d0[5] ; 273:inst21|14                                                                                                   ; CLK1     ;
; N/A   ; None         ; -4.733 ns  ; d0[7] ; 273:inst19|12                                                                                                   ; CLK1     ;
; N/A   ; None         ; -4.916 ns  ; d0[7] ; 273:inst21|12                                                                                                   ; CLK1     ;
; N/A   ; None         ; -4.935 ns  ; d0[3] ; 273:inst20|16                                                                                                   ; CLK1     ;
; N/A   ; None         ; -5.036 ns  ; d0[7] ; reg_3:inst1|273:reg0|12                                                                                         ; CLK1     ;
; N/A   ; None         ; -5.079 ns  ; d0[1] ; reg_3:inst1|273:reg1|18                                                                                         ; CLK1     ;
; N/A   ; None         ; -5.105 ns  ; d0[4] ; 273:inst20|15                                                                                                   ; CLK1     ;
; N/A   ; None         ; -5.109 ns  ; d0[7] ; reg_3:inst1|273:reg1|12                                                                                         ; CLK1     ;
; N/A   ; None         ; -5.232 ns  ; d0[5] ; reg_3:inst1|273:reg1|14                                                                                         ; CLK1     ;
; N/A   ; None         ; -5.239 ns  ; d0[1] ; 273:inst20|18                                                                                                   ; CLK1     ;
; N/A   ; None         ; -5.268 ns  ; d0[5] ; reg_3:inst1|273:reg2|14                                                                                         ; CLK1     ;
; N/A   ; None         ; -5.279 ns  ; d0[5] ; 273:inst20|14                                                                                                   ; CLK1     ;
; N/A   ; None         ; -5.342 ns  ; d0[5] ; reg_3:inst1|273:reg0|14                                                                                         ; CLK1     ;
; N/A   ; None         ; -5.366 ns  ; d0[7] ; reg_3:inst1|273:reg2|12                                                                                         ; CLK1     ;
; N/A   ; None         ; -5.679 ns  ; d0[7] ; 273:inst20|12                                                                                                   ; CLK1     ;
+-------+--------------+------------+-------+-----------------------------------------------------------------------------------------------------------------+----------+


+---------------------------------------------------------------------------------------------------------------------------------------------------------------------------------------------------------------------------------------------------+
; tco                                                                                                                                                                                                                                               ;
+-----------------------------------------+-----------------------------------------------------+------------+----------------------------------------------------------------------------------------------------------------+--------+------------+
; Slack                                   ; Required tco                                        ; Actual tco ; From                                                                                                           ; To     ; From Clock ;
+-----------------------------------------+-----------------------------------------------------+------------+----------------------------------------------------------------------------------------------------------------+--------+------------+
; N/A                                     ; None                                                ; 37.085 ns  ; 273:inst19|14                                                                                                  ; d1[4]  ; CLK1       ;
; N/A                                     ; None                                                ; 36.943 ns  ; 273:inst8|15                                                                                                   ; d1[4]  ; CLK1       ;
; N/A                                     ; None                                                ; 36.887 ns  ; 273:inst19|14                                                                                                  ; d1[5]  ; CLK1       ;
; N/A                                     ; None                                                ; 36.805 ns  ; 273:inst8|14                                                                                                   ; d1[4]  ; CLK1       ;
; N/A                                     ; None                                                ; 36.748 ns  ; 273:inst19|15                                                                                                  ; d1[4]  ; CLK1       ;
; N/A                                     ; None                                                ; 36.745 ns  ; 273:inst8|15                                                                                                   ; d1[5]  ; CLK1       ;
; N/A                                     ; None                                                ; 36.721 ns  ; 273:inst19|14                                                                                                  ; d1[6]  ; CLK1       ;
; N/A                                     ; None                                                ; 36.653 ns  ; 273:inst19|13                                                                                                  ; d1[4]  ; CLK1       ;
; N/A                                     ; None                                                ; 36.607 ns  ; 273:inst8|14                                                                                                   ; d1[5]  ; CLK1       ;
; N/A                                     ; None                                                ; 36.579 ns  ; 273:inst8|15                                                                                                   ; d1[6]  ; CLK1       ;
; N/A                                     ; None                                                ; 36.550 ns  ; 273:inst8|18                                                                                                   ; d1[1]  ; CLK1       ;
; N/A                                     ; None                                                ; 36.550 ns  ; 273:inst19|15                                                                                                  ; d1[5]  ; CLK1       ;
; N/A                                     ; None                                                ; 36.549 ns  ; 273:inst19|19                                                                                                  ; d1[1]  ; CLK1       ;
; N/A                                     ; None                                                ; 36.455 ns  ; 273:inst19|13                                                                                                  ; d1[5]  ; CLK1       ;
; N/A                                     ; None                                                ; 36.441 ns  ; 273:inst8|14                                                                                                   ; d1[6]  ; CLK1       ;
; N/A                                     ; None                                                ; 36.384 ns  ; 273:inst19|15                                                                                                  ; d1[6]  ; CLK1       ;
; N/A                                     ; None                                                ; 36.377 ns  ; 273:inst8|19                                                                                                   ; d1[1]  ; CLK1       ;
; N/A                                     ; None                                                ; 36.289 ns  ; 273:inst19|13                                                                                                  ; d1[6]  ; CLK1       ;
; N/A                                     ; None                                                ; 36.260 ns  ; 273:inst19|17                                                                                                  ; d1[3]  ; CLK1       ;
; N/A                                     ; None                                                ; 36.234 ns  ; 273:inst8|13                                                                                                   ; d1[4]  ; CLK1       ;
; N/A                                     ; None                                                ; 36.208 ns  ; 273:inst19|12                                                                                                  ; d1[7]  ; CLK1       ;
; N/A                                     ; None                                                ; 36.203 ns  ; 273:inst19|18                                                                                                  ; d1[1]  ; CLK1       ;
; N/A                                     ; None                                                ; 36.036 ns  ; 273:inst8|13                                                                                                   ; d1[5]  ; CLK1       ;
; N/A                                     ; None                                                ; 36.003 ns  ; 273:inst19|17                                                                                                  ; d1[1]  ; CLK1       ;
; N/A                                     ; None                                                ; 35.971 ns  ; 273:inst19|12                                                                                                  ; d1[4]  ; CLK1       ;
; N/A                                     ; None                                                ; 35.890 ns  ; 273:inst8|12                                                                                                   ; d1[7]  ; CLK1       ;
; N/A                                     ; None                                                ; 35.870 ns  ; 273:inst8|13                                                                                                   ; d1[6]  ; CLK1       ;
; N/A                                     ; None                                                ; 35.841 ns  ; 273:inst8|17                                                                                                   ; d1[3]  ; CLK1       ;
; N/A                                     ; None                                                ; 35.773 ns  ; 273:inst19|12                                                                                                  ; d1[5]  ; CLK1       ;
; N/A                                     ; None                                                ; 35.769 ns  ; 273:inst19|17                                                                                                  ; d1[2]  ; CLK1       ;
; N/A                                     ; None                                                ; 35.653 ns  ; 273:inst8|12                                                                                                   ; d1[4]  ; CLK1       ;
; N/A                                     ; None                                                ; 35.607 ns  ; 273:inst19|12                                                                                                  ; d1[6]  ; CLK1       ;
; N/A                                     ; None                                                ; 35.584 ns  ; 273:inst8|17                                                                                                   ; d1[1]  ; CLK1       ;
; N/A                                     ; None                                                ; 35.455 ns  ; 273:inst8|12                                                                                                   ; d1[5]  ; CLK1       ;
; N/A                                     ; None                                                ; 35.366 ns  ; 273:inst19|18                                                                                                  ; d1[3]  ; CLK1       ;
; N/A                                     ; None                                                ; 35.350 ns  ; 273:inst8|17                                                                                                   ; d1[2]  ; CLK1       ;
; N/A                                     ; None                                                ; 35.289 ns  ; 273:inst8|12                                                                                                   ; d1[6]  ; CLK1       ;
; N/A                                     ; None                                                ; 35.210 ns  ; 273:inst8|16                                                                                                   ; d1[3]  ; CLK1       ;
; N/A                                     ; None                                                ; 35.155 ns  ; 273:inst8|18                                                                                                   ; d1[0]  ; CLK1       ;
; N/A                                     ; None                                                ; 35.154 ns  ; 273:inst19|19                                                                                                  ; d1[0]  ; CLK1       ;
; N/A                                     ; None                                                ; 35.098 ns  ; 273:inst8|13                                                                                                   ; d1[7]  ; CLK1       ;
; N/A                                     ; None                                                ; 35.085 ns  ; 273:inst19|16                                                                                                  ; d1[3]  ; CLK1       ;
; N/A                                     ; None                                                ; 35.052 ns  ; 273:inst19|13                                                                                                  ; d1[7]  ; CLK1       ;
; N/A                                     ; None                                                ; 34.982 ns  ; 273:inst8|19                                                                                                   ; d1[0]  ; CLK1       ;
; N/A                                     ; None                                                ; 34.956 ns  ; 273:inst8|18                                                                                                   ; d1[3]  ; CLK1       ;
; N/A                                     ; None                                                ; 34.953 ns  ; 273:inst8|16                                                                                                   ; d1[1]  ; CLK1       ;
; N/A                                     ; None                                                ; 34.883 ns  ; 273:inst19|14                                                                                                  ; d1[3]  ; CLK1       ;
; N/A                                     ; None                                                ; 34.875 ns  ; 273:inst19|18                                                                                                  ; d1[2]  ; CLK1       ;
; N/A                                     ; None                                                ; 34.828 ns  ; 273:inst19|16                                                                                                  ; d1[1]  ; CLK1       ;
; N/A                                     ; None                                                ; 34.808 ns  ; 273:inst19|18                                                                                                  ; d1[0]  ; CLK1       ;
; N/A                                     ; None                                                ; 34.741 ns  ; 273:inst8|15                                                                                                   ; d1[3]  ; CLK1       ;
; N/A                                     ; None                                                ; 34.719 ns  ; 273:inst8|16                                                                                                   ; d1[2]  ; CLK1       ;
; N/A                                     ; None                                                ; 34.626 ns  ; 273:inst19|14                                                                                                  ; d1[1]  ; CLK1       ;
; N/A                                     ; None                                                ; 34.608 ns  ; 273:inst19|17                                                                                                  ; d1[0]  ; CLK1       ;
; N/A                                     ; None                                                ; 34.603 ns  ; 273:inst8|14                                                                                                   ; d1[3]  ; CLK1       ;
; N/A                                     ; None                                                ; 34.594 ns  ; 273:inst19|16                                                                                                  ; d1[2]  ; CLK1       ;
; N/A                                     ; None                                                ; 34.546 ns  ; 273:inst19|15                                                                                                  ; d1[3]  ; CLK1       ;
; N/A                                     ; None                                                ; 34.484 ns  ; 273:inst8|15                                                                                                   ; d1[1]  ; CLK1       ;
; N/A                                     ; None                                                ; 34.465 ns  ; 273:inst8|18                                                                                                   ; d1[2]  ; CLK1       ;
; N/A                                     ; None                                                ; 34.451 ns  ; 273:inst19|13                                                                                                  ; d1[3]  ; CLK1       ;
; N/A                                     ; None                                                ; 34.392 ns  ; 273:inst19|14                                                                                                  ; d1[2]  ; CLK1       ;
; N/A                                     ; None                                                ; 34.346 ns  ; 273:inst8|14                                                                                                   ; d1[1]  ; CLK1       ;
; N/A                                     ; None                                                ; 34.289 ns  ; 273:inst19|15                                                                                                  ; d1[1]  ; CLK1       ;
; N/A                                     ; None                                                ; 34.250 ns  ; 273:inst8|15                                                                                                   ; d1[2]  ; CLK1       ;
; N/A                                     ; None                                                ; 34.194 ns  ; 273:inst19|13                                                                                                  ; d1[1]  ; CLK1       ;
; N/A                                     ; None                                                ; 34.189 ns  ; 273:inst8|17                                                                                                   ; d1[0]  ; CLK1       ;
; N/A                                     ; None                                                ; 34.112 ns  ; 273:inst8|14                                                                                                   ; d1[2]  ; CLK1       ;
; N/A                                     ; None                                                ; 34.055 ns  ; 273:inst19|15                                                                                                  ; d1[2]  ; CLK1       ;
; N/A                                     ; None                                                ; 34.032 ns  ; 273:inst8|13                                                                                                   ; d1[3]  ; CLK1       ;
; N/A                                     ; None                                                ; 33.960 ns  ; 273:inst19|13                                                                                                  ; d1[2]  ; CLK1       ;
; N/A                                     ; None                                                ; 33.921 ns  ; 273:inst8|18                                                                                                   ; d1[7]  ; CLK1       ;
; N/A                                     ; None                                                ; 33.920 ns  ; 273:inst19|19                                                                                                  ; d1[7]  ; CLK1       ;
; N/A                                     ; None                                                ; 33.775 ns  ; 273:inst8|13                                                                                                   ; d1[1]  ; CLK1       ;
; N/A                                     ; None                                                ; 33.769 ns  ; 273:inst19|12                                                                                                  ; d1[3]  ; CLK1       ;
; N/A                                     ; None                                                ; 33.748 ns  ; 273:inst8|19                                                                                                   ; d1[7]  ; CLK1       ;
; N/A                                     ; None                                                ; 33.684 ns  ; 273:inst8|18                                                                                                   ; d1[4]  ; CLK1       ;
; N/A                                     ; None                                                ; 33.683 ns  ; 273:inst19|19                                                                                                  ; d1[4]  ; CLK1       ;
; N/A                                     ; None                                                ; 33.574 ns  ; 273:inst19|18                                                                                                  ; d1[7]  ; CLK1       ;
; N/A                                     ; None                                                ; 33.558 ns  ; 273:inst8|16                                                                                                   ; d1[0]  ; CLK1       ;
; N/A                                     ; None                                                ; 33.541 ns  ; 273:inst8|13                                                                                                   ; d1[2]  ; CLK1       ;
; N/A                                     ; None                                                ; 33.512 ns  ; 273:inst19|12                                                                                                  ; d1[1]  ; CLK1       ;
; N/A                                     ; None                                                ; 33.511 ns  ; 273:inst8|19                                                                                                   ; d1[4]  ; CLK1       ;
; N/A                                     ; None                                                ; 33.486 ns  ; 273:inst8|18                                                                                                   ; d1[5]  ; CLK1       ;
; N/A                                     ; None                                                ; 33.485 ns  ; 273:inst19|19                                                                                                  ; d1[5]  ; CLK1       ;
; N/A                                     ; None                                                ; 33.451 ns  ; 273:inst8|12                                                                                                   ; d1[3]  ; CLK1       ;
; N/A                                     ; None                                                ; 33.433 ns  ; 273:inst19|16                                                                                                  ; d1[0]  ; CLK1       ;
; N/A                                     ; None                                                ; 33.374 ns  ; 273:inst19|17                                                                                                  ; d1[7]  ; CLK1       ;
; N/A                                     ; None                                                ; 33.337 ns  ; 273:inst19|18                                                                                                  ; d1[4]  ; CLK1       ;
; N/A                                     ; None                                                ; 33.320 ns  ; 273:inst8|18                                                                                                   ; d1[6]  ; CLK1       ;
; N/A                                     ; None                                                ; 33.319 ns  ; 273:inst19|19                                                                                                  ; d1[6]  ; CLK1       ;
; N/A                                     ; None                                                ; 33.313 ns  ; 273:inst8|19                                                                                                   ; d1[5]  ; CLK1       ;
; N/A                                     ; None                                                ; 33.278 ns  ; 273:inst19|12                                                                                                  ; d1[2]  ; CLK1       ;
; N/A                                     ; None                                                ; 33.231 ns  ; 273:inst19|14                                                                                                  ; d1[0]  ; CLK1       ;
; N/A                                     ; None                                                ; 33.194 ns  ; 273:inst8|12                                                                                                   ; d1[1]  ; CLK1       ;
; N/A                                     ; None                                                ; 33.147 ns  ; 273:inst8|19                                                                                                   ; d1[6]  ; CLK1       ;
; N/A                                     ; None                                                ; 33.139 ns  ; 273:inst19|18                                                                                                  ; d1[5]  ; CLK1       ;
; N/A                                     ; None                                                ; 33.137 ns  ; 273:inst19|17                                                                                                  ; d1[4]  ; CLK1       ;
; N/A                                     ; None                                                ; 33.089 ns  ; 273:inst8|15                                                                                                   ; d1[0]  ; CLK1       ;
; N/A                                     ; None                                                ; 32.973 ns  ; 273:inst19|18                                                                                                  ; d1[6]  ; CLK1       ;
; N/A                                     ; None                                                ; 32.960 ns  ; 273:inst8|12                                                                                                   ; d1[2]  ; CLK1       ;
; N/A                                     ; None                                                ; 32.955 ns  ; 273:inst8|17                                                                                                   ; d1[7]  ; CLK1       ;
; N/A                                     ; None                                                ; 32.951 ns  ; 273:inst8|14                                                                                                   ; d1[0]  ; CLK1       ;
; N/A                                     ; None                                                ; 32.939 ns  ; 273:inst19|17                                                                                                  ; d1[5]  ; CLK1       ;
; N/A                                     ; None                                                ; 32.894 ns  ; 273:inst19|15                                                                                                  ; d1[0]  ; CLK1       ;
; N/A                                     ; None                                                ; 32.799 ns  ; 273:inst19|13                                                                                                  ; d1[0]  ; CLK1       ;
; N/A                                     ; None                                                ; 32.773 ns  ; 273:inst19|17                                                                                                  ; d1[6]  ; CLK1       ;
; N/A                                     ; None                                                ; 32.718 ns  ; 273:inst8|17                                                                                                   ; d1[4]  ; CLK1       ;
; N/A                                     ; None                                                ; 32.681 ns  ; lpm_rom0:inst12|altsyncram:altsyncram_component|altsyncram_ecq:auto_generated|ram_block1a14~porta_address_reg0 ; d1[4]  ; CLK1       ;
; N/A                                     ; None                                                ; 32.681 ns  ; lpm_rom0:inst12|altsyncram:altsyncram_component|altsyncram_ecq:auto_generated|ram_block1a14~porta_address_reg1 ; d1[4]  ; CLK1       ;
; N/A                                     ; None                                                ; 32.681 ns  ; lpm_rom0:inst12|altsyncram:altsyncram_component|altsyncram_ecq:auto_generated|ram_block1a14~porta_address_reg2 ; d1[4]  ; CLK1       ;
; N/A                                     ; None                                                ; 32.681 ns  ; lpm_rom0:inst12|altsyncram:altsyncram_component|altsyncram_ecq:auto_generated|ram_block1a14~porta_address_reg3 ; d1[4]  ; CLK1       ;
; N/A                                     ; None                                                ; 32.681 ns  ; lpm_rom0:inst12|altsyncram:altsyncram_component|altsyncram_ecq:auto_generated|ram_block1a14~porta_address_reg4 ; d1[4]  ; CLK1       ;
; N/A                                     ; None                                                ; 32.681 ns  ; lpm_rom0:inst12|altsyncram:altsyncram_component|altsyncram_ecq:auto_generated|ram_block1a14~porta_address_reg5 ; d1[4]  ; CLK1       ;
; N/A                                     ; None                                                ; 32.520 ns  ; 273:inst8|17                                                                                                   ; d1[5]  ; CLK1       ;
; N/A                                     ; None                                                ; 32.483 ns  ; lpm_rom0:inst12|altsyncram:altsyncram_component|altsyncram_ecq:auto_generated|ram_block1a14~porta_address_reg0 ; d1[5]  ; CLK1       ;
; N/A                                     ; None                                                ; 32.483 ns  ; lpm_rom0:inst12|altsyncram:altsyncram_component|altsyncram_ecq:auto_generated|ram_block1a14~porta_address_reg1 ; d1[5]  ; CLK1       ;
; N/A                                     ; None                                                ; 32.483 ns  ; lpm_rom0:inst12|altsyncram:altsyncram_component|altsyncram_ecq:auto_generated|ram_block1a14~porta_address_reg2 ; d1[5]  ; CLK1       ;
; N/A                                     ; None                                                ; 32.483 ns  ; lpm_rom0:inst12|altsyncram:altsyncram_component|altsyncram_ecq:auto_generated|ram_block1a14~porta_address_reg3 ; d1[5]  ; CLK1       ;
; N/A                                     ; None                                                ; 32.483 ns  ; lpm_rom0:inst12|altsyncram:altsyncram_component|altsyncram_ecq:auto_generated|ram_block1a14~porta_address_reg4 ; d1[5]  ; CLK1       ;
; N/A                                     ; None                                                ; 32.483 ns  ; lpm_rom0:inst12|altsyncram:altsyncram_component|altsyncram_ecq:auto_generated|ram_block1a14~porta_address_reg5 ; d1[5]  ; CLK1       ;
; N/A                                     ; None                                                ; 32.380 ns  ; 273:inst8|13                                                                                                   ; d1[0]  ; CLK1       ;
; N/A                                     ; None                                                ; 32.354 ns  ; 273:inst8|17                                                                                                   ; d1[6]  ; CLK1       ;
; N/A                                     ; None                                                ; 32.324 ns  ; 273:inst8|16                                                                                                   ; d1[7]  ; CLK1       ;
; N/A                                     ; None                                                ; 32.317 ns  ; lpm_rom0:inst12|altsyncram:altsyncram_component|altsyncram_ecq:auto_generated|ram_block1a14~porta_address_reg0 ; d1[6]  ; CLK1       ;
; N/A                                     ; None                                                ; 32.317 ns  ; lpm_rom0:inst12|altsyncram:altsyncram_component|altsyncram_ecq:auto_generated|ram_block1a14~porta_address_reg1 ; d1[6]  ; CLK1       ;
; N/A                                     ; None                                                ; 32.317 ns  ; lpm_rom0:inst12|altsyncram:altsyncram_component|altsyncram_ecq:auto_generated|ram_block1a14~porta_address_reg2 ; d1[6]  ; CLK1       ;
; N/A                                     ; None                                                ; 32.317 ns  ; lpm_rom0:inst12|altsyncram:altsyncram_component|altsyncram_ecq:auto_generated|ram_block1a14~porta_address_reg3 ; d1[6]  ; CLK1       ;
; N/A                                     ; None                                                ; 32.317 ns  ; lpm_rom0:inst12|altsyncram:altsyncram_component|altsyncram_ecq:auto_generated|ram_block1a14~porta_address_reg4 ; d1[6]  ; CLK1       ;
; N/A                                     ; None                                                ; 32.317 ns  ; lpm_rom0:inst12|altsyncram:altsyncram_component|altsyncram_ecq:auto_generated|ram_block1a14~porta_address_reg5 ; d1[6]  ; CLK1       ;
; N/A                                     ; None                                                ; 32.199 ns  ; 273:inst19|16                                                                                                  ; d1[7]  ; CLK1       ;
; N/A                                     ; None                                                ; 32.117 ns  ; 273:inst19|12                                                                                                  ; d1[0]  ; CLK1       ;
; N/A                                     ; None                                                ; 32.087 ns  ; 273:inst8|16                                                                                                   ; d1[4]  ; CLK1       ;
; N/A                                     ; None                                                ; 31.997 ns  ; 273:inst19|14                                                                                                  ; d1[7]  ; CLK1       ;
; N/A                                     ; None                                                ; 31.962 ns  ; 273:inst19|16                                                                                                  ; d1[4]  ; CLK1       ;
; N/A                                     ; None                                                ; 31.889 ns  ; 273:inst8|16                                                                                                   ; d1[5]  ; CLK1       ;
; N/A                                     ; None                                                ; 31.867 ns  ; lpm_rom0:inst12|altsyncram:altsyncram_component|altsyncram_ecq:auto_generated|ram_block1a14~porta_address_reg0 ; d1[1]  ; CLK1       ;
; N/A                                     ; None                                                ; 31.867 ns  ; lpm_rom0:inst12|altsyncram:altsyncram_component|altsyncram_ecq:auto_generated|ram_block1a14~porta_address_reg1 ; d1[1]  ; CLK1       ;
; N/A                                     ; None                                                ; 31.867 ns  ; lpm_rom0:inst12|altsyncram:altsyncram_component|altsyncram_ecq:auto_generated|ram_block1a14~porta_address_reg2 ; d1[1]  ; CLK1       ;
; N/A                                     ; None                                                ; 31.867 ns  ; lpm_rom0:inst12|altsyncram:altsyncram_component|altsyncram_ecq:auto_generated|ram_block1a14~porta_address_reg3 ; d1[1]  ; CLK1       ;
; N/A                                     ; None                                                ; 31.867 ns  ; lpm_rom0:inst12|altsyncram:altsyncram_component|altsyncram_ecq:auto_generated|ram_block1a14~porta_address_reg4 ; d1[1]  ; CLK1       ;
; N/A                                     ; None                                                ; 31.867 ns  ; lpm_rom0:inst12|altsyncram:altsyncram_component|altsyncram_ecq:auto_generated|ram_block1a14~porta_address_reg5 ; d1[1]  ; CLK1       ;
; N/A                                     ; None                                                ; 31.855 ns  ; 273:inst8|15                                                                                                   ; d1[7]  ; CLK1       ;
; N/A                                     ; None                                                ; 31.817 ns  ; lpm_rom0:inst12|altsyncram:altsyncram_component|altsyncram_ecq:auto_generated|ram_block1a14~porta_address_reg0 ; d1[3]  ; CLK1       ;
; N/A                                     ; None                                                ; 31.817 ns  ; lpm_rom0:inst12|altsyncram:altsyncram_component|altsyncram_ecq:auto_generated|ram_block1a14~porta_address_reg1 ; d1[3]  ; CLK1       ;
; N/A                                     ; None                                                ; 31.817 ns  ; lpm_rom0:inst12|altsyncram:altsyncram_component|altsyncram_ecq:auto_generated|ram_block1a14~porta_address_reg2 ; d1[3]  ; CLK1       ;
; N/A                                     ; None                                                ; 31.817 ns  ; lpm_rom0:inst12|altsyncram:altsyncram_component|altsyncram_ecq:auto_generated|ram_block1a14~porta_address_reg3 ; d1[3]  ; CLK1       ;
; N/A                                     ; None                                                ; 31.817 ns  ; lpm_rom0:inst12|altsyncram:altsyncram_component|altsyncram_ecq:auto_generated|ram_block1a14~porta_address_reg4 ; d1[3]  ; CLK1       ;
; N/A                                     ; None                                                ; 31.817 ns  ; lpm_rom0:inst12|altsyncram:altsyncram_component|altsyncram_ecq:auto_generated|ram_block1a14~porta_address_reg5 ; d1[3]  ; CLK1       ;
; N/A                                     ; None                                                ; 31.799 ns  ; 273:inst8|12                                                                                                   ; d1[0]  ; CLK1       ;
; N/A                                     ; None                                                ; 31.764 ns  ; 273:inst19|16                                                                                                  ; d1[5]  ; CLK1       ;
; N/A                                     ; None                                                ; 31.723 ns  ; 273:inst8|16                                                                                                   ; d1[6]  ; CLK1       ;
; N/A                                     ; None                                                ; 31.717 ns  ; 273:inst8|14                                                                                                   ; d1[7]  ; CLK1       ;
; N/A                                     ; None                                                ; 31.660 ns  ; 273:inst19|15                                                                                                  ; d1[7]  ; CLK1       ;
; N/A                                     ; None                                                ; 31.598 ns  ; 273:inst19|16                                                                                                  ; d1[6]  ; CLK1       ;
; N/A                                     ; None                                                ; 31.481 ns  ; 273:inst19|19                                                                                                  ; d1[3]  ; CLK1       ;
; N/A                                     ; None                                                ; 31.326 ns  ; lpm_rom0:inst12|altsyncram:altsyncram_component|altsyncram_ecq:auto_generated|ram_block1a14~porta_address_reg0 ; d1[2]  ; CLK1       ;
; N/A                                     ; None                                                ; 31.326 ns  ; lpm_rom0:inst12|altsyncram:altsyncram_component|altsyncram_ecq:auto_generated|ram_block1a14~porta_address_reg1 ; d1[2]  ; CLK1       ;
; N/A                                     ; None                                                ; 31.326 ns  ; lpm_rom0:inst12|altsyncram:altsyncram_component|altsyncram_ecq:auto_generated|ram_block1a14~porta_address_reg2 ; d1[2]  ; CLK1       ;
; N/A                                     ; None                                                ; 31.326 ns  ; lpm_rom0:inst12|altsyncram:altsyncram_component|altsyncram_ecq:auto_generated|ram_block1a14~porta_address_reg3 ; d1[2]  ; CLK1       ;
; N/A                                     ; None                                                ; 31.326 ns  ; lpm_rom0:inst12|altsyncram:altsyncram_component|altsyncram_ecq:auto_generated|ram_block1a14~porta_address_reg4 ; d1[2]  ; CLK1       ;
; N/A                                     ; None                                                ; 31.326 ns  ; lpm_rom0:inst12|altsyncram:altsyncram_component|altsyncram_ecq:auto_generated|ram_block1a14~porta_address_reg5 ; d1[2]  ; CLK1       ;
; N/A                                     ; None                                                ; 31.323 ns  ; lpm_rom0:inst12|altsyncram:altsyncram_component|altsyncram_ecq:auto_generated|ram_block1a14~porta_address_reg0 ; d1[7]  ; CLK1       ;
; N/A                                     ; None                                                ; 31.323 ns  ; lpm_rom0:inst12|altsyncram:altsyncram_component|altsyncram_ecq:auto_generated|ram_block1a14~porta_address_reg1 ; d1[7]  ; CLK1       ;
; N/A                                     ; None                                                ; 31.323 ns  ; lpm_rom0:inst12|altsyncram:altsyncram_component|altsyncram_ecq:auto_generated|ram_block1a14~porta_address_reg2 ; d1[7]  ; CLK1       ;
; N/A                                     ; None                                                ; 31.323 ns  ; lpm_rom0:inst12|altsyncram:altsyncram_component|altsyncram_ecq:auto_generated|ram_block1a14~porta_address_reg3 ; d1[7]  ; CLK1       ;
; N/A                                     ; None                                                ; 31.323 ns  ; lpm_rom0:inst12|altsyncram:altsyncram_component|altsyncram_ecq:auto_generated|ram_block1a14~porta_address_reg4 ; d1[7]  ; CLK1       ;
; N/A                                     ; None                                                ; 31.323 ns  ; lpm_rom0:inst12|altsyncram:altsyncram_component|altsyncram_ecq:auto_generated|ram_block1a14~porta_address_reg5 ; d1[7]  ; CLK1       ;
; N/A                                     ; None                                                ; 31.309 ns  ; 273:inst8|19                                                                                                   ; d1[3]  ; CLK1       ;
; N/A                                     ; None                                                ; 30.990 ns  ; 273:inst19|19                                                                                                  ; d1[2]  ; CLK1       ;
; N/A                                     ; None                                                ; 30.818 ns  ; 273:inst8|19                                                                                                   ; d1[2]  ; CLK1       ;
; N/A                                     ; None                                                ; 30.472 ns  ; lpm_rom0:inst12|altsyncram:altsyncram_component|altsyncram_ecq:auto_generated|ram_block1a14~porta_address_reg0 ; d1[0]  ; CLK1       ;
; N/A                                     ; None                                                ; 30.472 ns  ; lpm_rom0:inst12|altsyncram:altsyncram_component|altsyncram_ecq:auto_generated|ram_block1a14~porta_address_reg1 ; d1[0]  ; CLK1       ;
; N/A                                     ; None                                                ; 30.472 ns  ; lpm_rom0:inst12|altsyncram:altsyncram_component|altsyncram_ecq:auto_generated|ram_block1a14~porta_address_reg2 ; d1[0]  ; CLK1       ;
; N/A                                     ; None                                                ; 30.472 ns  ; lpm_rom0:inst12|altsyncram:altsyncram_component|altsyncram_ecq:auto_generated|ram_block1a14~porta_address_reg3 ; d1[0]  ; CLK1       ;
; N/A                                     ; None                                                ; 30.472 ns  ; lpm_rom0:inst12|altsyncram:altsyncram_component|altsyncram_ecq:auto_generated|ram_block1a14~porta_address_reg4 ; d1[0]  ; CLK1       ;
; N/A                                     ; None                                                ; 30.472 ns  ; lpm_rom0:inst12|altsyncram:altsyncram_component|altsyncram_ecq:auto_generated|ram_block1a14~porta_address_reg5 ; d1[0]  ; CLK1       ;
; N/A                                     ; None                                                ; 29.524 ns  ; 273:inst22|18                                                                                                  ; I[1]   ; CLK1       ;
; N/A                                     ; None                                                ; 29.409 ns  ; 273:inst22|16                                                                                                  ; I[3]   ; CLK1       ;
; N/A                                     ; None                                                ; 29.378 ns  ; 273:inst22|17                                                                                                  ; I[2]   ; CLK1       ;
; N/A                                     ; None                                                ; 29.273 ns  ; 273:inst22|12                                                                                                  ; I[7]   ; CLK1       ;
; N/A                                     ; None                                                ; 29.257 ns  ; 273:inst22|14                                                                                                  ; I[5]   ; CLK1       ;
; N/A                                     ; None                                                ; 29.256 ns  ; 273:inst22|13                                                                                                  ; I[6]   ; CLK1       ;
; N/A                                     ; None                                                ; 29.164 ns  ; 273:inst21|16                                                                                                  ; led[3] ; CLK1       ;
; N/A                                     ; None                                                ; 29.122 ns  ; 273:inst21|12                                                                                                  ; led[7] ; CLK1       ;
; N/A                                     ; None                                                ; 29.027 ns  ; 273:inst22|19                                                                                                  ; I[0]   ; CLK1       ;
; N/A                                     ; None                                                ; 29.023 ns  ; 273:inst21|19                                                                                                  ; led[0] ; CLK1       ;
; N/A                                     ; None                                                ; 29.018 ns  ; 273:inst22|15                                                                                                  ; I[4]   ; CLK1       ;
; N/A                                     ; None                                                ; 28.817 ns  ; 273:inst21|17                                                                                                  ; led[2] ; CLK1       ;
; N/A                                     ; None                                                ; 28.815 ns  ; 273:inst21|13                                                                                                  ; led[6] ; CLK1       ;
; N/A                                     ; None                                                ; 28.752 ns  ; 273:inst21|14                                                                                                  ; led[5] ; CLK1       ;
; N/A                                     ; None                                                ; 28.589 ns  ; 273:inst21|18                                                                                                  ; led[1] ; CLK1       ;
; N/A                                     ; None                                                ; 28.577 ns  ; 273:inst21|15                                                                                                  ; led[4] ; CLK1       ;
; N/A                                     ; None                                                ; 25.235 ns  ; lpm_rom0:inst12|altsyncram:altsyncram_component|altsyncram_ecq:auto_generated|ram_block1a14~porta_address_reg0 ; SW_B   ; CLK1       ;
; N/A                                     ; None                                                ; 25.235 ns  ; lpm_rom0:inst12|altsyncram:altsyncram_component|altsyncram_ecq:auto_generated|ram_block1a14~porta_address_reg1 ; SW_B   ; CLK1       ;
; N/A                                     ; None                                                ; 25.235 ns  ; lpm_rom0:inst12|altsyncram:altsyncram_component|altsyncram_ecq:auto_generated|ram_block1a14~porta_address_reg2 ; SW_B   ; CLK1       ;
; N/A                                     ; None                                                ; 25.235 ns  ; lpm_rom0:inst12|altsyncram:altsyncram_component|altsyncram_ecq:auto_generated|ram_block1a14~porta_address_reg3 ; SW_B   ; CLK1       ;
; N/A                                     ; None                                                ; 25.235 ns  ; lpm_rom0:inst12|altsyncram:altsyncram_component|altsyncram_ecq:auto_generated|ram_block1a14~porta_address_reg4 ; SW_B   ; CLK1       ;
; N/A                                     ; None                                                ; 25.235 ns  ; lpm_rom0:inst12|altsyncram:altsyncram_component|altsyncram_ecq:auto_generated|ram_block1a14~porta_address_reg5 ; SW_B   ; CLK1       ;
; N/A                                     ; None                                                ; 25.234 ns  ; lpm_rom0:inst12|altsyncram:altsyncram_component|altsyncram_ecq:auto_generated|ram_block1a14~porta_address_reg0 ; LDAR   ; CLK1       ;
; N/A                                     ; None                                                ; 25.234 ns  ; lpm_rom0:inst12|altsyncram:altsyncram_component|altsyncram_ecq:auto_generated|ram_block1a14~porta_address_reg1 ; LDAR   ; CLK1       ;
; Timing analysis restricted to 200 rows. ; To change the limit use Settings (Assignments menu) ;            ;                                                                                                                ;        ;            ;
+-----------------------------------------+-----------------------------------------------------+------------+----------------------------------------------------------------------------------------------------------------+--------+------------+


+------------------------------------------------------------------------------------------------------------------------------------------------------------------------------+
; th                                                                                                                                                                           ;
+---------------+-------------+-----------+-------+-----------------------------------------------------------------------------------------------------------------+----------+
; Minimum Slack ; Required th ; Actual th ; From  ; To                                                                                                              ; To Clock ;
+---------------+-------------+-----------+-------+-----------------------------------------------------------------------------------------------------------------+----------+
; N/A           ; None        ; 23.088 ns ; d0[7] ; reg_3:inst1|273:reg2|12                                                                                         ; CLK1     ;
; N/A           ; None        ; 23.064 ns ; d0[5] ; reg_3:inst1|273:reg0|14                                                                                         ; CLK1     ;
; N/A           ; None        ; 22.990 ns ; d0[5] ; reg_3:inst1|273:reg2|14                                                                                         ; CLK1     ;
; N/A           ; None        ; 22.954 ns ; d0[5] ; reg_3:inst1|273:reg1|14                                                                                         ; CLK1     ;
; N/A           ; None        ; 22.831 ns ; d0[7] ; reg_3:inst1|273:reg1|12                                                                                         ; CLK1     ;
; N/A           ; None        ; 22.801 ns ; d0[1] ; reg_3:inst1|273:reg1|18                                                                                         ; CLK1     ;
; N/A           ; None        ; 22.758 ns ; d0[7] ; reg_3:inst1|273:reg0|12                                                                                         ; CLK1     ;
; N/A           ; None        ; 22.421 ns ; d0[3] ; reg_3:inst1|273:reg1|16                                                                                         ; CLK1     ;
; N/A           ; None        ; 22.414 ns ; d0[3] ; reg_3:inst1|273:reg0|16                                                                                         ; CLK1     ;
; N/A           ; None        ; 22.370 ns ; d0[4] ; reg_3:inst1|273:reg2|15                                                                                         ; CLK1     ;
; N/A           ; None        ; 22.308 ns ; d0[1] ; reg_3:inst1|273:reg0|18                                                                                         ; CLK1     ;
; N/A           ; None        ; 22.267 ns ; d0[4] ; reg_3:inst1|273:reg0|15                                                                                         ; CLK1     ;
; N/A           ; None        ; 22.245 ns ; d0[4] ; reg_3:inst1|273:reg1|15                                                                                         ; CLK1     ;
; N/A           ; None        ; 22.184 ns ; d0[2] ; reg_3:inst1|273:reg1|17                                                                                         ; CLK1     ;
; N/A           ; None        ; 22.110 ns ; d0[3] ; reg_3:inst1|273:reg2|16                                                                                         ; CLK1     ;
; N/A           ; None        ; 22.104 ns ; d0[1] ; reg_3:inst1|273:reg2|18                                                                                         ; CLK1     ;
; N/A           ; None        ; 22.041 ns ; d0[2] ; reg_3:inst1|273:reg0|17                                                                                         ; CLK1     ;
; N/A           ; None        ; 21.873 ns ; d0[0] ; reg_3:inst1|273:reg1|19                                                                                         ; CLK1     ;
; N/A           ; None        ; 21.723 ns ; d0[6] ; reg_3:inst1|273:reg1|13                                                                                         ; CLK1     ;
; N/A           ; None        ; 21.663 ns ; d0[0] ; reg_3:inst1|273:reg0|19                                                                                         ; CLK1     ;
; N/A           ; None        ; 21.620 ns ; d0[6] ; reg_3:inst1|273:reg2|13                                                                                         ; CLK1     ;
; N/A           ; None        ; 21.533 ns ; d0[6] ; reg_3:inst1|273:reg0|13                                                                                         ; CLK1     ;
; N/A           ; None        ; 21.455 ns ; d0[2] ; reg_3:inst1|273:reg2|17                                                                                         ; CLK1     ;
; N/A           ; None        ; 21.318 ns ; d0[0] ; reg_3:inst1|273:reg2|19                                                                                         ; CLK1     ;
; N/A           ; None        ; 18.805 ns ; d0[7] ; 273:inst20|12                                                                                                   ; CLK1     ;
; N/A           ; None        ; 18.405 ns ; d0[5] ; 273:inst20|14                                                                                                   ; CLK1     ;
; N/A           ; None        ; 18.365 ns ; d0[1] ; 273:inst20|18                                                                                                   ; CLK1     ;
; N/A           ; None        ; 18.231 ns ; d0[4] ; 273:inst20|15                                                                                                   ; CLK1     ;
; N/A           ; None        ; 18.061 ns ; d0[3] ; 273:inst20|16                                                                                                   ; CLK1     ;
; N/A           ; None        ; 17.812 ns ; d0[2] ; 273:inst20|17                                                                                                   ; CLK1     ;
; N/A           ; None        ; 17.782 ns ; d0[7] ; 273:inst21|12                                                                                                   ; CLK1     ;
; N/A           ; None        ; 17.571 ns ; d0[5] ; 273:inst21|14                                                                                                   ; CLK1     ;
; N/A           ; None        ; 17.528 ns ; d0[7] ; 273:inst19|12                                                                                                   ; CLK1     ;
; N/A           ; None        ; 17.452 ns ; d0[0] ; 273:inst20|19                                                                                                   ; CLK1     ;
; N/A           ; None        ; 17.397 ns ; d0[4] ; 273:inst21|15                                                                                                   ; CLK1     ;
; N/A           ; None        ; 17.342 ns ; d0[7] ; 273:inst8|12                                                                                                    ; CLK1     ;
; N/A           ; None        ; 17.320 ns ; d0[6] ; 273:inst20|13                                                                                                   ; CLK1     ;
; N/A           ; None        ; 17.316 ns ; d0[7] ; 273:inst22|12                                                                                                   ; CLK1     ;
; N/A           ; None        ; 17.238 ns ; d0[1] ; 273:inst21|18                                                                                                   ; CLK1     ;
; N/A           ; None        ; 17.019 ns ; d0[4] ; 273:inst22|15                                                                                                   ; CLK1     ;
; N/A           ; None        ; 16.911 ns ; d0[1] ; 273:inst22|18                                                                                                   ; CLK1     ;
; N/A           ; None        ; 16.842 ns ; d0[4] ; 273:inst19|15                                                                                                   ; CLK1     ;
; N/A           ; None        ; 16.830 ns ; d0[3] ; 273:inst22|16                                                                                                   ; CLK1     ;
; N/A           ; None        ; 16.829 ns ; d0[5] ; 273:inst19|14                                                                                                   ; CLK1     ;
; N/A           ; None        ; 16.691 ns ; d0[3] ; 273:inst21|16                                                                                                   ; CLK1     ;
; N/A           ; None        ; 16.690 ns ; d0[3] ; 273:inst19|16                                                                                                   ; CLK1     ;
; N/A           ; None        ; 16.654 ns ; d0[4] ; 273:inst8|15                                                                                                    ; CLK1     ;
; N/A           ; None        ; 16.642 ns ; d0[5] ; 273:inst8|14                                                                                                    ; CLK1     ;
; N/A           ; None        ; 16.627 ns ; d0[1] ; 273:inst19|18                                                                                                   ; CLK1     ;
; N/A           ; None        ; 16.569 ns ; d0[5] ; 273:inst22|14                                                                                                   ; CLK1     ;
; N/A           ; None        ; 16.503 ns ; d0[3] ; 273:inst8|16                                                                                                    ; CLK1     ;
; N/A           ; None        ; 16.486 ns ; d0[2] ; 273:inst22|17                                                                                                   ; CLK1     ;
; N/A           ; None        ; 16.441 ns ; d0[1] ; 273:inst8|18                                                                                                    ; CLK1     ;
; N/A           ; None        ; 16.440 ns ; d0[0] ; 273:inst21|19                                                                                                   ; CLK1     ;
; N/A           ; None        ; 16.300 ns ; d0[6] ; 273:inst21|13                                                                                                   ; CLK1     ;
; N/A           ; None        ; 16.166 ns ; d0[2] ; 273:inst19|17                                                                                                   ; CLK1     ;
; N/A           ; None        ; 16.146 ns ; d0[6] ; 273:inst19|13                                                                                                   ; CLK1     ;
; N/A           ; None        ; 16.126 ns ; d0[2] ; 273:inst21|17                                                                                                   ; CLK1     ;
; N/A           ; None        ; 15.985 ns ; d0[0] ; 273:inst22|19                                                                                                   ; CLK1     ;
; N/A           ; None        ; 15.978 ns ; d0[2] ; 273:inst8|17                                                                                                    ; CLK1     ;
; N/A           ; None        ; 15.955 ns ; d0[6] ; 273:inst8|13                                                                                                    ; CLK1     ;
; N/A           ; None        ; 15.849 ns ; d0[0] ; 273:inst19|19                                                                                                   ; CLK1     ;
; N/A           ; None        ; 15.667 ns ; d0[0] ; 273:inst8|19                                                                                                    ; CLK1     ;
; N/A           ; None        ; 15.460 ns ; d0[6] ; 273:inst22|13                                                                                                   ; CLK1     ;
; N/A           ; None        ; 7.800 ns  ; d0[7] ; lpm_ram_dq0:inst10|altsyncram:altsyncram_component|altsyncram_dru:auto_generated|ram_block1a7~porta_datain_reg0 ; CLK1     ;
; N/A           ; None        ; 7.439 ns  ; d0[1] ; lpm_ram_dq0:inst10|altsyncram:altsyncram_component|altsyncram_dru:auto_generated|ram_block1a7~porta_datain_reg7 ; CLK1     ;
; N/A           ; None        ; 7.327 ns  ; d0[4] ; lpm_ram_dq0:inst10|altsyncram:altsyncram_component|altsyncram_dru:auto_generated|ram_block1a7~porta_datain_reg3 ; CLK1     ;
; N/A           ; None        ; 6.883 ns  ; d0[5] ; lpm_ram_dq0:inst10|altsyncram:altsyncram_component|altsyncram_dru:auto_generated|ram_block1a7~porta_datain_reg2 ; CLK1     ;
; N/A           ; None        ; 6.802 ns  ; d0[3] ; lpm_ram_dq0:inst10|altsyncram:altsyncram_component|altsyncram_dru:auto_generated|ram_block1a7~porta_datain_reg4 ; CLK1     ;
; N/A           ; None        ; 6.485 ns  ; d0[0] ; lpm_ram_dq0:inst10|altsyncram:altsyncram_component|altsyncram_dru:auto_generated|ram_block1a7~porta_datain_reg6 ; CLK1     ;
; N/A           ; None        ; 6.485 ns  ; d0[2] ; lpm_ram_dq0:inst10|altsyncram:altsyncram_component|altsyncram_dru:auto_generated|ram_block1a7~porta_datain_reg5 ; CLK1     ;
; N/A           ; None        ; 6.328 ns  ; d0[6] ; lpm_ram_dq0:inst10|altsyncram:altsyncram_component|altsyncram_dru:auto_generated|ram_block1a7~porta_datain_reg1 ; CLK1     ;
+---------------+-------------+-----------+-------+-----------------------------------------------------------------------------------------------------------------+----------+


+---------------------------------------------------------------------------------------------------------------------------------------------------------------------------------------------------------------------------------------------------------+
; Minimum tco                                                                                                                                                                                                                                             ;
+-----------------------------------------+-----------------------------------------------------+----------------+----------------------------------------------------------------------------------------------------------------+----------+------------+
; Minimum Slack                           ; Required Min tco                                    ; Actual Min tco ; From                                                                                                           ; To       ; From Clock ;
+-----------------------------------------+-----------------------------------------------------+----------------+----------------------------------------------------------------------------------------------------------------+----------+------------+
; N/A                                     ; None                                                ; 14.997 ns      ; se6_1:inst7|inst45                                                                                             ; uaddr[6] ; CLK1       ;
; N/A                                     ; None                                                ; 15.231 ns      ; se6_1:inst7|inst40                                                                                             ; uaddr[1] ; CLK1       ;
; N/A                                     ; None                                                ; 15.295 ns      ; se6_1:inst7|inst43                                                                                             ; uaddr[4] ; CLK1       ;
; N/A                                     ; None                                                ; 15.308 ns      ; se6_1:inst7|inst42                                                                                             ; uaddr[3] ; CLK1       ;
; N/A                                     ; None                                                ; 15.635 ns      ; se6_1:inst7|inst41                                                                                             ; uaddr[2] ; CLK1       ;
; N/A                                     ; None                                                ; 15.744 ns      ; se6_1:inst7|inst44                                                                                             ; uaddr[5] ; CLK1       ;
; N/A                                     ; None                                                ; 15.821 ns      ; 273:inst21|15                                                                                                  ; led[4]   ; CLK1       ;
; N/A                                     ; None                                                ; 15.833 ns      ; 273:inst21|18                                                                                                  ; led[1]   ; CLK1       ;
; N/A                                     ; None                                                ; 15.996 ns      ; 273:inst21|14                                                                                                  ; led[5]   ; CLK1       ;
; N/A                                     ; None                                                ; 16.059 ns      ; 273:inst21|13                                                                                                  ; led[6]   ; CLK1       ;
; N/A                                     ; None                                                ; 16.061 ns      ; 273:inst21|17                                                                                                  ; led[2]   ; CLK1       ;
; N/A                                     ; None                                                ; 16.267 ns      ; 273:inst21|19                                                                                                  ; led[0]   ; CLK1       ;
; N/A                                     ; None                                                ; 16.330 ns      ; 273:inst22|15                                                                                                  ; I[4]     ; CLK1       ;
; N/A                                     ; None                                                ; 16.339 ns      ; 273:inst22|19                                                                                                  ; I[0]     ; CLK1       ;
; N/A                                     ; None                                                ; 16.366 ns      ; 273:inst21|12                                                                                                  ; led[7]   ; CLK1       ;
; N/A                                     ; None                                                ; 16.408 ns      ; 273:inst21|16                                                                                                  ; led[3]   ; CLK1       ;
; N/A                                     ; None                                                ; 16.568 ns      ; 273:inst22|13                                                                                                  ; I[6]     ; CLK1       ;
; N/A                                     ; None                                                ; 16.569 ns      ; 273:inst22|14                                                                                                  ; I[5]     ; CLK1       ;
; N/A                                     ; None                                                ; 16.585 ns      ; 273:inst22|12                                                                                                  ; I[7]     ; CLK1       ;
; N/A                                     ; None                                                ; 16.690 ns      ; 273:inst22|17                                                                                                  ; I[2]     ; CLK1       ;
; N/A                                     ; None                                                ; 16.721 ns      ; 273:inst22|16                                                                                                  ; I[3]     ; CLK1       ;
; N/A                                     ; None                                                ; 16.836 ns      ; 273:inst22|18                                                                                                  ; I[1]     ; CLK1       ;
; N/A                                     ; None                                                ; 16.837 ns      ; 273:inst8|17                                                                                                   ; d1[2]    ; CLK1       ;
; N/A                                     ; None                                                ; 16.902 ns      ; 273:inst8|13                                                                                                   ; d1[6]    ; CLK1       ;
; N/A                                     ; None                                                ; 17.020 ns      ; 273:inst8|19                                                                                                   ; d1[2]    ; CLK1       ;
; N/A                                     ; None                                                ; 17.041 ns      ; 273:inst8|14                                                                                                   ; d1[6]    ; CLK1       ;
; N/A                                     ; None                                                ; 17.046 ns      ; 273:inst8|18                                                                                                   ; d1[2]    ; CLK1       ;
; N/A                                     ; None                                                ; 17.058 ns      ; 273:inst8|19                                                                                                   ; d1[0]    ; CLK1       ;
; N/A                                     ; None                                                ; 17.229 ns      ; 273:inst8|15                                                                                                   ; d1[5]    ; CLK1       ;
; N/A                                     ; None                                                ; 17.324 ns      ; 273:inst8|16                                                                                                   ; d1[3]    ; CLK1       ;
; N/A                                     ; None                                                ; 17.331 ns      ; 273:inst8|15                                                                                                   ; d1[4]    ; CLK1       ;
; N/A                                     ; None                                                ; 17.338 ns      ; 273:inst8|14                                                                                                   ; d1[5]    ; CLK1       ;
; N/A                                     ; None                                                ; 17.344 ns      ; 273:inst8|15                                                                                                   ; d1[6]    ; CLK1       ;
; N/A                                     ; None                                                ; 17.484 ns      ; 273:inst8|18                                                                                                   ; d1[1]    ; CLK1       ;
; N/A                                     ; None                                                ; 17.511 ns      ; 273:inst8|19                                                                                                   ; d1[3]    ; CLK1       ;
; N/A                                     ; None                                                ; 17.537 ns      ; 273:inst8|18                                                                                                   ; d1[3]    ; CLK1       ;
; N/A                                     ; None                                                ; 17.551 ns      ; 273:inst8|12                                                                                                   ; d1[7]    ; CLK1       ;
; N/A                                     ; None                                                ; 17.610 ns      ; 273:inst19|13                                                                                                  ; d1[6]    ; CLK1       ;
; N/A                                     ; None                                                ; 17.612 ns      ; 273:inst19|19                                                                                                  ; d1[0]    ; CLK1       ;
; N/A                                     ; None                                                ; 17.627 ns      ; 273:inst19|17                                                                                                  ; d1[2]    ; CLK1       ;
; N/A                                     ; None                                                ; 17.676 ns      ; 273:inst8|14                                                                                                   ; d1[7]    ; CLK1       ;
; N/A                                     ; None                                                ; 17.693 ns      ; 273:inst8|17                                                                                                   ; d1[3]    ; CLK1       ;
; N/A                                     ; None                                                ; 17.731 ns      ; 273:inst8|16                                                                                                   ; d1[6]    ; CLK1       ;
; N/A                                     ; None                                                ; 17.760 ns      ; 273:inst8|13                                                                                                   ; d1[0]    ; CLK1       ;
; N/A                                     ; None                                                ; 17.793 ns      ; 273:inst8|13                                                                                                   ; d1[7]    ; CLK1       ;
; N/A                                     ; None                                                ; 17.849 ns      ; 273:inst19|14                                                                                                  ; d1[5]    ; CLK1       ;
; N/A                                     ; None                                                ; 17.861 ns      ; 273:inst19|15                                                                                                  ; d1[6]    ; CLK1       ;
; N/A                                     ; None                                                ; 17.893 ns      ; 273:inst19|19                                                                                                  ; d1[2]    ; CLK1       ;
; N/A                                     ; None                                                ; 17.897 ns      ; 273:inst8|16                                                                                                   ; d1[5]    ; CLK1       ;
; N/A                                     ; None                                                ; 17.959 ns      ; 273:inst19|18                                                                                                  ; d1[2]    ; CLK1       ;
; N/A                                     ; None                                                ; 17.979 ns      ; 273:inst8|15                                                                                                   ; d1[7]    ; CLK1       ;
; N/A                                     ; None                                                ; 18.010 ns      ; 273:inst8|12                                                                                                   ; d1[0]    ; CLK1       ;
; N/A                                     ; None                                                ; 18.028 ns      ; 273:inst19|14                                                                                                  ; d1[6]    ; CLK1       ;
; N/A                                     ; None                                                ; 18.070 ns      ; 273:inst19|15                                                                                                  ; d1[5]    ; CLK1       ;
; N/A                                     ; None                                                ; 18.095 ns      ; 273:inst8|16                                                                                                   ; d1[4]    ; CLK1       ;
; N/A                                     ; None                                                ; 18.179 ns      ; 273:inst19|16                                                                                                  ; d1[3]    ; CLK1       ;
; N/A                                     ; None                                                ; 18.196 ns      ; lpm_rom0:inst12|altsyncram:altsyncram_component|altsyncram_ecq:auto_generated|ram_block1a14~porta_address_reg5 ; M[4]     ; CLK1       ;
; N/A                                     ; None                                                ; 18.196 ns      ; lpm_rom0:inst12|altsyncram:altsyncram_component|altsyncram_ecq:auto_generated|ram_block1a14~porta_address_reg4 ; M[4]     ; CLK1       ;
; N/A                                     ; None                                                ; 18.196 ns      ; lpm_rom0:inst12|altsyncram:altsyncram_component|altsyncram_ecq:auto_generated|ram_block1a14~porta_address_reg3 ; M[4]     ; CLK1       ;
; N/A                                     ; None                                                ; 18.196 ns      ; lpm_rom0:inst12|altsyncram:altsyncram_component|altsyncram_ecq:auto_generated|ram_block1a14~porta_address_reg2 ; M[4]     ; CLK1       ;
; N/A                                     ; None                                                ; 18.196 ns      ; lpm_rom0:inst12|altsyncram:altsyncram_component|altsyncram_ecq:auto_generated|ram_block1a14~porta_address_reg1 ; M[4]     ; CLK1       ;
; N/A                                     ; None                                                ; 18.196 ns      ; lpm_rom0:inst12|altsyncram:altsyncram_component|altsyncram_ecq:auto_generated|ram_block1a14~porta_address_reg0 ; M[4]     ; CLK1       ;
; N/A                                     ; None                                                ; 18.220 ns      ; 273:inst19|15                                                                                                  ; d1[4]    ; CLK1       ;
; N/A                                     ; None                                                ; 18.222 ns      ; 273:inst8|18                                                                                                   ; d1[6]    ; CLK1       ;
; N/A                                     ; None                                                ; 18.225 ns      ; lpm_rom0:inst12|altsyncram:altsyncram_component|altsyncram_ecq:auto_generated|ram_block1a14~porta_address_reg5 ; M[3]     ; CLK1       ;
; N/A                                     ; None                                                ; 18.225 ns      ; lpm_rom0:inst12|altsyncram:altsyncram_component|altsyncram_ecq:auto_generated|ram_block1a14~porta_address_reg4 ; M[3]     ; CLK1       ;
; N/A                                     ; None                                                ; 18.225 ns      ; lpm_rom0:inst12|altsyncram:altsyncram_component|altsyncram_ecq:auto_generated|ram_block1a14~porta_address_reg3 ; M[3]     ; CLK1       ;
; N/A                                     ; None                                                ; 18.225 ns      ; lpm_rom0:inst12|altsyncram:altsyncram_component|altsyncram_ecq:auto_generated|ram_block1a14~porta_address_reg2 ; M[3]     ; CLK1       ;
; N/A                                     ; None                                                ; 18.225 ns      ; lpm_rom0:inst12|altsyncram:altsyncram_component|altsyncram_ecq:auto_generated|ram_block1a14~porta_address_reg1 ; M[3]     ; CLK1       ;
; N/A                                     ; None                                                ; 18.225 ns      ; lpm_rom0:inst12|altsyncram:altsyncram_component|altsyncram_ecq:auto_generated|ram_block1a14~porta_address_reg0 ; M[3]     ; CLK1       ;
; N/A                                     ; None                                                ; 18.226 ns      ; 273:inst8|17                                                                                                   ; d1[6]    ; CLK1       ;
; N/A                                     ; None                                                ; 18.276 ns      ; 273:inst19|13                                                                                                  ; d1[0]    ; CLK1       ;
; N/A                                     ; None                                                ; 18.309 ns      ; 273:inst19|13                                                                                                  ; d1[7]    ; CLK1       ;
; N/A                                     ; None                                                ; 18.332 ns      ; 273:inst8|16                                                                                                   ; d1[7]    ; CLK1       ;
; N/A                                     ; None                                                ; 18.384 ns      ; 273:inst19|19                                                                                                  ; d1[3]    ; CLK1       ;
; N/A                                     ; None                                                ; 18.388 ns      ; 273:inst8|18                                                                                                   ; d1[5]    ; CLK1       ;
; N/A                                     ; None                                                ; 18.392 ns      ; 273:inst8|17                                                                                                   ; d1[5]    ; CLK1       ;
; N/A                                     ; None                                                ; 18.450 ns      ; 273:inst19|18                                                                                                  ; d1[3]    ; CLK1       ;
; N/A                                     ; None                                                ; 18.453 ns      ; 273:inst8|19                                                                                                   ; d1[1]    ; CLK1       ;
; N/A                                     ; None                                                ; 18.456 ns      ; 273:inst19|18                                                                                                  ; d1[1]    ; CLK1       ;
; N/A                                     ; None                                                ; 18.483 ns      ; 273:inst19|17                                                                                                  ; d1[3]    ; CLK1       ;
; N/A                                     ; None                                                ; 18.545 ns      ; 273:inst19|17                                                                                                  ; d1[6]    ; CLK1       ;
; N/A                                     ; None                                                ; 18.570 ns      ; lpm_rom0:inst12|altsyncram:altsyncram_component|altsyncram_ecq:auto_generated|ram_block1a14~porta_address_reg5 ; M[19]    ; CLK1       ;
; N/A                                     ; None                                                ; 18.570 ns      ; lpm_rom0:inst12|altsyncram:altsyncram_component|altsyncram_ecq:auto_generated|ram_block1a14~porta_address_reg4 ; M[19]    ; CLK1       ;
; N/A                                     ; None                                                ; 18.570 ns      ; lpm_rom0:inst12|altsyncram:altsyncram_component|altsyncram_ecq:auto_generated|ram_block1a14~porta_address_reg3 ; M[19]    ; CLK1       ;
; N/A                                     ; None                                                ; 18.570 ns      ; lpm_rom0:inst12|altsyncram:altsyncram_component|altsyncram_ecq:auto_generated|ram_block1a14~porta_address_reg2 ; M[19]    ; CLK1       ;
; N/A                                     ; None                                                ; 18.570 ns      ; lpm_rom0:inst12|altsyncram:altsyncram_component|altsyncram_ecq:auto_generated|ram_block1a14~porta_address_reg1 ; M[19]    ; CLK1       ;
; N/A                                     ; None                                                ; 18.570 ns      ; lpm_rom0:inst12|altsyncram:altsyncram_component|altsyncram_ecq:auto_generated|ram_block1a14~porta_address_reg0 ; M[19]    ; CLK1       ;
; N/A                                     ; None                                                ; 18.577 ns      ; lpm_rom0:inst12|altsyncram:altsyncram_component|altsyncram_ecq:auto_generated|ram_block1a14~porta_address_reg5 ; M[24]    ; CLK1       ;
; N/A                                     ; None                                                ; 18.577 ns      ; lpm_rom0:inst12|altsyncram:altsyncram_component|altsyncram_ecq:auto_generated|ram_block1a14~porta_address_reg4 ; M[24]    ; CLK1       ;
; N/A                                     ; None                                                ; 18.577 ns      ; lpm_rom0:inst12|altsyncram:altsyncram_component|altsyncram_ecq:auto_generated|ram_block1a14~porta_address_reg3 ; M[24]    ; CLK1       ;
; N/A                                     ; None                                                ; 18.577 ns      ; lpm_rom0:inst12|altsyncram:altsyncram_component|altsyncram_ecq:auto_generated|ram_block1a14~porta_address_reg2 ; M[24]    ; CLK1       ;
; N/A                                     ; None                                                ; 18.577 ns      ; lpm_rom0:inst12|altsyncram:altsyncram_component|altsyncram_ecq:auto_generated|ram_block1a14~porta_address_reg1 ; M[24]    ; CLK1       ;
; N/A                                     ; None                                                ; 18.577 ns      ; lpm_rom0:inst12|altsyncram:altsyncram_component|altsyncram_ecq:auto_generated|ram_block1a14~porta_address_reg0 ; M[24]    ; CLK1       ;
; N/A                                     ; None                                                ; 18.586 ns      ; 273:inst8|18                                                                                                   ; d1[4]    ; CLK1       ;
; N/A                                     ; None                                                ; 18.590 ns      ; 273:inst8|17                                                                                                   ; d1[4]    ; CLK1       ;
; N/A                                     ; None                                                ; 18.598 ns      ; lpm_rom0:inst12|altsyncram:altsyncram_component|altsyncram_ecq:auto_generated|ram_block1a14~porta_address_reg5 ; M[6]     ; CLK1       ;
; N/A                                     ; None                                                ; 18.598 ns      ; lpm_rom0:inst12|altsyncram:altsyncram_component|altsyncram_ecq:auto_generated|ram_block1a14~porta_address_reg4 ; M[6]     ; CLK1       ;
; N/A                                     ; None                                                ; 18.598 ns      ; lpm_rom0:inst12|altsyncram:altsyncram_component|altsyncram_ecq:auto_generated|ram_block1a14~porta_address_reg3 ; M[6]     ; CLK1       ;
; N/A                                     ; None                                                ; 18.598 ns      ; lpm_rom0:inst12|altsyncram:altsyncram_component|altsyncram_ecq:auto_generated|ram_block1a14~porta_address_reg2 ; M[6]     ; CLK1       ;
; N/A                                     ; None                                                ; 18.598 ns      ; lpm_rom0:inst12|altsyncram:altsyncram_component|altsyncram_ecq:auto_generated|ram_block1a14~porta_address_reg1 ; M[6]     ; CLK1       ;
; N/A                                     ; None                                                ; 18.598 ns      ; lpm_rom0:inst12|altsyncram:altsyncram_component|altsyncram_ecq:auto_generated|ram_block1a14~porta_address_reg0 ; M[6]     ; CLK1       ;
; N/A                                     ; None                                                ; 18.623 ns      ; lpm_rom0:inst12|altsyncram:altsyncram_component|altsyncram_ecq:auto_generated|ram_block1a14~porta_address_reg5 ; M[8]     ; CLK1       ;
; N/A                                     ; None                                                ; 18.623 ns      ; lpm_rom0:inst12|altsyncram:altsyncram_component|altsyncram_ecq:auto_generated|ram_block1a14~porta_address_reg4 ; M[8]     ; CLK1       ;
; N/A                                     ; None                                                ; 18.623 ns      ; lpm_rom0:inst12|altsyncram:altsyncram_component|altsyncram_ecq:auto_generated|ram_block1a14~porta_address_reg3 ; M[8]     ; CLK1       ;
; N/A                                     ; None                                                ; 18.623 ns      ; lpm_rom0:inst12|altsyncram:altsyncram_component|altsyncram_ecq:auto_generated|ram_block1a14~porta_address_reg2 ; M[8]     ; CLK1       ;
; N/A                                     ; None                                                ; 18.623 ns      ; lpm_rom0:inst12|altsyncram:altsyncram_component|altsyncram_ecq:auto_generated|ram_block1a14~porta_address_reg1 ; M[8]     ; CLK1       ;
; N/A                                     ; None                                                ; 18.623 ns      ; lpm_rom0:inst12|altsyncram:altsyncram_component|altsyncram_ecq:auto_generated|ram_block1a14~porta_address_reg0 ; M[8]     ; CLK1       ;
; N/A                                     ; None                                                ; 18.654 ns      ; 273:inst19|12                                                                                                  ; d1[0]    ; CLK1       ;
; N/A                                     ; None                                                ; 18.663 ns      ; 273:inst19|14                                                                                                  ; d1[7]    ; CLK1       ;
; N/A                                     ; None                                                ; 18.688 ns      ; 273:inst19|16                                                                                                  ; d1[6]    ; CLK1       ;
; N/A                                     ; None                                                ; 18.711 ns      ; 273:inst19|17                                                                                                  ; d1[5]    ; CLK1       ;
; N/A                                     ; None                                                ; 18.733 ns      ; lpm_rom0:inst12|altsyncram:altsyncram_component|altsyncram_ecq:auto_generated|ram_block1a14~porta_address_reg5 ; M[11]    ; CLK1       ;
; N/A                                     ; None                                                ; 18.733 ns      ; lpm_rom0:inst12|altsyncram:altsyncram_component|altsyncram_ecq:auto_generated|ram_block1a14~porta_address_reg4 ; M[11]    ; CLK1       ;
; N/A                                     ; None                                                ; 18.733 ns      ; lpm_rom0:inst12|altsyncram:altsyncram_component|altsyncram_ecq:auto_generated|ram_block1a14~porta_address_reg3 ; M[11]    ; CLK1       ;
; N/A                                     ; None                                                ; 18.733 ns      ; lpm_rom0:inst12|altsyncram:altsyncram_component|altsyncram_ecq:auto_generated|ram_block1a14~porta_address_reg2 ; M[11]    ; CLK1       ;
; N/A                                     ; None                                                ; 18.733 ns      ; lpm_rom0:inst12|altsyncram:altsyncram_component|altsyncram_ecq:auto_generated|ram_block1a14~porta_address_reg1 ; M[11]    ; CLK1       ;
; N/A                                     ; None                                                ; 18.733 ns      ; lpm_rom0:inst12|altsyncram:altsyncram_component|altsyncram_ecq:auto_generated|ram_block1a14~porta_address_reg0 ; M[11]    ; CLK1       ;
; N/A                                     ; None                                                ; 18.756 ns      ; lpm_rom0:inst12|altsyncram:altsyncram_component|altsyncram_ecq:auto_generated|ram_block1a14~porta_address_reg5 ; M[5]     ; CLK1       ;
; N/A                                     ; None                                                ; 18.756 ns      ; lpm_rom0:inst12|altsyncram:altsyncram_component|altsyncram_ecq:auto_generated|ram_block1a14~porta_address_reg4 ; M[5]     ; CLK1       ;
; N/A                                     ; None                                                ; 18.756 ns      ; lpm_rom0:inst12|altsyncram:altsyncram_component|altsyncram_ecq:auto_generated|ram_block1a14~porta_address_reg3 ; M[5]     ; CLK1       ;
; N/A                                     ; None                                                ; 18.756 ns      ; lpm_rom0:inst12|altsyncram:altsyncram_component|altsyncram_ecq:auto_generated|ram_block1a14~porta_address_reg2 ; M[5]     ; CLK1       ;
; N/A                                     ; None                                                ; 18.756 ns      ; lpm_rom0:inst12|altsyncram:altsyncram_component|altsyncram_ecq:auto_generated|ram_block1a14~porta_address_reg1 ; M[5]     ; CLK1       ;
; N/A                                     ; None                                                ; 18.756 ns      ; lpm_rom0:inst12|altsyncram:altsyncram_component|altsyncram_ecq:auto_generated|ram_block1a14~porta_address_reg0 ; M[5]     ; CLK1       ;
; N/A                                     ; None                                                ; 18.785 ns      ; lpm_rom0:inst12|altsyncram:altsyncram_component|altsyncram_ecq:auto_generated|ram_block1a14~porta_address_reg5 ; M[2]     ; CLK1       ;
; N/A                                     ; None                                                ; 18.785 ns      ; lpm_rom0:inst12|altsyncram:altsyncram_component|altsyncram_ecq:auto_generated|ram_block1a14~porta_address_reg4 ; M[2]     ; CLK1       ;
; N/A                                     ; None                                                ; 18.785 ns      ; lpm_rom0:inst12|altsyncram:altsyncram_component|altsyncram_ecq:auto_generated|ram_block1a14~porta_address_reg3 ; M[2]     ; CLK1       ;
; N/A                                     ; None                                                ; 18.785 ns      ; lpm_rom0:inst12|altsyncram:altsyncram_component|altsyncram_ecq:auto_generated|ram_block1a14~porta_address_reg2 ; M[2]     ; CLK1       ;
; N/A                                     ; None                                                ; 18.785 ns      ; lpm_rom0:inst12|altsyncram:altsyncram_component|altsyncram_ecq:auto_generated|ram_block1a14~porta_address_reg1 ; M[2]     ; CLK1       ;
; N/A                                     ; None                                                ; 18.785 ns      ; lpm_rom0:inst12|altsyncram:altsyncram_component|altsyncram_ecq:auto_generated|ram_block1a14~porta_address_reg0 ; M[2]     ; CLK1       ;
; N/A                                     ; None                                                ; 18.799 ns      ; 273:inst19|12                                                                                                  ; d1[7]    ; CLK1       ;
; N/A                                     ; None                                                ; 18.823 ns      ; 273:inst8|18                                                                                                   ; d1[7]    ; CLK1       ;
; N/A                                     ; None                                                ; 18.827 ns      ; 273:inst8|17                                                                                                   ; d1[7]    ; CLK1       ;
; N/A                                     ; None                                                ; 18.854 ns      ; 273:inst19|16                                                                                                  ; d1[5]    ; CLK1       ;
; N/A                                     ; None                                                ; 18.909 ns      ; 273:inst19|17                                                                                                  ; d1[4]    ; CLK1       ;
; N/A                                     ; None                                                ; 18.910 ns      ; 273:inst8|14                                                                                                   ; d1[0]    ; CLK1       ;
; N/A                                     ; None                                                ; 18.921 ns      ; 273:inst8|13                                                                                                   ; d1[2]    ; CLK1       ;
; N/A                                     ; None                                                ; 18.938 ns      ; lpm_rom0:inst12|altsyncram:altsyncram_component|altsyncram_ecq:auto_generated|ram_block1a14~porta_address_reg5 ; M[20]    ; CLK1       ;
; N/A                                     ; None                                                ; 18.938 ns      ; lpm_rom0:inst12|altsyncram:altsyncram_component|altsyncram_ecq:auto_generated|ram_block1a14~porta_address_reg4 ; M[20]    ; CLK1       ;
; N/A                                     ; None                                                ; 18.938 ns      ; lpm_rom0:inst12|altsyncram:altsyncram_component|altsyncram_ecq:auto_generated|ram_block1a14~porta_address_reg3 ; M[20]    ; CLK1       ;
; N/A                                     ; None                                                ; 18.938 ns      ; lpm_rom0:inst12|altsyncram:altsyncram_component|altsyncram_ecq:auto_generated|ram_block1a14~porta_address_reg2 ; M[20]    ; CLK1       ;
; N/A                                     ; None                                                ; 18.938 ns      ; lpm_rom0:inst12|altsyncram:altsyncram_component|altsyncram_ecq:auto_generated|ram_block1a14~porta_address_reg1 ; M[20]    ; CLK1       ;
; N/A                                     ; None                                                ; 18.938 ns      ; lpm_rom0:inst12|altsyncram:altsyncram_component|altsyncram_ecq:auto_generated|ram_block1a14~porta_address_reg0 ; M[20]    ; CLK1       ;
; N/A                                     ; None                                                ; 18.960 ns      ; 273:inst19|15                                                                                                  ; d1[7]    ; CLK1       ;
; N/A                                     ; None                                                ; 18.985 ns      ; lpm_rom0:inst12|altsyncram:altsyncram_component|altsyncram_ecq:auto_generated|ram_block1a14~porta_address_reg5 ; M[14]    ; CLK1       ;
; N/A                                     ; None                                                ; 18.985 ns      ; lpm_rom0:inst12|altsyncram:altsyncram_component|altsyncram_ecq:auto_generated|ram_block1a14~porta_address_reg4 ; M[14]    ; CLK1       ;
; N/A                                     ; None                                                ; 18.985 ns      ; lpm_rom0:inst12|altsyncram:altsyncram_component|altsyncram_ecq:auto_generated|ram_block1a14~porta_address_reg3 ; M[14]    ; CLK1       ;
; N/A                                     ; None                                                ; 18.985 ns      ; lpm_rom0:inst12|altsyncram:altsyncram_component|altsyncram_ecq:auto_generated|ram_block1a14~porta_address_reg2 ; M[14]    ; CLK1       ;
; N/A                                     ; None                                                ; 18.985 ns      ; lpm_rom0:inst12|altsyncram:altsyncram_component|altsyncram_ecq:auto_generated|ram_block1a14~porta_address_reg1 ; M[14]    ; CLK1       ;
; N/A                                     ; None                                                ; 18.985 ns      ; lpm_rom0:inst12|altsyncram:altsyncram_component|altsyncram_ecq:auto_generated|ram_block1a14~porta_address_reg0 ; M[14]    ; CLK1       ;
; N/A                                     ; None                                                ; 19.006 ns      ; 273:inst19|19                                                                                                  ; d1[1]    ; CLK1       ;
; N/A                                     ; None                                                ; 19.052 ns      ; 273:inst19|16                                                                                                  ; d1[4]    ; CLK1       ;
; N/A                                     ; None                                                ; 19.086 ns      ; lpm_rom0:inst12|altsyncram:altsyncram_component|altsyncram_ecq:auto_generated|ram_block1a14~porta_address_reg5 ; M[1]     ; CLK1       ;
; N/A                                     ; None                                                ; 19.086 ns      ; lpm_rom0:inst12|altsyncram:altsyncram_component|altsyncram_ecq:auto_generated|ram_block1a14~porta_address_reg4 ; M[1]     ; CLK1       ;
; N/A                                     ; None                                                ; 19.086 ns      ; lpm_rom0:inst12|altsyncram:altsyncram_component|altsyncram_ecq:auto_generated|ram_block1a14~porta_address_reg3 ; M[1]     ; CLK1       ;
; N/A                                     ; None                                                ; 19.086 ns      ; lpm_rom0:inst12|altsyncram:altsyncram_component|altsyncram_ecq:auto_generated|ram_block1a14~porta_address_reg2 ; M[1]     ; CLK1       ;
; N/A                                     ; None                                                ; 19.086 ns      ; lpm_rom0:inst12|altsyncram:altsyncram_component|altsyncram_ecq:auto_generated|ram_block1a14~porta_address_reg1 ; M[1]     ; CLK1       ;
; N/A                                     ; None                                                ; 19.086 ns      ; lpm_rom0:inst12|altsyncram:altsyncram_component|altsyncram_ecq:auto_generated|ram_block1a14~porta_address_reg0 ; M[1]     ; CLK1       ;
; N/A                                     ; None                                                ; 19.144 ns      ; lpm_rom0:inst12|altsyncram:altsyncram_component|altsyncram_ecq:auto_generated|ram_block1a14~porta_address_reg5 ; M[12]    ; CLK1       ;
; N/A                                     ; None                                                ; 19.144 ns      ; lpm_rom0:inst12|altsyncram:altsyncram_component|altsyncram_ecq:auto_generated|ram_block1a14~porta_address_reg4 ; M[12]    ; CLK1       ;
; N/A                                     ; None                                                ; 19.144 ns      ; lpm_rom0:inst12|altsyncram:altsyncram_component|altsyncram_ecq:auto_generated|ram_block1a14~porta_address_reg3 ; M[12]    ; CLK1       ;
; N/A                                     ; None                                                ; 19.144 ns      ; lpm_rom0:inst12|altsyncram:altsyncram_component|altsyncram_ecq:auto_generated|ram_block1a14~porta_address_reg2 ; M[12]    ; CLK1       ;
; N/A                                     ; None                                                ; 19.144 ns      ; lpm_rom0:inst12|altsyncram:altsyncram_component|altsyncram_ecq:auto_generated|ram_block1a14~porta_address_reg1 ; M[12]    ; CLK1       ;
; N/A                                     ; None                                                ; 19.144 ns      ; lpm_rom0:inst12|altsyncram:altsyncram_component|altsyncram_ecq:auto_generated|ram_block1a14~porta_address_reg0 ; M[12]    ; CLK1       ;
; N/A                                     ; None                                                ; 19.146 ns      ; 273:inst19|17                                                                                                  ; d1[7]    ; CLK1       ;
; N/A                                     ; None                                                ; 19.155 ns      ; 273:inst8|13                                                                                                   ; d1[1]    ; CLK1       ;
; N/A                                     ; None                                                ; 19.157 ns      ; lpm_rom0:inst12|altsyncram:altsyncram_component|altsyncram_ecq:auto_generated|ram_block1a14~porta_address_reg5 ; M[18]    ; CLK1       ;
; N/A                                     ; None                                                ; 19.157 ns      ; lpm_rom0:inst12|altsyncram:altsyncram_component|altsyncram_ecq:auto_generated|ram_block1a14~porta_address_reg4 ; M[18]    ; CLK1       ;
; N/A                                     ; None                                                ; 19.157 ns      ; lpm_rom0:inst12|altsyncram:altsyncram_component|altsyncram_ecq:auto_generated|ram_block1a14~porta_address_reg3 ; M[18]    ; CLK1       ;
; N/A                                     ; None                                                ; 19.157 ns      ; lpm_rom0:inst12|altsyncram:altsyncram_component|altsyncram_ecq:auto_generated|ram_block1a14~porta_address_reg2 ; M[18]    ; CLK1       ;
; N/A                                     ; None                                                ; 19.157 ns      ; lpm_rom0:inst12|altsyncram:altsyncram_component|altsyncram_ecq:auto_generated|ram_block1a14~porta_address_reg1 ; M[18]    ; CLK1       ;
; N/A                                     ; None                                                ; 19.157 ns      ; lpm_rom0:inst12|altsyncram:altsyncram_component|altsyncram_ecq:auto_generated|ram_block1a14~porta_address_reg0 ; M[18]    ; CLK1       ;
; N/A                                     ; None                                                ; 19.164 ns      ; lpm_rom0:inst12|altsyncram:altsyncram_component|altsyncram_ecq:auto_generated|ram_block1a14~porta_address_reg5 ; M[17]    ; CLK1       ;
; N/A                                     ; None                                                ; 19.164 ns      ; lpm_rom0:inst12|altsyncram:altsyncram_component|altsyncram_ecq:auto_generated|ram_block1a14~porta_address_reg4 ; M[17]    ; CLK1       ;
; N/A                                     ; None                                                ; 19.164 ns      ; lpm_rom0:inst12|altsyncram:altsyncram_component|altsyncram_ecq:auto_generated|ram_block1a14~porta_address_reg3 ; M[17]    ; CLK1       ;
; N/A                                     ; None                                                ; 19.164 ns      ; lpm_rom0:inst12|altsyncram:altsyncram_component|altsyncram_ecq:auto_generated|ram_block1a14~porta_address_reg2 ; M[17]    ; CLK1       ;
; N/A                                     ; None                                                ; 19.164 ns      ; lpm_rom0:inst12|altsyncram:altsyncram_component|altsyncram_ecq:auto_generated|ram_block1a14~porta_address_reg1 ; M[17]    ; CLK1       ;
; N/A                                     ; None                                                ; 19.164 ns      ; lpm_rom0:inst12|altsyncram:altsyncram_component|altsyncram_ecq:auto_generated|ram_block1a14~porta_address_reg0 ; M[17]    ; CLK1       ;
; N/A                                     ; None                                                ; 19.171 ns      ; 273:inst8|12                                                                                                   ; d1[2]    ; CLK1       ;
; N/A                                     ; None                                                ; 19.194 ns      ; 273:inst19|18                                                                                                  ; d1[6]    ; CLK1       ;
; N/A                                     ; None                                                ; 19.213 ns      ; 273:inst8|15                                                                                                   ; d1[0]    ; CLK1       ;
; N/A                                     ; None                                                ; 19.289 ns      ; 273:inst19|16                                                                                                  ; d1[7]    ; CLK1       ;
; N/A                                     ; None                                                ; 19.349 ns      ; 273:inst8|19                                                                                                   ; d1[6]    ; CLK1       ;
; N/A                                     ; None                                                ; 19.360 ns      ; 273:inst19|18                                                                                                  ; d1[5]    ; CLK1       ;
; N/A                                     ; None                                                ; 19.368 ns      ; lpm_rom0:inst12|altsyncram:altsyncram_component|altsyncram_ecq:auto_generated|ram_block1a14~porta_address_reg5 ; M[7]     ; CLK1       ;
; N/A                                     ; None                                                ; 19.368 ns      ; lpm_rom0:inst12|altsyncram:altsyncram_component|altsyncram_ecq:auto_generated|ram_block1a14~porta_address_reg4 ; M[7]     ; CLK1       ;
; N/A                                     ; None                                                ; 19.368 ns      ; lpm_rom0:inst12|altsyncram:altsyncram_component|altsyncram_ecq:auto_generated|ram_block1a14~porta_address_reg3 ; M[7]     ; CLK1       ;
; N/A                                     ; None                                                ; 19.368 ns      ; lpm_rom0:inst12|altsyncram:altsyncram_component|altsyncram_ecq:auto_generated|ram_block1a14~porta_address_reg2 ; M[7]     ; CLK1       ;
; N/A                                     ; None                                                ; 19.368 ns      ; lpm_rom0:inst12|altsyncram:altsyncram_component|altsyncram_ecq:auto_generated|ram_block1a14~porta_address_reg1 ; M[7]     ; CLK1       ;
; N/A                                     ; None                                                ; 19.368 ns      ; lpm_rom0:inst12|altsyncram:altsyncram_component|altsyncram_ecq:auto_generated|ram_block1a14~porta_address_reg0 ; M[7]     ; CLK1       ;
; N/A                                     ; None                                                ; 19.405 ns      ; 273:inst8|12                                                                                                   ; d1[1]    ; CLK1       ;
; N/A                                     ; None                                                ; 19.412 ns      ; 273:inst8|13                                                                                                   ; d1[3]    ; CLK1       ;
; N/A                                     ; None                                                ; 19.418 ns      ; lpm_rom0:inst12|altsyncram:altsyncram_component|altsyncram_ecq:auto_generated|ram_block1a14~porta_address_reg5 ; M[9]     ; CLK1       ;
; N/A                                     ; None                                                ; 19.418 ns      ; lpm_rom0:inst12|altsyncram:altsyncram_component|altsyncram_ecq:auto_generated|ram_block1a14~porta_address_reg4 ; M[9]     ; CLK1       ;
; N/A                                     ; None                                                ; 19.418 ns      ; lpm_rom0:inst12|altsyncram:altsyncram_component|altsyncram_ecq:auto_generated|ram_block1a14~porta_address_reg3 ; M[9]     ; CLK1       ;
; N/A                                     ; None                                                ; 19.418 ns      ; lpm_rom0:inst12|altsyncram:altsyncram_component|altsyncram_ecq:auto_generated|ram_block1a14~porta_address_reg2 ; M[9]     ; CLK1       ;
; N/A                                     ; None                                                ; 19.418 ns      ; lpm_rom0:inst12|altsyncram:altsyncram_component|altsyncram_ecq:auto_generated|ram_block1a14~porta_address_reg1 ; M[9]     ; CLK1       ;
; N/A                                     ; None                                                ; 19.418 ns      ; lpm_rom0:inst12|altsyncram:altsyncram_component|altsyncram_ecq:auto_generated|ram_block1a14~porta_address_reg0 ; M[9]     ; CLK1       ;
; N/A                                     ; None                                                ; 19.437 ns      ; 273:inst19|13                                                                                                  ; d1[2]    ; CLK1       ;
; N/A                                     ; None                                                ; 19.461 ns      ; lpm_rom0:inst12|altsyncram:altsyncram_component|altsyncram_ecq:auto_generated|ram_block1a14~porta_address_reg5 ; M[10]    ; CLK1       ;
; Timing analysis restricted to 200 rows. ; To change the limit use Settings (Assignments menu) ;                ;                                                                                                                ;          ;            ;
+-----------------------------------------+-----------------------------------------------------+----------------+----------------------------------------------------------------------------------------------------------------+----------+------------+


+--------------------------+
; Timing Analyzer Messages ;
+--------------------------+
Info: *******************************************************************
Info: Running Quartus II Timing Analyzer
    Info: Version 4.1 Build 181 06/29/2004 SJ Full Version
    Info: Processing started: Fri Dec 29 05:24:31 2023
Info: Command: quartus_tan --import_settings_files=off --export_settings_files=off project -c project --timing_analysis_only
Info: Found combinational loop of 6 nodes
    Info: Node ALU2:inst18|74181:inst1|78~287
    Info: Node ALU2:inst18|74181:inst1|78~283
    Info: Node ALU2:inst18|74181:inst1|78~284
    Info: Node ALU2:inst18|74181:inst|74~100
    Info: Node ALU2:inst18|74181:inst|78~15
    Info: Node ALU2:inst18|inst2~0
Warning: Found pins functioning as undefined clocks and/or memory enables
    Info: Assuming node CLK1 is an undefined clock
Warning: Found 35 node(s) in clock paths which may be acting as ripple and/or gated clocks -- node(s) analyzed as buffer(s) resulting in clock skew
    Info: Detected gated clock reg_3:inst1|inst~32 as buffer
    Info: Detected gated clock inst27 as buffer
    Info: Detected gated clock reg_3:inst1|inst7~8 as buffer
    Info: Detected gated clock reg_3:inst1|inst6~17 as buffer
    Info: Detected ripple clock 273:inst22|18 as buffer
    Info: Detected gated clock reg_3:inst1|inst~33 as buffer
    Info: Detected ripple clock 273:inst22|19 as buffer
    Info: Detected gated clock inst26 as buffer
    Info: Detected gated clock reg_3:inst1|inst~34 as buffer
    Info: Detected ripple clock 273:inst22|17 as buffer
    Info: Detected ripple clock 273:inst22|16 as buffer
    Info: Detected gated clock inst29~18 as buffer
    Info: Detected gated clock inst28 as buffer
    Info: Detected gated clock inst24 as buffer
    Info: Detected gated clock inst9 as buffer
    Info: Detected ripple clock t4:inst4|inst4 as buffer
    Info: Detected ripple clock lpm_rom0:inst12|altsyncram:altsyncram_component|altsyncram_ecq:auto_generated|ram_block1a14~porta_address_reg5 as buffer
    Info: Detected ripple clock lpm_rom0:inst12|altsyncram:altsyncram_component|altsyncram_ecq:auto_generated|ram_block1a14~porta_address_reg4 as buffer
    Info: Detected ripple clock lpm_rom0:inst12|altsyncram:altsyncram_component|altsyncram_ecq:auto_generated|ram_block1a14~porta_address_reg3 as buffer
    Info: Detected ripple clock lpm_rom0:inst12|altsyncram:altsyncram_component|altsyncram_ecq:auto_generated|ram_block1a14~porta_address_reg2 as buffer
    Info: Detected gated clock t4:inst4|inst13 as buffer
    Info: Detected ripple clock t4:inst4|inst1 as buffer
    Info: Detected ripple clock t4:inst4|inst3 as buffer
    Info: Detected ripple clock t4:inst4|inst2 as buffer
    Info: Detected ripple clock lpm_rom0:inst12|altsyncram:altsyncram_component|altsyncram_ecq:auto_generated|ram_block1a14~porta_address_reg1 as buffer
    Info: Detected ripple clock t4:inst4|inst as buffer
    Info: Detected ripple clock lpm_rom0:inst12|altsyncram:altsyncram_component|altsyncram_ecq:auto_generated|ram_block1a14~porta_address_reg0 as buffer
    Info: Detected gated clock lpm_rom0:inst12|altsyncram:altsyncram_component|altsyncram_ecq:auto_generated|q_a[12] as buffer
    Info: Detected gated clock lpm_rom0:inst12|altsyncram:altsyncram_component|altsyncram_ecq:auto_generated|q_a[13] as buffer
    Info: Detected gated clock lpm_rom0:inst12|altsyncram:altsyncram_component|altsyncram_ecq:auto_generated|q_a[16] as buffer
    Info: Detected gated clock lpm_rom0:inst12|altsyncram:altsyncram_component|altsyncram_ecq:auto_generated|q_a[15] as buffer
    Info: Detected gated clock lpm_rom0:inst12|altsyncram:altsyncram_component|altsyncram_ecq:auto_generated|q_a[8] as buffer
    Info: Detected gated clock lpm_rom0:inst12|altsyncram:altsyncram_component|altsyncram_ecq:auto_generated|q_a[7] as buffer
    Info: Detected gated clock lpm_rom0:inst12|altsyncram:altsyncram_component|altsyncram_ecq:auto_generated|q_a[6] as buffer
    Info: Detected gated clock lpm_rom0:inst12|altsyncram:altsyncram_component|altsyncram_ecq:auto_generated|q_a[14] as buffer
Info: Clock CLK1 has Internal fmax of 40.21 MHz between source register 273:inst19|14 and destination memory lpm_ram_dq0:inst10|altsyncram:altsyncram_component|altsyncram_dru:auto_generated|ram_block1a7~porta_datain_reg2 (period= 24.871 ns)
    Info: + Longest register to memory delay is 10.802 ns
        Info: 1: + IC(0.000 ns) + CELL(0.000 ns) = 0.000 ns; Loc. = LC_X29_Y21_N2; Fanout = 2; REG Node = '273:inst19|14'
        Info: 2: + IC(0.393 ns) + CELL(0.075 ns) = 0.468 ns; Loc. = LC_X29_Y21_N8; Fanout = 4; COMB Node = 'ALU2:inst18|74181:inst|47~51'
        Info: 3: + IC(0.496 ns) + CELL(0.280 ns) = 1.244 ns; Loc. = LC_X29_Y21_N3; Fanout = 6; COMB Node = 'ALU2:inst18|74181:inst|74~99'
        Info: 4: + IC(0.000 ns) + CELL(5.516 ns) = 6.760 ns; Loc. = LC_X29_Y21_N7; Fanout = 4; COMB LOOP Node = 'ALU2:inst18|74181:inst1|78~284'
            Info: Loc. = LC_X32_Y20_N2; Node ALU2:inst18|74181:inst1|78~287
            Info: Loc. = LC_X32_Y21_N2; Node ALU2:inst18|inst2~0
            Info: Loc. = LC_X31_Y20_N8; Node ALU2:inst18|74181:inst1|78~283
            Info: Loc. = LC_X29_Y21_N7; Node ALU2:inst18|74181:inst1|78~284
            Info: Loc. = LC_X30_Y21_N9; Node ALU2:inst18|74181:inst|74~100
            Info: Loc. = LC_X31_Y21_N9; Node ALU2:inst18|74181:inst|78~15
        Info: 5: + IC(1.003 ns) + CELL(0.075 ns) = 7.838 ns; Loc. = LC_X30_Y23_N3; Fanout = 1; COMB Node = 'ALU2:inst18|74181:inst|79'
        Info: 6: + IC(0.134 ns) + CELL(0.075 ns) = 8.047 ns; Loc. = LC_X30_Y23_N4; Fanout = 3; COMB Node = 'ALU2:inst18|74181:inst|81'
        Info: 7: + IC(0.241 ns) + CELL(0.075 ns) = 8.363 ns; Loc. = LC_X30_Y23_N5; Fanout = 2; COMB Node = 'lpm_mux0:inst17|lpm_mux:lpm_mux_component|mux_jgc:auto_generated|w_result383w~163'
        Info: 8: + IC(0.510 ns) + CELL(0.075 ns) = 8.948 ns; Loc. = LC_X30_Y23_N1; Fanout = 9; COMB Node = '273:inst20|14~COMBOUT'
        Info: 9: + IC(1.611 ns) + CELL(0.243 ns) = 10.802 ns; Loc. = M4K_X37_Y21; Fanout = 1; MEM Node = 'lpm_ram_dq0:inst10|altsyncram:altsyncram_component|altsyncram_dru:auto_generated|ram_block1a7~porta_datain_reg2'
        Info: Total cell delay = 6.414 ns ( 59.38 % )
        Info: Total interconnect delay = 4.388 ns ( 40.62 % )
    Info: - Smallest clock skew is -13.782 ns
        Info: + Shortest clock path from clock CLK1 to destination memory is 10.917 ns
            Info: 1: + IC(0.000 ns) + CELL(1.234 ns) = 1.234 ns; Loc. = PIN_K21; Fanout = 1; CLK Node = 'CLK1'
            Info: 2: + IC(1.623 ns) + CELL(0.075 ns) = 2.932 ns; Loc. = LC_X29_Y20_N2; Fanout = 5; COMB Node = 't4:inst4|inst13'
            Info: 3: + IC(3.498 ns) + CELL(0.698 ns) = 7.128 ns; Loc. = LC_X8_Y20_N5; Fanout = 33; REG Node = 't4:inst4|inst1'
            Info: 4: + IC(3.277 ns) + CELL(0.512 ns) = 10.917 ns; Loc. = M4K_X37_Y21; Fanout = 1; MEM Node = 'lpm_ram_dq0:inst10|altsyncram:altsyncram_component|altsyncram_dru:auto_generated|ram_block1a7~porta_datain_reg2'
            Info: Total cell delay = 2.519 ns ( 23.07 % )
            Info: Total interconnect delay = 8.398 ns ( 76.93 % )
        Info: - Longest clock path from clock CLK1 to source register is 24.699 ns
            Info: 1: + IC(0.000 ns) + CELL(1.234 ns) = 1.234 ns; Loc. = PIN_K21; Fanout = 1; CLK Node = 'CLK1'
            Info: 2: + IC(1.623 ns) + CELL(0.075 ns) = 2.932 ns; Loc. = LC_X29_Y20_N2; Fanout = 5; COMB Node = 't4:inst4|inst13'
            Info: 3: + IC(3.456 ns) + CELL(0.698 ns) = 7.086 ns; Loc. = LC_X29_Y20_N2; Fanout = 1; REG Node = 't4:inst4|inst4'
            Info: 4: + IC(0.000 ns) + CELL(0.230 ns) = 7.316 ns; Loc. = LC_X29_Y20_N2; Fanout = 5; COMB Node = 't4:inst4|inst13'
            Info: 5: + IC(3.456 ns) + CELL(0.698 ns) = 11.470 ns; Loc. = LC_X29_Y20_N1; Fanout = 8; REG Node = 't4:inst4|inst'
            Info: 6: + IC(3.486 ns) + CELL(0.932 ns) = 15.888 ns; Loc. = M4K_X37_Y22; Fanout = 24; MEM Node = 'lpm_rom0:inst12|altsyncram:altsyncram_component|altsyncram_ecq:auto_generated|ram_block1a14~porta_address_reg0'
            Info: 7: + IC(0.000 ns) + CELL(3.069 ns) = 18.957 ns; Loc. = M4K_X37_Y22; Fanout = 9; MEM Node = 'lpm_rom0:inst12|altsyncram:altsyncram_component|altsyncram_ecq:auto_generated|q_a[12]'
            Info: 8: + IC(1.305 ns) + CELL(0.280 ns) = 20.542 ns; Loc. = LC_X30_Y20_N4; Fanout = 8; COMB Node = 'inst24'
            Info: 9: + IC(3.615 ns) + CELL(0.542 ns) = 24.699 ns; Loc. = LC_X29_Y21_N2; Fanout = 2; REG Node = '273:inst19|14'
            Info: Total cell delay = 7.758 ns ( 31.41 % )
            Info: Total interconnect delay = 16.941 ns ( 68.59 % )
    Info: + Micro clock to output delay of source is 0.156 ns
    Info: + Micro setup delay of destination is 0.131 ns
Warning: Circuit may not operate. Detected 201 non-operational path(s) clocked by clock CLK1 with clock skew larger than data delay. See Compilation Report for details.
Info: Found hold time violation between source  pin or register lpm_rom0:inst12|altsyncram:altsyncram_component|altsyncram_ecq:auto_generated|ram_block1a14~porta_address_reg5 and destination pin or register 273:inst22|14 for clock CLK1 (Hold time is 5.646 ns)
    Info: + Largest clock skew is 13.515 ns
        Info: + Longest clock path from clock CLK1 to destination register is 24.599 ns
            Info: 1: + IC(0.000 ns) + CELL(1.234 ns) = 1.234 ns; Loc. = PIN_K21; Fanout = 1; CLK Node = 'CLK1'
            Info: 2: + IC(1.623 ns) + CELL(0.075 ns) = 2.932 ns; Loc. = LC_X29_Y20_N2; Fanout = 5; COMB Node = 't4:inst4|inst13'
            Info: 3: + IC(3.456 ns) + CELL(0.698 ns) = 7.086 ns; Loc. = LC_X29_Y20_N2; Fanout = 1; REG Node = 't4:inst4|inst4'
            Info: 4: + IC(0.000 ns) + CELL(0.230 ns) = 7.316 ns; Loc. = LC_X29_Y20_N2; Fanout = 5; COMB Node = 't4:inst4|inst13'
            Info: 5: + IC(3.456 ns) + CELL(0.698 ns) = 11.470 ns; Loc. = LC_X29_Y20_N1; Fanout = 8; REG Node = 't4:inst4|inst'
            Info: 6: + IC(3.486 ns) + CELL(0.932 ns) = 15.888 ns; Loc. = M4K_X37_Y22; Fanout = 24; MEM Node = 'lpm_rom0:inst12|altsyncram:altsyncram_component|altsyncram_ecq:auto_generated|ram_block1a14~porta_address_reg0'
            Info: 7: + IC(0.000 ns) + CELL(3.069 ns) = 18.957 ns; Loc. = M4K_X37_Y22; Fanout = 9; MEM Node = 'lpm_rom0:inst12|altsyncram:altsyncram_component|altsyncram_ecq:auto_generated|q_a[12]'
            Info: 8: + IC(1.307 ns) + CELL(0.280 ns) = 20.544 ns; Loc. = LC_X30_Y20_N7; Fanout = 8; COMB Node = 'inst29~18'
            Info: 9: + IC(3.513 ns) + CELL(0.542 ns) = 24.599 ns; Loc. = LC_X30_Y22_N8; Fanout = 2; REG Node = '273:inst22|14'
            Info: Total cell delay = 7.758 ns ( 31.54 % )
            Info: Total interconnect delay = 16.841 ns ( 68.46 % )
        Info: - Shortest clock path from clock CLK1 to source memory is 11.084 ns
            Info: 1: + IC(0.000 ns) + CELL(1.234 ns) = 1.234 ns; Loc. = PIN_K21; Fanout = 1; CLK Node = 'CLK1'
            Info: 2: + IC(1.623 ns) + CELL(0.075 ns) = 2.932 ns; Loc. = LC_X29_Y20_N2; Fanout = 5; COMB Node = 't4:inst4|inst13'
            Info: 3: + IC(3.456 ns) + CELL(0.698 ns) = 7.086 ns; Loc. = LC_X29_Y20_N1; Fanout = 8; REG Node = 't4:inst4|inst'
            Info: 4: + IC(3.486 ns) + CELL(0.512 ns) = 11.084 ns; Loc. = M4K_X37_Y22; Fanout = 24; MEM Node = 'lpm_rom0:inst12|altsyncram:altsyncram_component|altsyncram_ecq:auto_generated|ram_block1a14~porta_address_reg5'
            Info: Total cell delay = 2.519 ns ( 22.73 % )
            Info: Total interconnect delay = 8.565 ns ( 77.27 % )
    Info: - Micro clock to output delay of source is 0.420 ns
    Info: - Shortest memory to register delay is 7.549 ns
        Info: 1: + IC(0.000 ns) + CELL(0.000 ns) = 0.000 ns; Loc. = M4K_X37_Y22; Fanout = 24; MEM Node = 'lpm_rom0:inst12|altsyncram:altsyncram_component|altsyncram_ecq:auto_generated|ram_block1a14~porta_address_reg5'
        Info: 2: + IC(0.000 ns) + CELL(3.069 ns) = 3.069 ns; Loc. = M4K_X37_Y22; Fanout = 9; MEM Node = 'lpm_rom0:inst12|altsyncram:altsyncram_component|altsyncram_ecq:auto_generated|q_a[19]'
        Info: 3: + IC(1.472 ns) + CELL(0.366 ns) = 4.907 ns; Loc. = LC_X30_Y23_N3; Fanout = 1; COMB Node = 'ALU2:inst18|74181:inst|79'
        Info: 4: + IC(0.134 ns) + CELL(0.075 ns) = 5.116 ns; Loc. = LC_X30_Y23_N4; Fanout = 3; COMB Node = 'ALU2:inst18|74181:inst|81'
        Info: 5: + IC(0.241 ns) + CELL(0.075 ns) = 5.432 ns; Loc. = LC_X30_Y23_N5; Fanout = 2; COMB Node = 'lpm_mux0:inst17|lpm_mux:lpm_mux_component|mux_jgc:auto_generated|w_result383w~163'
        Info: 6: + IC(0.510 ns) + CELL(0.075 ns) = 6.017 ns; Loc. = LC_X30_Y23_N1; Fanout = 9; COMB Node = '273:inst20|14~COMBOUT'
        Info: 7: + IC(1.447 ns) + CELL(0.085 ns) = 7.549 ns; Loc. = LC_X30_Y22_N8; Fanout = 2; REG Node = '273:inst22|14'
        Info: Total cell delay = 3.745 ns ( 49.61 % )
        Info: Total interconnect delay = 3.804 ns ( 50.39 % )
    Info: + Micro hold delay of destination is 0.100 ns
Info: tsu for memory lpm_ram_dq0:inst10|altsyncram:altsyncram_component|altsyncram_dru:auto_generated|ram_block1a7~porta_datain_reg1 (data pin = d0[6], clock pin = CLK1) is -1.779 ns
    Info: + Longest pin to memory delay is 9.007 ns
        Info: 1: + IC(0.000 ns) + CELL(0.972 ns) = 0.972 ns; Loc. = PIN_E13; Fanout = 1; PIN Node = 'd0[6]'
        Info: 2: + IC(4.495 ns) + CELL(0.183 ns) = 5.650 ns; Loc. = LC_X31_Y23_N3; Fanout = 1; COMB Node = 'lpm_mux0:inst17|lpm_mux:lpm_mux_component|mux_jgc:auto_generated|w_result453w~212'
        Info: 3: + IC(1.193 ns) + CELL(0.280 ns) = 7.123 ns; Loc. = LC_X29_Y21_N1; Fanout = 2; COMB Node = 'lpm_mux0:inst17|lpm_mux:lpm_mux_component|mux_jgc:auto_generated|w_result452w~171'
        Info: 4: + IC(0.497 ns) + CELL(0.075 ns) = 7.695 ns; Loc. = LC_X30_Y21_N8; Fanout = 9; COMB Node = '273:inst20|13~COMBOUT'
        Info: 5: + IC(1.069 ns) + CELL(0.243 ns) = 9.007 ns; Loc. = M4K_X37_Y21; Fanout = 1; MEM Node = 'lpm_ram_dq0:inst10|altsyncram:altsyncram_component|altsyncram_dru:auto_generated|ram_block1a7~porta_datain_reg1'
        Info: Total cell delay = 1.753 ns ( 19.46 % )
        Info: Total interconnect delay = 7.254 ns ( 80.54 % )
    Info: + Micro setup delay of destination is 0.131 ns
    Info: - Shortest clock path from clock CLK1 to destination memory is 10.917 ns
        Info: 1: + IC(0.000 ns) + CELL(1.234 ns) = 1.234 ns; Loc. = PIN_K21; Fanout = 1; CLK Node = 'CLK1'
        Info: 2: + IC(1.623 ns) + CELL(0.075 ns) = 2.932 ns; Loc. = LC_X29_Y20_N2; Fanout = 5; COMB Node = 't4:inst4|inst13'
        Info: 3: + IC(3.498 ns) + CELL(0.698 ns) = 7.128 ns; Loc. = LC_X8_Y20_N5; Fanout = 33; REG Node = 't4:inst4|inst1'
        Info: 4: + IC(3.277 ns) + CELL(0.512 ns) = 10.917 ns; Loc. = M4K_X37_Y21; Fanout = 1; MEM Node = 'lpm_ram_dq0:inst10|altsyncram:altsyncram_component|altsyncram_dru:auto_generated|ram_block1a7~porta_datain_reg1'
        Info: Total cell delay = 2.519 ns ( 23.07 % )
        Info: Total interconnect delay = 8.398 ns ( 76.93 % )
Info: tco from clock CLK1 to destination pin d1[4] through register 273:inst19|14 is 37.085 ns
    Info: + Longest clock path from clock CLK1 to source register is 24.699 ns
        Info: 1: + IC(0.000 ns) + CELL(1.234 ns) = 1.234 ns; Loc. = PIN_K21; Fanout = 1; CLK Node = 'CLK1'
        Info: 2: + IC(1.623 ns) + CELL(0.075 ns) = 2.932 ns; Loc. = LC_X29_Y20_N2; Fanout = 5; COMB Node = 't4:inst4|inst13'
        Info: 3: + IC(3.456 ns) + CELL(0.698 ns) = 7.086 ns; Loc. = LC_X29_Y20_N2; Fanout = 1; REG Node = 't4:inst4|inst4'
        Info: 4: + IC(0.000 ns) + CELL(0.230 ns) = 7.316 ns; Loc. = LC_X29_Y20_N2; Fanout = 5; COMB Node = 't4:inst4|inst13'
        Info: 5: + IC(3.456 ns) + CELL(0.698 ns) = 11.470 ns; Loc. = LC_X29_Y20_N1; Fanout = 8; REG Node = 't4:inst4|inst'
        Info: 6: + IC(3.486 ns) + CELL(0.932 ns) = 15.888 ns; Loc. = M4K_X37_Y22; Fanout = 24; MEM Node = 'lpm_rom0:inst12|altsyncram:altsyncram_component|altsyncram_ecq:auto_generated|ram_block1a14~porta_address_reg0'
        Info: 7: + IC(0.000 ns) + CELL(3.069 ns) = 18.957 ns; Loc. = M4K_X37_Y22; Fanout = 9; MEM Node = 'lpm_rom0:inst12|altsyncram:altsyncram_component|altsyncram_ecq:auto_generated|q_a[12]'
        Info: 8: + IC(1.305 ns) + CELL(0.280 ns) = 20.542 ns; Loc. = LC_X30_Y20_N4; Fanout = 8; COMB Node = 'inst24'
        Info: 9: + IC(3.615 ns) + CELL(0.542 ns) = 24.699 ns; Loc. = LC_X29_Y21_N2; Fanout = 2; REG Node = '273:inst19|14'
        Info: Total cell delay = 7.758 ns ( 31.41 % )
        Info: Total interconnect delay = 16.941 ns ( 68.59 % )
    Info: + Micro clock to output delay of source is 0.156 ns
    Info: + Longest register to pin delay is 12.230 ns
        Info: 1: + IC(0.000 ns) + CELL(0.000 ns) = 0.000 ns; Loc. = LC_X29_Y21_N2; Fanout = 2; REG Node = '273:inst19|14'
        Info: 2: + IC(0.393 ns) + CELL(0.075 ns) = 0.468 ns; Loc. = LC_X29_Y21_N8; Fanout = 4; COMB Node = 'ALU2:inst18|74181:inst|47~51'
        Info: 3: + IC(0.496 ns) + CELL(0.280 ns) = 1.244 ns; Loc. = LC_X29_Y21_N3; Fanout = 6; COMB Node = 'ALU2:inst18|74181:inst|74~99'
        Info: 4: + IC(0.000 ns) + CELL(5.516 ns) = 6.760 ns; Loc. = LC_X29_Y21_N7; Fanout = 4; COMB LOOP Node = 'ALU2:inst18|74181:inst1|78~284'
            Info: Loc. = LC_X32_Y20_N2; Node ALU2:inst18|74181:inst1|78~287
            Info: Loc. = LC_X32_Y21_N2; Node ALU2:inst18|inst2~0
            Info: Loc. = LC_X31_Y20_N8; Node ALU2:inst18|74181:inst1|78~283
            Info: Loc. = LC_X29_Y21_N7; Node ALU2:inst18|74181:inst1|78~284
            Info: Loc. = LC_X30_Y21_N9; Node ALU2:inst18|74181:inst|74~100
            Info: Loc. = LC_X31_Y21_N9; Node ALU2:inst18|74181:inst|78~15
        Info: 5: + IC(0.795 ns) + CELL(0.075 ns) = 7.630 ns; Loc. = LC_X33_Y21_N0; Fanout = 3; COMB Node = 'ALU2:inst18|74181:inst|80'
        Info: 6: + IC(2.196 ns) + CELL(2.404 ns) = 12.230 ns; Loc. = PIN_M8; Fanout = 0; PIN Node = 'd1[4]'
        Info: Total cell delay = 8.350 ns ( 68.27 % )
        Info: Total interconnect delay = 3.880 ns ( 31.73 % )
Info: th for register reg_3:inst1|273:reg2|12 (data pin = d0[7], clock pin = CLK1) is 23.088 ns
    Info: + Longest clock path from clock CLK1 to destination register is 30.378 ns
        Info: 1: + IC(0.000 ns) + CELL(1.234 ns) = 1.234 ns; Loc. = PIN_K21; Fanout = 1; CLK Node = 'CLK1'
        Info: 2: + IC(1.623 ns) + CELL(0.075 ns) = 2.932 ns; Loc. = LC_X29_Y20_N2; Fanout = 5; COMB Node = 't4:inst4|inst13'
        Info: 3: + IC(3.456 ns) + CELL(0.698 ns) = 7.086 ns; Loc. = LC_X29_Y20_N2; Fanout = 1; REG Node = 't4:inst4|inst4'
        Info: 4: + IC(0.000 ns) + CELL(0.230 ns) = 7.316 ns; Loc. = LC_X29_Y20_N2; Fanout = 5; COMB Node = 't4:inst4|inst13'
        Info: 5: + IC(3.456 ns) + CELL(0.698 ns) = 11.470 ns; Loc. = LC_X29_Y20_N1; Fanout = 8; REG Node = 't4:inst4|inst'
        Info: 6: + IC(3.486 ns) + CELL(0.932 ns) = 15.888 ns; Loc. = M4K_X37_Y22; Fanout = 24; MEM Node = 'lpm_rom0:inst12|altsyncram:altsyncram_component|altsyncram_ecq:auto_generated|ram_block1a14~porta_address_reg0'
        Info: 7: + IC(0.000 ns) + CELL(3.069 ns) = 18.957 ns; Loc. = M4K_X37_Y22; Fanout = 9; MEM Node = 'lpm_rom0:inst12|altsyncram:altsyncram_component|altsyncram_ecq:auto_generated|q_a[12]'
        Info: 8: + IC(1.307 ns) + CELL(0.280 ns) = 20.544 ns; Loc. = LC_X30_Y20_N7; Fanout = 8; COMB Node = 'inst29~18'
        Info: 9: + IC(3.522 ns) + CELL(0.698 ns) = 24.764 ns; Loc. = LC_X30_Y20_N6; Fanout = 3; REG Node = '273:inst22|16'
        Info: 10: + IC(0.000 ns) + CELL(0.230 ns) = 24.994 ns; Loc. = LC_X30_Y20_N6; Fanout = 1; COMB Node = 'reg_3:inst1|inst~32'
        Info: 11: + IC(0.311 ns) + CELL(0.075 ns) = 25.380 ns; Loc. = LC_X30_Y20_N1; Fanout = 3; COMB Node = 'reg_3:inst1|inst~33'
        Info: 12: + IC(0.792 ns) + CELL(0.183 ns) = 26.355 ns; Loc. = LC_X33_Y20_N8; Fanout = 8; COMB Node = 'reg_3:inst1|inst~34'
        Info: 13: + IC(3.481 ns) + CELL(0.542 ns) = 30.378 ns; Loc. = LC_X31_Y23_N7; Fanout = 1; REG Node = 'reg_3:inst1|273:reg2|12'
        Info: Total cell delay = 8.944 ns ( 29.44 % )
        Info: Total interconnect delay = 21.434 ns ( 70.56 % )
    Info: + Micro hold delay of destination is 0.100 ns
    Info: - Shortest pin to register delay is 7.390 ns
        Info: 1: + IC(0.000 ns) + CELL(0.972 ns) = 0.972 ns; Loc. = PIN_A11; Fanout = 1; PIN Node = 'd0[7]'
        Info: 2: + IC(4.058 ns) + CELL(0.280 ns) = 5.310 ns; Loc. = LC_X30_Y21_N3; Fanout = 1; COMB Node = 'lpm_mux0:inst17|lpm_mux:lpm_mux_component|mux_jgc:auto_generated|w_result522w~130'
        Info: 3: + IC(0.325 ns) + CELL(0.366 ns) = 6.001 ns; Loc. = LC_X30_Y21_N1; Fanout = 2; COMB Node = 'lpm_mux0:inst17|lpm_mux:lpm_mux_component|mux_jgc:auto_generated|w_result521w~163'
        Info: 4: + IC(0.134 ns) + CELL(0.075 ns) = 6.210 ns; Loc. = LC_X30_Y21_N2; Fanout = 9; COMB Node = '273:inst20|12~COMBOUT'
        Info: 5: + IC(1.095 ns) + CELL(0.085 ns) = 7.390 ns; Loc. = LC_X31_Y23_N7; Fanout = 1; REG Node = 'reg_3:inst1|273:reg2|12'
        Info: Total cell delay = 1.778 ns ( 24.06 % )
        Info: Total interconnect delay = 5.612 ns ( 75.94 % )
Info: Minimum tco from clock CLK1 to destination pin uaddr[6] through register se6_1:inst7|inst45 is 14.997 ns
    Info: + Shortest clock path from clock CLK1 to source register is 10.918 ns
        Info: 1: + IC(0.000 ns) + CELL(1.234 ns) = 1.234 ns; Loc. = PIN_K21; Fanout = 1; CLK Node = 'CLK1'
        Info: 2: + IC(1.623 ns) + CELL(0.075 ns) = 2.932 ns; Loc. = LC_X29_Y20_N2; Fanout = 5; COMB Node = 't4:inst4|inst13'
        Info: 3: + IC(3.498 ns) + CELL(0.698 ns) = 7.128 ns; Loc. = LC_X8_Y20_N5; Fanout = 33; REG Node = 't4:inst4|inst1'
        Info: 4: + IC(3.248 ns) + CELL(0.542 ns) = 10.918 ns; Loc. = LC_X39_Y23_N2; Fanout = 2; REG Node = 'se6_1:inst7|inst45'
        Info: Total cell delay = 2.549 ns ( 23.35 % )
        Info: Total interconnect delay = 8.369 ns ( 76.65 % )
    Info: + Micro clock to output delay of source is 0.156 ns
    Info: + Shortest register to pin delay is 3.923 ns
        Info: 1: + IC(0.000 ns) + CELL(0.000 ns) = 0.000 ns; Loc. = LC_X39_Y23_N2; Fanout = 2; REG Node = 'se6_1:inst7|inst45'
        Info: 2: + IC(1.519 ns) + CELL(2.404 ns) = 3.923 ns; Loc. = PIN_D8; Fanout = 0; PIN Node = 'uaddr[6]'
        Info: Total cell delay = 2.404 ns ( 61.28 % )
        Info: Total interconnect delay = 1.519 ns ( 38.72 % )
Info: Quartus II Timing Analyzer was successful. 0 errors, 3 warnings
    Info: Processing ended: Fri Dec 29 05:24:31 2023
    Info: Elapsed time: 00:00:00


