Fitter report for uCONTROL
Sat Nov 18 15:03:26 2023
Version 4.1 Build 181 06/29/2004 SJ Full Version


---------------------
; Table of Contents ;
---------------------
  1. Legal Notice
  2. Fitter Summary
  3. Fitter Settings
  4. Fitter Device Options
  5. Fitter Equations
  6. Floorplan View
  7. Pin-Out File
  8. Fitter Resource Usage Summary
  9. Input Pins
 10. Output Pins
 11. I/O Bank Usage
 12. All Package Pins
 13. Output Pin Load For Reported TCO
 14. Fitter Resource Utilization by Entity
 15. Delay Chain Summary
 16. Pad To Core Delay Chain Fanout
 17. Control Signals
 18. Global & Other Fast Signals
 19. Non-Global High Fan-Out Signals
 20. Fitter RAM Summary
 21. Interconnect Usage Summary
 22. LAB Logic Elements
 23. LAB-wide Signals
 24. LAB Signals Sourced
 25. LAB Signals Sourced Out
 26. LAB Distinct Inputs
 27. Fitter Messages



----------------
; Legal Notice ;
----------------
Copyright (C) 1991-2004 Altera Corporation
Any  megafunction  design,  and related netlist (encrypted  or  decrypted),
support information,  device programming or simulation file,  and any other
associated  documentation or information  provided by  Altera  or a partner
under  Altera's   Megafunction   Partnership   Program  may  be  used  only
to program  PLD  devices (but not masked  PLD  devices) from  Altera.   Any
other  use  of such  megafunction  design,  netlist,  support  information,
device programming or simulation file,  or any other  related documentation
or information  is prohibited  for  any  other purpose,  including, but not
limited to  modification,  reverse engineering,  de-compiling, or use  with
any other  silicon devices,  unless such use is  explicitly  licensed under
a separate agreement with  Altera  or a megafunction partner.  Title to the
intellectual property,  including patents,  copyrights,  trademarks,  trade
secrets,  or maskworks,  embodied in any such megafunction design, netlist,
support  information,  device programming or simulation file,  or any other
related documentation or information provided by  Altera  or a megafunction
partner, remains with Altera, the megafunction partner, or their respective
licensors. No other licenses, including any licenses needed under any third
party's intellectual property, are provided herein.



+---------------------------------------------------------------------+
; Fitter Summary                                                      ;
+--------------------------+------------------------------------------+
; Fitter Status            ; Successful - Sat Nov 18 15:03:26 2023    ;
; Quartus II Version       ; 4.1 Build 181 06/29/2004 SJ Full Version ;
; Revision Name            ; uCONTROL                                 ;
; Top-level Entity Name    ; uCONTROL                                 ;
; Family                   ; Stratix                                  ;
; Device                   ; EP1S10F484C5                             ;
; Timing Models            ; Production                               ;
; Total logic elements     ; 19 / 10,570 ( < 1 % )                    ;
; Total pins               ; 52 / 336 ( 15 % )                        ;
; Total memory bits        ; 1,536 / 920,448 ( < 1 % )                ;
; DSP block 9-bit elements ; 0 / 48 ( 0 % )                           ;
; Total PLLs               ; 0 / 6 ( 0 % )                            ;
; Total DLLs               ; 0 / 2 ( 0 % )                            ;
+--------------------------+------------------------------------------+


+----------------------------------------------------------------------------------------------------------------------+
; Fitter Settings                                                                                                      ;
+----------------------------------------------------+--------------------------------+--------------------------------+
; Option                                             ; Setting                        ; Default Value                  ;
+----------------------------------------------------+--------------------------------+--------------------------------+
; Device                                             ; AUTO                           ;                                ;
; Optimize Hold Timing                               ; IO Paths and Minimum TPD Paths ; IO Paths and Minimum TPD Paths ;
; Optimize Timing                                    ; Normal compilation             ; Normal compilation             ;
; Optimize IOC Register Placement for Timing         ; On                             ; On                             ;
; Limit to One Fitting Attempt                       ; Off                            ; Off                            ;
; Final Placement Optimizations                      ; Automatically                  ; Automatically                  ;
; Fitter Initial Placement Seed                      ; 1                              ; 1                              ;
; Slow Slew Rate                                     ; Off                            ; Off                            ;
; PCI I/O                                            ; Off                            ; Off                            ;
; Weak Pull-Up Resistor                              ; Off                            ; Off                            ;
; Enable Bus-Hold Circuitry                          ; Off                            ; Off                            ;
; Auto Global Memory Control Signals                 ; Off                            ; Off                            ;
; Auto Packed Registers -- Stratix/Stratix GX        ; Auto                           ; Auto                           ;
; Auto Delay Chains                                  ; On                             ; On                             ;
; Auto Merge PLLs                                    ; On                             ; On                             ;
; Perform Physical Synthesis for Combinational Logic ; Off                            ; Off                            ;
; Perform Register Duplication                       ; Off                            ; Off                            ;
; Perform Register Retiming                          ; Off                            ; Off                            ;
; Physical Synthesis Effort Level                    ; Normal                         ; Normal                         ;
; Logic Cell Insertion -- Logic Duplication          ; Auto                           ; Auto                           ;
; Auto Register Duplication                          ; Off                            ; Off                            ;
; Auto Global Clock                                  ; On                             ; On                             ;
; Auto Global Register Control Signals               ; On                             ; On                             ;
+----------------------------------------------------+--------------------------------+--------------------------------+


+-------------------------------------------------------------------------+
; Fitter Device Options                                                   ;
+----------------------------------------------+--------------------------+
; Option                                       ; Setting                  ;
+----------------------------------------------+--------------------------+
; Auto-restart configuration after error       ; On                       ;
; Release clears before tri-states             ; Off                      ;
; Enable user-supplied start-up clock (CLKUSR) ; Off                      ;
; Enable device-wide reset (DEV_CLRn)          ; Off                      ;
; Enable device-wide output enable (DEV_OE)    ; Off                      ;
; Enable INIT_DONE output                      ; Off                      ;
; Configuration scheme                         ; Passive Serial           ;
; Reserve Data[0] pin after configuration      ; As input tri-stated      ;
; Reserve all unused pins                      ; As output driving ground ;
; Base pin-out file on sameframe device        ; Off                      ;
+----------------------------------------------+--------------------------+


+------------------+
; Fitter Equations ;
+------------------+
The equations can be found in E:/计算机组成原理/experiment file/uCONTROL/uCONTROL.fit.eqn.


+----------------+
; Floorplan View ;
+----------------+
Floorplan report data cannot be output to ASCII.
Please use Quartus II to view the floorplan report data.


+--------------+
; Pin-Out File ;
+--------------+
The pin-out file can be found in E:/计算机组成原理/experiment file/uCONTROL/uCONTROL.pin.


+----------------------------------------------------------------------------------------------------------------------+
; Fitter Resource Usage Summary                                                                                        ;
+--------------------------------+-------------------------------------------------------------------------------------+
; Resource                       ; Usage                                                                               ;
+--------------------------------+-------------------------------------------------------------------------------------+
; Logic cells                    ; 19 / 10,570 ( < 1 % )                                                               ;
; Registers                      ; 6 / 12,506 ( < 1 % )                                                                ;
; Total LABs                     ; 8 / 1,057 ( < 1 % )                                                                 ;
; Logic elements in carry chains ; 0                                                                                   ;
; User inserted logic cells      ; 0                                                                                   ;
; Virtual pins                   ; 0                                                                                   ;
; I/O pins                       ; 52 / 336 ( 15 % )                                                                   ;
;     -- Clock pins              ; 7 / 16 ( 43 % )                                                                     ;
; Global signals                 ; 3                                                                                   ;
; M512s                          ; 0 / 94 ( 0 % )                                                                      ;
; M4Ks                           ; 1 / 60 ( 1 % )                                                                      ;
; M-RAMs                         ; 0 / 1 ( 0 % )                                                                       ;
; Total memory bits              ; 1,536 / 920,448 ( < 1 % )                                                           ;
; Total RAM block bits           ; 4,608 / 920,448 ( < 1 % )                                                           ;
; DSP block 9-bit elements       ; 0 / 48 ( 0 % )                                                                      ;
; Global clocks                  ; 3 / 16 ( 18 % )                                                                     ;
; Regional clocks                ; 0 / 16 ( 0 % )                                                                      ;
; Fast regional clocks           ; 0 / 8 ( 0 % )                                                                       ;
; DIFFIOCLKs                     ; 0 / 16 ( 0 % )                                                                      ;
; SERDES transmitters            ; 0 / 44 ( 0 % )                                                                      ;
; SERDES receivers               ; 0 / 44 ( 0 % )                                                                      ;
; Maximum fan-out node           ; lpm_rom0:inst|altsyncram:altsyncram_component|altsyncram_esq:auto_generated|q_a[23] ;
; Maximum fan-out                ; 36                                                                                  ;
; Total fan-out                  ; 100                                                                                 ;
; Average fan-out                ; 1.37                                                                                ;
+--------------------------------+-------------------------------------------------------------------------------------+


+------------------------------------------------------------------------------------------------------------------------------------------------------------------------------------------------------------------------------------------------------------+
; Input Pins                                                                                                                                                                                                                                                 ;
+------+-------+----------+--------------+--------------+-------------+-----------------------+--------------------+--------+----------------+---------------+-----------------+----------+--------------+--------------+-------------+----------------------+
; Name ; Pin # ; I/O Bank ; X coordinate ; Y coordinate ; Cell number ; Combinational Fan-Out ; Registered Fan-Out ; Global ; Input Register ; Power Up High ; PCI I/O Enabled ; Bus Hold ; Weak Pull Up ; I/O Standard ; Termination ; Location assigned by ;
+------+-------+----------+--------------+--------------+-------------+-----------------------+--------------------+--------+----------------+---------------+-----------------+----------+--------------+--------------+-------------+----------------------+
; FC   ; E13   ; 3        ; 21           ; 31           ; 0           ; 1                     ; 0                  ; no     ; no             ; no            ; no              ; no       ; Off          ; LVTTL        ; Off         ; Fitter               ;
; FZ   ; A11   ; 4        ; 29           ; 31           ; 3           ; 1                     ; 0                  ; no     ; no             ; no            ; no              ; no       ; Off          ; LVTTL        ; Off         ; Fitter               ;
; I[2] ; K10   ; 4        ; 31           ; 31           ; 3           ; 1                     ; 0                  ; no     ; no             ; no            ; no              ; no       ; Off          ; LVTTL        ; Off         ; Fitter               ;
; I[3] ; B13   ; 9        ; 25           ; 31           ; 5           ; 1                     ; 0                  ; no     ; no             ; no            ; no              ; no       ; Off          ; LVTTL        ; Off         ; Fitter               ;
; I[4] ; B14   ; 3        ; 21           ; 31           ; 2           ; 1                     ; 0                  ; no     ; no             ; no            ; no              ; no       ; Off          ; LVTTL        ; Off         ; Fitter               ;
; I[5] ; B11   ; 4        ; 29           ; 31           ; 1           ; 1                     ; 0                  ; no     ; no             ; no            ; no              ; no       ; Off          ; LVTTL        ; Off         ; Fitter               ;
; I[6] ; B17   ; 3        ; 7            ; 31           ; 3           ; 1                     ; 0                  ; no     ; no             ; no            ; no              ; no       ; Off          ; LVTTL        ; Off         ; Fitter               ;
; I[7] ; F16   ; 3        ; 7            ; 31           ; 4           ; 1                     ; 0                  ; no     ; no             ; no            ; no              ; no       ; Off          ; LVTTL        ; Off         ; Fitter               ;
; RST1 ; M2    ; 6        ; 53           ; 12           ; 2           ; 6                     ; 0                  ; yes    ; no             ; no            ; no              ; no       ; Off          ; LVTTL        ; Off         ; Fitter               ;
; SWA  ; B12   ; 9        ; 25           ; 31           ; 2           ; 1                     ; 0                  ; no     ; no             ; no            ; no              ; no       ; Off          ; LVTTL        ; Off         ; Fitter               ;
; SWB  ; G9    ; 4        ; 31           ; 31           ; 0           ; 1                     ; 0                  ; no     ; no             ; no            ; no              ; no       ; Off          ; LVTTL        ; Off         ; Fitter               ;
; T1   ; L2    ; 5        ; 53           ; 19           ; 3           ; 1                     ; 0                  ; yes    ; no             ; no            ; no              ; no       ; Off          ; LVTTL        ; Off         ; Fitter               ;
; T2   ; L3    ; 5        ; 53           ; 19           ; 1           ; 6                     ; 0                  ; yes    ; no             ; no            ; no              ; no       ; Off          ; LVTTL        ; Off         ; Fitter               ;
; T4   ; D12   ; 9        ; 25           ; 31           ; 0           ; 5                     ; 0                  ; no     ; no             ; no            ; no              ; no       ; Off          ; LVTTL        ; Off         ; Fitter               ;
+------+-------+----------+--------------+--------------+-------------+-----------------------+--------------------+--------+----------------+---------------+-----------------+----------+--------------+--------------+-------------+----------------------+


+----------------------------------------------------------------------------------------------------------------------------------------------------------------------------------------------------------------------------------------------------------------------------------+
; Output Pins                                                                                                                                                                                                                                                                      ;
+-------+-------+----------+--------------+--------------+-------------+-----------------+------------------------+---------------+----------------+-----------------+------------+----------+--------------+--------------+------------------+-------------+----------------------+
; Name  ; Pin # ; I/O Bank ; X coordinate ; Y coordinate ; Cell number ; Output Register ; Output Enable Register ; Power Up High ; Slow Slew Rate ; PCI I/O Enabled ; Open Drain ; Bus Hold ; Weak Pull Up ; I/O Standard ; Current Strength ; Termination ; Location assigned by ;
+-------+-------+----------+--------------+--------------+-------------+-----------------+------------------------+---------------+----------------+-----------------+------------+----------+--------------+--------------+------------------+-------------+----------------------+
; M[10] ; A16   ; 3        ; 9            ; 31           ; 4           ; no              ; no                     ; no            ; no             ; no              ; no         ; no       ; Off          ; LVTTL        ; 24mA             ; Off         ; Fitter               ;
; M[11] ; C16   ; 3        ; 9            ; 31           ; 0           ; no              ; no                     ; no            ; no             ; no              ; no         ; no       ; Off          ; LVTTL        ; 24mA             ; Off         ; Fitter               ;
; M[12] ; E15   ; 3        ; 12           ; 31           ; 3           ; no              ; no                     ; no            ; no             ; no              ; no         ; no       ; Off          ; LVTTL        ; 24mA             ; Off         ; Fitter               ;
; M[13] ; G16   ; 3        ; 9            ; 31           ; 2           ; no              ; no                     ; no            ; no             ; no              ; no         ; no       ; Off          ; LVTTL        ; 24mA             ; Off         ; Fitter               ;
; M[14] ; A17   ; 3        ; 7            ; 31           ; 5           ; no              ; no                     ; no            ; no             ; no              ; no         ; no       ; Off          ; LVTTL        ; 24mA             ; Off         ; Fitter               ;
; M[15] ; D15   ; 3        ; 12           ; 31           ; 2           ; no              ; no                     ; no            ; no             ; no              ; no         ; no       ; Off          ; LVTTL        ; 24mA             ; Off         ; Fitter               ;
; M[16] ; E17   ; 3        ; 7            ; 31           ; 2           ; no              ; no                     ; no            ; no             ; no              ; no         ; no       ; Off          ; LVTTL        ; 24mA             ; Off         ; Fitter               ;
; M[17] ; J15   ; 3        ; 17           ; 31           ; 5           ; no              ; no                     ; no            ; no             ; no              ; no         ; no       ; Off          ; LVTTL        ; 24mA             ; Off         ; Fitter               ;
; M[18] ; J16   ; 3        ; 12           ; 31           ; 5           ; no              ; no                     ; no            ; no             ; no              ; no         ; no       ; Off          ; LVTTL        ; 24mA             ; Off         ; Fitter               ;
; M[19] ; F15   ; 3        ; 12           ; 31           ; 0           ; no              ; no                     ; no            ; no             ; no              ; no         ; no       ; Off          ; LVTTL        ; 24mA             ; Off         ; Fitter               ;
; M[1]  ; C15   ; 3        ; 17           ; 31           ; 4           ; no              ; no                     ; no            ; no             ; no              ; no         ; no       ; Off          ; LVTTL        ; 24mA             ; Off         ; Fitter               ;
; M[20] ; E16   ; 3        ; 9            ; 31           ; 5           ; no              ; no                     ; no            ; no             ; no              ; no         ; no       ; Off          ; LVTTL        ; 24mA             ; Off         ; Fitter               ;
; M[21] ; D16   ; 3        ; 9            ; 31           ; 1           ; no              ; no                     ; no            ; no             ; no              ; no         ; no       ; Off          ; LVTTL        ; 24mA             ; Off         ; Fitter               ;
; M[22] ; B15   ; 3        ; 12           ; 31           ; 1           ; no              ; no                     ; no            ; no             ; no              ; no         ; no       ; Off          ; LVTTL        ; 24mA             ; Off         ; Fitter               ;
; M[23] ; F14   ; 3        ; 17           ; 31           ; 3           ; no              ; no                     ; no            ; no             ; no              ; no         ; no       ; Off          ; LVTTL        ; 24mA             ; Off         ; Fitter               ;
; M[24] ; D14   ; 3        ; 17           ; 31           ; 2           ; no              ; no                     ; no            ; no             ; no              ; no         ; no       ; Off          ; LVTTL        ; 24mA             ; Off         ; Fitter               ;
; M[2]  ; G14   ; 3        ; 19           ; 31           ; 5           ; no              ; no                     ; no            ; no             ; no              ; no         ; no       ; Off          ; LVTTL        ; 24mA             ; Off         ; Fitter               ;
; M[3]  ; C18   ; 3        ; 5            ; 31           ; 4           ; no              ; no                     ; no            ; no             ; no              ; no         ; no       ; Off          ; LVTTL        ; 24mA             ; Off         ; Fitter               ;
; M[4]  ; B18   ; 3        ; 5            ; 31           ; 0           ; no              ; no                     ; no            ; no             ; no              ; no         ; no       ; Off          ; LVTTL        ; 24mA             ; Off         ; Fitter               ;
; M[5]  ; L16   ; 3        ; 17           ; 31           ; 1           ; no              ; no                     ; no            ; no             ; no              ; no         ; no       ; Off          ; LVTTL        ; 24mA             ; Off         ; Fitter               ;
; M[6]  ; K16   ; 3        ; 12           ; 31           ; 4           ; no              ; no                     ; no            ; no             ; no              ; no         ; no       ; Off          ; LVTTL        ; 24mA             ; Off         ; Fitter               ;
; M[7]  ; D13   ; 3        ; 21           ; 31           ; 1           ; no              ; no                     ; no            ; no             ; no              ; no         ; no       ; Off          ; LVTTL        ; 24mA             ; Off         ; Fitter               ;
; M[8]  ; A12   ; 9        ; 25           ; 31           ; 3           ; no              ; no                     ; no            ; no             ; no              ; no         ; no       ; Off          ; LVTTL        ; 24mA             ; Off         ; Fitter               ;
; M[9]  ; C14   ; 3        ; 21           ; 31           ; 3           ; no              ; no                     ; no            ; no             ; no              ; no         ; no       ; Off          ; LVTTL        ; 24mA             ; Off         ; Fitter               ;
; P1    ; C12   ; 9        ; 25           ; 31           ; 1           ; no              ; no                     ; no            ; no             ; no              ; no         ; no       ; Off          ; LVTTL        ; 24mA             ; Off         ; Fitter               ;
; P4    ; C13   ; 9        ; 25           ; 31           ; 4           ; no              ; no                     ; no            ; no             ; no              ; no         ; no       ; Off          ; LVTTL        ; 24mA             ; Off         ; Fitter               ;
; SE[1] ; K15   ; 3        ; 19           ; 31           ; 2           ; no              ; no                     ; no            ; no             ; no              ; no         ; no       ; Off          ; LVTTL        ; 24mA             ; Off         ; Fitter               ;
; SE[2] ; A15   ; 3        ; 19           ; 31           ; 1           ; no              ; no                     ; no            ; no             ; no              ; no         ; no       ; Off          ; LVTTL        ; 24mA             ; Off         ; Fitter               ;
; SE[3] ; D18   ; 3        ; 5            ; 31           ; 1           ; no              ; no                     ; no            ; no             ; no              ; no         ; no       ; Off          ; LVTTL        ; 24mA             ; Off         ; Fitter               ;
; SE[4] ; F17   ; 3        ; 7            ; 31           ; 0           ; no              ; no                     ; no            ; no             ; no              ; no         ; no       ; Off          ; LVTTL        ; 24mA             ; Off         ; Fitter               ;
; SE[5] ; M15   ; 3        ; 19           ; 31           ; 3           ; no              ; no                     ; no            ; no             ; no              ; no         ; no       ; Off          ; LVTTL        ; 24mA             ; Off         ; Fitter               ;
; SE[6] ; V17   ; 8        ; 7            ; 0            ; 2           ; no              ; no                     ; no            ; no             ; no              ; no         ; no       ; Off          ; LVTTL        ; 24mA             ; Off         ; Fitter               ;
; q[1]  ; L15   ; 3        ; 19           ; 31           ; 0           ; no              ; no                     ; no            ; no             ; no              ; no         ; no       ; Off          ; LVTTL        ; 24mA             ; Off         ; Fitter               ;
; q[2]  ; K14   ; 3        ; 19           ; 31           ; 4           ; no              ; no                     ; no            ; no             ; no              ; no         ; no       ; Off          ; LVTTL        ; 24mA             ; Off         ; Fitter               ;
; q[3]  ; E18   ; 3        ; 5            ; 31           ; 2           ; no              ; no                     ; no            ; no             ; no              ; no         ; no       ; Off          ; LVTTL        ; 24mA             ; Off         ; Fitter               ;
; q[4]  ; C17   ; 3        ; 7            ; 31           ; 1           ; no              ; no                     ; no            ; no             ; no              ; no         ; no       ; Off          ; LVTTL        ; 24mA             ; Off         ; Fitter               ;
; q[5]  ; E14   ; 3        ; 17           ; 31           ; 0           ; no              ; no                     ; no            ; no             ; no              ; no         ; no       ; Off          ; LVTTL        ; 24mA             ; Off         ; Fitter               ;
; q[6]  ; B16   ; 3        ; 9            ; 31           ; 3           ; no              ; no                     ; no            ; no             ; no              ; no         ; no       ; Off          ; LVTTL        ; 24mA             ; Off         ; Fitter               ;
+-------+-------+----------+--------------+--------------+-------------+-----------------+------------------------+---------------+----------------+-----------------+------------+----------+--------------+--------------+------------------+-------------+----------------------+


+------------------------------------------------------------+
; I/O Bank Usage                                             ;
+----------+------------------+---------------+--------------+
; I/O Bank ; Usage            ; VCCIO Voltage ; VREF Voltage ;
+----------+------------------+---------------+--------------+
; 1        ; 0 / 29 ( 0 % )   ; 3.3V          ; --           ;
; 2        ; 0 / 30 ( 0 % )   ; 3.3V          ; --           ;
; 3        ; 38 / 51 ( 74 % ) ; 3.3V          ; --           ;
; 4        ; 5 / 52 ( 9 % )   ; 3.3V          ; --           ;
; 5        ; 2 / 29 ( 6 % )   ; 3.3V          ; --           ;
; 6        ; 1 / 29 ( 3 % )   ; 3.3V          ; --           ;
; 7        ; 0 / 52 ( 0 % )   ; 3.3V          ; --           ;
; 8        ; 1 / 51 ( 1 % )   ; 3.3V          ; --           ;
; 9        ; 6 / 6 ( 100 % )  ; 3.3V          ; --           ;
; 11       ; 0 / 6 ( 0 % )    ; 3.3V          ; --           ;
+----------+------------------+---------------+--------------+


+---------------------------------------------------------------------------------------------------------------------------------------------+
; All Package Pins                                                                                                                            ;
+----------+------------+----------+---------------------------+--------+--------------+---------+------------+-------------+-----------------+
; Location ; Pad Number ; I/O Bank ; Pin Name/Usage            ; Dir.   ; I/O Standard ; Voltage ; I/O Type   ; Termination ; User Assignment ;
+----------+------------+----------+---------------------------+--------+--------------+---------+------------+-------------+-----------------+
; A1       ;            ;          ; VCCINT                    ; power  ;              ; 1.5V    ; --         ; --          ;                 ;
; A2       ;            ; 1        ; GND                       ; gnd    ;              ;         ; --         ; --          ;                 ;
; A3       ;            ; 4        ; VCCIO4                    ; power  ;              ; 3.3V    ; --         ; --          ;                 ;
; A4       ; 339        ; 4        ; GND*                      ;        ;              ;         ; Column I/O ; --          ;                 ;
; A5       ; 346        ; 4        ; GND*                      ;        ;              ;         ; Column I/O ; --          ;                 ;
; A6       ; 351        ; 4        ; GND*                      ;        ;              ;         ; Column I/O ; --          ;                 ;
; A7       ; 355        ; 4        ; GND*                      ;        ;              ;         ; Column I/O ; --          ;                 ;
; A8       ; 356        ; 4        ; GND*                      ;        ;              ;         ; Column I/O ; --          ;                 ;
; A9       ;            ; 1        ; GND                       ; gnd    ;              ;         ; --         ; --          ;                 ;
; A10      ;            ; 4        ; VCCIO4                    ; power  ;              ; 3.3V    ; --         ; --          ;                 ;
; A11      ; 389        ; 4        ; FZ                        ; input  ; LVTTL        ;         ; Column I/O ; Off         ; N               ;
; A12      ; 395        ; 9        ; M[8]                      ; output ; LVTTL        ;         ; Column I/O ; Off         ; N               ;
; A13      ;            ; 3        ; VCCIO3                    ; power  ;              ; 3.3V    ; --         ; --          ;                 ;
; A14      ;            ; 1        ; GND                       ; gnd    ;              ;         ; --         ; --          ;                 ;
; A15      ; 416        ; 3        ; SE[2]                     ; output ; LVTTL        ;         ; Column I/O ; Off         ; N               ;
; A16      ; 429        ; 3        ; M[10]                     ; output ; LVTTL        ;         ; Column I/O ; Off         ; N               ;
; A17      ; 436        ; 3        ; M[14]                     ; output ; LVTTL        ;         ; Column I/O ; Off         ; N               ;
; A18      ; 444        ; 3        ; GND*                      ;        ;              ;         ; Column I/O ; --          ;                 ;
; A19      ; 450        ; 3        ; GND*                      ;        ;              ;         ; Column I/O ; --          ;                 ;
; A20      ;            ; 3        ; VCCIO3                    ; power  ;              ; 3.3V    ; --         ; --          ;                 ;
; A21      ;            ; 1        ; GND                       ; gnd    ;              ;         ; --         ; --          ;                 ;
; A22      ;            ;          ; VCCINT                    ; power  ;              ; 1.5V    ; --         ; --          ;                 ;
; AA1      ;            ; 1        ; GND                       ; gnd    ;              ;         ; --         ; --          ;                 ;
; AA2      ; 225        ; 7        ; GND*                      ;        ;              ;         ; Column I/O ; --          ;                 ;
; AA3      ; 224        ; 7        ; GND*                      ;        ;              ;         ; Column I/O ; --          ;                 ;
; AA4      ; 220        ; 7        ; GND*                      ;        ;              ;         ; Column I/O ; --          ;                 ;
; AA5      ; 216        ; 7        ; GND*                      ;        ;              ;         ; Column I/O ; --          ;                 ;
; AA6      ; 210        ; 7        ; GND*                      ;        ;              ;         ; Column I/O ; --          ;                 ;
; AA7      ; 204        ; 7        ; GND*                      ;        ;              ;         ; Column I/O ; --          ;                 ;
; AA8      ; 187        ; 7        ; GND*                      ;        ;              ;         ; Column I/O ; --          ;                 ;
; AA9      ;            ; 1        ; NC                        ;        ;              ;         ; --         ; --          ;                 ;
; AA10     ;            ; 1        ; NC                        ;        ;              ;         ; --         ; --          ;                 ;
; AA11     ; 168        ; 7        ; GND+                      ;        ;              ;         ; Column I/O ; --          ;                 ;
; AA12     ; 165        ; 11       ; GND*                      ;        ;              ;         ; Column I/O ; --          ;                 ;
; AA13     ; 167        ; 11       ; GND*                      ;        ;              ;         ; Column I/O ; --          ;                 ;
; AA14     ; 153        ; 8        ; GND+                      ;        ;              ;         ; Column I/O ; --          ;                 ;
; AA15     ; 131        ; 8        ; GND*                      ;        ;              ;         ; Column I/O ; --          ;                 ;
; AA16     ; 125        ; 8        ; GND*                      ;        ;              ;         ; Column I/O ; --          ;                 ;
; AA17     ; 111        ; 8        ; GND*                      ;        ;              ;         ; Column I/O ; --          ;                 ;
; AA18     ; 109        ; 8        ; GND*                      ;        ;              ;         ; Column I/O ; --          ;                 ;
; AA19     ; 108        ; 8        ; GND*                      ;        ;              ;         ; Column I/O ; --          ;                 ;
; AA20     ; 103        ; 8        ; GND*                      ;        ;              ;         ; Column I/O ; --          ;                 ;
; AA21     ; 102        ; 8        ; GND*                      ;        ;              ;         ; Column I/O ; --          ;                 ;
; AA22     ;            ; 1        ; GND                       ; gnd    ;              ;         ; --         ; --          ;                 ;
; AB1      ;            ;          ; VCCINT                    ; power  ;              ; 1.5V    ; --         ; --          ;                 ;
; AB2      ;            ; 1        ; GND                       ; gnd    ;              ;         ; --         ; --          ;                 ;
; AB3      ;            ; 7        ; VCCIO7                    ; power  ;              ; 3.3V    ; --         ; --          ;                 ;
; AB4      ; 221        ; 7        ; GND*                      ;        ;              ;         ; Column I/O ; --          ;                 ;
; AB5      ; 213        ; 7        ; GND*                      ;        ;              ;         ; Column I/O ; --          ;                 ;
; AB6      ; 212        ; 7        ; GND*                      ;        ;              ;         ; Column I/O ; --          ;                 ;
; AB7      ; 203        ; 7        ; GND*                      ;        ;              ;         ; Column I/O ; --          ;                 ;
; AB8      ; 201        ; 7        ; GND*                      ;        ;              ;         ; Column I/O ; --          ;                 ;
; AB9      ;            ; 1        ; GND                       ; gnd    ;              ;         ; --         ; --          ;                 ;
; AB10     ;            ; 7        ; VCCIO7                    ; power  ;              ; 3.3V    ; --         ; --          ;                 ;
; AB11     ; 170        ; 7        ; GND+                      ;        ;              ;         ; Column I/O ; --          ;                 ;
; AB12     ; 164        ; 11       ; GND*                      ;        ;              ;         ; Column I/O ; --          ;                 ;
; AB13     ;            ; 8        ; VCCIO8                    ; power  ;              ; 3.3V    ; --         ; --          ;                 ;
; AB14     ;            ; 1        ; GND                       ; gnd    ;              ;         ; --         ; --          ;                 ;
; AB15     ; 132        ; 8        ; GND*                      ;        ;              ;         ; Column I/O ; --          ;                 ;
; AB16     ; 129        ; 8        ; GND*                      ;        ;              ;         ; Column I/O ; --          ;                 ;
; AB17     ; 118        ; 8        ; GND*                      ;        ;              ;         ; Column I/O ; --          ;                 ;
; AB18     ; 113        ; 8        ; GND*                      ;        ;              ;         ; Column I/O ; --          ;                 ;
; AB19     ; 110        ; 8        ; GND*                      ;        ;              ;         ; Column I/O ; --          ;                 ;
; AB20     ;            ; 8        ; VCCIO8                    ; power  ;              ; 3.3V    ; --         ; --          ;                 ;
; AB21     ;            ; 1        ; GND                       ; gnd    ;              ;         ; --         ; --          ;                 ;
; AB22     ;            ;          ; VCCINT                    ; power  ;              ; 1.5V    ; --         ; --          ;                 ;
; B1       ;            ; 1        ; GND                       ; gnd    ;              ;         ; --         ; --          ;                 ;
; B2       ; 332        ; 4        ; GND*                      ;        ;              ;         ; Column I/O ; --          ;                 ;
; B3       ; 331        ; 4        ; GND*                      ;        ;              ;         ; Column I/O ; --          ;                 ;
; B4       ; 335        ; 4        ; GND*                      ;        ;              ;         ; Column I/O ; --          ;                 ;
; B5       ; 345        ; 4        ; GND*                      ;        ;              ;         ; Column I/O ; --          ;                 ;
; B6       ; 353        ; 4        ; GND*                      ;        ;              ;         ; Column I/O ; --          ;                 ;
; B7       ; 350        ; 4        ; GND*                      ;        ;              ;         ; Column I/O ; --          ;                 ;
; B8       ; 367        ; 4        ; GND*                      ;        ;              ;         ; Column I/O ; --          ;                 ;
; B9       ;            ; 1        ; NC                        ;        ;              ;         ; --         ; --          ;                 ;
; B10      ;            ; 1        ; NC                        ;        ;              ;         ; --         ; --          ;                 ;
; B11      ; 391        ; 4        ; I[5]                      ; input  ; LVTTL        ;         ; Column I/O ; Off         ; N               ;
; B12      ; 394        ; 9        ; SWA                       ; input  ; LVTTL        ;         ; Column I/O ; Off         ; N               ;
; B13      ; 393        ; 9        ; I[3]                      ; input  ; LVTTL        ;         ; Column I/O ; Off         ; N               ;
; B14      ; 406        ; 3        ; I[4]                      ; input  ; LVTTL        ;         ; Column I/O ; Off         ; N               ;
; B15      ; 428        ; 3        ; M[22]                     ; output ; LVTTL        ;         ; Column I/O ; Off         ; N               ;
; B16      ; 432        ; 3        ; q[6]                      ; output ; LVTTL        ;         ; Column I/O ; Off         ; N               ;
; B17      ; 438        ; 3        ; I[6]                      ; input  ; LVTTL        ;         ; Column I/O ; Off         ; N               ;
; B18      ; 445        ; 3        ; M[4]                      ; output ; LVTTL        ;         ; Column I/O ; Off         ; N               ;
; B19      ; 451        ; 3        ; GND*                      ;        ;              ;         ; Column I/O ; --          ;                 ;
; B20      ; 455        ; 3        ; GND*                      ;        ;              ;         ; Column I/O ; --          ;                 ;
; B21      ; 456        ; 3        ; GND*                      ;        ;              ;         ; Column I/O ; --          ;                 ;
; B22      ;            ; 1        ; GND                       ; gnd    ;              ;         ; --         ; --          ;                 ;
; C1       ;            ; 5        ; VCCIO5                    ; power  ;              ; 3.3V    ; --         ; --          ;                 ;
; C2       ; 334        ; 4        ; GND*                      ;        ;              ;         ; Column I/O ; --          ;                 ;
; C3       ; 336        ; 4        ; GND*                      ;        ;              ;         ; Column I/O ; --          ;                 ;
; C4       ; 337        ; 4        ; GND*                      ;        ;              ;         ; Column I/O ; --          ;                 ;
; C5       ; 343        ; 4        ; GND*                      ;        ;              ;         ; Column I/O ; --          ;                 ;
; C6       ; 347        ; 4        ; GND*                      ;        ;              ;         ; Column I/O ; --          ;                 ;
; C7       ; 358        ; 4        ; GND*                      ;        ;              ;         ; Column I/O ; --          ;                 ;
; C8       ; 364        ; 4        ; GND*                      ;        ;              ;         ; Column I/O ; --          ;                 ;
; C9       ; 368        ; 4        ; GND*                      ;        ;              ;         ; Column I/O ; --          ;                 ;
; C10      ;            ; 1        ; NC                        ;        ;              ;         ; --         ; --          ;                 ;
; C11      ;            ; 1        ; NC                        ;        ;              ;         ; --         ; --          ;                 ;
; C12      ; 397        ; 9        ; P1                        ; output ; LVTTL        ;         ; Column I/O ; Off         ; N               ;
; C13      ; 392        ; 9        ; P4                        ; output ; LVTTL        ;         ; Column I/O ; Off         ; N               ;
; C14      ; 407        ; 3        ; M[9]                      ; output ; LVTTL        ;         ; Column I/O ; Off         ; N               ;
; C15      ; 417        ; 3        ; M[1]                      ; output ; LVTTL        ;         ; Column I/O ; Off         ; N               ;
; C16      ; 433        ; 3        ; M[11]                     ; output ; LVTTL        ;         ; Column I/O ; Off         ; N               ;
; C17      ; 440        ; 3        ; q[4]                      ; output ; LVTTL        ;         ; Column I/O ; Off         ; N               ;
; C18      ; 441        ; 3        ; M[3]                      ; output ; LVTTL        ;         ; Column I/O ; Off         ; N               ;
; C19      ; 452        ; 3        ; GND*                      ;        ;              ;         ; Column I/O ; --          ;                 ;
; C20      ; 457        ; 3        ; GND*                      ;        ;              ;         ; Column I/O ; --          ;                 ;
; C21      ; 453        ; 3        ; GND*                      ;        ;              ;         ; Column I/O ; --          ;                 ;
; C22      ;            ; 2        ; VCCIO2                    ; power  ;              ; 3.3V    ; --         ; --          ;                 ;
; D1       ; 329        ; 5        ; GND*                      ;        ;              ;         ; Row I/O    ; --          ;                 ;
; D2       ; 328        ; 5        ; GND*                      ;        ;              ;         ; Row I/O    ; --          ;                 ;
; D3       ; 333        ; 4        ; GND*                      ;        ;              ;         ; Column I/O ; --          ;                 ;
; D4       ; 338        ; 4        ; GND*                      ;        ;              ;         ; Column I/O ; --          ;                 ;
; D5       ; 344        ; 4        ; GND*                      ;        ;              ;         ; Column I/O ; --          ;                 ;
; D6       ; 349        ; 4        ; GND*                      ;        ;              ;         ; Column I/O ; --          ;                 ;
; D7       ; 357        ; 4        ; GND*                      ;        ;              ;         ; Column I/O ; --          ;                 ;
; D8       ; 366        ; 4        ; GND*                      ;        ;              ;         ; Column I/O ; --          ;                 ;
; D9       ; 369        ; 4        ; GND*                      ;        ;              ;         ; Column I/O ; --          ;                 ;
; D10      ;            ; 1        ; NC                        ;        ;              ;         ; --         ; --          ;                 ;
; D11      ;            ; 1        ; NC                        ;        ;              ;         ; --         ; --          ;                 ;
; D12      ; 396        ; 9        ; T4                        ; input  ; LVTTL        ;         ; Column I/O ; Off         ; N               ;
; D13      ; 409        ; 3        ; M[7]                      ; output ; LVTTL        ;         ; Column I/O ; Off         ; N               ;
; D14      ; 419        ; 3        ; M[24]                     ; output ; LVTTL        ;         ; Column I/O ; Off         ; N               ;
; D15      ; 425        ; 3        ; M[15]                     ; output ; LVTTL        ;         ; Column I/O ; Off         ; N               ;
; D16      ; 434        ; 3        ; M[21]                     ; output ; LVTTL        ;         ; Column I/O ; Off         ; N               ;
; D17      ; 442        ; 3        ; GND*                      ;        ;              ;         ; Column I/O ; --          ;                 ;
; D18      ; 446        ; 3        ; SE[3]                     ; output ; LVTTL        ;         ; Column I/O ; Off         ; N               ;
; D19      ; 454        ; 3        ; GND*                      ;        ;              ;         ; Column I/O ; --          ;                 ;
; D20      ; 458        ; 3        ; GND*                      ;        ;              ;         ; Column I/O ; --          ;                 ;
; D21      ; 1          ; 2        ; GND*                      ;        ;              ;         ; Row I/O    ; --          ;                 ;
; D22      ; 0          ; 2        ; GND*                      ;        ;              ;         ; Row I/O    ; --          ;                 ;
; E1       ; 324        ; 5        ; GND*                      ;        ;              ;         ; Row I/O    ; --          ;                 ;
; E2       ; 325        ; 5        ; GND*                      ;        ;              ;         ; Row I/O    ; --          ;                 ;
; E3       ;            ; 1        ; NC                        ;        ;              ;         ; --         ; --          ;                 ;
; E4       ;            ; 1        ; NC                        ;        ;              ;         ; --         ; --          ;                 ;
; E5       ; 348        ; 4        ; GND*                      ;        ;              ;         ; Column I/O ; --          ;                 ;
; E6       ; 352        ; 4        ; GND*                      ;        ;              ;         ; Column I/O ; --          ;                 ;
; E7       ; 360        ; 4        ; GND*                      ;        ;              ;         ; Column I/O ; --          ;                 ;
; E8       ; 363        ; 4        ; GND*                      ;        ;              ;         ; Column I/O ; --          ;                 ;
; E9       ; 371        ; 4        ; GND*                      ;        ;              ;         ; Column I/O ; --          ;                 ;
; E10      ;            ; 1        ; NC                        ;        ;              ;         ; --         ; --          ;                 ;
; E11      ;            ; 1        ; NC                        ;        ;              ;         ; --         ; --          ;                 ;
; E12      ;            ; 1        ; NC                        ;        ;              ;         ; --         ; --          ;                 ;
; E13      ; 408        ; 3        ; FC                        ; input  ; LVTTL        ;         ; Column I/O ; Off         ; N               ;
; E14      ; 421        ; 3        ; q[5]                      ; output ; LVTTL        ;         ; Column I/O ; Off         ; N               ;
; E15      ; 426        ; 3        ; M[12]                     ; output ; LVTTL        ;         ; Column I/O ; Off         ; N               ;
; E16      ; 430        ; 3        ; M[20]                     ; output ; LVTTL        ;         ; Column I/O ; Off         ; N               ;
; E17      ; 437        ; 3        ; M[16]                     ; output ; LVTTL        ;         ; Column I/O ; Off         ; N               ;
; E18      ; 443        ; 3        ; q[3]                      ; output ; LVTTL        ;         ; Column I/O ; Off         ; N               ;
; E19      ; 2          ; 2        ; GND*                      ;        ;              ;         ; Row I/O    ; --          ;                 ;
; E20      ; 3          ; 2        ; GND*                      ;        ;              ;         ; Row I/O    ; --          ;                 ;
; E21      ; 4          ; 2        ; GND*                      ;        ;              ;         ; Row I/O    ; --          ;                 ;
; E22      ; 5          ; 2        ; GND*                      ;        ;              ;         ; Row I/O    ; --          ;                 ;
; F1       ; 299        ; 5        ; GND*                      ;        ;              ;         ; Row I/O    ; --          ;                 ;
; F2       ; 300        ; 5        ; GND*                      ;        ;              ;         ; Row I/O    ; --          ;                 ;
; F3       ; 326        ; 5        ; GND*                      ;        ;              ;         ; Row I/O    ; --          ;                 ;
; F4       ; 327        ; 5        ; GND*                      ;        ;              ;         ; Row I/O    ; --          ;                 ;
; F5       ; 322        ; 5        ; GND*                      ;        ;              ;         ; Row I/O    ; --          ;                 ;
; F6       ; 359        ; 4        ; GND*                      ;        ;              ;         ; Column I/O ; --          ;                 ;
; F7       ; 354        ; 4        ; GND*                      ;        ;              ;         ; Column I/O ; --          ;                 ;
; F8       ; 365        ; 4        ; GND*                      ;        ;              ;         ; Column I/O ; --          ;                 ;
; F9       ; 372        ; 4        ; GND*                      ;        ;              ;         ; Column I/O ; --          ;                 ;
; F10      ; 376        ; 4        ; GND*                      ;        ;              ;         ; Column I/O ; --          ;                 ;
; F11      ;            ; 1        ; VCCG_PLL5                 ; power  ;              ; 1.5V    ; --         ; --          ;                 ;
; F12      ;            ; 1        ; GNDA_PLL5                 ; gnd    ;              ;         ; --         ; --          ;                 ;
; F13      ;            ; 9        ; VCC_PLL5_OUTA             ; power  ;              ; 3.3V    ; --         ; --          ;                 ;
; F14      ; 420        ; 3        ; M[23]                     ; output ; LVTTL        ;         ; Column I/O ; Off         ; N               ;
; F15      ; 427        ; 3        ; M[19]                     ; output ; LVTTL        ;         ; Column I/O ; Off         ; N               ;
; F16      ; 435        ; 3        ; I[7]                      ; input  ; LVTTL        ;         ; Column I/O ; Off         ; N               ;
; F17      ; 439        ; 3        ; SE[4]                     ; output ; LVTTL        ;         ; Column I/O ; Off         ; N               ;
; F18      ; 7          ; 2        ; GND*                      ;        ;              ;         ; Row I/O    ; --          ;                 ;
; F19      ;            ; 1        ; NC                        ;        ;              ;         ; --         ; --          ;                 ;
; F20      ;            ; 1        ; NC                        ;        ;              ;         ; --         ; --          ;                 ;
; F21      ; 29         ; 2        ; GND*                      ;        ;              ;         ; Row I/O    ; --          ;                 ;
; F22      ; 30         ; 2        ; GND*                      ;        ;              ;         ; Row I/O    ; --          ;                 ;
; G1       ; 296        ; 5        ; GND*                      ;        ;              ;         ; Row I/O    ; --          ;                 ;
; G2       ; 295        ; 5        ; GND*                      ;        ;              ;         ; Row I/O    ; --          ;                 ;
; G3       ; 313        ; 5        ; GND*                      ;        ;              ;         ; Row I/O    ; --          ;                 ;
; G4       ; 314        ; 5        ; GND*                      ;        ;              ;         ; Row I/O    ; --          ;                 ;
; G5       ; 318        ; 5        ; GND*                      ;        ;              ;         ; Row I/O    ; --          ;                 ;
; G6       ;            ; 1        ; GND                       ; gnd    ;              ;         ; --         ; --          ;                 ;
; G7       ; 330        ; 4        ; GND*                      ;        ;              ;         ; Column I/O ; --          ;                 ;
; G8       ; 361        ; 4        ; GND*                      ;        ;              ;         ; Column I/O ; --          ;                 ;
; G9       ; 384        ; 4        ; SWB                       ; input  ; LVTTL        ;         ; Column I/O ; Off         ; N               ;
; G10      ; 380        ; 4        ; #TMS                      ; input  ;              ;         ; --         ; --          ;                 ;
; G11      ;            ; 1        ; GNDG_PLL5                 ; gnd    ;              ;         ; --         ; --          ;                 ;
; G12      ;            ; 1        ; TEMPDIODEp                ;        ;              ;         ; --         ; --          ;                 ;
; G13      ;            ; 1        ; VCCA_PLL5                 ; power  ;              ; 1.5V    ; --         ; --          ;                 ;
; G14      ; 412        ; 3        ; M[2]                      ; output ; LVTTL        ;         ; Column I/O ; Off         ; N               ;
; G15      ;            ; 1        ; GND                       ;        ;              ;         ; --         ; --          ;                 ;
; G16      ; 431        ; 3        ; M[13]                     ; output ; LVTTL        ;         ; Column I/O ; Off         ; N               ;
; G17      ;            ; 1        ; GND                       ; gnd    ;              ;         ; --         ; --          ;                 ;
; G18      ; 11         ; 2        ; GND*                      ;        ;              ;         ; Row I/O    ; --          ;                 ;
; G19      ; 15         ; 2        ; GND*                      ;        ;              ;         ; Row I/O    ; --          ;                 ;
; G20      ; 16         ; 2        ; GND*                      ;        ;              ;         ; Row I/O    ; --          ;                 ;
; G21      ; 34         ; 2        ; GND*                      ;        ;              ;         ; Row I/O    ; --          ;                 ;
; G22      ; 33         ; 2        ; GND*                      ;        ;              ;         ; Row I/O    ; --          ;                 ;
; H1       ; 290        ; 5        ; GND*                      ;        ;              ;         ; Row I/O    ; --          ;                 ;
; H2       ; 291        ; 5        ; GND*                      ;        ;              ;         ; Row I/O    ; --          ;                 ;
; H3       ; 301        ; 5        ; GND*                      ;        ;              ;         ; Row I/O    ; --          ;                 ;
; H4       ; 302        ; 5        ; GND*                      ;        ;              ;         ; Row I/O    ; --          ;                 ;
; H5       ; 317        ; 5        ; GND                       ;        ;              ;         ; --         ; --          ;                 ;
; H6       ; 342        ; 4        ; GND                       ;        ;              ;         ; --         ; --          ;                 ;
; H7       ; 373        ; 4        ; GND                       ;        ;              ;         ; --         ; --          ;                 ;
; H8       ; 362        ; 4        ; GND*                      ;        ;              ;         ; Column I/O ; --          ;                 ;
; H9       ;            ; 1        ; NC                        ;        ;              ;         ; --         ; --          ;                 ;
; H10      ; 379        ; 4        ; GND*                      ;        ;              ;         ; Column I/O ; --          ;                 ;
; H11      ; 387        ; 4        ; #TDO                      ; output ;              ;         ; --         ; --          ;                 ;
; H12      ;            ; 1        ; TEMPDIODEn                ;        ;              ;         ; --         ; --          ;                 ;
; H13      ; 403        ; 3        ; ^nCONFIG                  ;        ;              ;         ; --         ; --          ;                 ;
; H14      ; 410        ; 3        ; GND                       ;        ;              ;         ; --         ; --          ;                 ;
; H15      ; 447        ; 3        ; GND                       ;        ;              ;         ; --         ; --          ;                 ;
; H16      ;            ; 1        ; NC                        ;        ;              ;         ; --         ; --          ;                 ;
; H17      ; 24         ; 2        ; GND*                      ;        ;              ;         ; Row I/O    ; --          ;                 ;
; H18      ; 12         ; 2        ; GND                       ;        ;              ;         ; --         ; --          ;                 ;
; H19      ; 27         ; 2        ; GND*                      ;        ;              ;         ; Row I/O    ; --          ;                 ;
; H20      ; 28         ; 2        ; GND*                      ;        ;              ;         ; Row I/O    ; --          ;                 ;
; H21      ; 38         ; 2        ; GND*                      ;        ;              ;         ; Row I/O    ; --          ;                 ;
; H22      ; 39         ; 2        ; GND*                      ;        ;              ;         ; Row I/O    ; --          ;                 ;
; J1       ;            ; 1        ; GND                       ; gnd    ;              ;         ; --         ; --          ;                 ;
; J2       ; 288        ; 5        ; GND*                      ;        ;              ;         ; Row I/O    ; --          ;                 ;
; J3       ; 289        ; 5        ; GND*                      ;        ;              ;         ; Row I/O    ; --          ;                 ;
; J4       ; 305        ; 5        ; GND*                      ;        ;              ;         ; Row I/O    ; --          ;                 ;
; J5       ; 292        ; 5        ; GND                       ;        ;              ;         ; --         ; --          ;                 ;
; J6       ; 309        ; 5        ; GND*                      ;        ;              ;         ; Row I/O    ; --          ;                 ;
; J7       ; 340        ; 4        ; GND*                      ;        ;              ;         ; Column I/O ; --          ;                 ;
; J8       ; 374        ; 4        ; GND*                      ;        ;              ;         ; Column I/O ; --          ;                 ;
; J9       ; 378        ; 4        ; GND*                      ;        ;              ;         ; Column I/O ; --          ;                 ;
; J10      ; 381        ; 4        ; #TRST                     ; input  ;              ;         ; --         ; --          ;                 ;
; J11      ; 386        ; 4        ; #TDI                      ; input  ;              ;         ; --         ; --          ;                 ;
; J12      ; 402        ; 3        ; ^nSTATUS                  ;        ;              ;         ; --         ; --          ;                 ;
; J13      ; 404        ; 3        ; ^DCLK                     ;        ;              ;         ; --         ; --          ;                 ;
; J14      ; 448        ; 3        ; GND*                      ;        ;              ;         ; Column I/O ; --          ;                 ;
; J15      ; 418        ; 3        ; M[17]                     ; output ; LVTTL        ;         ; Column I/O ; Off         ; N               ;
; J16      ; 424        ; 3        ; M[18]                     ; output ; LVTTL        ;         ; Column I/O ; Off         ; N               ;
; J17      ; 14         ; 2        ; GND*                      ;        ;              ;         ; Row I/O    ; --          ;                 ;
; J18      ; 37         ; 2        ; GND                       ;        ;              ;         ; --         ; --          ;                 ;
; J19      ; 20         ; 2        ; GND*                      ;        ;              ;         ; Row I/O    ; --          ;                 ;
; J20      ; 40         ; 2        ; GND*                      ;        ;              ;         ; Row I/O    ; --          ;                 ;
; J21      ; 41         ; 2        ; GND*                      ;        ;              ;         ; Row I/O    ; --          ;                 ;
; J22      ;            ; 1        ; GND                       ; gnd    ;              ;         ; --         ; --          ;                 ;
; K1       ;            ; 5        ; VCCIO5                    ; power  ;              ; 3.3V    ; --         ; --          ;                 ;
; K2       ; 284        ; 5        ; GND*                      ;        ;              ;         ; Row I/O    ; --          ;                 ;
; K3       ; 285        ; 5        ; GND*                      ;        ;              ;         ; Row I/O    ; --          ;                 ;
; K4       ;            ; 1        ; VCCA_PLL4                 ; power  ;              ; 1.5V    ; --         ; --          ;                 ;
; K5       ;            ; 1        ; VCCG_PLL4                 ; power  ;              ; 1.5V    ; --         ; --          ;                 ;
; K6       ; 297        ; 5        ; GND*                      ;        ;              ;         ; Row I/O    ; --          ;                 ;
; K7       ; 341        ; 4        ; GND*                      ;        ;              ;         ; Column I/O ; --          ;                 ;
; K8       ; 375        ; 4        ; GND*                      ;        ;              ;         ; Column I/O ; --          ;                 ;
; K9       ; 382        ; 4        ; #TCK                      ; input  ;              ;         ; --         ; --          ;                 ;
; K10      ; 383        ; 4        ; I[2]                      ; input  ; LVTTL        ;         ; Column I/O ; Off         ; N               ;
; K11      ;            ; 1        ; GND                       ; gnd    ;              ;         ; --         ; --          ;                 ;
; K12      ;            ;          ; VCCINT                    ; power  ;              ; 1.5V    ; --         ; --          ;                 ;
; K13      ; 405        ; 3        ; ^CONF_DONE                ;        ;              ;         ; --         ; --          ;                 ;
; K14      ; 411        ; 3        ; q[2]                      ; output ; LVTTL        ;         ; Column I/O ; Off         ; N               ;
; K15      ; 413        ; 3        ; SE[1]                     ; output ; LVTTL        ;         ; Column I/O ; Off         ; N               ;
; K16      ; 423        ; 3        ; M[6]                      ; output ; LVTTL        ;         ; Column I/O ; Off         ; N               ;
; K17      ; 32         ; 2        ; GND*                      ;        ;              ;         ; Row I/O    ; --          ;                 ;
; K18      ;            ; 1        ; VCCG_PLL1                 ; power  ;              ; 1.5V    ; --         ; --          ;                 ;
; K19      ;            ; 1        ; VCCA_PLL1                 ; power  ;              ; 1.5V    ; --         ; --          ;                 ;
; K20      ; 44         ; 2        ; GND*                      ;        ;              ;         ; Row I/O    ; --          ;                 ;
; K21      ; 45         ; 2        ; GND*                      ;        ;              ;         ; Row I/O    ; --          ;                 ;
; K22      ;            ; 2        ; VCCIO2                    ; power  ;              ; 3.3V    ; --         ; --          ;                 ;
; L1       ; 283        ; 5        ; GND+                      ;        ;              ;         ; Row I/O    ; --          ;                 ;
; L2       ; 282        ; 5        ; T1                        ; input  ; LVTTL        ;         ; Row I/O    ; Off         ; N               ;
; L3       ; 280        ; 5        ; T2                        ; input  ; LVTTL        ;         ; Row I/O    ; Off         ; N               ;
; L4       ;            ; 1        ; GNDA_PLL4                 ; gnd    ;              ;         ; --         ; --          ;                 ;
; L5       ;            ; 1        ; GNDG_PLL4                 ; gnd    ;              ;         ; --         ; --          ;                 ;
; L6       ; 293        ; 5        ; GND*                      ;        ;              ;         ; Row I/O    ; --          ;                 ;
; L7       ; 370        ; 4        ; GND*                      ;        ;              ;         ; Column I/O ; --          ;                 ;
; L8       ; 377        ; 4        ; +~DATA0~ / RESERVED_INPUT ; input  ; LVTTL        ;         ; Column I/O ; Off         ; N               ;
; L9       ;            ;          ; VCCINT                    ; power  ;              ; 1.5V    ; --         ; --          ;                 ;
; L10      ;            ; 1        ; GND                       ; gnd    ;              ;         ; --         ; --          ;                 ;
; L11      ;            ;          ; VCCINT                    ; power  ;              ; 1.5V    ; --         ; --          ;                 ;
; L12      ;            ; 1        ; GND                       ; gnd    ;              ;         ; --         ; --          ;                 ;
; L13      ;            ;          ; VCCINT                    ; power  ;              ; 1.5V    ; --         ; --          ;                 ;
; L14      ;            ; 1        ; GND                       ; gnd    ;              ;         ; --         ; --          ;                 ;
; L15      ; 415        ; 3        ; q[1]                      ; output ; LVTTL        ;         ; Column I/O ; Off         ; N               ;
; L16      ; 422        ; 3        ; M[5]                      ; output ; LVTTL        ;         ; Column I/O ; Off         ; N               ;
; L17      ; 35         ; 2        ; GND*                      ;        ;              ;         ; Row I/O    ; --          ;                 ;
; L18      ;            ; 1        ; GNDG_PLL1                 ; gnd    ;              ;         ; --         ; --          ;                 ;
; L19      ;            ; 1        ; GNDA_PLL1                 ; gnd    ;              ;         ; --         ; --          ;                 ;
; L20      ; 49         ; 2        ; GND+                      ;        ;              ;         ; Row I/O    ; --          ;                 ;
; L21      ; 47         ; 2        ; GND+                      ;        ;              ;         ; Row I/O    ; --          ;                 ;
; L22      ; 46         ; 2        ; GND+                      ;        ;              ;         ; Row I/O    ; --          ;                 ;
; M1       ; 278        ; 6        ; GND+                      ;        ;              ;         ; Row I/O    ; --          ;                 ;
; M2       ; 279        ; 6        ; RST1                      ; input  ; LVTTL        ;         ; Row I/O    ; Off         ; N               ;
; M3       ; 277        ; 6        ; GND+                      ;        ;              ;         ; Row I/O    ; --          ;                 ;
; M4       ;            ; 1        ; GNDA_PLL3                 ; gnd    ;              ;         ; --         ; --          ;                 ;
; M5       ;            ; 1        ; VCCA_PLL3                 ; power  ;              ; 1.5V    ; --         ; --          ;                 ;
; M6       ; 263        ; 6        ; GND*                      ;        ;              ;         ; Row I/O    ; --          ;                 ;
; M7       ; 198        ; 7        ; GND*                      ;        ;              ;         ; Column I/O ; --          ;                 ;
; M8       ; 183        ; 7        ; GND*                      ;        ;              ;         ; Column I/O ; --          ;                 ;
; M9       ;            ; 1        ; GND                       ; gnd    ;              ;         ; --         ; --          ;                 ;
; M10      ;            ;          ; VCCINT                    ; power  ;              ; 1.5V    ; --         ; --          ;                 ;
; M11      ;            ; 1        ; GND                       ; gnd    ;              ;         ; --         ; --          ;                 ;
; M12      ;            ;          ; VCCINT                    ; power  ;              ; 1.5V    ; --         ; --          ;                 ;
; M13      ;            ; 1        ; GND                       ; gnd    ;              ;         ; --         ; --          ;                 ;
; M14      ;            ;          ; VCCINT                    ; power  ;              ; 1.5V    ; --         ; --          ;                 ;
; M15      ; 414        ; 3        ; SE[5]                     ; output ; LVTTL        ;         ; Column I/O ; Off         ; N               ;
; M16      ; 459        ; 3        ; GND*                      ;        ;              ;         ; Column I/O ; --          ;                 ;
; M17      ; 66         ; 1        ; GND*                      ;        ;              ;         ; Row I/O    ; --          ;                 ;
; M18      ;            ; 1        ; VCCA_PLL2                 ; power  ;              ; 1.5V    ; --         ; --          ;                 ;
; M19      ;            ; 1        ; GNDA_PLL2                 ; gnd    ;              ;         ; --         ; --          ;                 ;
; M20      ; 52         ; 1        ; GND+                      ;        ;              ;         ; Row I/O    ; --          ;                 ;
; M21      ; 50         ; 1        ; GND+                      ;        ;              ;         ; Row I/O    ; --          ;                 ;
; M22      ; 51         ; 1        ; GND+                      ;        ;              ;         ; Row I/O    ; --          ;                 ;
; N1       ;            ; 6        ; VCCIO6                    ; power  ;              ; 3.3V    ; --         ; --          ;                 ;
; N2       ; 273        ; 6        ; GND*                      ;        ;              ;         ; Row I/O    ; --          ;                 ;
; N3       ; 272        ; 6        ; GND*                      ;        ;              ;         ; Row I/O    ; --          ;                 ;
; N4       ;            ; 1        ; GNDG_PLL3                 ; gnd    ;              ;         ; --         ; --          ;                 ;
; N5       ;            ; 1        ; VCCG_PLL3                 ; power  ;              ; 1.5V    ; --         ; --          ;                 ;
; N6       ; 259        ; 6        ; GND*                      ;        ;              ;         ; Row I/O    ; --          ;                 ;
; N7       ; 218        ; 7        ; GND*                      ;        ;              ;         ; Column I/O ; --          ;                 ;
; N8       ; 185        ; 7        ; GND*                      ;        ;              ;         ; Column I/O ; --          ;                 ;
; N9       ; 177        ; 7        ; ^nIO_PULLUP               ;        ;              ;         ; --         ; --          ;                 ;
; N10      ; 176        ; 7        ; GND*                      ;        ;              ;         ; Column I/O ; --          ;                 ;
; N11      ;            ;          ; VCCINT                    ; power  ;              ; 1.5V    ; --         ; --          ;                 ;
; N12      ;            ; 1        ; GND                       ; gnd    ;              ;         ; --         ; --          ;                 ;
; N13      ; 128        ; 8        ; GND*                      ;        ;              ;         ; Column I/O ; --          ;                 ;
; N14      ; 140        ; 8        ; GND*                      ;        ;              ;         ; Column I/O ; --          ;                 ;
; N15      ; 144        ; 8        ; GND*                      ;        ;              ;         ; Column I/O ; --          ;                 ;
; N16      ; 126        ; 8        ; GND*                      ;        ;              ;         ; Column I/O ; --          ;                 ;
; N17      ; 70         ; 1        ; GND*                      ;        ;              ;         ; Row I/O    ; --          ;                 ;
; N18      ;            ; 1        ; VCCG_PLL2                 ; power  ;              ; 1.5V    ; --         ; --          ;                 ;
; N19      ;            ; 1        ; GNDG_PLL2                 ; gnd    ;              ;         ; --         ; --          ;                 ;
; N20      ; 57         ; 1        ; GND*                      ;        ;              ;         ; Row I/O    ; --          ;                 ;
; N21      ; 56         ; 1        ; GND*                      ;        ;              ;         ; Row I/O    ; --          ;                 ;
; N22      ;            ; 1        ; VCCIO1                    ; power  ;              ; 3.3V    ; --         ; --          ;                 ;
; P1       ;            ; 1        ; GND                       ; gnd    ;              ;         ; --         ; --          ;                 ;
; P2       ; 269        ; 6        ; GND*                      ;        ;              ;         ; Row I/O    ; --          ;                 ;
; P3       ; 268        ; 6        ; GND*                      ;        ;              ;         ; Row I/O    ; --          ;                 ;
; P4       ; 251        ; 6        ; GND*                      ;        ;              ;         ; Row I/O    ; --          ;                 ;
; P5       ; 267        ; 6        ; GND                       ;        ;              ;         ; --         ; --          ;                 ;
; P6       ; 247        ; 6        ; GND*                      ;        ;              ;         ; Row I/O    ; --          ;                 ;
; P7       ; 219        ; 7        ; GND*                      ;        ;              ;         ; Column I/O ; --          ;                 ;
; P8       ; 190        ; 7        ; GND*                      ;        ;              ;         ; Column I/O ; --          ;                 ;
; P9       ; 182        ; 7        ; GND*                      ;        ;              ;         ; Column I/O ; --          ;                 ;
; P10      ; 180        ; 7        ; GND*                      ;        ;              ;         ; Column I/O ; --          ;                 ;
; P11      ; 173        ; 7        ; ^nCEO                     ;        ;              ;         ; --         ; --          ;                 ;
; P12      ; 156        ; 8        ; ^MSEL1                    ;        ;              ;         ; --         ; --          ;                 ;
; P13      ; 148        ; 8        ; GND*                      ;        ;              ;         ; Column I/O ; --          ;                 ;
; P14      ; 146        ; 8        ; GND*                      ;        ;              ;         ; Column I/O ; --          ;                 ;
; P15      ; 143        ; 8        ; GND*                      ;        ;              ;         ; Column I/O ; --          ;                 ;
; P16      ; 135        ; 8        ; GND*                      ;        ;              ;         ; Column I/O ; --          ;                 ;
; P17      ; 82         ; 1        ; GND*                      ;        ;              ;         ; Row I/O    ; --          ;                 ;
; P18      ; 62         ; 1        ; GND                       ;        ;              ;         ; --         ; --          ;                 ;
; P19      ; 86         ; 1        ; GND*                      ;        ;              ;         ; Row I/O    ; --          ;                 ;
; P20      ; 61         ; 1        ; GND*                      ;        ;              ;         ; Row I/O    ; --          ;                 ;
; P21      ; 60         ; 1        ; GND*                      ;        ;              ;         ; Row I/O    ; --          ;                 ;
; P22      ;            ; 1        ; GND                       ; gnd    ;              ;         ; --         ; --          ;                 ;
; R1       ; 271        ; 6        ; GND*                      ;        ;              ;         ; Row I/O    ; --          ;                 ;
; R2       ; 270        ; 6        ; GND*                      ;        ;              ;         ; Row I/O    ; --          ;                 ;
; R3       ; 255        ; 6        ; GND*                      ;        ;              ;         ; Row I/O    ; --          ;                 ;
; R4       ; 256        ; 6        ; GND*                      ;        ;              ;         ; Row I/O    ; --          ;                 ;
; R5       ;            ; 1        ; NC                        ;        ;              ;         ; --         ; --          ;                 ;
; R6       ; 242        ; 6        ; GND                       ;        ;              ;         ; --         ; --          ;                 ;
; R7       ; 217        ; 7        ; GND                       ;        ;              ;         ; --         ; --          ;                 ;
; R8       ; 175        ; 7        ; GND*                      ;        ;              ;         ; Column I/O ; --          ;                 ;
; R9       ; 186        ; 7        ; GND                       ;        ;              ;         ; --         ; --          ;                 ;
; R10      ; 178        ; 7        ; ^VCCSEL                   ;        ;              ;         ; --         ; --          ;                 ;
; R11      ; 172        ; 7        ; ^nCE                      ;        ;              ;         ; --         ; --          ;                 ;
; R12      ; 157        ; 8        ; ^MSEL2                    ;        ;              ;         ; --         ; --          ;                 ;
; R13      ; 154        ; 8        ; PLL_ENA                   ;        ;              ;         ; --         ; --          ;                 ;
; R14      ;            ; 1        ; NC                        ;        ;              ;         ; --         ; --          ;                 ;
; R15      ; 134        ; 8        ; GND*                      ;        ;              ;         ; Column I/O ; --          ;                 ;
; R16      ; 149        ; 8        ; GND                       ;        ;              ;         ; --         ; --          ;                 ;
; R17      ; 87         ; 1        ; GND                       ;        ;              ;         ; --         ; --          ;                 ;
; R18      ; 112        ; 8        ; GND                       ;        ;              ;         ; --         ; --          ;                 ;
; R19      ; 74         ; 1        ; GND*                      ;        ;              ;         ; Row I/O    ; --          ;                 ;
; R20      ; 73         ; 1        ; GND*                      ;        ;              ;         ; Row I/O    ; --          ;                 ;
; R21      ; 59         ; 1        ; GND*                      ;        ;              ;         ; Row I/O    ; --          ;                 ;
; R22      ; 58         ; 1        ; GND*                      ;        ;              ;         ; Row I/O    ; --          ;                 ;
; T1       ; 266        ; 6        ; GND*                      ;        ;              ;         ; Row I/O    ; --          ;                 ;
; T2       ; 265        ; 6        ; GND*                      ;        ;              ;         ; Row I/O    ; --          ;                 ;
; T3       ; 244        ; 6        ; GND*                      ;        ;              ;         ; Row I/O    ; --          ;                 ;
; T4       ; 243        ; 6        ; GND*                      ;        ;              ;         ; Row I/O    ; --          ;                 ;
; T5       ; 234        ; 6        ; GND*                      ;        ;              ;         ; Row I/O    ; --          ;                 ;
; T6       ;            ; 1        ; GND                       ; gnd    ;              ;         ; --         ; --          ;                 ;
; T7       ; 229        ; 7        ; GND*                      ;        ;              ;         ; Column I/O ; --          ;                 ;
; T8       ; 197        ; 7        ; GND*                      ;        ;              ;         ; Column I/O ; --          ;                 ;
; T9       ; 184        ; 7        ; GND*                      ;        ;              ;         ; Column I/O ; --          ;                 ;
; T10      ; 181        ; 7        ; GND*                      ;        ;              ;         ; Column I/O ; --          ;                 ;
; T11      ;            ; 1        ; GNDG_PLL6                 ; gnd    ;              ;         ; --         ; --          ;                 ;
; T12      ;            ; 1        ; VCCA_PLL6                 ; power  ;              ; 1.5V    ; --         ; --          ;                 ;
; T13      ; 155        ; 8        ; ^MSEL0                    ;        ;              ;         ; --         ; --          ;                 ;
; T14      ; 147        ; 8        ; GND*                      ;        ;              ;         ; Column I/O ; --          ;                 ;
; T15      ; 136        ; 8        ; GND*                      ;        ;              ;         ; Column I/O ; --          ;                 ;
; T16      ; 119        ; 8        ; GND*                      ;        ;              ;         ; Column I/O ; --          ;                 ;
; T17      ;            ; 1        ; GND                       ; gnd    ;              ;         ; --         ; --          ;                 ;
; T18      ; 95         ; 1        ; GND*                      ;        ;              ;         ; Row I/O    ; --          ;                 ;
; T19      ; 78         ; 1        ; GND*                      ;        ;              ;         ; Row I/O    ; --          ;                 ;
; T20      ; 77         ; 1        ; GND*                      ;        ;              ;         ; Row I/O    ; --          ;                 ;
; T21      ; 64         ; 1        ; GND*                      ;        ;              ;         ; Row I/O    ; --          ;                 ;
; T22      ; 63         ; 1        ; GND*                      ;        ;              ;         ; Row I/O    ; --          ;                 ;
; U1       ; 261        ; 6        ; GND*                      ;        ;              ;         ; Row I/O    ; --          ;                 ;
; U2       ; 262        ; 6        ; GND*                      ;        ;              ;         ; Row I/O    ; --          ;                 ;
; U3       ;            ; 1        ; NC                        ;        ;              ;         ; --         ; --          ;                 ;
; U4       ;            ; 1        ; NC                        ;        ;              ;         ; --         ; --          ;                 ;
; U5       ; 238        ; 6        ; GND*                      ;        ;              ;         ; Row I/O    ; --          ;                 ;
; U6       ; 200        ; 7        ; GND*                      ;        ;              ;         ; Column I/O ; --          ;                 ;
; U7       ; 205        ; 7        ; GND*                      ;        ;              ;         ; Column I/O ; --          ;                 ;
; U8       ; 196        ; 7        ; GND*                      ;        ;              ;         ; Column I/O ; --          ;                 ;
; U9       ; 191        ; 7        ; GND*                      ;        ;              ;         ; Column I/O ; --          ;                 ;
; U10      ; 179        ; 7        ; ^PORSEL                   ;        ;              ;         ; --         ; --          ;                 ;
; U11      ;            ; 1        ; VCCG_PLL6                 ; power  ;              ; 1.5V    ; --         ; --          ;                 ;
; U12      ;            ; 1        ; GNDA_PLL6                 ; gnd    ;              ;         ; --         ; --          ;                 ;
; U13      ;            ; 11       ; VCC_PLL6_OUTA             ; power  ;              ; 3.3V    ; --         ; --          ;                 ;
; U14      ; 139        ; 8        ; GND*                      ;        ;              ;         ; Column I/O ; --          ;                 ;
; U15      ; 137        ; 8        ; GND*                      ;        ;              ;         ; Column I/O ; --          ;                 ;
; U16      ; 121        ; 8        ; GND*                      ;        ;              ;         ; Column I/O ; --          ;                 ;
; U17      ; 120        ; 8        ; GND*                      ;        ;              ;         ; Column I/O ; --          ;                 ;
; U18      ; 91         ; 1        ; GND*                      ;        ;              ;         ; Row I/O    ; --          ;                 ;
; U19      ; 99         ; 1        ; GND*                      ;        ;              ;         ; Row I/O    ; --          ;                 ;
; U20      ; 98         ; 1        ; GND*                      ;        ;              ;         ; Row I/O    ; --          ;                 ;
; U21      ; 67         ; 1        ; GND*                      ;        ;              ;         ; Row I/O    ; --          ;                 ;
; U22      ; 68         ; 1        ; GND*                      ;        ;              ;         ; Row I/O    ; --          ;                 ;
; V1       ; 250        ; 6        ; GND*                      ;        ;              ;         ; Row I/O    ; --          ;                 ;
; V2       ; 249        ; 6        ; GND*                      ;        ;              ;         ; Row I/O    ; --          ;                 ;
; V3       ; 231        ; 6        ; GND*                      ;        ;              ;         ; Row I/O    ; --          ;                 ;
; V4       ; 230        ; 6        ; GND*                      ;        ;              ;         ; Row I/O    ; --          ;                 ;
; V5       ; 208        ; 7        ; GND*                      ;        ;              ;         ; Column I/O ; --          ;                 ;
; V6       ; 202        ; 7        ; GND*                      ;        ;              ;         ; Column I/O ; --          ;                 ;
; V7       ; 207        ; 7        ; GND*                      ;        ;              ;         ; Column I/O ; --          ;                 ;
; V8       ; 195        ; 7        ; GND*                      ;        ;              ;         ; Column I/O ; --          ;                 ;
; V9       ; 192        ; 7        ; GND*                      ;        ;              ;         ; Column I/O ; --          ;                 ;
; V10      ;            ; 1        ; NC                        ;        ;              ;         ; --         ; --          ;                 ;
; V11      ;            ; 1        ; NC                        ;        ;              ;         ; --         ; --          ;                 ;
; V12      ;            ; 1        ; NC                        ;        ;              ;         ; --         ; --          ;                 ;
; V13      ; 151        ; 8        ; GND+                      ;        ;              ;         ; Column I/O ; --          ;                 ;
; V14      ; 142        ; 8        ; GND*                      ;        ;              ;         ; Column I/O ; --          ;                 ;
; V15      ; 133        ; 8        ; GND*                      ;        ;              ;         ; Column I/O ; --          ;                 ;
; V16      ; 123        ; 8        ; GND*                      ;        ;              ;         ; Column I/O ; --          ;                 ;
; V17      ; 122        ; 8        ; SE[6]                     ; output ; LVTTL        ;         ; Column I/O ; Off         ; N               ;
; V18      ; 114        ; 8        ; GND*                      ;        ;              ;         ; Column I/O ; --          ;                 ;
; V19      ;            ; 1        ; NC                        ;        ;              ;         ; --         ; --          ;                 ;
; V20      ;            ; 1        ; NC                        ;        ;              ;         ; --         ; --          ;                 ;
; V21      ; 76         ; 1        ; GND*                      ;        ;              ;         ; Row I/O    ; --          ;                 ;
; V22      ; 75         ; 1        ; GND*                      ;        ;              ;         ; Row I/O    ; --          ;                 ;
; W1       ; 236        ; 6        ; GND*                      ;        ;              ;         ; Row I/O    ; --          ;                 ;
; W2       ; 237        ; 6        ; GND*                      ;        ;              ;         ; Row I/O    ; --          ;                 ;
; W3       ; 226        ; 7        ; GND*                      ;        ;              ;         ; Column I/O ; --          ;                 ;
; W4       ; 227        ; 7        ; GND*                      ;        ;              ;         ; Column I/O ; --          ;                 ;
; W5       ; 214        ; 7        ; GND*                      ;        ;              ;         ; Column I/O ; --          ;                 ;
; W6       ; 211        ; 7        ; GND*                      ;        ;              ;         ; Column I/O ; --          ;                 ;
; W7       ; 199        ; 7        ; GND*                      ;        ;              ;         ; Column I/O ; --          ;                 ;
; W8       ; 193        ; 7        ; GND*                      ;        ;              ;         ; Column I/O ; --          ;                 ;
; W9       ; 194        ; 7        ; GND*                      ;        ;              ;         ; Column I/O ; --          ;                 ;
; W10      ;            ; 1        ; NC                        ;        ;              ;         ; --         ; --          ;                 ;
; W11      ;            ; 1        ; NC                        ;        ;              ;         ; --         ; --          ;                 ;
; W12      ; 163        ; 11       ; GND*                      ;        ;              ;         ; Column I/O ; --          ;                 ;
; W13      ; 150        ; 8        ; GND*                      ;        ;              ;         ; Column I/O ; --          ;                 ;
; W14      ; 141        ; 8        ; GND*                      ;        ;              ;         ; Column I/O ; --          ;                 ;
; W15      ; 138        ; 8        ; GND*                      ;        ;              ;         ; Column I/O ; --          ;                 ;
; W16      ; 127        ; 8        ; GND*                      ;        ;              ;         ; Column I/O ; --          ;                 ;
; W17      ; 116        ; 8        ; GND*                      ;        ;              ;         ; Column I/O ; --          ;                 ;
; W18      ; 107        ; 8        ; GND*                      ;        ;              ;         ; Column I/O ; --          ;                 ;
; W19      ; 101        ; 8        ; GND*                      ;        ;              ;         ; Column I/O ; --          ;                 ;
; W20      ; 100        ; 8        ; GND*                      ;        ;              ;         ; Column I/O ; --          ;                 ;
; W21      ; 92         ; 1        ; GND*                      ;        ;              ;         ; Row I/O    ; --          ;                 ;
; W22      ; 93         ; 1        ; GND*                      ;        ;              ;         ; Row I/O    ; --          ;                 ;
; Y1       ;            ; 6        ; VCCIO6                    ; power  ;              ; 3.3V    ; --         ; --          ;                 ;
; Y2       ; 222        ; 7        ; GND*                      ;        ;              ;         ; Column I/O ; --          ;                 ;
; Y3       ; 228        ; 7        ; GND*                      ;        ;              ;         ; Column I/O ; --          ;                 ;
; Y4       ; 223        ; 7        ; GND*                      ;        ;              ;         ; Column I/O ; --          ;                 ;
; Y5       ; 215        ; 7        ; GND*                      ;        ;              ;         ; Column I/O ; --          ;                 ;
; Y6       ; 206        ; 7        ; GND*                      ;        ;              ;         ; Column I/O ; --          ;                 ;
; Y7       ; 209        ; 7        ; GND*                      ;        ;              ;         ; Column I/O ; --          ;                 ;
; Y8       ; 189        ; 7        ; GND*                      ;        ;              ;         ; Column I/O ; --          ;                 ;
; Y9       ; 188        ; 7        ; GND*                      ;        ;              ;         ; Column I/O ; --          ;                 ;
; Y10      ;            ; 1        ; NC                        ;        ;              ;         ; --         ; --          ;                 ;
; Y11      ;            ; 1        ; NC                        ;        ;              ;         ; --         ; --          ;                 ;
; Y12      ; 162        ; 11       ; GND*                      ;        ;              ;         ; Column I/O ; --          ;                 ;
; Y13      ; 166        ; 11       ; GND*                      ;        ;              ;         ; Column I/O ; --          ;                 ;
; Y14      ; 152        ; 8        ; GND*                      ;        ;              ;         ; Column I/O ; --          ;                 ;
; Y15      ; 130        ; 8        ; GND*                      ;        ;              ;         ; Column I/O ; --          ;                 ;
; Y16      ; 124        ; 8        ; GND*                      ;        ;              ;         ; Column I/O ; --          ;                 ;
; Y17      ; 117        ; 8        ; GND*                      ;        ;              ;         ; Column I/O ; --          ;                 ;
; Y18      ; 115        ; 8        ; GND*                      ;        ;              ;         ; Column I/O ; --          ;                 ;
; Y19      ; 106        ; 8        ; GND*                      ;        ;              ;         ; Column I/O ; --          ;                 ;
; Y20      ; 105        ; 8        ; GND*                      ;        ;              ;         ; Column I/O ; --          ;                 ;
; Y21      ; 104        ; 8        ; GND*                      ;        ;              ;         ; Column I/O ; --          ;                 ;
; Y22      ;            ; 1        ; VCCIO1                    ; power  ;              ; 3.3V    ; --         ; --          ;                 ;
+----------+------------+----------+---------------------------+--------+--------------+---------+------------+-------------+-----------------+


+----------------------------------------------------------------------+
; Output Pin Load For Reported TCO                                     ;
+-------------------------+-------+------------------------------------+
; I/O Standard            ; Load  ; Termination Resistance             ;
+-------------------------+-------+------------------------------------+
; LVTTL                   ; 10 pF ; Not Available                      ;
; LVCMOS                  ; 10 pF ; Not Available                      ;
; 2.5 V                   ; 10 pF ; Not Available                      ;
; 1.8 V                   ; 10 pF ; Not Available                      ;
; 1.5 V                   ; 10 pF ; Not Available                      ;
; GTL                     ; 30 pF ; 25 Ohm                             ;
; GTL+                    ; 30 pF ; 25 Ohm                             ;
; 3.3-V PCI               ; 10 pF ; 25 Ohm                             ;
; 3.3-V PCI-X             ; 8 pF  ; 25 Ohm                             ;
; Compact PCI             ; 10 pF ; 25 Ohm                             ;
; AGP 1X                  ; 10 pF ; Not Available                      ;
; AGP 2X                  ; 10 pF ; Not Available                      ;
; CTT                     ; 30 pF ; 50 Ohm                             ;
; SSTL-3 Class I          ; 30 pF ; 50 Ohm (Parallel), 25 Ohm (Serial) ;
; SSTL-3 Class II         ; 30 pF ; 25 Ohm (Parallel), 25 Ohm (Serial) ;
; SSTL-2 Class I          ; 30 pF ; 50 Ohm (Parallel), 25 Ohm (Serial) ;
; SSTL-2 Class II         ; 30 pF ; 25 Ohm (Parallel), 25 Ohm (Serial) ;
; SSTL-18 Class I         ; 30 pF ; 50 Ohm (Parallel), 25 Ohm (Serial) ;
; SSTL-18 Class II        ; 30 pF ; 25 Ohm (Parallel), 25 Ohm (Serial) ;
; 1.5-V HSTL Class I      ; 20 pF ; 50 Ohm                             ;
; 1.5-V HSTL Class II     ; 20 pF ; 25 Ohm                             ;
; 1.8-V HSTL Class I      ; 20 pF ; 50 Ohm                             ;
; 1.8-V HSTL Class II     ; 20 pF ; 25 Ohm                             ;
; LVDS                    ; 4 pF  ; 100 Ohm                            ;
; Differential LVPECL     ; 4 pF  ; 100 Ohm                            ;
; 3.3-V PCML              ; 4 pF  ; 50 Ohm                             ;
; HyperTransport          ; 4 pF  ; 100 Ohm                            ;
; Differential 1.5-V HSTL ; 0 pF  ; (See 1.5-V HSTL Class I)           ;
; Differential SSTL-2     ; 30 pF ; (See SSTL-2)                       ;
+-------------------------+-------+------------------------------------+


+----------------------------------------------------------------------------------------------------------------------------------------------------------------------------------------------------------------------------------------------------------------------------------------------------------------------------+
; Fitter Resource Utilization by Entity                                                                                                                                                                                                                                                                                      ;
+------------------------------------------+-------------+--------------+-------------+--------------+---------+-----------+-----------+------+--------------+--------------+-------------------+------------------+-----------------+---------------------------------------------------------------------------------------+
; Compilation Hierarchy Node               ; Logic Cells ; LC Registers ; Memory Bits ; DSP Elements ; DSP 9x9 ; DSP 18x18 ; DSP 36x36 ; Pins ; Virtual Pins ; LUT-Only LCs ; Register-Only LCs ; LUT/Register LCs ; Carry Chain LCs ; Full Hierarchy Name                                                                   ;
+------------------------------------------+-------------+--------------+-------------+--------------+---------+-----------+-----------+------+--------------+--------------+-------------------+------------------+-----------------+---------------------------------------------------------------------------------------+
; |uCONTROL                                ; 19 (1)      ; 6            ; 1536        ; 0            ; 0       ; 0         ; 0         ; 52   ; 0            ; 13 (1)       ; 6 (0)             ; 0 (0)            ; 0 (0)           ; |uCONTROL                                                                             ;
;    |decodec:inst3|                       ; 2 (2)       ; 0            ; 0           ; 0            ; 0       ; 0         ; 0         ; 0    ; 0            ; 2 (2)        ; 0 (0)             ; 0 (0)            ; 0 (0)           ; |uCONTROL|decodec:inst3                                                               ;
;    |lpm_rom0:inst|                       ; 0 (0)       ; 0            ; 1536        ; 0            ; 0       ; 0         ; 0         ; 0    ; 0            ; 0 (0)        ; 0 (0)             ; 0 (0)            ; 0 (0)           ; |uCONTROL|lpm_rom0:inst                                                               ;
;       |altsyncram:altsyncram_component|  ; 0 (0)       ; 0            ; 1536        ; 0            ; 0       ; 0         ; 0         ; 0    ; 0            ; 0 (0)        ; 0 (0)             ; 0 (0)            ; 0 (0)           ; |uCONTROL|lpm_rom0:inst|altsyncram:altsyncram_component                               ;
;          |altsyncram_esq:auto_generated| ; 0 (0)       ; 0            ; 1536        ; 0            ; 0       ; 0         ; 0         ; 0    ; 0            ; 0 (0)        ; 0 (0)             ; 0 (0)            ; 0 (0)           ; |uCONTROL|lpm_rom0:inst|altsyncram:altsyncram_component|altsyncram_esq:auto_generated ;
;    |se5_1:inst1|                         ; 10 (10)     ; 0            ; 0           ; 0            ; 0       ; 0         ; 0         ; 0    ; 0            ; 10 (10)      ; 0 (0)             ; 0 (0)            ; 0 (0)           ; |uCONTROL|se5_1:inst1                                                                 ;
;    |se6_1:inst2|                         ; 6 (6)       ; 6            ; 0           ; 0            ; 0       ; 0         ; 0         ; 0    ; 0            ; 0 (0)        ; 6 (6)             ; 0 (0)            ; 0 (0)           ; |uCONTROL|se6_1:inst2                                                                 ;
+------------------------------------------+-------------+--------------+-------------+--------------+---------+-----------+-----------+------+--------------+--------------+-------------------+------------------+-----------------+---------------------------------------------------------------------------------------+


+----------------------------------------------------------------------------------------------------------------------------------------------------------------------------------------------------------------------------------------------------------+
; Delay Chain Summary                                                                                                                                                                                                                                      ;
+-------+----------+---------------+---------------+-----------------------+-------------------------+----------------------------------------+---------------------------------+--------------------------------+-----+------+----------------------------+
; Name  ; Pin Type ; Pad to Core 0 ; Pad to Core 1 ; Pad to Input Register ; Core to Output Register ; Clock Enable to Output Enable Register ; Clock Enable to Output Register ; Clock Enable to Input Register ; TCO ; TCOE ; Falling Edge Output Enable ;
+-------+----------+---------------+---------------+-----------------------+-------------------------+----------------------------------------+---------------------------------+--------------------------------+-----+------+----------------------------+
; T4    ; Input    ; ON            ; ON            ; --                    ; --                      ; --                                     ; --                              ; --                             ; --  ; --   ; --                         ;
; FZ    ; Input    ; OFF           ; ON            ; --                    ; --                      ; --                                     ; --                              ; --                             ; --  ; --   ; --                         ;
; FC    ; Input    ; ON            ; ON            ; --                    ; --                      ; --                                     ; --                              ; --                             ; --  ; --   ; --                         ;
; I[7]  ; Input    ; OFF           ; ON            ; --                    ; --                      ; --                                     ; --                              ; --                             ; --  ; --   ; --                         ;
; I[6]  ; Input    ; OFF           ; ON            ; --                    ; --                      ; --                                     ; --                              ; --                             ; --  ; --   ; --                         ;
; I[3]  ; Input    ; ON            ; ON            ; --                    ; --                      ; --                                     ; --                              ; --                             ; --  ; --   ; --                         ;
; I[5]  ; Input    ; ON            ; ON            ; --                    ; --                      ; --                                     ; --                              ; --                             ; --  ; --   ; --                         ;
; SWB   ; Input    ; ON            ; ON            ; --                    ; --                      ; --                                     ; --                              ; --                             ; --  ; --   ; --                         ;
; I[2]  ; Input    ; OFF           ; ON            ; --                    ; --                      ; --                                     ; --                              ; --                             ; --  ; --   ; --                         ;
; I[4]  ; Input    ; OFF           ; ON            ; --                    ; --                      ; --                                     ; --                              ; --                             ; --  ; --   ; --                         ;
; SWA   ; Input    ; OFF           ; ON            ; --                    ; --                      ; --                                     ; --                              ; --                             ; --  ; --   ; --                         ;
; T1    ; Input    ; OFF           ; OFF           ; --                    ; --                      ; --                                     ; --                              ; --                             ; --  ; --   ; --                         ;
; T2    ; Input    ; OFF           ; OFF           ; --                    ; --                      ; --                                     ; --                              ; --                             ; --  ; --   ; --                         ;
; RST1  ; Input    ; OFF           ; OFF           ; --                    ; --                      ; --                                     ; --                              ; --                             ; --  ; --   ; --                         ;
; M[24] ; Output   ; --            ; --            ; --                    ; --                      ; --                                     ; --                              ; --                             ; --  ; OFF  ; OFF                        ;
; M[23] ; Output   ; --            ; --            ; --                    ; --                      ; --                                     ; --                              ; --                             ; --  ; OFF  ; OFF                        ;
; M[22] ; Output   ; --            ; --            ; --                    ; --                      ; --                                     ; --                              ; --                             ; --  ; OFF  ; OFF                        ;
; M[21] ; Output   ; --            ; --            ; --                    ; --                      ; --                                     ; --                              ; --                             ; --  ; OFF  ; OFF                        ;
; M[20] ; Output   ; --            ; --            ; --                    ; --                      ; --                                     ; --                              ; --                             ; --  ; OFF  ; OFF                        ;
; M[19] ; Output   ; --            ; --            ; --                    ; --                      ; --                                     ; --                              ; --                             ; --  ; OFF  ; OFF                        ;
; M[18] ; Output   ; --            ; --            ; --                    ; --                      ; --                                     ; --                              ; --                             ; --  ; OFF  ; OFF                        ;
; M[17] ; Output   ; --            ; --            ; --                    ; --                      ; --                                     ; --                              ; --                             ; --  ; OFF  ; OFF                        ;
; M[16] ; Output   ; --            ; --            ; --                    ; --                      ; --                                     ; --                              ; --                             ; --  ; OFF  ; OFF                        ;
; M[15] ; Output   ; --            ; --            ; --                    ; --                      ; --                                     ; --                              ; --                             ; --  ; OFF  ; OFF                        ;
; M[14] ; Output   ; --            ; --            ; --                    ; --                      ; --                                     ; --                              ; --                             ; --  ; OFF  ; OFF                        ;
; M[13] ; Output   ; --            ; --            ; --                    ; --                      ; --                                     ; --                              ; --                             ; --  ; OFF  ; OFF                        ;
; M[12] ; Output   ; --            ; --            ; --                    ; --                      ; --                                     ; --                              ; --                             ; --  ; OFF  ; OFF                        ;
; M[11] ; Output   ; --            ; --            ; --                    ; --                      ; --                                     ; --                              ; --                             ; --  ; OFF  ; OFF                        ;
; M[10] ; Output   ; --            ; --            ; --                    ; --                      ; --                                     ; --                              ; --                             ; --  ; OFF  ; OFF                        ;
; M[9]  ; Output   ; --            ; --            ; --                    ; --                      ; --                                     ; --                              ; --                             ; --  ; OFF  ; OFF                        ;
; M[8]  ; Output   ; --            ; --            ; --                    ; --                      ; --                                     ; --                              ; --                             ; --  ; OFF  ; OFF                        ;
; M[7]  ; Output   ; --            ; --            ; --                    ; --                      ; --                                     ; --                              ; --                             ; --  ; OFF  ; OFF                        ;
; M[6]  ; Output   ; --            ; --            ; --                    ; --                      ; --                                     ; --                              ; --                             ; --  ; OFF  ; OFF                        ;
; M[5]  ; Output   ; --            ; --            ; --                    ; --                      ; --                                     ; --                              ; --                             ; --  ; OFF  ; OFF                        ;
; M[4]  ; Output   ; --            ; --            ; --                    ; --                      ; --                                     ; --                              ; --                             ; --  ; OFF  ; OFF                        ;
; M[3]  ; Output   ; --            ; --            ; --                    ; --                      ; --                                     ; --                              ; --                             ; --  ; OFF  ; OFF                        ;
; M[2]  ; Output   ; --            ; --            ; --                    ; --                      ; --                                     ; --                              ; --                             ; --  ; OFF  ; OFF                        ;
; M[1]  ; Output   ; --            ; --            ; --                    ; --                      ; --                                     ; --                              ; --                             ; --  ; OFF  ; OFF                        ;
; P4    ; Output   ; --            ; --            ; --                    ; --                      ; --                                     ; --                              ; --                             ; --  ; OFF  ; OFF                        ;
; P1    ; Output   ; --            ; --            ; --                    ; --                      ; --                                     ; --                              ; --                             ; --  ; OFF  ; OFF                        ;
; q[6]  ; Output   ; --            ; --            ; --                    ; --                      ; --                                     ; --                              ; --                             ; --  ; OFF  ; OFF                        ;
; q[5]  ; Output   ; --            ; --            ; --                    ; --                      ; --                                     ; --                              ; --                             ; --  ; OFF  ; OFF                        ;
; q[4]  ; Output   ; --            ; --            ; --                    ; --                      ; --                                     ; --                              ; --                             ; --  ; OFF  ; OFF                        ;
; q[3]  ; Output   ; --            ; --            ; --                    ; --                      ; --                                     ; --                              ; --                             ; --  ; OFF  ; OFF                        ;
; q[2]  ; Output   ; --            ; --            ; --                    ; --                      ; --                                     ; --                              ; --                             ; --  ; OFF  ; OFF                        ;
; q[1]  ; Output   ; --            ; --            ; --                    ; --                      ; --                                     ; --                              ; --                             ; --  ; OFF  ; OFF                        ;
; SE[6] ; Output   ; --            ; --            ; --                    ; --                      ; --                                     ; --                              ; --                             ; --  ; OFF  ; OFF                        ;
; SE[5] ; Output   ; --            ; --            ; --                    ; --                      ; --                                     ; --                              ; --                             ; --  ; OFF  ; OFF                        ;
; SE[4] ; Output   ; --            ; --            ; --                    ; --                      ; --                                     ; --                              ; --                             ; --  ; OFF  ; OFF                        ;
; SE[3] ; Output   ; --            ; --            ; --                    ; --                      ; --                                     ; --                              ; --                             ; --  ; OFF  ; OFF                        ;
; SE[2] ; Output   ; --            ; --            ; --                    ; --                      ; --                                     ; --                              ; --                             ; --  ; OFF  ; OFF                        ;
; SE[1] ; Output   ; --            ; --            ; --                    ; --                      ; --                                     ; --                              ; --                             ; --  ; OFF  ; OFF                        ;
+-------+----------+---------------+---------------+-----------------------+-------------------------+----------------------------------------+---------------------------------+--------------------------------+-----+------+----------------------------+


+------------------------------------------------------------+
; Pad To Core Delay Chain Fanout                             ;
+------------------------------+-------------------+---------+
; Source Pin / Fanout          ; Pad To Core Index ; Setting ;
+------------------------------+-------------------+---------+
; T4                           ;                   ;         ;
;      - se5_1:inst1|inst27~20 ; 0                 ; ON      ;
;      - se5_1:inst1|inst24~11 ; 0                 ; ON      ;
;      - se5_1:inst1|inst27~21 ; 0                 ; ON      ;
;      - se5_1:inst1|inst9     ; 0                 ; ON      ;
;      - se5_1:inst1|inst10    ; 0                 ; ON      ;
; FZ                           ;                   ;         ;
;      - se5_1:inst1|inst~22   ; 1                 ; ON      ;
; FC                           ;                   ;         ;
;      - se5_1:inst1|inst~22   ; 0                 ; ON      ;
; I[7]                         ;                   ;         ;
;      - se5_1:inst1|inst24    ; 1                 ; ON      ;
; I[6]                         ;                   ;         ;
;      - se5_1:inst1|inst25    ; 1                 ; ON      ;
; I[3]                         ;                   ;         ;
;      - se5_1:inst1|inst9~30  ; 0                 ; ON      ;
; I[5]                         ;                   ;         ;
;      - se5_1:inst1|inst9~30  ; 0                 ; ON      ;
; SWB                          ;                   ;         ;
;      - se5_1:inst1|inst9     ; 0                 ; ON      ;
; I[2]                         ;                   ;         ;
;      - se5_1:inst1|inst10~30 ; 1                 ; ON      ;
; I[4]                         ;                   ;         ;
;      - se5_1:inst1|inst10~30 ; 1                 ; ON      ;
; SWA                          ;                   ;         ;
;      - se5_1:inst1|inst10    ; 1                 ; ON      ;
; T1                           ;                   ;         ;
; T2                           ;                   ;         ;
; RST1                         ;                   ;         ;
+------------------------------+-------------------+---------+


+-----------------------------------------------------------------------------------------------------------------+
; Control Signals                                                                                                 ;
+---------------------+---------------+---------+--------------+--------+----------------------+------------------+
; Name                ; Location      ; Fan-Out ; Usage        ; Global ; Global Resource Used ; Global Line Name ;
+---------------------+---------------+---------+--------------+--------+----------------------+------------------+
; RST1                ; PIN_M2        ; 6       ; Async. clear ; yes    ; Global clock         ; GCLK9            ;
; T1                  ; PIN_L2        ; 1       ; Clock        ; yes    ; Global clock         ; GCLK11           ;
; T2                  ; PIN_L3        ; 6       ; Clock        ; yes    ; Global clock         ; GCLK10           ;
; se5_1:inst1|inst10  ; LC_X25_Y30_N9 ; 2       ; Async. load  ; no     ; --                   ; --               ;
; se5_1:inst1|inst24  ; LC_X7_Y30_N5  ; 2       ; Async. load  ; no     ; --                   ; --               ;
; se5_1:inst1|inst25  ; LC_X7_Y30_N2  ; 2       ; Async. load  ; no     ; --                   ; --               ;
; se5_1:inst1|inst9   ; LC_X25_Y30_N1 ; 2       ; Async. load  ; no     ; --                   ; --               ;
; se5_1:inst1|inst~22 ; LC_X25_Y30_N3 ; 2       ; Async. load  ; no     ; --                   ; --               ;
+---------------------+---------------+---------+--------------+--------+----------------------+------------------+


+---------------------------------------------------------------------+
; Global & Other Fast Signals                                         ;
+------+----------+---------+----------------------+------------------+
; Name ; Location ; Fan-Out ; Global Resource Used ; Global Line Name ;
+------+----------+---------+----------------------+------------------+
; RST1 ; PIN_M2   ; 6       ; Global clock         ; GCLK9            ;
; T1   ; PIN_L2   ; 1       ; Global clock         ; GCLK11           ;
; T2   ; PIN_L3   ; 6       ; Global clock         ; GCLK10           ;
+------+----------+---------+----------------------+------------------+


+-----------------------------------------------------------------------------------------------+
; Non-Global High Fan-Out Signals                                                               ;
+-------------------------------------------------------------------------------------+---------+
; Name                                                                                ; Fan-Out ;
+-------------------------------------------------------------------------------------+---------+
; lpm_rom0:inst|altsyncram:altsyncram_component|altsyncram_esq:auto_generated|q_a[8]  ; 6       ;
; lpm_rom0:inst|altsyncram:altsyncram_component|altsyncram_esq:auto_generated|q_a[7]  ; 6       ;
; lpm_rom0:inst|altsyncram:altsyncram_component|altsyncram_esq:auto_generated|q_a[6]  ; 6       ;
; T4                                                                                  ; 5       ;
; se5_1:inst1|inst24~11                                                               ; 4       ;
; decodec:inst3|inst12~21                                                             ; 3       ;
; se5_1:inst1|inst10                                                                  ; 2       ;
; se5_1:inst1|inst9                                                                   ; 2       ;
; se5_1:inst1|inst27~21                                                               ; 2       ;
; se5_1:inst1|inst25                                                                  ; 2       ;
; se5_1:inst1|inst24                                                                  ; 2       ;
; se5_1:inst1|inst~22                                                                 ; 2       ;
; se6_1:inst2|inst1                                                                   ; 2       ;
; se6_1:inst2|inst                                                                    ; 2       ;
; se6_1:inst2|inst2                                                                   ; 2       ;
; se6_1:inst2|inst3                                                                   ; 2       ;
; se6_1:inst2|inst4                                                                   ; 2       ;
; se6_1:inst2|inst5                                                                   ; 2       ;
; lpm_rom0:inst|altsyncram:altsyncram_component|altsyncram_esq:auto_generated|q_a[5]  ; 2       ;
; lpm_rom0:inst|altsyncram:altsyncram_component|altsyncram_esq:auto_generated|q_a[4]  ; 2       ;
; lpm_rom0:inst|altsyncram:altsyncram_component|altsyncram_esq:auto_generated|q_a[3]  ; 2       ;
; lpm_rom0:inst|altsyncram:altsyncram_component|altsyncram_esq:auto_generated|q_a[2]  ; 2       ;
; lpm_rom0:inst|altsyncram:altsyncram_component|altsyncram_esq:auto_generated|q_a[1]  ; 2       ;
; lpm_rom0:inst|altsyncram:altsyncram_component|altsyncram_esq:auto_generated|q_a[0]  ; 2       ;
; ~VCC_cell                                                                           ; 1       ;
; SWA                                                                                 ; 1       ;
; I[4]                                                                                ; 1       ;
; I[2]                                                                                ; 1       ;
; SWB                                                                                 ; 1       ;
; I[5]                                                                                ; 1       ;
; I[3]                                                                                ; 1       ;
; I[6]                                                                                ; 1       ;
; I[7]                                                                                ; 1       ;
; FC                                                                                  ; 1       ;
; FZ                                                                                  ; 1       ;
; se5_1:inst1|inst10~30                                                               ; 1       ;
; se5_1:inst1|inst9~30                                                                ; 1       ;
; se5_1:inst1|inst27~20                                                               ; 1       ;
; decodec:inst3|inst9~21                                                              ; 1       ;
; lpm_rom0:inst|altsyncram:altsyncram_component|altsyncram_esq:auto_generated|q_a[22] ; 1       ;
; lpm_rom0:inst|altsyncram:altsyncram_component|altsyncram_esq:auto_generated|q_a[21] ; 1       ;
; lpm_rom0:inst|altsyncram:altsyncram_component|altsyncram_esq:auto_generated|q_a[20] ; 1       ;
; lpm_rom0:inst|altsyncram:altsyncram_component|altsyncram_esq:auto_generated|q_a[19] ; 1       ;
; lpm_rom0:inst|altsyncram:altsyncram_component|altsyncram_esq:auto_generated|q_a[18] ; 1       ;
; lpm_rom0:inst|altsyncram:altsyncram_component|altsyncram_esq:auto_generated|q_a[17] ; 1       ;
; lpm_rom0:inst|altsyncram:altsyncram_component|altsyncram_esq:auto_generated|q_a[16] ; 1       ;
; lpm_rom0:inst|altsyncram:altsyncram_component|altsyncram_esq:auto_generated|q_a[15] ; 1       ;
; lpm_rom0:inst|altsyncram:altsyncram_component|altsyncram_esq:auto_generated|q_a[14] ; 1       ;
; lpm_rom0:inst|altsyncram:altsyncram_component|altsyncram_esq:auto_generated|q_a[13] ; 1       ;
; lpm_rom0:inst|altsyncram:altsyncram_component|altsyncram_esq:auto_generated|q_a[12] ; 1       ;
+-------------------------------------------------------------------------------------+---------+


+--------------------------------------------------------------------------------------------------------------------------------------------------------------------------------------------------------------------------------------------+
; Fitter RAM Summary                                                                                                                                                                                                                         ;
+----------------------------------------------------------------------------------------+------+------+--------------+--------------+--------------+--------------+------+---------------------+-------+------+--------+------+-------------+
; Name                                                                                   ; Type ; Mode ; Port A Depth ; Port A Width ; Port B Depth ; Port B Width ; Size ; Implementation Bits ; M512s ; M4Ks ; M-RAMs ; MIF  ; Location    ;
+----------------------------------------------------------------------------------------+------+------+--------------+--------------+--------------+--------------+------+---------------------+-------+------+--------+------+-------------+
; lpm_rom0:inst|altsyncram:altsyncram_component|altsyncram_esq:auto_generated|ALTSYNCRAM ; AUTO ; ROM  ; 64           ; 24           ; --           ; --           ; 1536 ; 1536                ; 0     ; 1    ; 0      ; None ; M4K_X15_Y30 ;
+----------------------------------------------------------------------------------------+------+------+--------------+--------------+--------------+--------------+------+---------------------+-------+------+--------+------+-------------+


+-----------------------------------------------------+
; Interconnect Usage Summary                          ;
+-----------------------------+-----------------------+
; Interconnect Resource Type  ; Usage                 ;
+-----------------------------+-----------------------+
; C16 interconnects           ; 1 / 2,286 ( < 1 % )   ;
; C4 interconnects            ; 31 / 31,320 ( < 1 % ) ;
; C8 interconnects            ; 17 / 7,272 ( < 1 % )  ;
; DIFFIOCLKs                  ; 0 / 16 ( 0 % )        ;
; DQS bus muxes               ; 0 / 56 ( 0 % )        ;
; DQS-32 I/O buses            ; 0 / 4 ( 0 % )         ;
; DQS-8 I/O buses             ; 0 / 16 ( 0 % )        ;
; Direct links                ; 1 / 44,740 ( < 1 % )  ;
; Fast regional clocks        ; 0 / 8 ( 0 % )         ;
; Global clocks               ; 3 / 16 ( 18 % )       ;
; I/O buses                   ; 0 / 208 ( 0 % )       ;
; LUT chains                  ; 4 / 9,513 ( < 1 % )   ;
; Local routing interconnects ; 4 / 10,570 ( < 1 % )  ;
; R24 interconnects           ; 0 / 2,280 ( 0 % )     ;
; R4 interconnects            ; 24 / 62,520 ( < 1 % ) ;
; R8 interconnects            ; 29 / 10,410 ( < 1 % ) ;
; Regional clocks             ; 0 / 16 ( 0 % )        ;
+-----------------------------+-----------------------+


+--------------------------------------------------------------------------+
; LAB Logic Elements                                                       ;
+--------------------------------------------+-----------------------------+
; Number of Logic Elements  (Average = 2.38) ; Number of LABs  (Total = 8) ;
+--------------------------------------------+-----------------------------+
; 1                                          ; 6                           ;
; 2                                          ; 0                           ;
; 3                                          ; 1                           ;
; 4                                          ; 0                           ;
; 5                                          ; 0                           ;
; 6                                          ; 0                           ;
; 7                                          ; 0                           ;
; 8                                          ; 0                           ;
; 9                                          ; 0                           ;
; 10                                         ; 1                           ;
+--------------------------------------------+-----------------------------+


+------------------------------------------------------------------+
; LAB-wide Signals                                                 ;
+------------------------------------+-----------------------------+
; LAB-wide Signals  (Average = 2.00) ; Number of LABs  (Total = 8) ;
+------------------------------------+-----------------------------+
; 1 Async. clear                     ; 6                           ;
; 1 Async. load                      ; 4                           ;
; 1 Clock                            ; 6                           ;
+------------------------------------+-----------------------------+


+---------------------------------------------------------------------------+
; LAB Signals Sourced                                                       ;
+---------------------------------------------+-----------------------------+
; Number of Signals Sourced  (Average = 2.38) ; Number of LABs  (Total = 8) ;
+---------------------------------------------+-----------------------------+
; 0                                           ; 0                           ;
; 1                                           ; 6                           ;
; 2                                           ; 0                           ;
; 3                                           ; 1                           ;
; 4                                           ; 0                           ;
; 5                                           ; 0                           ;
; 6                                           ; 0                           ;
; 7                                           ; 0                           ;
; 8                                           ; 0                           ;
; 9                                           ; 0                           ;
; 10                                          ; 1                           ;
+---------------------------------------------+-----------------------------+


+-------------------------------------------------------------------------------+
; LAB Signals Sourced Out                                                       ;
+-------------------------------------------------+-----------------------------+
; Number of Signals Sourced Out  (Average = 1.88) ; Number of LABs  (Total = 8) ;
+-------------------------------------------------+-----------------------------+
; 0                                               ; 0                           ;
; 1                                               ; 6                           ;
; 2                                               ; 0                           ;
; 3                                               ; 1                           ;
; 4                                               ; 0                           ;
; 5                                               ; 0                           ;
; 6                                               ; 1                           ;
+-------------------------------------------------+-----------------------------+


+---------------------------------------------------------------------------+
; LAB Distinct Inputs                                                       ;
+---------------------------------------------+-----------------------------+
; Number of Distinct Inputs  (Average = 4.63) ; Number of LABs  (Total = 8) ;
+---------------------------------------------+-----------------------------+
; 0                                           ; 0                           ;
; 1                                           ; 0                           ;
; 2                                           ; 0                           ;
; 3                                           ; 1                           ;
; 4                                           ; 4                           ;
; 5                                           ; 0                           ;
; 6                                           ; 1                           ;
; 7                                           ; 0                           ;
; 8                                           ; 0                           ;
; 9                                           ; 0                           ;
; 10                                          ; 0                           ;
; 11                                          ; 0                           ;
; 12                                          ; 1                           ;
+---------------------------------------------+-----------------------------+


+-----------------+
; Fitter Messages ;
+-----------------+
Info: *******************************************************************
Info: Running Quartus II Fitter
    Info: Version 4.1 Build 181 06/29/2004 SJ Full Version
    Info: Processing started: Sat Nov 18 15:03:22 2023
Info: Command: quartus_fit --import_settings_files=off --export_settings_files=off uCONTROL -c uCONTROL
Info: Automatically selected device EP1S10F484C5 for design uCONTROL
Info: Fitter is performing an Auto Fit compilation -- Fitter effort may be decreased to reduce compilation time
Info: Device migration not selected. If you intend to use device migration later, you may need to change the pin assignments as they may be incompatible with other devices. 
    Info: Device EP1S20F484C5 is compatible
Info: No exact pin location assignment(s) for 52 pins of 52 total pins
    Info: Pin M[24] not assigned to an exact location on the device
    Info: Pin M[23] not assigned to an exact location on the device
    Info: Pin M[22] not assigned to an exact location on the device
    Info: Pin M[21] not assigned to an exact location on the device
    Info: Pin M[20] not assigned to an exact location on the device
    Info: Pin M[19] not assigned to an exact location on the device
    Info: Pin M[18] not assigned to an exact location on the device
    Info: Pin M[17] not assigned to an exact location on the device
    Info: Pin M[16] not assigned to an exact location on the device
    Info: Pin M[15] not assigned to an exact location on the device
    Info: Pin M[14] not assigned to an exact location on the device
    Info: Pin M[13] not assigned to an exact location on the device
    Info: Pin M[12] not assigned to an exact location on the device
    Info: Pin M[11] not assigned to an exact location on the device
    Info: Pin M[10] not assigned to an exact location on the device
    Info: Pin M[9] not assigned to an exact location on the device
    Info: Pin M[8] not assigned to an exact location on the device
    Info: Pin M[7] not assigned to an exact location on the device
    Info: Pin M[6] not assigned to an exact location on the device
    Info: Pin M[5] not assigned to an exact location on the device
    Info: Pin M[4] not assigned to an exact location on the device
    Info: Pin M[3] not assigned to an exact location on the device
    Info: Pin M[2] not assigned to an exact location on the device
    Info: Pin M[1] not assigned to an exact location on the device
    Info: Pin P4 not assigned to an exact location on the device
    Info: Pin P1 not assigned to an exact location on the device
    Info: Pin q[6] not assigned to an exact location on the device
    Info: Pin q[5] not assigned to an exact location on the device
    Info: Pin q[4] not assigned to an exact location on the device
    Info: Pin q[3] not assigned to an exact location on the device
    Info: Pin q[2] not assigned to an exact location on the device
    Info: Pin q[1] not assigned to an exact location on the device
    Info: Pin SE[6] not assigned to an exact location on the device
    Info: Pin SE[5] not assigned to an exact location on the device
    Info: Pin SE[4] not assigned to an exact location on the device
    Info: Pin SE[3] not assigned to an exact location on the device
    Info: Pin SE[2] not assigned to an exact location on the device
    Info: Pin SE[1] not assigned to an exact location on the device
    Info: Pin T4 not assigned to an exact location on the device
    Info: Pin FZ not assigned to an exact location on the device
    Info: Pin FC not assigned to an exact location on the device
    Info: Pin I[7] not assigned to an exact location on the device
    Info: Pin I[6] not assigned to an exact location on the device
    Info: Pin I[3] not assigned to an exact location on the device
    Info: Pin I[5] not assigned to an exact location on the device
    Info: Pin SWB not assigned to an exact location on the device
    Info: Pin I[2] not assigned to an exact location on the device
    Info: Pin I[4] not assigned to an exact location on the device
    Info: Pin SWA not assigned to an exact location on the device
    Info: Pin T1 not assigned to an exact location on the device
    Info: Pin T2 not assigned to an exact location on the device
    Info: Pin RST1 not assigned to an exact location on the device
Info: Timing requirements not specified -- optimizing circuit to achieve the following default global requirements
    Info: Assuming a global fmax requirement of 1 MHz
    Info: Not setting a global tsu requirement
    Info: Not setting a global tco requirement
    Info: Not setting a global tpd requirement
Info: Performing register packing on registers with non-logic cell location assignments
Info: Completed register packing on registers with non-logic cell location assignments
Info: Completed User Assigned Global Signals Promotion Operation
Info: Automatically promoted signal T1 to use Global clock in PIN L2
Info: Automatically promoted signal T2 to use Global clock in PIN L3
Info: Automatically promoted signal RST1 to use Global clock in PIN M2
Info: Completed Auto Global Promotion Operation
Info: Starting register packing
Info: Started Fast Input/Output/OE register processing
Info: Finished Fast Input/Output/OE register processing
Info: Start DSP scan-chain inferencing
Info: Completed DSP scan-chain inferencing
Info: Moving registers into I/Os, LUTs, DSP and RAM blocks to improve timing and density
Info: Fitter is using Normal packing mode for logic elements with Auto setting for Auto Packed Registers logic option
Info: Finished moving registers into I/Os, LUTs, DSP and RAM blocks
Info: Finished register packing
Info: Statistics of I/O pins that use the same VCCIO and VREF, before I/O pin placement
    Info: Number of I/O pins in group: 49 (unused VREF, 3.30 VCCIO, 11 input, 38 output, 0 bidirectional)
        Info: I/O standards used: LVTTL.
Info: Details of I/O bank before I/O pin placement
    Info: Statistics of I/O banks
        Info: I/O bank number 1 does not use VREF pins and has unused VCCIO pins. 0 total pin(s) used --  29 pins available
        Info: I/O bank number 2 does not use VREF pins and has unused VCCIO pins. 0 total pin(s) used --  30 pins available
        Info: I/O bank number 3 does not use VREF pins and has unused VCCIO pins. 0 total pin(s) used --  51 pins available
        Info: I/O bank number 4 does not use VREF pins and has unused VCCIO pins. 1 total pin(s) used --  51 pins available
        Info: I/O bank number 5 does not use VREF pins and has unused VCCIO pins. 2 total pin(s) used --  27 pins available
        Info: I/O bank number 6 does not use VREF pins and has unused VCCIO pins. 1 total pin(s) used --  28 pins available
        Info: I/O bank number 7 does not use VREF pins and has unused VCCIO pins. 0 total pin(s) used --  52 pins available
        Info: I/O bank number 8 does not use VREF pins and has unused VCCIO pins. 0 total pin(s) used --  51 pins available
        Info: I/O bank number 9 does not use VREF pins and has unused VCCIO pins. 0 total pin(s) used --  6 pins available
        Info: I/O bank number 10 does not use VREF pins and has unused VCCIO pins. 0 total pin(s) used --  0 pins available
        Info: I/O bank number 11 does not use VREF pins and has unused VCCIO pins. 0 total pin(s) used --  6 pins available
        Info: I/O bank number 12 does not use VREF pins and has unused VCCIO pins. 0 total pin(s) used --  0 pins available
Info: Details of I/O bank after I/O pin placement
    Info: Statistics of I/O banks
        Info: I/O bank number 1 does not use VREF pins and has unused VCCIO pins. 0 total pin(s) used --  29 pins available
        Info: I/O bank number 2 does not use VREF pins and has unused VCCIO pins. 0 total pin(s) used --  30 pins available
        Info: I/O bank number 3 does not use VREF pins and has 3.30V VCCIO pins. 49 total pin(s) used --  2 pins available
        Info: I/O bank number 4 does not use VREF pins and has unused VCCIO pins. 1 total pin(s) used --  51 pins available
        Info: I/O bank number 5 does not use VREF pins and has unused VCCIO pins. 2 total pin(s) used --  27 pins available
        Info: I/O bank number 6 does not use VREF pins and has unused VCCIO pins. 1 total pin(s) used --  28 pins available
        Info: I/O bank number 7 does not use VREF pins and has unused VCCIO pins. 0 total pin(s) used --  52 pins available
        Info: I/O bank number 8 does not use VREF pins and has unused VCCIO pins. 0 total pin(s) used --  51 pins available
        Info: I/O bank number 9 does not use VREF pins and has unused VCCIO pins. 0 total pin(s) used --  6 pins available
        Info: I/O bank number 10 does not use VREF pins and has unused VCCIO pins. 0 total pin(s) used --  0 pins available
        Info: I/O bank number 11 does not use VREF pins and has unused VCCIO pins. 0 total pin(s) used --  6 pins available
        Info: I/O bank number 12 does not use VREF pins and has unused VCCIO pins. 0 total pin(s) used --  0 pins available
Info: Fitter placement preparation operations beginning
Info: Fitter placement preparation operations ending: elapsed time = 0 seconds
Info: Fitter placement operations beginning
Info: Fitter placement was successful
Info: Estimated interconnect usage is 1% of the available device resources
Info: Fitter placement operations ending: elapsed time = 0 seconds
Info: Fitter routing operations beginning
Info: Fitter routing operations ending: elapsed time = 0 seconds
Info: Fitter performed an Auto Fit compilation. Optimizations were skipped to reduce compilation time.
Info: Completed Fixed Delay Chain Operation
Info: Started post-fitting delay annotation
Info: Delay annotation completed successfully
Info: Completed Auto Delay Chain Operation
Warning: Following 1 pins have nothing, GND, or VCC driving datain port -- changes to this connectivity may change fitting results
    Info: Pin SE[6] has VCC driving its datain port
Info: Quartus II Fitter was successful. 0 errors, 1 warning
    Info: Processing ended: Sat Nov 18 15:03:26 2023
    Info: Elapsed time: 00:00:03


