[0304/075340:INFO:CONSOLE(0)] "Uncaught (in promise) #<Object>", source: http://ke.qq.com/client/teacher.html#uin=3016013112&gid=101264955&courseid=101264955&state=1&startTime=1583279614476 (0)
[0420/054702:INFO:CONSOLE(30)] "%c2020-04-19T21:47:02.019Z [imlog] INFO: POST //pull.ke.qq.com/base_pull?bkn=1119823869&t=0.5875 200 106ms", source: https://7.url.cn/edu/teacher-client/index_425a48b2335f75678058.js (30)
[0420/054712:INFO:CONSOLE(30)] "%c2020-04-19T21:47:12.123Z [imlog] INFO: POST //pull.ke.qq.com/base_pull?bkn=1119823869&t=0.2358 200 102ms", source: https://7.url.cn/edu/teacher-client/index_425a48b2335f75678058.js (30)
[0420/054722:INFO:CONSOLE(30)] "%c2020-04-19T21:47:22.225Z [imlog] INFO: POST //pull.ke.qq.com/base_pull?bkn=1119823869&t=0.7760 200 101ms", source: https://7.url.cn/edu/teacher-client/index_425a48b2335f75678058.js (30)
[0420/054732:INFO:CONSOLE(30)] "%c2020-04-19T21:47:32.329Z [imlog] INFO: POST //pull.ke.qq.com/base_pull?bkn=1119823869&t=0.8913 200 101ms", source: https://7.url.cn/edu/teacher-client/index_425a48b2335f75678058.js (30)
[0420/054742:INFO:CONSOLE(30)] "%c2020-04-19T21:47:42.432Z [imlog] INFO: POST //pull.ke.qq.com/base_pull?bkn=1119823869&t=0.4644 200 99ms", source: https://7.url.cn/edu/teacher-client/index_425a48b2335f75678058.js (30)
[0420/054744:INFO:CONSOLE(30)] "%c2020-04-19T21:47:44.728Z [imlog] INFO: post //report.edu.qq.com/data_report/web_report 200 196ms", source: https://7.url.cn/edu/teacher-client/index_425a48b2335f75678058.js (30)
[0420/054752:INFO:CONSOLE(30)] "%c2020-04-19T21:47:52.533Z [imlog] INFO: POST //pull.ke.qq.com/base_pull?bkn=1119823869&t=0.2277 200 97ms", source: https://7.url.cn/edu/teacher-client/index_425a48b2335f75678058.js (30)
[0420/054759:INFO:CONSOLE(30)] "%c2020-04-19T21:47:59.289Z [imlog] INFO: post //report.edu.qq.com/data_report/web_report 200 180ms", source: https://7.url.cn/edu/teacher-client/index_425a48b2335f75678058.js (30)
[0420/054802:INFO:CONSOLE(30)] "%c2020-04-19T21:48:02.645Z [imlog] INFO: POST //pull.ke.qq.com/base_pull?bkn=1119823869&t=0.7526 200 109ms", source: https://7.url.cn/edu/teacher-client/index_425a48b2335f75678058.js (30)
[0420/054812:INFO:CONSOLE(30)] "%c2020-04-19T21:48:12.750Z [imlog] INFO: POST //pull.ke.qq.com/base_pull?bkn=1119823869&t=0.2894 200 101ms", source: https://7.url.cn/edu/teacher-client/index_425a48b2335f75678058.js (30)
[0420/054814:INFO:CONSOLE(30)] "%c2020-04-19T21:48:14.726Z [imlog] INFO: GET /cgi-bin/web_ke/get_notice?tkn=101756608&uint32_course_abs_id=101756608&bkn=1119823869&t=0.2508 200 164ms", source: https://7.url.cn/edu/teacher-client/index_425a48b2335f75678058.js (30)
[0420/054814:INFO:CONSOLE(30)] "%c2020-04-19T21:48:14.735Z [imlog] INFO: GET /cgi-bin/coupon/get_coupon_status_marketing?tid=101756608&bkn=1119823869&t=0.6617 200 175ms", source: https://7.url.cn/edu/teacher-client/index_425a48b2335f75678058.js (30)
[0420/054822:INFO:CONSOLE(30)] "%c2020-04-19T21:48:22.853Z [imlog] INFO: POST //pull.ke.qq.com/base_pull?bkn=1119823869&t=0.4160 200 99ms", source: https://7.url.cn/edu/teacher-client/index_425a48b2335f75678058.js (30)
[0420/054832:INFO:CONSOLE(30)] "%c2020-04-19T21:48:32.955Z [imlog] INFO: POST //pull.ke.qq.com/base_pull?bkn=1119823869&t=0.5125 200 101ms", source: https://7.url.cn/edu/teacher-client/index_425a48b2335f75678058.js (30)
[0420/054843:INFO:CONSOLE(30)] "%c2020-04-19T21:48:43.056Z [imlog] INFO: POST //pull.ke.qq.com/base_pull?bkn=1119823869&t=0.2738 200 97ms", source: https://7.url.cn/edu/teacher-client/index_425a48b2335f75678058.js (30)
[0420/054853:INFO:CONSOLE(30)] "%c2020-04-19T21:48:53.158Z [imlog] INFO: POST //pull.ke.qq.com/base_pull?bkn=1119823869&t=0.1262 200 100ms", source: https://7.url.cn/edu/teacher-client/index_425a48b2335f75678058.js (30)
[0420/054903:INFO:CONSOLE(30)] "%c2020-04-19T21:49:03.261Z [imlog] INFO: POST //pull.ke.qq.com/base_pull?bkn=1119823869&t=0.0258 200 101ms", source: https://7.url.cn/edu/teacher-client/index_425a48b2335f75678058.js (30)
[0420/054913:INFO:CONSOLE(30)] "%c2020-04-19T21:49:13.388Z [imlog] INFO: POST //pull.ke.qq.com/base_pull?bkn=1119823869&t=0.9322 200 121ms", source: https://7.url.cn/edu/teacher-client/index_425a48b2335f75678058.js (30)
[0420/054923:INFO:CONSOLE(30)] "%c2020-04-19T21:49:23.490Z [imlog] INFO: POST //pull.ke.qq.com/base_pull?bkn=1119823869&t=0.1917 200 100ms", source: https://7.url.cn/edu/teacher-client/index_425a48b2335f75678058.js (30)
[0420/054933:INFO:CONSOLE(30)] "%c2020-04-19T21:49:33.597Z [imlog] INFO: POST //pull.ke.qq.com/base_pull?bkn=1119823869&t=0.9805 200 105ms", source: https://7.url.cn/edu/teacher-client/index_425a48b2335f75678058.js (30)
[0420/054943:INFO:CONSOLE(30)] "%c2020-04-19T21:49:43.702Z [imlog] INFO: POST //pull.ke.qq.com/base_pull?bkn=1119823869&t=0.7931 200 101ms", source: https://7.url.cn/edu/teacher-client/index_425a48b2335f75678058.js (30)
[0420/054953:INFO:CONSOLE(30)] "%c2020-04-19T21:49:53.807Z [imlog] INFO: POST //pull.ke.qq.com/base_pull?bkn=1119823869&t=0.4756 200 102ms", source: https://7.url.cn/edu/teacher-client/index_425a48b2335f75678058.js (30)
[0420/055003:INFO:CONSOLE(30)] "%c2020-04-19T21:50:03.910Z [imlog] INFO: POST //pull.ke.qq.com/base_pull?bkn=1119823869&t=0.5238 200 100ms", source: https://7.url.cn/edu/teacher-client/index_425a48b2335f75678058.js (30)
[0420/055014:INFO:CONSOLE(30)] "%c2020-04-19T21:50:14.013Z [imlog] INFO: POST //pull.ke.qq.com/base_pull?bkn=1119823869&t=0.4996 200 101ms", source: https://7.url.cn/edu/teacher-client/index_425a48b2335f75678058.js (30)
[0420/055024:INFO:CONSOLE(30)] "%c2020-04-19T21:50:24.119Z [imlog] INFO: POST //pull.ke.qq.com/base_pull?bkn=1119823869&t=0.2078 200 104ms", source: https://7.url.cn/edu/teacher-client/index_425a48b2335f75678058.js (30)
[0420/055034:INFO:CONSOLE(30)] "%c2020-04-19T21:50:34.226Z [imlog] INFO: POST //pull.ke.qq.com/base_pull?bkn=1119823869&t=0.3222 200 104ms", source: https://7.url.cn/edu/teacher-client/index_425a48b2335f75678058.js (30)
[0420/055044:INFO:CONSOLE(30)] "%c2020-04-19T21:50:44.330Z [imlog] INFO: POST //pull.ke.qq.com/base_pull?bkn=1119823869&t=0.1128 200 102ms", source: https://7.url.cn/edu/teacher-client/index_425a48b2335f75678058.js (30)
[0420/055054:INFO:CONSOLE(30)] "%c2020-04-19T21:50:54.434Z [imlog] INFO: POST //pull.ke.qq.com/base_pull?bkn=1119823869&t=0.8397 200 100ms", source: https://7.url.cn/edu/teacher-client/index_425a48b2335f75678058.js (30)
[0420/055104:INFO:CONSOLE(30)] "%c2020-04-19T21:51:04.534Z [imlog] INFO: POST //pull.ke.qq.com/base_pull?bkn=1119823869&t=0.9798 200 98ms", source: https://7.url.cn/edu/teacher-client/index_425a48b2335f75678058.js (30)
[0420/055114:INFO:CONSOLE(30)] "%c2020-04-19T21:51:14.637Z [imlog] INFO: POST //pull.ke.qq.com/base_pull?bkn=1119823869&t=0.0763 200 99ms", source: https://7.url.cn/edu/teacher-client/index_425a48b2335f75678058.js (30)
[0420/055124:INFO:CONSOLE(30)] "%c2020-04-19T21:51:24.739Z [imlog] INFO: POST //pull.ke.qq.com/base_pull?bkn=1119823869&t=0.4959 200 100ms", source: https://7.url.cn/edu/teacher-client/index_425a48b2335f75678058.js (30)
[0420/055128:INFO:CONSOLE(30)] "%c2020-04-19T21:51:28.377Z [imlog] INFO: GET /cgi-bin/coupon/get_coupon_status_marketing?tid=101756608&bkn=1119823869&t=0.6967 200 236ms", source: https://7.url.cn/edu/teacher-client/index_425a48b2335f75678058.js (30)
[0420/055128:INFO:CONSOLE(30)] "%c2020-04-19T21:51:28.405Z [imlog] INFO: GET /cgi-bin/web_ke/get_notice?tkn=101756608&uint32_course_abs_id=101756608&bkn=1119823869&t=0.2922 200 262ms", source: https://7.url.cn/edu/teacher-client/index_425a48b2335f75678058.js (30)
[0420/055134:INFO:CONSOLE(30)] "%c2020-04-19T21:51:34.845Z [imlog] INFO: POST //pull.ke.qq.com/base_pull?bkn=1119823869&t=0.4932 200 103ms", source: https://7.url.cn/edu/teacher-client/index_425a48b2335f75678058.js (30)
[0420/055139:INFO:CONSOLE(30)] "%c2020-04-19T21:51:39.565Z [imlog] INFO: post //report.edu.qq.com/data_report/web_report 200 273ms", source: https://7.url.cn/edu/teacher-client/index_425a48b2335f75678058.js (30)
[0420/055144:INFO:CONSOLE(30)] "%c2020-04-19T21:51:44.953Z [imlog] INFO: POST //pull.ke.qq.com/base_pull?bkn=1119823869&t=0.2875 200 104ms", source: https://7.url.cn/edu/teacher-client/index_425a48b2335f75678058.js (30)
[0420/055155:INFO:CONSOLE(30)] "%c2020-04-19T21:51:55.054Z [imlog] INFO: POST //pull.ke.qq.com/base_pull?bkn=1119823869&t=0.9577 200 98ms", source: https://7.url.cn/edu/teacher-client/index_425a48b2335f75678058.js (30)
[0420/055157:INFO:CONSOLE(30)] "%c2020-04-19T21:51:57.945Z [imlog] INFO: post //report.edu.qq.com/data_report/web_report 200 209ms", source: https://7.url.cn/edu/teacher-client/index_425a48b2335f75678058.js (30)
[0420/055204:INFO:CONSOLE(30)] "%c2020-04-19T21:52:04.699Z [imlog] INFO: post //report.edu.qq.com/data_report/web_report 200 208ms", source: https://7.url.cn/edu/teacher-client/index_425a48b2335f75678058.js (30)
[0420/055205:INFO:CONSOLE(30)] "%c2020-04-19T21:52:05.156Z [imlog] INFO: POST //pull.ke.qq.com/base_pull?bkn=1119823869&t=0.9238 200 98ms", source: https://7.url.cn/edu/teacher-client/index_425a48b2335f75678058.js (30)
[0423/083744:INFO:CONSOLE(30)] "%c2020-04-23T00:37:44.333Z [imlog] INFO: post //report.edu.qq.com/data_report/web_report 200 183ms", source: https://7.url.cn/edu/teacher-client/index_55ad6c21bcd7a078d4f8.js (30)
[0423/083746:INFO:CONSOLE(30)] "%c2020-04-23T00:37:46.778Z [imlog] INFO: POST //pull.ke.qq.com/base_pull?bkn=1119823869&t=0.3509 200 95ms", source: https://7.url.cn/edu/teacher-client/index_55ad6c21bcd7a078d4f8.js (30)
[0423/083749:INFO:CONSOLE(30)] "%c2020-04-23T00:37:49.960Z [imlog] INFO: post //report.edu.qq.com/data_report/web_report 200 1111ms", source: https://7.url.cn/edu/teacher-client/index_55ad6c21bcd7a078d4f8.js (30)
[0423/083756:INFO:CONSOLE(30)] "%c2020-04-23T00:37:56.886Z [imlog] INFO: POST //pull.ke.qq.com/base_pull?bkn=1119823869&t=0.0503 200 104ms", source: https://7.url.cn/edu/teacher-client/index_55ad6c21bcd7a078d4f8.js (30)
[0423/083757:INFO:CONSOLE(30)] "%c2020-04-23T00:37:57.631Z [imlog] INFO: post //report.edu.qq.com/data_report/web_report 200 206ms", source: https://7.url.cn/edu/teacher-client/index_55ad6c21bcd7a078d4f8.js (30)
[0423/083802:INFO:CONSOLE(30)] "%c2020-04-23T00:38:02.239Z [imlog] INFO: post //report.edu.qq.com/data_report/web_report 200 108ms", source: https://7.url.cn/edu/teacher-client/index_55ad6c21bcd7a078d4f8.js (30)
[0423/083806:INFO:CONSOLE(30)] "%c2020-04-23T00:38:06.713Z [imlog] INFO: post //report.edu.qq.com/data_report/web_report 200 188ms", source: https://7.url.cn/edu/teacher-client/index_55ad6c21bcd7a078d4f8.js (30)
[0423/083806:INFO:CONSOLE(30)] "%c2020-04-23T00:38:06.992Z [imlog] INFO: POST //pull.ke.qq.com/base_pull?bkn=1119823869&t=0.4090 200 101ms", source: https://7.url.cn/edu/teacher-client/index_55ad6c21bcd7a078d4f8.js (30)
[0423/083807:INFO:CONSOLE(30)] "%c2020-04-23T00:38:07.647Z [imlog] INFO: post //report.edu.qq.com/data_report/web_report 200 94ms", source: https://7.url.cn/edu/teacher-client/index_55ad6c21bcd7a078d4f8.js (30)
[0423/083811:INFO:CONSOLE(30)] "%c2020-04-23T00:38:11.390Z [imlog] INFO: post //report.edu.qq.com/data_report/web_report 200 99ms", source: https://7.url.cn/edu/teacher-client/index_55ad6c21bcd7a078d4f8.js (30)
[0423/083813:INFO:CONSOLE(30)] "%c2020-04-23T00:38:13.645Z [imlog] INFO: post //report.edu.qq.com/data_report/web_report 200 203ms", source: https://7.url.cn/edu/teacher-client/index_55ad6c21bcd7a078d4f8.js (30)
[0423/083816:INFO:CONSOLE(30)] "%c2020-04-23T00:38:16.676Z [imlog] INFO: post //report.edu.qq.com/data_report/web_report 200 97ms", source: https://7.url.cn/edu/teacher-client/index_55ad6c21bcd7a078d4f8.js (30)
[0423/083817:INFO:CONSOLE(30)] "%c2020-04-23T00:38:17.096Z [imlog] INFO: POST //pull.ke.qq.com/base_pull?bkn=1119823869&t=0.3926 200 102ms", source: https://7.url.cn/edu/teacher-client/index_55ad6c21bcd7a078d4f8.js (30)
[0423/083827:INFO:CONSOLE(30)] "%c2020-04-23T00:38:27.198Z [imlog] INFO: POST //pull.ke.qq.com/base_pull?bkn=1119823869&t=0.1713 200 98ms", source: https://7.url.cn/edu/teacher-client/index_55ad6c21bcd7a078d4f8.js (30)
[0423/083833:INFO:CONSOLE(30)] "%c2020-04-23T00:38:33.496Z [imlog] INFO: post //report.edu.qq.com/data_report/web_report 200 199ms", source: https://7.url.cn/edu/teacher-client/index_55ad6c21bcd7a078d4f8.js (30)
[0423/083837:INFO:CONSOLE(30)] "%c2020-04-23T00:38:37.298Z [imlog] INFO: POST //pull.ke.qq.com/base_pull?bkn=1119823869&t=0.2010 200 98ms", source: https://7.url.cn/edu/teacher-client/index_55ad6c21bcd7a078d4f8.js (30)
[0423/083847:INFO:CONSOLE(30)] "%c2020-04-23T00:38:47.404Z [imlog] INFO: POST //pull.ke.qq.com/base_pull?bkn=1119823869&t=0.7917 200 102ms", source: https://7.url.cn/edu/teacher-client/index_55ad6c21bcd7a078d4f8.js (30)
[0423/083856:INFO:CONSOLE(30)] "%c2020-04-23T00:38:56.915Z [imlog] INFO: post //report.edu.qq.com/data_report/web_report 200 192ms", source: https://7.url.cn/edu/teacher-client/index_55ad6c21bcd7a078d4f8.js (30)
[0423/083857:INFO:CONSOLE(30)] "%c2020-04-23T00:38:57.502Z [imlog] INFO: POST //pull.ke.qq.com/base_pull?bkn=1119823869&t=0.2614 200 93ms", source: https://7.url.cn/edu/teacher-client/index_55ad6c21bcd7a078d4f8.js (30)
[0423/083859:INFO:CONSOLE(30)] "%c2020-04-23T00:38:59.305Z [imlog] INFO: post //report.edu.qq.com/data_report/web_report 200 89ms", source: https://7.url.cn/edu/teacher-client/index_55ad6c21bcd7a078d4f8.js (30)
[0423/083906:INFO:CONSOLE(30)] "%c2020-04-23T00:39:06.328Z [imlog] INFO: post //report.edu.qq.com/data_report/web_report 200 188ms", source: https://7.url.cn/edu/teacher-client/index_55ad6c21bcd7a078d4f8.js (30)
[0423/083907:INFO:CONSOLE(30)] "%c2020-04-23T00:39:07.599Z [imlog] INFO: POST //pull.ke.qq.com/base_pull?bkn=1119823869&t=0.7360 200 94ms", source: https://7.url.cn/edu/teacher-client/index_55ad6c21bcd7a078d4f8.js (30)
[0423/083917:INFO:CONSOLE(30)] "%c2020-04-23T00:39:17.700Z [imlog] INFO: POST //pull.ke.qq.com/base_pull?bkn=1119823869&t=0.0160 200 95ms", source: https://7.url.cn/edu/teacher-client/index_55ad6c21bcd7a078d4f8.js (30)
[0423/083920:INFO:CONSOLE(30)] "%c2020-04-23T00:39:20.891Z [imlog] INFO: post //report.edu.qq.com/data_report/web_report 200 204ms", source: https://7.url.cn/edu/teacher-client/index_55ad6c21bcd7a078d4f8.js (30)
[0423/083927:INFO:CONSOLE(30)] "%c2020-04-23T00:39:27.816Z [imlog] INFO: POST //pull.ke.qq.com/base_pull?bkn=1119823869&t=0.5022 200 114ms", source: https://7.url.cn/edu/teacher-client/index_55ad6c21bcd7a078d4f8.js (30)
[0423/083937:INFO:CONSOLE(30)] "%c2020-04-23T00:39:37.921Z [imlog] INFO: POST //pull.ke.qq.com/base_pull?bkn=1119823869&t=0.9241 200 102ms", source: https://7.url.cn/edu/teacher-client/index_55ad6c21bcd7a078d4f8.js (30)
[0423/083948:INFO:CONSOLE(30)] "%c2020-04-23T00:39:48.024Z [imlog] INFO: POST //pull.ke.qq.com/base_pull?bkn=1119823869&t=0.5721 200 101ms", source: https://7.url.cn/edu/teacher-client/index_55ad6c21bcd7a078d4f8.js (30)
[0423/083958:INFO:CONSOLE(30)] "%c2020-04-23T00:39:58.127Z [imlog] INFO: POST //pull.ke.qq.com/base_pull?bkn=1119823869&t=0.1248 200 101ms", source: https://7.url.cn/edu/teacher-client/index_55ad6c21bcd7a078d4f8.js (30)
[0423/084008:INFO:CONSOLE(30)] "%c2020-04-23T00:40:08.232Z [imlog] INFO: POST //pull.ke.qq.com/base_pull?bkn=1119823869&t=0.2834 200 101ms", source: https://7.url.cn/edu/teacher-client/index_55ad6c21bcd7a078d4f8.js (30)
[0423/084018:INFO:CONSOLE(30)] "%c2020-04-23T00:40:18.340Z [imlog] INFO: POST //pull.ke.qq.com/base_pull?bkn=1119823869&t=0.6651 200 106ms", source: https://7.url.cn/edu/teacher-client/index_55ad6c21bcd7a078d4f8.js (30)
[0423/084028:INFO:CONSOLE(30)] "%c2020-04-23T00:40:28.438Z [imlog] INFO: POST //pull.ke.qq.com/base_pull?bkn=1119823869&t=0.8195 200 95ms", source: https://7.url.cn/edu/teacher-client/index_55ad6c21bcd7a078d4f8.js (30)
[0423/084034:INFO:CONSOLE(30)] "%c2020-04-23T00:40:34.428Z [imlog] INFO: post //report.edu.qq.com/data_report/web_report 200 182ms", source: https://7.url.cn/edu/teacher-client/index_55ad6c21bcd7a078d4f8.js (30)
[0423/084038:INFO:CONSOLE(30)] "%c2020-04-23T00:40:38.545Z [imlog] INFO: POST //pull.ke.qq.com/base_pull?bkn=1119823869&t=0.9598 200 103ms", source: https://7.url.cn/edu/teacher-client/index_55ad6c21bcd7a078d4f8.js (30)
[0423/084041:INFO:CONSOLE(30)] "%c2020-04-23T00:40:41.735Z [imlog] INFO: post //report.edu.qq.com/data_report/web_report 200 1210ms", source: https://7.url.cn/edu/teacher-client/index_55ad6c21bcd7a078d4f8.js (30)
[0423/084048:INFO:CONSOLE(30)] "%c2020-04-23T00:40:48.649Z [imlog] INFO: POST //pull.ke.qq.com/base_pull?bkn=1119823869&t=0.0511 200 100ms", source: https://7.url.cn/edu/teacher-client/index_55ad6c21bcd7a078d4f8.js (30)
[0423/084058:INFO:CONSOLE(30)] "%c2020-04-23T00:40:58.760Z [imlog] INFO: POST //pull.ke.qq.com/base_pull?bkn=1119823869&t=0.3427 200 107ms", source: https://7.url.cn/edu/teacher-client/index_55ad6c21bcd7a078d4f8.js (30)
[0423/084101:INFO:CONSOLE(30)] "%c2020-04-23T00:41:01.291Z [imlog] INFO: post //report.edu.qq.com/data_report/web_report 200 6256ms", source: https://7.url.cn/edu/teacher-client/index_55ad6c21bcd7a078d4f8.js (30)
[0423/084107:INFO:CONSOLE(30)] "%c2020-04-23T00:41:07.388Z [imlog] INFO: post //report.edu.qq.com/data_report/web_report 200 187ms", source: https://7.url.cn/edu/teacher-client/index_55ad6c21bcd7a078d4f8.js (30)
[0423/084108:INFO:CONSOLE(30)] "%c2020-04-23T00:41:08.860Z [imlog] INFO: POST //pull.ke.qq.com/base_pull?bkn=1119823869&t=0.0018 200 96ms", source: https://7.url.cn/edu/teacher-client/index_55ad6c21bcd7a078d4f8.js (30)
[0423/084118:INFO:CONSOLE(30)] "%c2020-04-23T00:41:18.962Z [imlog] INFO: POST //pull.ke.qq.com/base_pull?bkn=1119823869&t=0.2891 200 97ms", source: https://7.url.cn/edu/teacher-client/index_55ad6c21bcd7a078d4f8.js (30)
[0423/084129:INFO:CONSOLE(30)] "%c2020-04-23T00:41:29.218Z [imlog] INFO: post //report.edu.qq.com/data_report/web_report 200 2178ms", source: https://7.url.cn/edu/teacher-client/index_55ad6c21bcd7a078d4f8.js (30)
[0423/084129:INFO:CONSOLE(30)] "%c2020-04-23T00:41:29.939Z [imlog] INFO: POST //pull.ke.qq.com/base_pull?bkn=1119823869&t=0.1739 200 973ms", source: https://7.url.cn/edu/teacher-client/index_55ad6c21bcd7a078d4f8.js (30)
[0423/084130:INFO:CONSOLE(30)] "%c2020-04-23T00:41:30.467Z [imlog] INFO: post //report.edu.qq.com/data_report/web_report 200 246ms", source: https://7.url.cn/edu/teacher-client/index_55ad6c21bcd7a078d4f8.js (30)
[0423/084140:INFO:CONSOLE(30)] "%c2020-04-23T00:41:40.884Z [imlog] INFO: POST //pull.ke.qq.com/base_pull?bkn=1119823869&t=0.4883 200 942ms", source: https://7.url.cn/edu/teacher-client/index_55ad6c21bcd7a078d4f8.js (30)
[0423/084147:INFO:CONSOLE(30)] "%c2020-04-23T00:41:47.932Z [imlog] INFO: post //report.edu.qq.com/data_report/web_report 200 1708ms", source: https://7.url.cn/edu/teacher-client/index_55ad6c21bcd7a078d4f8.js (30)
[0423/084151:INFO:CONSOLE(30)] "%c2020-04-23T00:41:51.142Z [imlog] INFO: post //report.edu.qq.com/data_report/web_report 200 487ms", source: https://7.url.cn/edu/teacher-client/index_55ad6c21bcd7a078d4f8.js (30)
[0423/084151:INFO:CONSOLE(30)] "%c2020-04-23T00:41:51.799Z [imlog] INFO: POST //pull.ke.qq.com/base_pull?bkn=1119823869&t=0.9742 200 912ms", source: https://7.url.cn/edu/teacher-client/index_55ad6c21bcd7a078d4f8.js (30)
[0423/084153:INFO:CONSOLE(30)] "%c2020-04-23T00:41:53.763Z [imlog] INFO: post //report.edu.qq.com/data_report/web_report 200 1734ms", source: https://7.url.cn/edu/teacher-client/index_55ad6c21bcd7a078d4f8.js (30)
[0423/084202:INFO:CONSOLE(30)] "%c2020-04-23T00:42:02.452Z [imlog] INFO: POST //pull.ke.qq.com/base_pull?bkn=1119823869&t=0.3226 200 650ms", source: https://7.url.cn/edu/teacher-client/index_55ad6c21bcd7a078d4f8.js (30)
[0423/084212:INFO:CONSOLE(30)] "%c2020-04-23T00:42:12.552Z [imlog] INFO: POST //pull.ke.qq.com/base_pull?bkn=1119823869&t=0.8256 200 98ms", source: https://7.url.cn/edu/teacher-client/index_55ad6c21bcd7a078d4f8.js (30)
[0423/084222:INFO:CONSOLE(30)] "%c2020-04-23T00:42:22.652Z [imlog] INFO: POST //pull.ke.qq.com/base_pull?bkn=1119823869&t=0.4754 200 97ms", source: https://7.url.cn/edu/teacher-client/index_55ad6c21bcd7a078d4f8.js (30)
[0423/084222:INFO:CONSOLE(30)] "%c2020-04-23T00:42:22.933Z [imlog] INFO: post //report.edu.qq.com/data_report/web_report 200 185ms", source: https://7.url.cn/edu/teacher-client/index_55ad6c21bcd7a078d4f8.js (30)
[0423/084225:INFO:CONSOLE(30)] "%c2020-04-23T00:42:25.710Z [imlog] INFO: post //report.edu.qq.com/data_report/web_report 200 119ms", source: https://7.url.cn/edu/teacher-client/index_55ad6c21bcd7a078d4f8.js (30)
[0423/084229:INFO:CONSOLE(30)] "%c2020-04-23T00:42:29.240Z [impush-client] ERROR: push room_seq 丢失", source: https://7.url.cn/edu/teacher-client/index_55ad6c21bcd7a078d4f8.js (30)
[0423/084229:INFO:CONSOLE(30)] "%c2020-04-23T00:42:29.241Z [imlog] INFO: post //report.edu.qq.com/data_report/web_report 200 300ms", source: https://7.url.cn/edu/teacher-client/index_55ad6c21bcd7a078d4f8.js (30)
[0423/084230:INFO:CONSOLE(30)] "%c2020-04-23T00:42:30.209Z [imlog] INFO: post //report.edu.qq.com/data_report/web_report 200 96ms", source: https://7.url.cn/edu/teacher-client/index_55ad6c21bcd7a078d4f8.js (30)
[0423/084232:INFO:CONSOLE(30)] "%c2020-04-23T00:42:32.755Z [imlog] INFO: POST //pull.ke.qq.com/base_pull?bkn=1119823869&t=0.8543 200 99ms", source: https://7.url.cn/edu/teacher-client/index_55ad6c21bcd7a078d4f8.js (30)
[0423/084242:INFO:CONSOLE(30)] "%c2020-04-23T00:42:42.857Z [imlog] INFO: POST //pull.ke.qq.com/base_pull?bkn=1119823869&t=0.9464 200 98ms", source: https://7.url.cn/edu/teacher-client/index_55ad6c21bcd7a078d4f8.js (30)
[0423/084247:INFO:CONSOLE(30)] "%c2020-04-23T00:42:47.089Z [imlog] INFO: post //report.edu.qq.com/data_report/web_report 200 213ms", source: https://7.url.cn/edu/teacher-client/index_55ad6c21bcd7a078d4f8.js (30)
[0423/084249:INFO:CONSOLE(30)] "%c2020-04-23T00:42:49.044Z [imlog] INFO: post //report.edu.qq.com/data_report/web_report 200 93ms", source: https://7.url.cn/edu/teacher-client/index_55ad6c21bcd7a078d4f8.js (30)
[0423/084250:INFO:CONSOLE(30)] "%c2020-04-23T00:42:50.337Z [imlog] INFO: post //report.edu.qq.com/data_report/web_report 200 93ms", source: https://7.url.cn/edu/teacher-client/index_55ad6c21bcd7a078d4f8.js (30)
[0423/084252:INFO:CONSOLE(30)] "%c2020-04-23T00:42:52.356Z [imlog] INFO: post //report.edu.qq.com/data_report/web_report 200 178ms", source: https://7.url.cn/edu/teacher-client/index_55ad6c21bcd7a078d4f8.js (30)
[0423/084252:INFO:CONSOLE(30)] "%c2020-04-23T00:42:52.959Z [imlog] INFO: POST //pull.ke.qq.com/base_pull?bkn=1119823869&t=0.7923 200 98ms", source: https://7.url.cn/edu/teacher-client/index_55ad6c21bcd7a078d4f8.js (30)
[0423/084303:INFO:CONSOLE(30)] "%c2020-04-23T00:43:03.060Z [imlog] INFO: POST //pull.ke.qq.com/base_pull?bkn=1119823869&t=0.4401 200 96ms", source: https://7.url.cn/edu/teacher-client/index_55ad6c21bcd7a078d4f8.js (30)
[0423/084313:INFO:CONSOLE(30)] "%c2020-04-23T00:43:13.161Z [imlog] INFO: POST //pull.ke.qq.com/base_pull?bkn=1119823869&t=0.8421 200 97ms", source: https://7.url.cn/edu/teacher-client/index_55ad6c21bcd7a078d4f8.js (30)
[0423/084320:INFO:CONSOLE(30)] "%c2020-04-23T00:43:20.935Z [imlog] INFO: post //report.edu.qq.com/data_report/web_report 200 194ms", source: https://7.url.cn/edu/teacher-client/index_55ad6c21bcd7a078d4f8.js (30)
[0423/084323:INFO:CONSOLE(30)] "%c2020-04-23T00:43:23.268Z [imlog] INFO: POST //pull.ke.qq.com/base_pull?bkn=1119823869&t=0.7755 200 103ms", source: https://7.url.cn/edu/teacher-client/index_55ad6c21bcd7a078d4f8.js (30)
[0423/084333:INFO:CONSOLE(30)] "%c2020-04-23T00:43:33.363Z [imlog] INFO: POST //pull.ke.qq.com/base_pull?bkn=1119823869&t=0.7460 200 93ms", source: https://7.url.cn/edu/teacher-client/index_55ad6c21bcd7a078d4f8.js (30)
[0423/084343:INFO:CONSOLE(30)] "%c2020-04-23T00:43:43.476Z [imlog] INFO: POST //pull.ke.qq.com/base_pull?bkn=1119823869&t=0.7469 200 109ms", source: https://7.url.cn/edu/teacher-client/index_55ad6c21bcd7a078d4f8.js (30)
[0423/084352:INFO:CONSOLE(30)] "%c2020-04-23T00:43:52.136Z [imlog] INFO: post //report.edu.qq.com/data_report/web_report 200 186ms", source: https://7.url.cn/edu/teacher-client/index_55ad6c21bcd7a078d4f8.js (30)
[0423/084353:INFO:CONSOLE(30)] "%c2020-04-23T00:43:53.575Z [imlog] INFO: POST //pull.ke.qq.com/base_pull?bkn=1119823869&t=0.3604 200 97ms", source: https://7.url.cn/edu/teacher-client/index_55ad6c21bcd7a078d4f8.js (30)
[0423/084356:INFO:CONSOLE(30)] "%c2020-04-23T00:43:56.148Z [imlog] INFO: post //report.edu.qq.com/data_report/web_report 200 95ms", source: https://7.url.cn/edu/teacher-client/index_55ad6c21bcd7a078d4f8.js (30)
[0423/084403:INFO:CONSOLE(30)] "%c2020-04-23T00:44:03.563Z [imlog] INFO: post //report.edu.qq.com/data_report/web_report 200 188ms", source: https://7.url.cn/edu/teacher-client/index_55ad6c21bcd7a078d4f8.js (30)
[0423/084403:INFO:CONSOLE(30)] "%c2020-04-23T00:44:03.683Z [imlog] INFO: POST //pull.ke.qq.com/base_pull?bkn=1119823869&t=0.6545 200 104ms", source: https://7.url.cn/edu/teacher-client/index_55ad6c21bcd7a078d4f8.js (30)
[0423/084413:INFO:CONSOLE(30)] "%c2020-04-23T00:44:13.788Z [imlog] INFO: POST //pull.ke.qq.com/base_pull?bkn=1119823869&t=0.3489 200 102ms", source: https://7.url.cn/edu/teacher-client/index_55ad6c21bcd7a078d4f8.js (30)
[0423/084420:INFO:CONSOLE(30)] "%c2020-04-23T00:44:20.635Z [imlog] INFO: post //report.edu.qq.com/data_report/web_report 200 197ms", source: https://7.url.cn/edu/teacher-client/index_55ad6c21bcd7a078d4f8.js (30)
[0423/084423:INFO:CONSOLE(30)] "%c2020-04-23T00:44:23.887Z [imlog] INFO: POST //pull.ke.qq.com/base_pull?bkn=1119823869&t=0.5189 200 98ms", source: https://7.url.cn/edu/teacher-client/index_55ad6c21bcd7a078d4f8.js (30)
[0423/084433:INFO:CONSOLE(30)] "%c2020-04-23T00:44:33.407Z [imlog] INFO: post //report.edu.qq.com/data_report/web_report 200 185ms", source: https://7.url.cn/edu/teacher-client/index_55ad6c21bcd7a078d4f8.js (30)
[0423/084433:INFO:CONSOLE(30)] "%c2020-04-23T00:44:33.997Z [imlog] INFO: POST //pull.ke.qq.com/base_pull?bkn=1119823869&t=0.8047 200 107ms", source: https://7.url.cn/edu/teacher-client/index_55ad6c21bcd7a078d4f8.js (30)
[0423/084444:INFO:CONSOLE(30)] "%c2020-04-23T00:44:44.098Z [imlog] INFO: POST //pull.ke.qq.com/base_pull?bkn=1119823869&t=0.8482 200 96ms", source: https://7.url.cn/edu/teacher-client/index_55ad6c21bcd7a078d4f8.js (30)
[0423/084454:INFO:CONSOLE(30)] "%c2020-04-23T00:44:54.199Z [imlog] INFO: POST //pull.ke.qq.com/base_pull?bkn=1119823869&t=0.6667 200 98ms", source: https://7.url.cn/edu/teacher-client/index_55ad6c21bcd7a078d4f8.js (30)
[0423/084458:INFO:CONSOLE(30)] "%c2020-04-23T00:44:58.237Z [imlog] INFO: post //report.edu.qq.com/data_report/web_report 200 182ms", source: https://7.url.cn/edu/teacher-client/index_55ad6c21bcd7a078d4f8.js (30)
[0423/084500:INFO:CONSOLE(30)] "%c2020-04-23T00:45:00.913Z [imlog] INFO: post //report.edu.qq.com/data_report/web_report 200 96ms", source: https://7.url.cn/edu/teacher-client/index_55ad6c21bcd7a078d4f8.js (30)
[0423/084502:INFO:CONSOLE(30)] "%c2020-04-23T00:45:02.659Z [imlog] INFO: post //report.edu.qq.com/data_report/web_report 200 99ms", source: https://7.url.cn/edu/teacher-client/index_55ad6c21bcd7a078d4f8.js (30)
[0423/084504:INFO:CONSOLE(30)] "%c2020-04-23T00:45:04.303Z [imlog] INFO: POST //pull.ke.qq.com/base_pull?bkn=1119823869&t=0.8262 200 99ms", source: https://7.url.cn/edu/teacher-client/index_55ad6c21bcd7a078d4f8.js (30)
[0423/084514:INFO:CONSOLE(30)] "%c2020-04-23T00:45:14.408Z [imlog] INFO: POST //pull.ke.qq.com/base_pull?bkn=1119823869&t=0.3974 200 101ms", source: https://7.url.cn/edu/teacher-client/index_55ad6c21bcd7a078d4f8.js (30)
[0423/084523:INFO:CONSOLE(30)] "%c2020-04-23T00:45:23.090Z [imlog] INFO: post //report.edu.qq.com/data_report/web_report 200 210ms", source: https://7.url.cn/edu/teacher-client/index_55ad6c21bcd7a078d4f8.js (30)
[0423/084524:INFO:CONSOLE(30)] "%c2020-04-23T00:45:24.517Z [imlog] INFO: POST //pull.ke.qq.com/base_pull?bkn=1119823869&t=0.7926 200 104ms", source: https://7.url.cn/edu/teacher-client/index_55ad6c21bcd7a078d4f8.js (30)
[0423/084524:INFO:CONSOLE(30)] "%c2020-04-23T00:45:24.639Z [imlog] INFO: post //report.edu.qq.com/data_report/web_report 200 84ms", source: https://7.url.cn/edu/teacher-client/index_55ad6c21bcd7a078d4f8.js (30)
[0423/084534:INFO:CONSOLE(30)] "%c2020-04-23T00:45:34.625Z [imlog] INFO: POST //pull.ke.qq.com/base_pull?bkn=1119823869&t=0.7854 200 102ms", source: https://7.url.cn/edu/teacher-client/index_55ad6c21bcd7a078d4f8.js (30)
[0423/084543:INFO:CONSOLE(30)] "%c2020-04-23T00:45:43.673Z [imlog] INFO: post //report.edu.qq.com/data_report/web_report 200 215ms", source: https://7.url.cn/edu/teacher-client/index_55ad6c21bcd7a078d4f8.js (30)
[0423/084544:INFO:CONSOLE(30)] "%c2020-04-23T00:45:44.735Z [imlog] INFO: POST //pull.ke.qq.com/base_pull?bkn=1119823869&t=0.8590 200 106ms", source: https://7.url.cn/edu/teacher-client/index_55ad6c21bcd7a078d4f8.js (30)
[0423/084554:INFO:CONSOLE(30)] "%c2020-04-23T00:45:54.831Z [imlog] INFO: POST //pull.ke.qq.com/base_pull?bkn=1119823869&t=0.6179 200 94ms", source: https://7.url.cn/edu/teacher-client/index_55ad6c21bcd7a078d4f8.js (30)
[0423/084604:INFO:CONSOLE(30)] "%c2020-04-23T00:46:04.931Z [imlog] INFO: POST //pull.ke.qq.com/base_pull?bkn=1119823869&t=0.5633 200 96ms", source: https://7.url.cn/edu/teacher-client/index_55ad6c21bcd7a078d4f8.js (30)
[0423/084607:INFO:CONSOLE(30)] "%c2020-04-23T00:46:07.401Z [imlog] INFO: post //report.edu.qq.com/data_report/web_report 200 192ms", source: https://7.url.cn/edu/teacher-client/index_55ad6c21bcd7a078d4f8.js (30)
[0423/084610:INFO:CONSOLE(30)] "%c2020-04-23T00:46:10.670Z [imlog] INFO: post //report.edu.qq.com/data_report/web_report 200 106ms", source: https://7.url.cn/edu/teacher-client/index_55ad6c21bcd7a078d4f8.js (30)
[0423/084615:INFO:CONSOLE(30)] "%c2020-04-23T00:46:15.035Z [imlog] INFO: POST //pull.ke.qq.com/base_pull?bkn=1119823869&t=0.1909 200 103ms", source: https://7.url.cn/edu/teacher-client/index_55ad6c21bcd7a078d4f8.js (30)
[0423/084616:INFO:CONSOLE(30)] "%c2020-04-23T00:46:16.383Z [imlog] INFO: post //report.edu.qq.com/data_report/web_report 200 184ms", source: https://7.url.cn/edu/teacher-client/index_55ad6c21bcd7a078d4f8.js (30)
[0423/084623:INFO:CONSOLE(30)] "%c2020-04-23T00:46:23.336Z [imlog] INFO: post //report.edu.qq.com/data_report/web_report 200 180ms", source: https://7.url.cn/edu/teacher-client/index_55ad6c21bcd7a078d4f8.js (30)
[0423/084625:INFO:CONSOLE(30)] "%c2020-04-23T00:46:25.140Z [imlog] INFO: POST //pull.ke.qq.com/base_pull?bkn=1119823869&t=0.9686 200 98ms", source: https://7.url.cn/edu/teacher-client/index_55ad6c21bcd7a078d4f8.js (30)
[0423/084628:INFO:CONSOLE(30)] "%c2020-04-23T00:46:28.170Z [imlog] INFO: post //report.edu.qq.com/data_report/web_report 200 93ms", source: https://7.url.cn/edu/teacher-client/index_55ad6c21bcd7a078d4f8.js (30)
[0423/084635:INFO:CONSOLE(30)] "%c2020-04-23T00:46:35.244Z [imlog] INFO: POST //pull.ke.qq.com/base_pull?bkn=1119823869&t=0.7401 200 98ms", source: https://7.url.cn/edu/teacher-client/index_55ad6c21bcd7a078d4f8.js (30)
[0423/084635:INFO:CONSOLE(30)] "%c2020-04-23T00:46:35.824Z [imlog] INFO: post //report.edu.qq.com/data_report/web_report 200 199ms", source: https://7.url.cn/edu/teacher-client/index_55ad6c21bcd7a078d4f8.js (30)
[0423/084645:INFO:CONSOLE(30)] "%c2020-04-23T00:46:45.233Z [imlog] INFO: post //report.edu.qq.com/data_report/web_report 200 197ms", source: https://7.url.cn/edu/teacher-client/index_55ad6c21bcd7a078d4f8.js (30)
[0423/084645:INFO:CONSOLE(30)] "%c2020-04-23T00:46:45.347Z [imlog] INFO: POST //pull.ke.qq.com/base_pull?bkn=1119823869&t=0.3750 200 100ms", source: https://7.url.cn/edu/teacher-client/index_55ad6c21bcd7a078d4f8.js (30)
[0423/084655:INFO:CONSOLE(30)] "%c2020-04-23T00:46:55.448Z [imlog] INFO: POST //pull.ke.qq.com/base_pull?bkn=1119823869&t=0.8111 200 98ms", source: https://7.url.cn/edu/teacher-client/index_55ad6c21bcd7a078d4f8.js (30)
[0423/084705:INFO:CONSOLE(30)] "%c2020-04-23T00:47:05.546Z [imlog] INFO: POST //pull.ke.qq.com/base_pull?bkn=1119823869&t=0.7172 200 95ms", source: https://7.url.cn/edu/teacher-client/index_55ad6c21bcd7a078d4f8.js (30)
[0423/084715:INFO:CONSOLE(30)] "%c2020-04-23T00:47:15.651Z [imlog] INFO: POST //pull.ke.qq.com/base_pull?bkn=1119823869&t=0.1832 200 103ms", source: https://7.url.cn/edu/teacher-client/index_55ad6c21bcd7a078d4f8.js (30)
[0423/084725:INFO:CONSOLE(30)] "%c2020-04-23T00:47:25.750Z [imlog] INFO: POST //pull.ke.qq.com/base_pull?bkn=1119823869&t=0.4058 200 97ms", source: https://7.url.cn/edu/teacher-client/index_55ad6c21bcd7a078d4f8.js (30)
[0423/084731:INFO:CONSOLE(30)] "%c2020-04-23T00:47:31.736Z [imlog] INFO: post //report.edu.qq.com/data_report/web_report 200 199ms", source: https://7.url.cn/edu/teacher-client/index_55ad6c21bcd7a078d4f8.js (30)
[0423/084735:INFO:CONSOLE(30)] "%c2020-04-23T00:47:35.858Z [imlog] INFO: POST //pull.ke.qq.com/base_pull?bkn=1119823869&t=0.7541 200 105ms", source: https://7.url.cn/edu/teacher-client/index_55ad6c21bcd7a078d4f8.js (30)
[0423/084745:INFO:CONSOLE(30)] "%c2020-04-23T00:47:45.958Z [imlog] INFO: POST //pull.ke.qq.com/base_pull?bkn=1119823869&t=0.1351 200 97ms", source: https://7.url.cn/edu/teacher-client/index_55ad6c21bcd7a078d4f8.js (30)
[0423/084756:INFO:CONSOLE(30)] "%c2020-04-23T00:47:56.059Z [imlog] INFO: POST //pull.ke.qq.com/base_pull?bkn=1119823869&t=0.8230 200 99ms", source: https://7.url.cn/edu/teacher-client/index_55ad6c21bcd7a078d4f8.js (30)
[0423/084806:INFO:CONSOLE(30)] "%c2020-04-23T00:48:06.160Z [imlog] INFO: POST //pull.ke.qq.com/base_pull?bkn=1119823869&t=0.3226 200 97ms", source: https://7.url.cn/edu/teacher-client/index_55ad6c21bcd7a078d4f8.js (30)
[0423/084806:INFO:CONSOLE(30)] "%c2020-04-23T00:48:06.377Z [imlog] INFO: post //report.edu.qq.com/data_report/web_report 200 222ms", source: https://7.url.cn/edu/teacher-client/index_55ad6c21bcd7a078d4f8.js (30)
[0423/084816:INFO:CONSOLE(30)] "%c2020-04-23T00:48:16.260Z [imlog] INFO: POST //pull.ke.qq.com/base_pull?bkn=1119823869&t=0.0366 200 97ms", source: https://7.url.cn/edu/teacher-client/index_55ad6c21bcd7a078d4f8.js (30)
[0423/084824:INFO:CONSOLE(30)] "%c2020-04-23T00:48:24.490Z [imlog] INFO: post //report.edu.qq.com/data_report/web_report 200 189ms", source: https://7.url.cn/edu/teacher-client/index_55ad6c21bcd7a078d4f8.js (30)
[0423/084826:INFO:CONSOLE(30)] "%c2020-04-23T00:48:26.371Z [imlog] INFO: POST //pull.ke.qq.com/base_pull?bkn=1119823869&t=0.5655 200 106ms", source: https://7.url.cn/edu/teacher-client/index_55ad6c21bcd7a078d4f8.js (30)
[0423/084836:INFO:CONSOLE(30)] "%c2020-04-23T00:48:36.470Z [imlog] INFO: POST //pull.ke.qq.com/base_pull?bkn=1119823869&t=0.9368 200 95ms", source: https://7.url.cn/edu/teacher-client/index_55ad6c21bcd7a078d4f8.js (30)
[0423/084845:INFO:CONSOLE(30)] "%c2020-04-23T00:48:45.240Z [imlog] INFO: post //report.edu.qq.com/data_report/web_report 200 205ms", source: https://7.url.cn/edu/teacher-client/index_55ad6c21bcd7a078d4f8.js (30)
[0423/084846:INFO:CONSOLE(30)] "%c2020-04-23T00:48:46.568Z [imlog] INFO: POST //pull.ke.qq.com/base_pull?bkn=1119823869&t=0.5166 200 94ms", source: https://7.url.cn/edu/teacher-client/index_55ad6c21bcd7a078d4f8.js (30)
[0423/084849:INFO:CONSOLE(30)] "%c2020-04-23T00:48:49.531Z [imlog] INFO: post //report.edu.qq.com/data_report/web_report 200 91ms", source: https://7.url.cn/edu/teacher-client/index_55ad6c21bcd7a078d4f8.js (30)
[0423/084856:INFO:CONSOLE(30)] "%c2020-04-23T00:48:56.668Z [imlog] INFO: POST //pull.ke.qq.com/base_pull?bkn=1119823869&t=0.9524 200 96ms", source: https://7.url.cn/edu/teacher-client/index_55ad6c21bcd7a078d4f8.js (30)
[0423/084906:INFO:CONSOLE(30)] "%c2020-04-23T00:49:06.773Z [imlog] INFO: POST //pull.ke.qq.com/base_pull?bkn=1119823869&t=0.4233 200 101ms", source: https://7.url.cn/edu/teacher-client/index_55ad6c21bcd7a078d4f8.js (30)
[0423/084916:INFO:CONSOLE(30)] "%c2020-04-23T00:49:16.874Z [imlog] INFO: POST //pull.ke.qq.com/base_pull?bkn=1119823869&t=0.5745 200 98ms", source: https://7.url.cn/edu/teacher-client/index_55ad6c21bcd7a078d4f8.js (30)
[0423/084923:INFO:CONSOLE(30)] "%c2020-04-23T00:49:23.723Z [imlog] INFO: post //report.edu.qq.com/data_report/web_report 200 193ms", source: https://7.url.cn/edu/teacher-client/index_55ad6c21bcd7a078d4f8.js (30)
[0423/084926:INFO:CONSOLE(30)] "%c2020-04-23T00:49:26.976Z [imlog] INFO: POST //pull.ke.qq.com/base_pull?bkn=1119823869&t=0.6658 200 100ms", source: https://7.url.cn/edu/teacher-client/index_55ad6c21bcd7a078d4f8.js (30)
[0423/084937:INFO:CONSOLE(30)] "%c2020-04-23T00:49:37.077Z [imlog] INFO: POST //pull.ke.qq.com/base_pull?bkn=1119823869&t=0.1206 200 98ms", source: https://7.url.cn/edu/teacher-client/index_55ad6c21bcd7a078d4f8.js (30)
[0423/084942:INFO:CONSOLE(30)] "%c2020-04-23T00:49:42.713Z [imlog] INFO: post //report.edu.qq.com/data_report/web_report 200 180ms", source: https://7.url.cn/edu/teacher-client/index_55ad6c21bcd7a078d4f8.js (30)
[0423/084945:INFO:CONSOLE(30)] "%c2020-04-23T00:49:45.494Z [imlog] INFO: post //report.edu.qq.com/data_report/web_report 200 97ms", source: https://7.url.cn/edu/teacher-client/index_55ad6c21bcd7a078d4f8.js (30)
[0423/084947:INFO:CONSOLE(30)] "%c2020-04-23T00:49:47.175Z [imlog] INFO: POST //pull.ke.qq.com/base_pull?bkn=1119823869&t=0.8770 200 95ms", source: https://7.url.cn/edu/teacher-client/index_55ad6c21bcd7a078d4f8.js (30)
[0423/084947:INFO:CONSOLE(30)] "%c2020-04-23T00:49:47.694Z [imlog] INFO: post //report.edu.qq.com/data_report/web_report 200 110ms", source: https://7.url.cn/edu/teacher-client/index_55ad6c21bcd7a078d4f8.js (30)
[0423/084948:INFO:CONSOLE(30)] "%c2020-04-23T00:49:48.977Z [imlog] INFO: post //report.edu.qq.com/data_report/web_report 200 218ms", source: https://7.url.cn/edu/teacher-client/index_55ad6c21bcd7a078d4f8.js (30)
[0423/084956:INFO:CONSOLE(30)] "%c2020-04-23T00:49:56.102Z [imlog] INFO: post //report.edu.qq.com/data_report/web_report 200 738ms", source: https://7.url.cn/edu/teacher-client/index_55ad6c21bcd7a078d4f8.js (30)
[0423/084957:INFO:CONSOLE(30)] "%c2020-04-23T00:49:57.270Z [imlog] INFO: POST //pull.ke.qq.com/base_pull?bkn=1119823869&t=0.8044 200 94ms", source: https://7.url.cn/edu/teacher-client/index_55ad6c21bcd7a078d4f8.js (30)
[0423/085005:INFO:CONSOLE(30)] "%c2020-04-23T00:50:05.748Z [impush-client] ERROR: push room_seq 丢失", source: https://7.url.cn/edu/teacher-client/index_55ad6c21bcd7a078d4f8.js (30)
[0423/085006:INFO:CONSOLE(30)] "%c2020-04-23T00:50:06.817Z [imlog] INFO: post //report.edu.qq.com/data_report/web_report 200 185ms", source: https://7.url.cn/edu/teacher-client/index_55ad6c21bcd7a078d4f8.js (30)
[0423/085007:INFO:CONSOLE(30)] "%c2020-04-23T00:50:07.372Z [imlog] INFO: POST //pull.ke.qq.com/base_pull?bkn=1119823869&t=0.7660 200 97ms", source: https://7.url.cn/edu/teacher-client/index_55ad6c21bcd7a078d4f8.js (30)
[0423/085010:INFO:CONSOLE(30)] "%c2020-04-23T00:50:10.676Z [imlog] INFO: post //report.edu.qq.com/data_report/web_report 200 1096ms", source: https://7.url.cn/edu/teacher-client/index_55ad6c21bcd7a078d4f8.js (30)
[0423/085010:INFO:CONSOLE(30)] "%c2020-04-23T00:50:10.774Z [imlog] INFO: post //report.edu.qq.com/data_report/web_report 200 104ms", source: https://7.url.cn/edu/teacher-client/index_55ad6c21bcd7a078d4f8.js (30)
[0423/085017:INFO:CONSOLE(30)] "%c2020-04-23T00:50:17.477Z [imlog] INFO: POST //pull.ke.qq.com/base_pull?bkn=1119823869&t=0.5424 200 102ms", source: https://7.url.cn/edu/teacher-client/index_55ad6c21bcd7a078d4f8.js (30)
[0423/085027:INFO:CONSOLE(30)] "%c2020-04-23T00:50:27.576Z [imlog] INFO: POST //pull.ke.qq.com/base_pull?bkn=1119823869&t=0.5644 200 97ms", source: https://7.url.cn/edu/teacher-client/index_55ad6c21bcd7a078d4f8.js (30)
[0423/085034:INFO:CONSOLE(30)] "%c2020-04-23T00:50:34.523Z [imlog] INFO: post //report.edu.qq.com/data_report/web_report 200 194ms", source: https://7.url.cn/edu/teacher-client/index_55ad6c21bcd7a078d4f8.js (30)
[0423/085037:INFO:CONSOLE(30)] "%c2020-04-23T00:50:37.680Z [imlog] INFO: POST //pull.ke.qq.com/base_pull?bkn=1119823869&t=0.8466 200 100ms", source: https://7.url.cn/edu/teacher-client/index_55ad6c21bcd7a078d4f8.js (30)
[0423/085047:INFO:CONSOLE(30)] "%c2020-04-23T00:50:47.783Z [imlog] INFO: POST //pull.ke.qq.com/base_pull?bkn=1119823869&t=0.4882 200 101ms", source: https://7.url.cn/edu/teacher-client/index_55ad6c21bcd7a078d4f8.js (30)
[0423/085057:INFO:CONSOLE(30)] "%c2020-04-23T00:50:57.909Z [imlog] INFO: POST //pull.ke.qq.com/base_pull?bkn=1119823869&t=0.8425 200 124ms", source: https://7.url.cn/edu/teacher-client/index_55ad6c21bcd7a078d4f8.js (30)
[0423/085058:INFO:CONSOLE(30)] "%c2020-04-23T00:50:58.257Z [imlog] INFO: post //report.edu.qq.com/data_report/web_report 200 183ms", source: https://7.url.cn/edu/teacher-client/index_55ad6c21bcd7a078d4f8.js (30)
[0423/085107:INFO:CONSOLE(30)] "%c2020-04-23T00:51:07.200Z [imlog] INFO: post //report.edu.qq.com/data_report/web_report 200 180ms", source: https://7.url.cn/edu/teacher-client/index_55ad6c21bcd7a078d4f8.js (30)
[0423/085108:INFO:CONSOLE(30)] "%c2020-04-23T00:51:08.011Z [imlog] INFO: POST //pull.ke.qq.com/base_pull?bkn=1119823869&t=0.3733 200 98ms", source: https://7.url.cn/edu/teacher-client/index_55ad6c21bcd7a078d4f8.js (30)
[0423/085109:INFO:CONSOLE(30)] "%c2020-04-23T00:51:09.785Z [imlog] INFO: post //report.edu.qq.com/data_report/web_report 200 102ms", source: https://7.url.cn/edu/teacher-client/index_55ad6c21bcd7a078d4f8.js (30)
[0423/085114:INFO:CONSOLE(30)] "%c2020-04-23T00:51:14.948Z [imlog] INFO: post //report.edu.qq.com/data_report/web_report 200 209ms", source: https://7.url.cn/edu/teacher-client/index_55ad6c21bcd7a078d4f8.js (30)
[0423/085118:INFO:CONSOLE(30)] "%c2020-04-23T00:51:18.133Z [imlog] INFO: POST //pull.ke.qq.com/base_pull?bkn=1119823869&t=0.7414 200 117ms", source: https://7.url.cn/edu/teacher-client/index_55ad6c21bcd7a078d4f8.js (30)
[0423/085128:INFO:CONSOLE(30)] "%c2020-04-23T00:51:28.237Z [imlog] INFO: POST //pull.ke.qq.com/base_pull?bkn=1119823869&t=0.8059 200 99ms", source: https://7.url.cn/edu/teacher-client/index_55ad6c21bcd7a078d4f8.js (30)
[0423/085138:INFO:CONSOLE(30)] "%c2020-04-23T00:51:38.340Z [imlog] INFO: POST //pull.ke.qq.com/base_pull?bkn=1119823869&t=0.3423 200 100ms", source: https://7.url.cn/edu/teacher-client/index_55ad6c21bcd7a078d4f8.js (30)
[0423/085148:INFO:CONSOLE(30)] "%c2020-04-23T00:51:48.442Z [imlog] INFO: POST //pull.ke.qq.com/base_pull?bkn=1119823869&t=0.9625 200 99ms", source: https://7.url.cn/edu/teacher-client/index_55ad6c21bcd7a078d4f8.js (30)
[0423/085158:INFO:CONSOLE(30)] "%c2020-04-23T00:51:58.542Z [imlog] INFO: POST //pull.ke.qq.com/base_pull?bkn=1119823869&t=0.5907 200 98ms", source: https://7.url.cn/edu/teacher-client/index_55ad6c21bcd7a078d4f8.js (30)
[0423/085159:INFO:CONSOLE(30)] "%c2020-04-23T00:51:59.821Z [imlog] INFO: post //report.edu.qq.com/data_report/web_report 200 188ms", source: https://7.url.cn/edu/teacher-client/index_55ad6c21bcd7a078d4f8.js (30)
[0423/085208:INFO:CONSOLE(30)] "%c2020-04-23T00:52:08.654Z [imlog] INFO: POST //pull.ke.qq.com/base_pull?bkn=1119823869&t=0.0459 200 109ms", source: https://7.url.cn/edu/teacher-client/index_55ad6c21bcd7a078d4f8.js (30)
[0423/085210:INFO:CONSOLE(30)] "%c2020-04-23T00:52:10.703Z [imlog] INFO: post //report.edu.qq.com/data_report/web_report 200 182ms", source: https://7.url.cn/edu/teacher-client/index_55ad6c21bcd7a078d4f8.js (30)
[0423/085218:INFO:CONSOLE(30)] "%c2020-04-23T00:52:18.752Z [imlog] INFO: POST //pull.ke.qq.com/base_pull?bkn=1119823869&t=0.8173 200 96ms", source: https://7.url.cn/edu/teacher-client/index_55ad6c21bcd7a078d4f8.js (30)
[0423/085228:INFO:CONSOLE(30)] "%c2020-04-23T00:52:28.859Z [imlog] INFO: POST //pull.ke.qq.com/base_pull?bkn=1119823869&t=0.0841 200 104ms", source: https://7.url.cn/edu/teacher-client/index_55ad6c21bcd7a078d4f8.js (30)
[0423/085230:INFO:CONSOLE(30)] "%c2020-04-23T00:52:30.530Z [imlog] INFO: post //report.edu.qq.com/data_report/web_report 200 192ms", source: https://7.url.cn/edu/teacher-client/index_55ad6c21bcd7a078d4f8.js (30)
[0423/085232:INFO:CONSOLE(30)] "%c2020-04-23T00:52:32.901Z [imlog] INFO: post //report.edu.qq.com/data_report/web_report 200 91ms", source: https://7.url.cn/edu/teacher-client/index_55ad6c21bcd7a078d4f8.js (30)
[0423/085234:INFO:CONSOLE(30)] "%c2020-04-23T00:52:34.776Z [imlog] INFO: post //report.edu.qq.com/data_report/web_report 200 106ms", source: https://7.url.cn/edu/teacher-client/index_55ad6c21bcd7a078d4f8.js (30)
[0423/085236:INFO:CONSOLE(30)] "%c2020-04-23T00:52:36.299Z [imlog] INFO: post //report.edu.qq.com/data_report/web_report 200 215ms", source: https://7.url.cn/edu/teacher-client/index_55ad6c21bcd7a078d4f8.js (30)
[0423/085238:INFO:CONSOLE(30)] "%c2020-04-23T00:52:38.019Z [imlog] INFO: post //report.edu.qq.com/data_report/web_report 200 102ms", source: https://7.url.cn/edu/teacher-client/index_55ad6c21bcd7a078d4f8.js (30)
[0423/085238:INFO:CONSOLE(30)] "%c2020-04-23T00:52:38.966Z [imlog] INFO: POST //pull.ke.qq.com/base_pull?bkn=1119823869&t=0.3856 200 103ms", source: https://7.url.cn/edu/teacher-client/index_55ad6c21bcd7a078d4f8.js (30)
[0423/085239:INFO:CONSOLE(30)] "%c2020-04-23T00:52:39.458Z [imlog] INFO: post //report.edu.qq.com/data_report/web_report 200 95ms", source: https://7.url.cn/edu/teacher-client/index_55ad6c21bcd7a078d4f8.js (30)
[0423/085245:INFO:CONSOLE(30)] "%c2020-04-23T00:52:45.856Z [imlog] INFO: post //report.edu.qq.com/data_report/web_report 200 186ms", source: https://7.url.cn/edu/teacher-client/index_55ad6c21bcd7a078d4f8.js (30)
[0423/085249:INFO:CONSOLE(30)] "%c2020-04-23T00:52:49.073Z [imlog] INFO: POST //pull.ke.qq.com/base_pull?bkn=1119823869&t=0.0131 200 103ms", source: https://7.url.cn/edu/teacher-client/index_55ad6c21bcd7a078d4f8.js (30)
[0423/085256:INFO:CONSOLE(30)] "%c2020-04-23T00:52:56.139Z [imlog] INFO: post //report.edu.qq.com/data_report/web_report 200 199ms", source: https://7.url.cn/edu/teacher-client/index_55ad6c21bcd7a078d4f8.js (30)
[0423/085258:INFO:CONSOLE(30)] "%c2020-04-23T00:52:58.115Z [imlog] INFO: post //report.edu.qq.com/data_report/web_report 200 109ms", source: https://7.url.cn/edu/teacher-client/index_55ad6c21bcd7a078d4f8.js (30)
[0423/085259:INFO:CONSOLE(30)] "%c2020-04-23T00:52:59.178Z [imlog] INFO: POST //pull.ke.qq.com/base_pull?bkn=1119823869&t=0.3414 200 101ms", source: https://7.url.cn/edu/teacher-client/index_55ad6c21bcd7a078d4f8.js (30)
[0423/085305:INFO:CONSOLE(30)] "%c2020-04-23T00:53:05.238Z [imlog] INFO: post //report.edu.qq.com/data_report/web_report 200 183ms", source: https://7.url.cn/edu/teacher-client/index_55ad6c21bcd7a078d4f8.js (30)
[0423/085309:INFO:CONSOLE(30)] "%c2020-04-23T00:53:09.285Z [imlog] INFO: POST //pull.ke.qq.com/base_pull?bkn=1119823869&t=0.5140 200 102ms", source: https://7.url.cn/edu/teacher-client/index_55ad6c21bcd7a078d4f8.js (30)
[0423/085310:INFO:CONSOLE(30)] "%c2020-04-23T00:53:10.088Z [imlog] INFO: post //report.edu.qq.com/data_report/web_report 200 1096ms", source: https://7.url.cn/edu/teacher-client/index_55ad6c21bcd7a078d4f8.js (30)
[0423/085316:INFO:CONSOLE(30)] "%c2020-04-23T00:53:16.571Z [imlog] INFO: post //report.edu.qq.com/data_report/web_report 200 244ms", source: https://7.url.cn/edu/teacher-client/index_55ad6c21bcd7a078d4f8.js (30)
[0423/085319:INFO:CONSOLE(30)] "%c2020-04-23T00:53:19.391Z [imlog] INFO: POST //pull.ke.qq.com/base_pull?bkn=1119823869&t=0.1849 200 103ms", source: https://7.url.cn/edu/teacher-client/index_55ad6c21bcd7a078d4f8.js (30)
[0423/085328:INFO:CONSOLE(30)] "%c2020-04-23T00:53:28.623Z [imlog] INFO: post //report.edu.qq.com/data_report/web_report 200 209ms", source: https://7.url.cn/edu/teacher-client/index_55ad6c21bcd7a078d4f8.js (30)
[0423/085329:INFO:CONSOLE(30)] "%c2020-04-23T00:53:29.493Z [imlog] INFO: POST //pull.ke.qq.com/base_pull?bkn=1119823869&t=0.0561 200 100ms", source: https://7.url.cn/edu/teacher-client/index_55ad6c21bcd7a078d4f8.js (30)
[0423/085335:INFO:CONSOLE(30)] "%c2020-04-23T00:53:35.783Z [imlog] INFO: post //report.edu.qq.com/data_report/web_report 200 190ms", source: https://7.url.cn/edu/teacher-client/index_55ad6c21bcd7a078d4f8.js (30)
[0423/085339:INFO:CONSOLE(30)] "%c2020-04-23T00:53:39.596Z [imlog] INFO: POST //pull.ke.qq.com/base_pull?bkn=1119823869&t=0.4042 200 98ms", source: https://7.url.cn/edu/teacher-client/index_55ad6c21bcd7a078d4f8.js (30)
[0423/085349:INFO:CONSOLE(30)] "%c2020-04-23T00:53:49.695Z [imlog] INFO: POST //pull.ke.qq.com/base_pull?bkn=1119823869&t=0.6086 200 96ms", source: https://7.url.cn/edu/teacher-client/index_55ad6c21bcd7a078d4f8.js (30)
[0423/085359:INFO:CONSOLE(30)] "%c2020-04-23T00:53:59.797Z [imlog] INFO: POST //pull.ke.qq.com/base_pull?bkn=1119823869&t=0.9230 200 99ms", source: https://7.url.cn/edu/teacher-client/index_55ad6c21bcd7a078d4f8.js (30)
[0423/085402:INFO:CONSOLE(30)] "%c2020-04-23T00:54:02.117Z [imlog] INFO: post //report.edu.qq.com/data_report/web_report 200 206ms", source: https://7.url.cn/edu/teacher-client/index_55ad6c21bcd7a078d4f8.js (30)
[0423/085404:INFO:CONSOLE(30)] "%c2020-04-23T00:54:04.072Z [imlog] INFO: post //report.edu.qq.com/data_report/web_report 200 95ms", source: https://7.url.cn/edu/teacher-client/index_55ad6c21bcd7a078d4f8.js (30)
[0423/085409:INFO:CONSOLE(30)] "%c2020-04-23T00:54:09.896Z [imlog] INFO: POST //pull.ke.qq.com/base_pull?bkn=1119823869&t=0.5429 200 95ms", source: https://7.url.cn/edu/teacher-client/index_55ad6c21bcd7a078d4f8.js (30)
[0423/085419:INFO:CONSOLE(30)] "%c2020-04-23T00:54:19.994Z [imlog] INFO: POST //pull.ke.qq.com/base_pull?bkn=1119823869&t=0.7253 200 97ms", source: https://7.url.cn/edu/teacher-client/index_55ad6c21bcd7a078d4f8.js (30)
[0423/085426:INFO:CONSOLE(30)] "%c2020-04-23T00:54:26.589Z [imlog] INFO: post //report.edu.qq.com/data_report/web_report 200 179ms", source: https://7.url.cn/edu/teacher-client/index_55ad6c21bcd7a078d4f8.js (30)
[0423/085430:INFO:CONSOLE(30)] "%c2020-04-23T00:54:30.128Z [imlog] INFO: POST //pull.ke.qq.com/base_pull?bkn=1119823869&t=0.3863 200 130ms", source: https://7.url.cn/edu/teacher-client/index_55ad6c21bcd7a078d4f8.js (30)
[0423/085438:INFO:CONSOLE(30)] "%c2020-04-23T00:54:38.974Z [imlog] INFO: post //report.edu.qq.com/data_report/web_report 200 182ms", source: https://7.url.cn/edu/teacher-client/index_55ad6c21bcd7a078d4f8.js (30)
[0423/085440:INFO:CONSOLE(30)] "%c2020-04-23T00:54:40.235Z [imlog] INFO: POST //pull.ke.qq.com/base_pull?bkn=1119823869&t=0.3593 200 102ms", source: https://7.url.cn/edu/teacher-client/index_55ad6c21bcd7a078d4f8.js (30)
[0423/085449:INFO:CONSOLE(30)] "%c2020-04-23T00:54:49.656Z [imlog] INFO: post //report.edu.qq.com/data_report/web_report 200 201ms", source: https://7.url.cn/edu/teacher-client/index_55ad6c21bcd7a078d4f8.js (30)
[0423/085450:INFO:CONSOLE(30)] "%c2020-04-23T00:54:50.337Z [imlog] INFO: POST //pull.ke.qq.com/base_pull?bkn=1119823869&t=0.7924 200 96ms", source: https://7.url.cn/edu/teacher-client/index_55ad6c21bcd7a078d4f8.js (30)
[0423/085500:INFO:CONSOLE(30)] "%c2020-04-23T00:55:00.444Z [imlog] INFO: POST //pull.ke.qq.com/base_pull?bkn=1119823869&t=0.6856 200 101ms", source: https://7.url.cn/edu/teacher-client/index_55ad6c21bcd7a078d4f8.js (30)
[0423/085508:INFO:CONSOLE(30)] "%c2020-04-23T00:55:08.803Z [imlog] INFO: post //report.edu.qq.com/data_report/web_report 200 214ms", source: https://7.url.cn/edu/teacher-client/index_55ad6c21bcd7a078d4f8.js (30)
[0423/085510:INFO:CONSOLE(30)] "%c2020-04-23T00:55:10.591Z [imlog] INFO: POST //pull.ke.qq.com/base_pull?bkn=1119823869&t=0.6084 200 145ms", source: https://7.url.cn/edu/teacher-client/index_55ad6c21bcd7a078d4f8.js (30)
[0423/085519:INFO:CONSOLE(30)] "%c2020-04-23T00:55:19.751Z [imlog] INFO: post //report.edu.qq.com/data_report/web_report 200 178ms", source: https://7.url.cn/edu/teacher-client/index_55ad6c21bcd7a078d4f8.js (30)
[0423/085520:INFO:CONSOLE(30)] "%c2020-04-23T00:55:20.704Z [imlog] INFO: POST //pull.ke.qq.com/base_pull?bkn=1119823869&t=0.2090 200 107ms", source: https://7.url.cn/edu/teacher-client/index_55ad6c21bcd7a078d4f8.js (30)
[0423/085530:INFO:CONSOLE(30)] "%c2020-04-23T00:55:30.802Z [imlog] INFO: POST //pull.ke.qq.com/base_pull?bkn=1119823869&t=0.1069 200 95ms", source: https://7.url.cn/edu/teacher-client/index_55ad6c21bcd7a078d4f8.js (30)
[0423/085540:INFO:CONSOLE(30)] "%c2020-04-23T00:55:40.902Z [imlog] INFO: POST //pull.ke.qq.com/base_pull?bkn=1119823869&t=0.0131 200 96ms", source: https://7.url.cn/edu/teacher-client/index_55ad6c21bcd7a078d4f8.js (30)
[0423/085542:INFO:CONSOLE(30)] "%c2020-04-23T00:55:42.409Z [imlog] INFO: post //report.edu.qq.com/data_report/web_report 200 176ms", source: https://7.url.cn/edu/teacher-client/index_55ad6c21bcd7a078d4f8.js (30)
[0423/085549:INFO:CONSOLE(30)] "%c2020-04-23T00:55:49.265Z [imlog] INFO: post //report.edu.qq.com/data_report/web_report 200 182ms", source: https://7.url.cn/edu/teacher-client/index_55ad6c21bcd7a078d4f8.js (30)
[0423/085550:INFO:CONSOLE(30)] "%c2020-04-23T00:55:50.535Z [imlog] INFO: post //report.edu.qq.com/data_report/web_report 200 119ms", source: https://7.url.cn/edu/teacher-client/index_55ad6c21bcd7a078d4f8.js (30)
[0423/085551:INFO:CONSOLE(30)] "%c2020-04-23T00:55:51.004Z [imlog] INFO: POST //pull.ke.qq.com/base_pull?bkn=1119823869&t=0.5622 200 99ms", source: https://7.url.cn/edu/teacher-client/index_55ad6c21bcd7a078d4f8.js (30)
[0423/085553:INFO:CONSOLE(30)] "%c2020-04-23T00:55:53.197Z [imlog] INFO: post //report.edu.qq.com/data_report/web_report 200 1092ms", source: https://7.url.cn/edu/teacher-client/index_55ad6c21bcd7a078d4f8.js (30)
[0423/085601:INFO:CONSOLE(30)] "%c2020-04-23T00:56:01.108Z [imlog] INFO: POST //pull.ke.qq.com/base_pull?bkn=1119823869&t=0.2671 200 101ms", source: https://7.url.cn/edu/teacher-client/index_55ad6c21bcd7a078d4f8.js (30)
[0423/085605:INFO:CONSOLE(30)] "%c2020-04-23T00:56:05.957Z [imlog] INFO: post //report.edu.qq.com/data_report/web_report 200 1207ms", source: https://7.url.cn/edu/teacher-client/index_55ad6c21bcd7a078d4f8.js (30)
[0423/085611:INFO:CONSOLE(30)] "%c2020-04-23T00:56:11.216Z [imlog] INFO: POST //pull.ke.qq.com/base_pull?bkn=1119823869&t=0.0529 200 104ms", source: https://7.url.cn/edu/teacher-client/index_55ad6c21bcd7a078d4f8.js (30)
[0423/085613:INFO:CONSOLE(0)] "XMLHttpRequest cannot load https://report.edu.qq.com/data_report/web_report. No 'Access-Control-Allow-Origin' header is present on the requested resource. Origin 'https://ke.qq.com' is therefore not allowed access. The response had HTTP status code 504.", source: https://ke.qq.com/teacher-client/index.html?cid=1656387&term_id=101756608#usertype=teacher&startTime=1587599761559 (0)
[0423/085613:INFO:CONSOLE(30)] "%c2020-04-23T00:56:13.228Z [imlog] INFO: post //report.edu.qq.com/data_report/web_report 0 7028ms", source: https://7.url.cn/edu/teacher-client/index_55ad6c21bcd7a078d4f8.js (30)
[0423/085621:INFO:CONSOLE(30)] "%c2020-04-23T00:56:21.320Z [imlog] INFO: POST //pull.ke.qq.com/base_pull?bkn=1119823869&t=0.3599 200 98ms", source: https://7.url.cn/edu/teacher-client/index_55ad6c21bcd7a078d4f8.js (30)
[0423/085631:INFO:CONSOLE(30)] "%c2020-04-23T00:56:31.419Z [imlog] INFO: POST //pull.ke.qq.com/base_pull?bkn=1119823869&t=0.5938 200 94ms", source: https://7.url.cn/edu/teacher-client/index_55ad6c21bcd7a078d4f8.js (30)
[0423/085641:INFO:CONSOLE(30)] "%c2020-04-23T00:56:41.522Z [imlog] INFO: POST //pull.ke.qq.com/base_pull?bkn=1119823869&t=0.5656 200 101ms", source: https://7.url.cn/edu/teacher-client/index_55ad6c21bcd7a078d4f8.js (30)
[0423/085645:INFO:CONSOLE(30)] "%c2020-04-23T00:56:45.120Z [imlog] INFO: post //report.edu.qq.com/data_report/web_report 200 178ms", source: https://7.url.cn/edu/teacher-client/index_55ad6c21bcd7a078d4f8.js (30)
[0423/085648:INFO:CONSOLE(30)] "%c2020-04-23T00:56:48.365Z [imlog] INFO: post //report.edu.qq.com/data_report/web_report 200 123ms", source: https://7.url.cn/edu/teacher-client/index_55ad6c21bcd7a078d4f8.js (30)
[0423/085651:INFO:CONSOLE(30)] "%c2020-04-23T00:56:51.632Z [imlog] INFO: POST //pull.ke.qq.com/base_pull?bkn=1119823869&t=0.8825 200 104ms", source: https://7.url.cn/edu/teacher-client/index_55ad6c21bcd7a078d4f8.js (30)
[0423/085701:INFO:CONSOLE(30)] "%c2020-04-23T00:57:01.729Z [imlog] INFO: POST //pull.ke.qq.com/base_pull?bkn=1119823869&t=0.3754 200 94ms", source: https://7.url.cn/edu/teacher-client/index_55ad6c21bcd7a078d4f8.js (30)
[0423/085701:INFO:CONSOLE(30)] "%c2020-04-23T00:57:01.757Z [imlog] INFO: post //report.edu.qq.com/data_report/web_report 200 182ms", source: https://7.url.cn/edu/teacher-client/index_55ad6c21bcd7a078d4f8.js (30)
[0423/085710:INFO:CONSOLE(30)] "%c2020-04-23T00:57:10.119Z [imlog] INFO: post //report.edu.qq.com/data_report/web_report 200 199ms", source: https://7.url.cn/edu/teacher-client/index_55ad6c21bcd7a078d4f8.js (30)
[0423/085711:INFO:CONSOLE(30)] "%c2020-04-23T00:57:11.832Z [imlog] INFO: POST //pull.ke.qq.com/base_pull?bkn=1119823869&t=0.1522 200 99ms", source: https://7.url.cn/edu/teacher-client/index_55ad6c21bcd7a078d4f8.js (30)
[0423/085717:INFO:CONSOLE(30)] "%c2020-04-23T00:57:17.059Z [imlog] INFO: post //report.edu.qq.com/data_report/web_report 200 184ms", source: https://7.url.cn/edu/teacher-client/index_55ad6c21bcd7a078d4f8.js (30)
[0423/085721:INFO:CONSOLE(30)] "%c2020-04-23T00:57:21.936Z [imlog] INFO: POST //pull.ke.qq.com/base_pull?bkn=1119823869&t=0.5465 200 101ms", source: https://7.url.cn/edu/teacher-client/index_55ad6c21bcd7a078d4f8.js (30)
[0423/085725:INFO:CONSOLE(30)] "%c2020-04-23T00:57:25.091Z [imlog] INFO: post //report.edu.qq.com/data_report/web_report 200 181ms", source: https://7.url.cn/edu/teacher-client/index_55ad6c21bcd7a078d4f8.js (30)
[0423/085730:INFO:CONSOLE(30)] "%c2020-04-23T00:57:30.961Z [imlog] INFO: post //report.edu.qq.com/data_report/web_report 200 203ms", source: https://7.url.cn/edu/teacher-client/index_55ad6c21bcd7a078d4f8.js (30)
[0423/085731:INFO:CONSOLE(30)] "%c2020-04-23T00:57:31.936Z [imlog] INFO: post //report.edu.qq.com/data_report/web_report 200 116ms", source: https://7.url.cn/edu/teacher-client/index_55ad6c21bcd7a078d4f8.js (30)
[0423/085732:INFO:CONSOLE(30)] "%c2020-04-23T00:57:32.035Z [imlog] INFO: POST //pull.ke.qq.com/base_pull?bkn=1119823869&t=0.2677 200 96ms", source: https://7.url.cn/edu/teacher-client/index_55ad6c21bcd7a078d4f8.js (30)
[0423/085741:INFO:CONSOLE(30)] "%c2020-04-23T00:57:41.566Z [imlog] INFO: post //report.edu.qq.com/data_report/web_report 200 185ms", source: https://7.url.cn/edu/teacher-client/index_55ad6c21bcd7a078d4f8.js (30)
[0423/085742:INFO:CONSOLE(30)] "%c2020-04-23T00:57:42.141Z [imlog] INFO: POST //pull.ke.qq.com/base_pull?bkn=1119823869&t=0.2623 200 101ms", source: https://7.url.cn/edu/teacher-client/index_55ad6c21bcd7a078d4f8.js (30)
[0423/085746:INFO:CONSOLE(30)] "%c2020-04-23T00:57:46.325Z [imlog] INFO: post //report.edu.qq.com/data_report/web_report 200 87ms", source: https://7.url.cn/edu/teacher-client/index_55ad6c21bcd7a078d4f8.js (30)
[0423/085752:INFO:CONSOLE(30)] "%c2020-04-23T00:57:52.245Z [imlog] INFO: POST //pull.ke.qq.com/base_pull?bkn=1119823869&t=0.3402 200 100ms", source: https://7.url.cn/edu/teacher-client/index_55ad6c21bcd7a078d4f8.js (30)
[0423/085752:INFO:CONSOLE(30)] "%c2020-04-23T00:57:52.674Z [imlog] INFO: post //report.edu.qq.com/data_report/web_report 200 179ms", source: https://7.url.cn/edu/teacher-client/index_55ad6c21bcd7a078d4f8.js (30)
[0423/085754:INFO:CONSOLE(30)] "%c2020-04-23T00:57:54.887Z [imlog] INFO: post //report.edu.qq.com/data_report/web_report 200 92ms", source: https://7.url.cn/edu/teacher-client/index_55ad6c21bcd7a078d4f8.js (30)
[0423/085802:INFO:CONSOLE(30)] "%c2020-04-23T00:58:02.347Z [imlog] INFO: POST //pull.ke.qq.com/base_pull?bkn=1119823869&t=0.0489 200 100ms", source: https://7.url.cn/edu/teacher-client/index_55ad6c21bcd7a078d4f8.js (30)
[0423/085812:INFO:CONSOLE(30)] "%c2020-04-23T00:58:12.453Z [imlog] INFO: POST //pull.ke.qq.com/base_pull?bkn=1119823869&t=0.3791 200 104ms", source: https://7.url.cn/edu/teacher-client/index_55ad6c21bcd7a078d4f8.js (30)
[0423/085822:INFO:CONSOLE(30)] "%c2020-04-23T00:58:22.555Z [imlog] INFO: POST //pull.ke.qq.com/base_pull?bkn=1119823869&t=0.7673 200 99ms", source: https://7.url.cn/edu/teacher-client/index_55ad6c21bcd7a078d4f8.js (30)
[0423/085823:INFO:CONSOLE(30)] "%c2020-04-23T00:58:23.925Z [imlog] INFO: post //report.edu.qq.com/data_report/web_report 200 187ms", source: https://7.url.cn/edu/teacher-client/index_55ad6c21bcd7a078d4f8.js (30)
[0423/085825:INFO:CONSOLE(30)] "%c2020-04-23T00:58:25.180Z [imlog] INFO: post //report.edu.qq.com/data_report/web_report 200 91ms", source: https://7.url.cn/edu/teacher-client/index_55ad6c21bcd7a078d4f8.js (30)
[0423/085832:INFO:CONSOLE(30)] "%c2020-04-23T00:58:32.655Z [imlog] INFO: POST //pull.ke.qq.com/base_pull?bkn=1119823869&t=0.5805 200 98ms", source: https://7.url.cn/edu/teacher-client/index_55ad6c21bcd7a078d4f8.js (30)
[0423/085833:INFO:CONSOLE(30)] "%c2020-04-23T00:58:33.449Z [imlog] INFO: post //report.edu.qq.com/data_report/web_report 200 193ms", source: https://7.url.cn/edu/teacher-client/index_55ad6c21bcd7a078d4f8.js (30)
[0423/085842:INFO:CONSOLE(30)] "%c2020-04-23T00:58:42.753Z [imlog] INFO: POST //pull.ke.qq.com/base_pull?bkn=1119823869&t=0.3148 200 95ms", source: https://7.url.cn/edu/teacher-client/index_55ad6c21bcd7a078d4f8.js (30)
[0423/085852:INFO:CONSOLE(30)] "%c2020-04-23T00:58:52.397Z [imlog] INFO: post //report.edu.qq.com/data_report/web_report 200 202ms", source: https://7.url.cn/edu/teacher-client/index_55ad6c21bcd7a078d4f8.js (30)
[0423/085852:INFO:CONSOLE(30)] "%c2020-04-23T00:58:52.851Z [imlog] INFO: POST //pull.ke.qq.com/base_pull?bkn=1119823869&t=0.2253 200 95ms", source: https://7.url.cn/edu/teacher-client/index_55ad6c21bcd7a078d4f8.js (30)
[0423/085854:INFO:CONSOLE(30)] "%c2020-04-23T00:58:54.284Z [imlog] INFO: post //report.edu.qq.com/data_report/web_report 200 93ms", source: https://7.url.cn/edu/teacher-client/index_55ad6c21bcd7a078d4f8.js (30)
[0423/085902:INFO:CONSOLE(30)] "%c2020-04-23T00:59:02.956Z [imlog] INFO: POST //pull.ke.qq.com/base_pull?bkn=1119823869&t=0.0725 200 101ms", source: https://7.url.cn/edu/teacher-client/index_55ad6c21bcd7a078d4f8.js (30)
[0423/085906:INFO:CONSOLE(30)] "%c2020-04-23T00:59:06.228Z [imlog] INFO: post //report.edu.qq.com/data_report/web_report 200 197ms", source: https://7.url.cn/edu/teacher-client/index_55ad6c21bcd7a078d4f8.js (30)
[0423/085908:INFO:CONSOLE(30)] "%c2020-04-23T00:59:08.832Z [imlog] INFO: post //report.edu.qq.com/data_report/web_report 200 104ms", source: https://7.url.cn/edu/teacher-client/index_55ad6c21bcd7a078d4f8.js (30)
[0423/085910:INFO:CONSOLE(30)] "%c2020-04-23T00:59:10.789Z [imlog] INFO: post //report.edu.qq.com/data_report/web_report 200 91ms", source: https://7.url.cn/edu/teacher-client/index_55ad6c21bcd7a078d4f8.js (30)
[0423/085912:INFO:CONSOLE(30)] "%c2020-04-23T00:59:12.694Z [imlog] INFO: post //report.edu.qq.com/data_report/web_report 200 195ms", source: https://7.url.cn/edu/teacher-client/index_55ad6c21bcd7a078d4f8.js (30)
[0423/085913:INFO:CONSOLE(30)] "%c2020-04-23T00:59:13.066Z [imlog] INFO: POST //pull.ke.qq.com/base_pull?bkn=1119823869&t=0.7461 200 106ms", source: https://7.url.cn/edu/teacher-client/index_55ad6c21bcd7a078d4f8.js (30)
[0423/085915:INFO:CONSOLE(30)] "%c2020-04-23T00:59:15.107Z [imlog] INFO: post //report.edu.qq.com/data_report/web_report 200 97ms", source: https://7.url.cn/edu/teacher-client/index_55ad6c21bcd7a078d4f8.js (30)
[0423/085916:INFO:CONSOLE(30)] "%c2020-04-23T00:59:16.337Z [imlog] INFO: post //report.edu.qq.com/data_report/web_report 200 106ms", source: https://7.url.cn/edu/teacher-client/index_55ad6c21bcd7a078d4f8.js (30)
[0423/085919:INFO:CONSOLE(30)] "%c2020-04-23T00:59:19.705Z [imlog] INFO: post //report.edu.qq.com/data_report/web_report 200 191ms", source: https://7.url.cn/edu/teacher-client/index_55ad6c21bcd7a078d4f8.js (30)
[0423/085923:INFO:CONSOLE(30)] "%c2020-04-23T00:59:23.177Z [imlog] INFO: POST //pull.ke.qq.com/base_pull?bkn=1119823869&t=0.9282 200 107ms", source: https://7.url.cn/edu/teacher-client/index_55ad6c21bcd7a078d4f8.js (30)
[0423/085928:INFO:CONSOLE(30)] "%c2020-04-23T00:59:28.607Z [imlog] INFO: post //report.edu.qq.com/data_report/web_report 200 179ms", source: https://7.url.cn/edu/teacher-client/index_55ad6c21bcd7a078d4f8.js (30)
[0423/085933:INFO:CONSOLE(30)] "%c2020-04-23T00:59:33.228Z [imlog] INFO: post //report.edu.qq.com/data_report/web_report 200 98ms", source: https://7.url.cn/edu/teacher-client/index_55ad6c21bcd7a078d4f8.js (30)
[0423/085933:INFO:CONSOLE(30)] "%c2020-04-23T00:59:33.276Z [imlog] INFO: POST //pull.ke.qq.com/base_pull?bkn=1119823869&t=0.3346 200 96ms", source: https://7.url.cn/edu/teacher-client/index_55ad6c21bcd7a078d4f8.js (30)
[0423/085937:INFO:CONSOLE(30)] "%c2020-04-23T00:59:37.238Z [imlog] INFO: post //report.edu.qq.com/data_report/web_report 200 203ms", source: https://7.url.cn/edu/teacher-client/index_55ad6c21bcd7a078d4f8.js (30)
[0423/085943:INFO:CONSOLE(30)] "%c2020-04-23T00:59:43.377Z [imlog] INFO: POST //pull.ke.qq.com/base_pull?bkn=1119823869&t=0.9191 200 97ms", source: https://7.url.cn/edu/teacher-client/index_55ad6c21bcd7a078d4f8.js (30)
[0423/085953:INFO:CONSOLE(30)] "%c2020-04-23T00:59:53.488Z [imlog] INFO: POST //pull.ke.qq.com/base_pull?bkn=1119823869&t=0.3040 200 105ms", source: https://7.url.cn/edu/teacher-client/index_55ad6c21bcd7a078d4f8.js (30)
[0423/085953:INFO:CONSOLE(30)] "%c2020-04-23T00:59:53.938Z [imlog] INFO: post //report.edu.qq.com/data_report/web_report 200 208ms", source: https://7.url.cn/edu/teacher-client/index_55ad6c21bcd7a078d4f8.js (30)
[0423/090003:INFO:CONSOLE(30)] "%c2020-04-23T01:00:03.587Z [imlog] INFO: POST //pull.ke.qq.com/base_pull?bkn=1119823869&t=0.8311 200 97ms", source: https://7.url.cn/edu/teacher-client/index_55ad6c21bcd7a078d4f8.js (30)
[0423/090010:INFO:CONSOLE(30)] "%c2020-04-23T01:00:10.500Z [imlog] INFO: post //report.edu.qq.com/data_report/web_report 200 201ms", source: https://7.url.cn/edu/teacher-client/index_55ad6c21bcd7a078d4f8.js (30)
[0423/090012:INFO:CONSOLE(30)] "%c2020-04-23T01:00:12.075Z [imlog] INFO: post //report.edu.qq.com/data_report/web_report 200 90ms", source: https://7.url.cn/edu/teacher-client/index_55ad6c21bcd7a078d4f8.js (30)
[0423/090013:INFO:CONSOLE(30)] "%c2020-04-23T01:00:13.181Z [imlog] INFO: post //report.edu.qq.com/data_report/web_report 200 93ms", source: https://7.url.cn/edu/teacher-client/index_55ad6c21bcd7a078d4f8.js (30)
[0423/090013:INFO:CONSOLE(30)] "%c2020-04-23T01:00:13.698Z [imlog] INFO: POST //pull.ke.qq.com/base_pull?bkn=1119823869&t=0.5963 200 108ms", source: https://7.url.cn/edu/teacher-client/index_55ad6c21bcd7a078d4f8.js (30)
[0423/090014:INFO:CONSOLE(30)] "%c2020-04-23T01:00:14.856Z [imlog] INFO: post //report.edu.qq.com/data_report/web_report 200 90ms", source: https://7.url.cn/edu/teacher-client/index_55ad6c21bcd7a078d4f8.js (30)
[0423/090017:INFO:CONSOLE(30)] "%c2020-04-23T01:00:17.796Z [imlog] INFO: post //report.edu.qq.com/data_report/web_report 200 179ms", source: https://7.url.cn/edu/teacher-client/index_55ad6c21bcd7a078d4f8.js (30)
[0423/090023:INFO:CONSOLE(30)] "%c2020-04-23T01:00:23.800Z [imlog] INFO: POST //pull.ke.qq.com/base_pull?bkn=1119823869&t=0.1996 200 98ms", source: https://7.url.cn/edu/teacher-client/index_55ad6c21bcd7a078d4f8.js (30)
[0423/090025:INFO:CONSOLE(30)] "%c2020-04-23T01:00:25.728Z [imlog] INFO: post //report.edu.qq.com/data_report/web_report 200 200ms", source: https://7.url.cn/edu/teacher-client/index_55ad6c21bcd7a078d4f8.js (30)
[0423/090030:INFO:CONSOLE(30)] "%c2020-04-23T01:00:30.927Z [imlog] INFO: post //report.edu.qq.com/data_report/web_report 200 194ms", source: https://7.url.cn/edu/teacher-client/index_55ad6c21bcd7a078d4f8.js (30)
[0423/090033:INFO:CONSOLE(30)] "%c2020-04-23T01:00:33.901Z [imlog] INFO: POST //pull.ke.qq.com/base_pull?bkn=1119823869&t=0.5539 200 98ms", source: https://7.url.cn/edu/teacher-client/index_55ad6c21bcd7a078d4f8.js (30)
[0423/090041:INFO:CONSOLE(30)] "%c2020-04-23T01:00:41.024Z [imlog] INFO: post //report.edu.qq.com/data_report/web_report 200 184ms", source: https://7.url.cn/edu/teacher-client/index_55ad6c21bcd7a078d4f8.js (30)
[0423/090042:INFO:CONSOLE(30)] "%c2020-04-23T01:00:42.456Z [imlog] INFO: post //report.edu.qq.com/data_report/web_report 200 106ms", source: https://7.url.cn/edu/teacher-client/index_55ad6c21bcd7a078d4f8.js (30)
[0423/090043:INFO:CONSOLE(30)] "%c2020-04-23T01:00:43.662Z [imlog] INFO: post //report.edu.qq.com/data_report/web_report 200 92ms", source: https://7.url.cn/edu/teacher-client/index_55ad6c21bcd7a078d4f8.js (30)
[0423/090044:INFO:CONSOLE(30)] "%c2020-04-23T01:00:44.010Z [imlog] INFO: POST //pull.ke.qq.com/base_pull?bkn=1119823869&t=0.4390 200 107ms", source: https://7.url.cn/edu/teacher-client/index_55ad6c21bcd7a078d4f8.js (30)
[0423/090048:INFO:CONSOLE(30)] "%c2020-04-23T01:00:48.276Z [imlog] INFO: post //report.edu.qq.com/data_report/web_report 200 183ms", source: https://7.url.cn/edu/teacher-client/index_55ad6c21bcd7a078d4f8.js (30)
[0423/090049:INFO:CONSOLE(30)] "%c2020-04-23T01:00:49.394Z [imlog] INFO: post //report.edu.qq.com/data_report/web_report 200 96ms", source: https://7.url.cn/edu/teacher-client/index_55ad6c21bcd7a078d4f8.js (30)
[0423/090052:INFO:CONSOLE(30)] "%c2020-04-23T01:00:52.588Z [imlog] INFO: post //report.edu.qq.com/data_report/web_report 200 96ms", source: https://7.url.cn/edu/teacher-client/index_55ad6c21bcd7a078d4f8.js (30)
[0423/090053:INFO:CONSOLE(30)] "%c2020-04-23T01:00:53.953Z [imlog] INFO: post //report.edu.qq.com/data_report/web_report 200 183ms", source: https://7.url.cn/edu/teacher-client/index_55ad6c21bcd7a078d4f8.js (30)
[0423/090054:INFO:CONSOLE(30)] "%c2020-04-23T01:00:54.111Z [imlog] INFO: POST //pull.ke.qq.com/base_pull?bkn=1119823869&t=0.7618 200 97ms", source: https://7.url.cn/edu/teacher-client/index_55ad6c21bcd7a078d4f8.js (30)
[0423/090056:INFO:CONSOLE(30)] "%c2020-04-23T01:00:56.302Z [imlog] INFO: post //report.edu.qq.com/data_report/web_report 200 91ms", source: https://7.url.cn/edu/teacher-client/index_55ad6c21bcd7a078d4f8.js (30)
[0423/090101:INFO:CONSOLE(30)] "%c2020-04-23T01:01:01.828Z [imlog] INFO: post //report.edu.qq.com/data_report/web_report 200 192ms", source: https://7.url.cn/edu/teacher-client/index_55ad6c21bcd7a078d4f8.js (30)
[0423/090104:INFO:CONSOLE(30)] "%c2020-04-23T01:01:04.216Z [imlog] INFO: POST //pull.ke.qq.com/base_pull?bkn=1119823869&t=0.8386 200 98ms", source: https://7.url.cn/edu/teacher-client/index_55ad6c21bcd7a078d4f8.js (30)
[0423/090104:INFO:CONSOLE(30)] "%c2020-04-23T01:01:04.259Z [imlog] INFO: post //report.edu.qq.com/data_report/web_report 200 108ms", source: https://7.url.cn/edu/teacher-client/index_55ad6c21bcd7a078d4f8.js (30)
[0423/090106:INFO:CONSOLE(30)] "%c2020-04-23T01:01:06.251Z [impush-client] ERROR: push room_seq 丢失", source: https://7.url.cn/edu/teacher-client/index_55ad6c21bcd7a078d4f8.js (30)
[0423/090107:INFO:CONSOLE(30)] "%c2020-04-23T01:01:07.192Z [imlog] INFO: post //report.edu.qq.com/data_report/web_report 200 196ms", source: https://7.url.cn/edu/teacher-client/index_55ad6c21bcd7a078d4f8.js (30)
[0423/090110:INFO:CONSOLE(30)] "%c2020-04-23T01:01:10.063Z [imlog] INFO: post //report.edu.qq.com/data_report/web_report 200 92ms", source: https://7.url.cn/edu/teacher-client/index_55ad6c21bcd7a078d4f8.js (30)
[0423/090112:INFO:CONSOLE(30)] "%c2020-04-23T01:01:12.083Z [imlog] INFO: post //report.edu.qq.com/data_report/web_report 200 113ms", source: https://7.url.cn/edu/teacher-client/index_55ad6c21bcd7a078d4f8.js (30)
[0423/090114:INFO:CONSOLE(30)] "%c2020-04-23T01:01:14.151Z [imlog] INFO: post //report.edu.qq.com/data_report/web_report 200 180ms", source: https://7.url.cn/edu/teacher-client/index_55ad6c21bcd7a078d4f8.js (30)
[0423/090114:INFO:CONSOLE(30)] "%c2020-04-23T01:01:14.321Z [imlog] INFO: POST //pull.ke.qq.com/base_pull?bkn=1119823869&t=0.8179 200 102ms", source: https://7.url.cn/edu/teacher-client/index_55ad6c21bcd7a078d4f8.js (30)
[0423/090121:INFO:CONSOLE(30)] "%c2020-04-23T01:01:21.505Z [imlog] INFO: post //report.edu.qq.com/data_report/web_report 200 207ms", source: https://7.url.cn/edu/teacher-client/index_55ad6c21bcd7a078d4f8.js (30)
[0423/090124:INFO:CONSOLE(30)] "%c2020-04-23T01:01:24.194Z [imlog] INFO: post //report.edu.qq.com/data_report/web_report 200 91ms", source: https://7.url.cn/edu/teacher-client/index_55ad6c21bcd7a078d4f8.js (30)
[0423/090124:INFO:CONSOLE(30)] "%c2020-04-23T01:01:24.420Z [imlog] INFO: POST //pull.ke.qq.com/base_pull?bkn=1119823869&t=0.1684 200 96ms", source: https://7.url.cn/edu/teacher-client/index_55ad6c21bcd7a078d4f8.js (30)
[0423/090125:INFO:CONSOLE(30)] "%c2020-04-23T01:01:25.327Z [imlog] INFO: post //report.edu.qq.com/data_report/web_report 200 112ms", source: https://7.url.cn/edu/teacher-client/index_55ad6c21bcd7a078d4f8.js (30)
[0423/090130:INFO:CONSOLE(30)] "%c2020-04-23T01:01:30.708Z [imlog] INFO: post //report.edu.qq.com/data_report/web_report 200 301ms", source: https://7.url.cn/edu/teacher-client/index_55ad6c21bcd7a078d4f8.js (30)
[0423/090131:INFO:CONSOLE(30)] "%c2020-04-23T01:01:31.522Z [imlog] INFO: post //report.edu.qq.com/data_report/web_report 200 94ms", source: https://7.url.cn/edu/teacher-client/index_55ad6c21bcd7a078d4f8.js (30)
[0423/090133:INFO:CONSOLE(30)] "%c2020-04-23T01:01:33.970Z [imlog] INFO: post //report.edu.qq.com/data_report/web_report 200 90ms", source: https://7.url.cn/edu/teacher-client/index_55ad6c21bcd7a078d4f8.js (30)
[0423/090134:INFO:CONSOLE(30)] "%c2020-04-23T01:01:34.528Z [imlog] INFO: POST //pull.ke.qq.com/base_pull?bkn=1119823869&t=0.9105 200 104ms", source: https://7.url.cn/edu/teacher-client/index_55ad6c21bcd7a078d4f8.js (30)
[0423/090138:INFO:CONSOLE(30)] "%c2020-04-23T01:01:38.260Z [imlog] INFO: post //report.edu.qq.com/data_report/web_report 200 200ms", source: https://7.url.cn/edu/teacher-client/index_55ad6c21bcd7a078d4f8.js (30)
[0423/090139:INFO:CONSOLE(30)] "%c2020-04-23T01:01:39.444Z [imlog] INFO: post //report.edu.qq.com/data_report/web_report 200 105ms", source: https://7.url.cn/edu/teacher-client/index_55ad6c21bcd7a078d4f8.js (30)
[0423/090141:INFO:CONSOLE(30)] "%c2020-04-23T01:01:41.119Z [imlog] INFO: post //report.edu.qq.com/data_report/web_report 200 105ms", source: https://7.url.cn/edu/teacher-client/index_55ad6c21bcd7a078d4f8.js (30)
[0423/090144:INFO:CONSOLE(30)] "%c2020-04-23T01:01:44.625Z [imlog] INFO: POST //pull.ke.qq.com/base_pull?bkn=1119823869&t=0.1352 200 94ms", source: https://7.url.cn/edu/teacher-client/index_55ad6c21bcd7a078d4f8.js (30)
[0423/090146:INFO:CONSOLE(30)] "%c2020-04-23T01:01:46.782Z [imlog] INFO: post //report.edu.qq.com/data_report/web_report 200 215ms", source: https://7.url.cn/edu/teacher-client/index_55ad6c21bcd7a078d4f8.js (30)
[0423/090148:INFO:CONSOLE(30)] "%c2020-04-23T01:01:48.472Z [imlog] INFO: post //report.edu.qq.com/data_report/web_report 200 111ms", source: https://7.url.cn/edu/teacher-client/index_55ad6c21bcd7a078d4f8.js (30)
[0423/090151:INFO:CONSOLE(30)] "%c2020-04-23T01:01:51.222Z [imlog] INFO: post //report.edu.qq.com/data_report/web_report 200 92ms", source: https://7.url.cn/edu/teacher-client/index_55ad6c21bcd7a078d4f8.js (30)
[0423/090154:INFO:CONSOLE(30)] "%c2020-04-23T01:01:54.426Z [imlog] INFO: post //report.edu.qq.com/data_report/web_report 200 1192ms", source: https://7.url.cn/edu/teacher-client/index_55ad6c21bcd7a078d4f8.js (30)
[0423/090154:INFO:CONSOLE(30)] "%c2020-04-23T01:01:54.730Z [imlog] INFO: POST //pull.ke.qq.com/base_pull?bkn=1119823869&t=0.5166 200 104ms", source: https://7.url.cn/edu/teacher-client/index_55ad6c21bcd7a078d4f8.js (30)
[0423/090202:INFO:CONSOLE(30)] "%c2020-04-23T01:02:02.392Z [imlog] INFO: post //report.edu.qq.com/data_report/web_report 200 178ms", source: https://7.url.cn/edu/teacher-client/index_55ad6c21bcd7a078d4f8.js (30)
[0423/090204:INFO:CONSOLE(30)] "%c2020-04-23T01:02:04.830Z [imlog] INFO: POST //pull.ke.qq.com/base_pull?bkn=1119823869&t=0.9297 200 98ms", source: https://7.url.cn/edu/teacher-client/index_55ad6c21bcd7a078d4f8.js (30)
[0423/090206:INFO:CONSOLE(30)] "%c2020-04-23T01:02:06.096Z [imlog] INFO: post //report.edu.qq.com/data_report/web_report 200 98ms", source: https://7.url.cn/edu/teacher-client/index_55ad6c21bcd7a078d4f8.js (30)
[0423/090210:INFO:CONSOLE(30)] "%c2020-04-23T01:02:10.945Z [imlog] INFO: post //report.edu.qq.com/data_report/web_report 200 199ms", source: https://7.url.cn/edu/teacher-client/index_55ad6c21bcd7a078d4f8.js (30)
[0423/090212:INFO:CONSOLE(30)] "%c2020-04-23T01:02:12.425Z [imlog] INFO: post //report.edu.qq.com/data_report/web_report 200 92ms", source: https://7.url.cn/edu/teacher-client/index_55ad6c21bcd7a078d4f8.js (30)
[0423/090214:INFO:CONSOLE(30)] "%c2020-04-23T01:02:14.928Z [imlog] INFO: POST //pull.ke.qq.com/base_pull?bkn=1119823869&t=0.3993 200 95ms", source: https://7.url.cn/edu/teacher-client/index_55ad6c21bcd7a078d4f8.js (30)
[0423/090217:INFO:CONSOLE(30)] "%c2020-04-23T01:02:17.596Z [imlog] INFO: post //report.edu.qq.com/data_report/web_report 200 204ms", source: https://7.url.cn/edu/teacher-client/index_55ad6c21bcd7a078d4f8.js (30)
[0423/090219:INFO:CONSOLE(30)] "%c2020-04-23T01:02:19.868Z [imlog] INFO: post //report.edu.qq.com/data_report/web_report 200 111ms", source: https://7.url.cn/edu/teacher-client/index_55ad6c21bcd7a078d4f8.js (30)
[0423/090221:INFO:CONSOLE(30)] "%c2020-04-23T01:02:21.605Z [imlog] INFO: post //report.edu.qq.com/data_report/web_report 200 88ms", source: https://7.url.cn/edu/teacher-client/index_55ad6c21bcd7a078d4f8.js (30)
[0423/090225:INFO:CONSOLE(30)] "%c2020-04-23T01:02:25.030Z [imlog] INFO: POST //pull.ke.qq.com/base_pull?bkn=1119823869&t=0.0121 200 99ms", source: https://7.url.cn/edu/teacher-client/index_55ad6c21bcd7a078d4f8.js (30)
[0423/090232:INFO:CONSOLE(30)] "%c2020-04-23T01:02:32.507Z [imlog] INFO: post //report.edu.qq.com/data_report/web_report 200 201ms", source: https://7.url.cn/edu/teacher-client/index_55ad6c21bcd7a078d4f8.js (30)
[0423/090234:INFO:CONSOLE(30)] "%c2020-04-23T01:02:34.448Z [imlog] INFO: post //report.edu.qq.com/data_report/web_report 200 89ms", source: https://7.url.cn/edu/teacher-client/index_55ad6c21bcd7a078d4f8.js (30)
[0423/090235:INFO:CONSOLE(30)] "%c2020-04-23T01:02:35.133Z [imlog] INFO: POST //pull.ke.qq.com/base_pull?bkn=1119823869&t=0.9088 200 99ms", source: https://7.url.cn/edu/teacher-client/index_55ad6c21bcd7a078d4f8.js (30)
[0423/090236:INFO:CONSOLE(30)] "%c2020-04-23T01:02:36.366Z [imlog] INFO: post //report.edu.qq.com/data_report/web_report 200 102ms", source: https://7.url.cn/edu/teacher-client/index_55ad6c21bcd7a078d4f8.js (30)
[0423/090240:INFO:CONSOLE(30)] "%c2020-04-23T01:02:40.660Z [imlog] INFO: post //report.edu.qq.com/data_report/web_report 200 193ms", source: https://7.url.cn/edu/teacher-client/index_55ad6c21bcd7a078d4f8.js (30)
[0423/090245:INFO:CONSOLE(30)] "%c2020-04-23T01:02:45.235Z [imlog] INFO: POST //pull.ke.qq.com/base_pull?bkn=1119823869&t=0.0775 200 99ms", source: https://7.url.cn/edu/teacher-client/index_55ad6c21bcd7a078d4f8.js (30)
[0423/090248:INFO:CONSOLE(30)] "%c2020-04-23T01:02:48.386Z [imlog] INFO: post //report.edu.qq.com/data_report/web_report 200 202ms", source: https://7.url.cn/edu/teacher-client/index_55ad6c21bcd7a078d4f8.js (30)
[0423/090255:INFO:CONSOLE(30)] "%c2020-04-23T01:02:55.336Z [imlog] INFO: POST //pull.ke.qq.com/base_pull?bkn=1119823869&t=0.0822 200 98ms", source: https://7.url.cn/edu/teacher-client/index_55ad6c21bcd7a078d4f8.js (30)
[0423/090305:INFO:CONSOLE(30)] "%c2020-04-23T01:03:05.443Z [imlog] INFO: POST //pull.ke.qq.com/base_pull?bkn=1119823869&t=0.0697 200 102ms", source: https://7.url.cn/edu/teacher-client/index_55ad6c21bcd7a078d4f8.js (30)
[0423/090315:INFO:CONSOLE(30)] "%c2020-04-23T01:03:15.543Z [imlog] INFO: POST //pull.ke.qq.com/base_pull?bkn=1119823869&t=0.1601 200 98ms", source: https://7.url.cn/edu/teacher-client/index_55ad6c21bcd7a078d4f8.js (30)
[0423/090317:INFO:CONSOLE(30)] "%c2020-04-23T01:03:17.138Z [imlog] INFO: post //report.edu.qq.com/data_report/web_report 200 205ms", source: https://7.url.cn/edu/teacher-client/index_55ad6c21bcd7a078d4f8.js (30)
[0423/090320:INFO:CONSOLE(30)] "%c2020-04-23T01:03:20.768Z [imlog] INFO: post //report.edu.qq.com/data_report/web_report 200 94ms", source: https://7.url.cn/edu/teacher-client/index_55ad6c21bcd7a078d4f8.js (30)
[0423/090323:INFO:CONSOLE(30)] "%c2020-04-23T01:03:23.209Z [imlog] INFO: post //report.edu.qq.com/data_report/web_report 200 178ms", source: https://7.url.cn/edu/teacher-client/index_55ad6c21bcd7a078d4f8.js (30)
[0423/090325:INFO:CONSOLE(30)] "%c2020-04-23T01:03:25.647Z [imlog] INFO: POST //pull.ke.qq.com/base_pull?bkn=1119823869&t=0.2445 200 100ms", source: https://7.url.cn/edu/teacher-client/index_55ad6c21bcd7a078d4f8.js (30)
[0423/090334:INFO:CONSOLE(30)] "%c2020-04-23T01:03:34.700Z [imlog] INFO: post //report.edu.qq.com/data_report/web_report 200 199ms", source: https://7.url.cn/edu/teacher-client/index_55ad6c21bcd7a078d4f8.js (30)
[0423/090335:INFO:CONSOLE(30)] "%c2020-04-23T01:03:35.748Z [imlog] INFO: POST //pull.ke.qq.com/base_pull?bkn=1119823869&t=0.5783 200 99ms", source: https://7.url.cn/edu/teacher-client/index_55ad6c21bcd7a078d4f8.js (30)
[0423/090335:INFO:CONSOLE(30)] "%c2020-04-23T01:03:35.855Z [imlog] INFO: post //report.edu.qq.com/data_report/web_report 200 102ms", source: https://7.url.cn/edu/teacher-client/index_55ad6c21bcd7a078d4f8.js (30)
[0423/090345:INFO:CONSOLE(30)] "%c2020-04-23T01:03:45.855Z [imlog] INFO: POST //pull.ke.qq.com/base_pull?bkn=1119823869&t=0.1653 200 103ms", source: https://7.url.cn/edu/teacher-client/index_55ad6c21bcd7a078d4f8.js (30)
[0423/090355:INFO:CONSOLE(30)] "%c2020-04-23T01:03:55.955Z [imlog] INFO: POST //pull.ke.qq.com/base_pull?bkn=1119823869&t=0.5009 200 96ms", source: https://7.url.cn/edu/teacher-client/index_55ad6c21bcd7a078d4f8.js (30)
[0423/090400:INFO:CONSOLE(30)] "%c2020-04-23T01:04:00.463Z [imlog] INFO: post //report.edu.qq.com/data_report/web_report 200 192ms", source: https://7.url.cn/edu/teacher-client/index_55ad6c21bcd7a078d4f8.js (30)
[0423/090406:INFO:CONSOLE(30)] "%c2020-04-23T01:04:06.051Z [imlog] INFO: POST //pull.ke.qq.com/base_pull?bkn=1119823869&t=0.6031 200 95ms", source: https://7.url.cn/edu/teacher-client/index_55ad6c21bcd7a078d4f8.js (30)
[0423/090416:INFO:CONSOLE(30)] "%c2020-04-23T01:04:16.151Z [imlog] INFO: POST //pull.ke.qq.com/base_pull?bkn=1119823869&t=0.0009 200 97ms", source: https://7.url.cn/edu/teacher-client/index_55ad6c21bcd7a078d4f8.js (30)
[0423/090416:INFO:CONSOLE(30)] "%c2020-04-23T01:04:16.464Z [imlog] INFO: post //report.edu.qq.com/data_report/web_report 200 180ms", source: https://7.url.cn/edu/teacher-client/index_55ad6c21bcd7a078d4f8.js (30)
[0423/090426:INFO:CONSOLE(30)] "%c2020-04-23T01:04:26.249Z [imlog] INFO: POST //pull.ke.qq.com/base_pull?bkn=1119823869&t=0.8043 200 96ms", source: https://7.url.cn/edu/teacher-client/index_55ad6c21bcd7a078d4f8.js (30)
[0423/090428:INFO:CONSOLE(30)] "%c2020-04-23T01:04:28.055Z [imlog] INFO: post //report.edu.qq.com/data_report/web_report 200 196ms", source: https://7.url.cn/edu/teacher-client/index_55ad6c21bcd7a078d4f8.js (30)
[0423/090429:INFO:CONSOLE(30)] "%c2020-04-23T01:04:29.661Z [imlog] INFO: post //report.edu.qq.com/data_report/web_report 200 91ms", source: https://7.url.cn/edu/teacher-client/index_55ad6c21bcd7a078d4f8.js (30)
[0423/090436:INFO:CONSOLE(30)] "%c2020-04-23T01:04:36.351Z [imlog] INFO: POST //pull.ke.qq.com/base_pull?bkn=1119823869&t=0.6259 200 99ms", source: https://7.url.cn/edu/teacher-client/index_55ad6c21bcd7a078d4f8.js (30)
[0423/090446:INFO:CONSOLE(30)] "%c2020-04-23T01:04:46.449Z [imlog] INFO: POST //pull.ke.qq.com/base_pull?bkn=1119823869&t=0.9448 200 95ms", source: https://7.url.cn/edu/teacher-client/index_55ad6c21bcd7a078d4f8.js (30)
[0423/090455:INFO:CONSOLE(30)] "%c2020-04-23T01:04:55.877Z [imlog] INFO: post //report.edu.qq.com/data_report/web_report 200 211ms", source: https://7.url.cn/edu/teacher-client/index_55ad6c21bcd7a078d4f8.js (30)
[0423/090456:INFO:CONSOLE(30)] "%c2020-04-23T01:04:56.552Z [imlog] INFO: POST //pull.ke.qq.com/base_pull?bkn=1119823869&t=0.4291 200 100ms", source: https://7.url.cn/edu/teacher-client/index_55ad6c21bcd7a078d4f8.js (30)
[0423/090459:INFO:CONSOLE(30)] "%c2020-04-23T01:04:59.431Z [imlog] INFO: post //report.edu.qq.com/data_report/web_report 200 111ms", source: https://7.url.cn/edu/teacher-client/index_55ad6c21bcd7a078d4f8.js (30)
[0423/090506:INFO:CONSOLE(30)] "%c2020-04-23T01:05:06.648Z [imlog] INFO: POST //pull.ke.qq.com/base_pull?bkn=1119823869&t=0.2911 200 95ms", source: https://7.url.cn/edu/teacher-client/index_55ad6c21bcd7a078d4f8.js (30)
[0423/090516:INFO:CONSOLE(30)] "%c2020-04-23T01:05:16.746Z [imlog] INFO: POST //pull.ke.qq.com/base_pull?bkn=1119823869&t=0.0797 200 93ms", source: https://7.url.cn/edu/teacher-client/index_55ad6c21bcd7a078d4f8.js (30)
[0423/090525:INFO:CONSOLE(30)] "%c2020-04-23T01:05:25.885Z [imlog] INFO: post //report.edu.qq.com/data_report/web_report 200 200ms", source: https://7.url.cn/edu/teacher-client/index_55ad6c21bcd7a078d4f8.js (30)
[0423/090526:INFO:CONSOLE(30)] "%c2020-04-23T01:05:26.851Z [imlog] INFO: POST //pull.ke.qq.com/base_pull?bkn=1119823869&t=0.1003 200 102ms", source: https://7.url.cn/edu/teacher-client/index_55ad6c21bcd7a078d4f8.js (30)
[0423/090527:INFO:CONSOLE(30)] "%c2020-04-23T01:05:27.092Z [imlog] INFO: post //report.edu.qq.com/data_report/web_report 200 93ms", source: https://7.url.cn/edu/teacher-client/index_55ad6c21bcd7a078d4f8.js (30)
[0423/090528:INFO:CONSOLE(30)] "%c2020-04-23T01:05:28.308Z [imlog] INFO: post //report.edu.qq.com/data_report/web_report 200 89ms", source: https://7.url.cn/edu/teacher-client/index_55ad6c21bcd7a078d4f8.js (30)
[0423/090531:INFO:CONSOLE(30)] "%c2020-04-23T01:05:31.851Z [imlog] INFO: post //report.edu.qq.com/data_report/web_report 200 179ms", source: https://7.url.cn/edu/teacher-client/index_55ad6c21bcd7a078d4f8.js (30)
[0423/090536:INFO:CONSOLE(30)] "%c2020-04-23T01:05:36.953Z [imlog] INFO: POST //pull.ke.qq.com/base_pull?bkn=1119823869&t=0.9354 200 99ms", source: https://7.url.cn/edu/teacher-client/index_55ad6c21bcd7a078d4f8.js (30)
[0423/090547:INFO:CONSOLE(30)] "%c2020-04-23T01:05:47.052Z [imlog] INFO: POST //pull.ke.qq.com/base_pull?bkn=1119823869&t=0.5864 200 97ms", source: https://7.url.cn/edu/teacher-client/index_55ad6c21bcd7a078d4f8.js (30)
[0423/090557:INFO:CONSOLE(30)] "%c2020-04-23T01:05:57.150Z [imlog] INFO: POST //pull.ke.qq.com/base_pull?bkn=1119823869&t=0.2397 200 95ms", source: https://7.url.cn/edu/teacher-client/index_55ad6c21bcd7a078d4f8.js (30)
[0423/090603:INFO:CONSOLE(30)] "%c2020-04-23T01:06:03.584Z [imlog] INFO: post //report.edu.qq.com/data_report/web_report 200 199ms", source: https://7.url.cn/edu/teacher-client/index_55ad6c21bcd7a078d4f8.js (30)
[0423/090606:INFO:CONSOLE(30)] "%c2020-04-23T01:06:06.532Z [imlog] INFO: post //report.edu.qq.com/data_report/web_report 200 95ms", source: https://7.url.cn/edu/teacher-client/index_55ad6c21bcd7a078d4f8.js (30)
[0423/090607:INFO:CONSOLE(30)] "%c2020-04-23T01:06:07.249Z [imlog] INFO: POST //pull.ke.qq.com/base_pull?bkn=1119823869&t=0.3639 200 97ms", source: https://7.url.cn/edu/teacher-client/index_55ad6c21bcd7a078d4f8.js (30)
[0423/090615:INFO:CONSOLE(30)] "%c2020-04-23T01:06:15.890Z [imlog] INFO: post //report.edu.qq.com/data_report/web_report 200 180ms", source: https://7.url.cn/edu/teacher-client/index_55ad6c21bcd7a078d4f8.js (30)
[0423/090617:INFO:CONSOLE(30)] "%c2020-04-23T01:06:17.351Z [imlog] INFO: POST //pull.ke.qq.com/base_pull?bkn=1119823869&t=0.1649 200 99ms", source: https://7.url.cn/edu/teacher-client/index_55ad6c21bcd7a078d4f8.js (30)
[0423/090627:INFO:CONSOLE(30)] "%c2020-04-23T01:06:27.449Z [imlog] INFO: POST //pull.ke.qq.com/base_pull?bkn=1119823869&t=0.9031 200 95ms", source: https://7.url.cn/edu/teacher-client/index_55ad6c21bcd7a078d4f8.js (30)
[0423/090637:INFO:CONSOLE(30)] "%c2020-04-23T01:06:37.551Z [imlog] INFO: POST //pull.ke.qq.com/base_pull?bkn=1119823869&t=0.1556 200 101ms", source: https://7.url.cn/edu/teacher-client/index_55ad6c21bcd7a078d4f8.js (30)
[0423/090639:INFO:CONSOLE(30)] "%c2020-04-23T01:06:39.443Z [imlog] INFO: post //report.edu.qq.com/data_report/web_report 200 182ms", source: https://7.url.cn/edu/teacher-client/index_55ad6c21bcd7a078d4f8.js (30)
[0423/090641:INFO:CONSOLE(30)] "%c2020-04-23T01:06:41.571Z [imlog] INFO: post //report.edu.qq.com/data_report/web_report 200 102ms", source: https://7.url.cn/edu/teacher-client/index_55ad6c21bcd7a078d4f8.js (30)
[0423/090647:INFO:CONSOLE(30)] "%c2020-04-23T01:06:47.657Z [imlog] INFO: POST //pull.ke.qq.com/base_pull?bkn=1119823869&t=0.5889 200 104ms", source: https://7.url.cn/edu/teacher-client/index_55ad6c21bcd7a078d4f8.js (30)
[0423/090647:INFO:CONSOLE(30)] "%c2020-04-23T01:06:47.797Z [imlog] INFO: post //report.edu.qq.com/data_report/web_report 200 178ms", source: https://7.url.cn/edu/teacher-client/index_55ad6c21bcd7a078d4f8.js (30)
[0423/090657:INFO:CONSOLE(30)] "%c2020-04-23T01:06:57.755Z [imlog] INFO: POST //pull.ke.qq.com/base_pull?bkn=1119823869&t=0.6857 200 94ms", source: https://7.url.cn/edu/teacher-client/index_55ad6c21bcd7a078d4f8.js (30)
[0423/090658:INFO:CONSOLE(30)] "%c2020-04-23T01:06:58.204Z [imlog] INFO: post //report.edu.qq.com/data_report/web_report 200 176ms", source: https://7.url.cn/edu/teacher-client/index_55ad6c21bcd7a078d4f8.js (30)
[0423/090659:INFO:CONSOLE(30)] "%c2020-04-23T01:06:59.332Z [imlog] INFO: post //report.edu.qq.com/data_report/web_report 200 97ms", source: https://7.url.cn/edu/teacher-client/index_55ad6c21bcd7a078d4f8.js (30)
[0423/090707:INFO:CONSOLE(30)] "%c2020-04-23T01:07:07.853Z [imlog] INFO: POST //pull.ke.qq.com/base_pull?bkn=1119823869&t=0.0001 200 96ms", source: https://7.url.cn/edu/teacher-client/index_55ad6c21bcd7a078d4f8.js (30)
[0423/090717:INFO:CONSOLE(30)] "%c2020-04-23T01:07:17.956Z [imlog] INFO: POST //pull.ke.qq.com/base_pull?bkn=1119823869&t=0.7148 200 98ms", source: https://7.url.cn/edu/teacher-client/index_55ad6c21bcd7a078d4f8.js (30)
[0423/090728:INFO:CONSOLE(30)] "%c2020-04-23T01:07:28.059Z [imlog] INFO: POST //pull.ke.qq.com/base_pull?bkn=1119823869&t=0.6185 200 100ms", source: https://7.url.cn/edu/teacher-client/index_55ad6c21bcd7a078d4f8.js (30)
[0423/090738:INFO:CONSOLE(30)] "%c2020-04-23T01:07:38.157Z [imlog] INFO: POST //pull.ke.qq.com/base_pull?bkn=1119823869&t=0.9865 200 96ms", source: https://7.url.cn/edu/teacher-client/index_55ad6c21bcd7a078d4f8.js (30)
[0423/090748:INFO:CONSOLE(30)] "%c2020-04-23T01:07:48.256Z [imlog] INFO: POST //pull.ke.qq.com/base_pull?bkn=1119823869&t=0.0081 200 97ms", source: https://7.url.cn/edu/teacher-client/index_55ad6c21bcd7a078d4f8.js (30)
[0423/090752:INFO:CONSOLE(30)] "%c2020-04-23T01:07:52.483Z [imlog] INFO: post //report.edu.qq.com/data_report/web_report 200 192ms", source: https://7.url.cn/edu/teacher-client/index_55ad6c21bcd7a078d4f8.js (30)
[0423/090753:INFO:CONSOLE(30)] "%c2020-04-23T01:07:53.698Z [imlog] INFO: post //report.edu.qq.com/data_report/web_report 200 107ms", source: https://7.url.cn/edu/teacher-client/index_55ad6c21bcd7a078d4f8.js (30)
[0423/090758:INFO:CONSOLE(30)] "%c2020-04-23T01:07:58.356Z [imlog] INFO: POST //pull.ke.qq.com/base_pull?bkn=1119823869&t=0.6543 200 96ms", source: https://7.url.cn/edu/teacher-client/index_55ad6c21bcd7a078d4f8.js (30)
[0423/090806:INFO:CONSOLE(30)] "%c2020-04-23T01:08:06.368Z [imlog] INFO: post //report.edu.qq.com/data_report/web_report 200 186ms", source: https://7.url.cn/edu/teacher-client/index_55ad6c21bcd7a078d4f8.js (30)
[0423/090808:INFO:CONSOLE(30)] "%c2020-04-23T01:08:08.455Z [imlog] INFO: POST //pull.ke.qq.com/base_pull?bkn=1119823869&t=0.5530 200 96ms", source: https://7.url.cn/edu/teacher-client/index_55ad6c21bcd7a078d4f8.js (30)
[0423/090811:INFO:CONSOLE(30)] "%c2020-04-23T01:08:11.884Z [imlog] INFO: post //report.edu.qq.com/data_report/web_report 200 197ms", source: https://7.url.cn/edu/teacher-client/index_55ad6c21bcd7a078d4f8.js (30)
[0423/090818:INFO:CONSOLE(30)] "%c2020-04-23T01:08:18.552Z [imlog] INFO: POST //pull.ke.qq.com/base_pull?bkn=1119823869&t=0.9057 200 96ms", source: https://7.url.cn/edu/teacher-client/index_55ad6c21bcd7a078d4f8.js (30)
[0423/090828:INFO:CONSOLE(30)] "%c2020-04-23T01:08:28.656Z [imlog] INFO: POST //pull.ke.qq.com/base_pull?bkn=1119823869&t=0.9407 200 100ms", source: https://7.url.cn/edu/teacher-client/index_55ad6c21bcd7a078d4f8.js (30)
[0423/090838:INFO:CONSOLE(30)] "%c2020-04-23T01:08:38.752Z [imlog] INFO: POST //pull.ke.qq.com/base_pull?bkn=1119823869&t=0.6442 200 93ms", source: https://7.url.cn/edu/teacher-client/index_55ad6c21bcd7a078d4f8.js (30)
[0423/090848:INFO:CONSOLE(30)] "%c2020-04-23T01:08:48.854Z [imlog] INFO: POST //pull.ke.qq.com/base_pull?bkn=1119823869&t=0.2634 200 100ms", source: https://7.url.cn/edu/teacher-client/index_55ad6c21bcd7a078d4f8.js (30)
[0423/090858:INFO:CONSOLE(30)] "%c2020-04-23T01:08:58.961Z [imlog] INFO: POST //pull.ke.qq.com/base_pull?bkn=1119823869&t=0.5991 200 103ms", source: https://7.url.cn/edu/teacher-client/index_55ad6c21bcd7a078d4f8.js (30)
[0423/090909:INFO:CONSOLE(30)] "%c2020-04-23T01:09:09.073Z [imlog] INFO: POST //pull.ke.qq.com/base_pull?bkn=1119823869&t=0.0264 200 110ms", source: https://7.url.cn/edu/teacher-client/index_55ad6c21bcd7a078d4f8.js (30)
[0423/090919:INFO:CONSOLE(30)] "%c2020-04-23T01:09:19.171Z [imlog] INFO: POST //pull.ke.qq.com/base_pull?bkn=1119823869&t=0.3032 200 95ms", source: https://7.url.cn/edu/teacher-client/index_55ad6c21bcd7a078d4f8.js (30)
[0423/090926:INFO:CONSOLE(30)] "%c2020-04-23T01:09:26.673Z [imlog] INFO: post //report.edu.qq.com/data_report/web_report 200 181ms", source: https://7.url.cn/edu/teacher-client/index_55ad6c21bcd7a078d4f8.js (30)
[0423/090929:INFO:CONSOLE(30)] "%c2020-04-23T01:09:29.270Z [imlog] INFO: POST //pull.ke.qq.com/base_pull?bkn=1119823869&t=0.7740 200 97ms", source: https://7.url.cn/edu/teacher-client/index_55ad6c21bcd7a078d4f8.js (30)
[0423/090939:INFO:CONSOLE(30)] "%c2020-04-23T01:09:39.376Z [imlog] INFO: POST //pull.ke.qq.com/base_pull?bkn=1119823869&t=0.0542 200 102ms", source: https://7.url.cn/edu/teacher-client/index_55ad6c21bcd7a078d4f8.js (30)
[0423/090949:INFO:CONSOLE(30)] "%c2020-04-23T01:09:49.473Z [imlog] INFO: POST //pull.ke.qq.com/base_pull?bkn=1119823869&t=0.1395 200 96ms", source: https://7.url.cn/edu/teacher-client/index_55ad6c21bcd7a078d4f8.js (30)
[0423/090958:INFO:CONSOLE(30)] "%c2020-04-23T01:09:58.233Z [imlog] INFO: post //report.edu.qq.com/data_report/web_report 200 208ms", source: https://7.url.cn/edu/teacher-client/index_55ad6c21bcd7a078d4f8.js (30)
[0423/090959:INFO:CONSOLE(30)] "%c2020-04-23T01:09:59.572Z [imlog] INFO: POST //pull.ke.qq.com/base_pull?bkn=1119823869&t=0.0568 200 97ms", source: https://7.url.cn/edu/teacher-client/index_55ad6c21bcd7a078d4f8.js (30)
[0423/091005:INFO:CONSOLE(30)] "%c2020-04-23T01:10:05.094Z [impush-client] ERROR: push room_seq 丢失", source: https://7.url.cn/edu/teacher-client/index_55ad6c21bcd7a078d4f8.js (30)
[0423/091006:INFO:CONSOLE(30)] "%c2020-04-23T01:10:06.183Z [imlog] INFO: post //report.edu.qq.com/data_report/web_report 200 204ms", source: https://7.url.cn/edu/teacher-client/index_55ad6c21bcd7a078d4f8.js (30)
[0423/091009:INFO:CONSOLE(30)] "%c2020-04-23T01:10:09.671Z [imlog] INFO: POST //pull.ke.qq.com/base_pull?bkn=1119823869&t=0.2157 200 96ms", source: https://7.url.cn/edu/teacher-client/index_55ad6c21bcd7a078d4f8.js (30)
[0423/091014:INFO:CONSOLE(30)] "%c2020-04-23T01:10:14.773Z [imlog] INFO: post //report.edu.qq.com/data_report/web_report 200 178ms", source: https://7.url.cn/edu/teacher-client/index_55ad6c21bcd7a078d4f8.js (30)
[0423/091019:INFO:CONSOLE(30)] "%c2020-04-23T01:10:19.779Z [imlog] INFO: POST //pull.ke.qq.com/base_pull?bkn=1119823869&t=0.8975 200 104ms", source: https://7.url.cn/edu/teacher-client/index_55ad6c21bcd7a078d4f8.js (30)
[0423/091029:INFO:CONSOLE(30)] "%c2020-04-23T01:10:29.877Z [imlog] INFO: POST //pull.ke.qq.com/base_pull?bkn=1119823869&t=0.6723 200 96ms", source: https://7.url.cn/edu/teacher-client/index_55ad6c21bcd7a078d4f8.js (30)
[0423/091039:INFO:CONSOLE(30)] "%c2020-04-23T01:10:39.983Z [imlog] INFO: POST //pull.ke.qq.com/base_pull?bkn=1119823869&t=0.2267 200 101ms", source: https://7.url.cn/edu/teacher-client/index_55ad6c21bcd7a078d4f8.js (30)
[0423/091050:INFO:CONSOLE(30)] "%c2020-04-23T01:10:50.083Z [imlog] INFO: POST //pull.ke.qq.com/base_pull?bkn=1119823869&t=0.7499 200 97ms", source: https://7.url.cn/edu/teacher-client/index_55ad6c21bcd7a078d4f8.js (30)
[0423/091100:INFO:CONSOLE(30)] "%c2020-04-23T01:11:00.277Z [imlog] INFO: POST //pull.ke.qq.com/base_pull?bkn=1119823869&t=0.1455 200 97ms", source: https://7.url.cn/edu/teacher-client/index_55ad6c21bcd7a078d4f8.js (30)
[0423/091101:INFO:CONSOLE(30)] "%c2020-04-23T01:11:01.269Z [imlog] INFO: post //report.edu.qq.com/data_report/web_report 200 210ms", source: https://7.url.cn/edu/teacher-client/index_55ad6c21bcd7a078d4f8.js (30)
[0423/091106:INFO:CONSOLE(30)] "%c2020-04-23T01:11:06.530Z [imlog] INFO: post //report.edu.qq.com/data_report/web_report 200 188ms", source: https://7.url.cn/edu/teacher-client/index_55ad6c21bcd7a078d4f8.js (30)
[0423/091110:INFO:CONSOLE(30)] "%c2020-04-23T01:11:10.377Z [imlog] INFO: POST //pull.ke.qq.com/base_pull?bkn=1119823869&t=0.2416 200 97ms", source: https://7.url.cn/edu/teacher-client/index_55ad6c21bcd7a078d4f8.js (30)
[0423/091111:INFO:CONSOLE(30)] "%c2020-04-23T01:11:11.455Z [imlog] INFO: post //report.edu.qq.com/data_report/web_report 200 102ms", source: https://7.url.cn/edu/teacher-client/index_55ad6c21bcd7a078d4f8.js (30)
[0423/091118:INFO:CONSOLE(30)] "%c2020-04-23T01:11:18.404Z [imlog] INFO: post //report.edu.qq.com/data_report/web_report 200 193ms", source: https://7.url.cn/edu/teacher-client/index_55ad6c21bcd7a078d4f8.js (30)
[0423/091120:INFO:CONSOLE(30)] "%c2020-04-23T01:11:20.477Z [imlog] INFO: POST //pull.ke.qq.com/base_pull?bkn=1119823869&t=0.7390 200 97ms", source: https://7.url.cn/edu/teacher-client/index_55ad6c21bcd7a078d4f8.js (30)
[0423/091130:INFO:CONSOLE(30)] "%c2020-04-23T01:11:30.579Z [imlog] INFO: POST //pull.ke.qq.com/base_pull?bkn=1119823869&t=0.2561 200 100ms", source: https://7.url.cn/edu/teacher-client/index_55ad6c21bcd7a078d4f8.js (30)
[0423/091140:INFO:CONSOLE(30)] "%c2020-04-23T01:11:40.681Z [imlog] INFO: POST //pull.ke.qq.com/base_pull?bkn=1119823869&t=0.0972 200 99ms", source: https://7.url.cn/edu/teacher-client/index_55ad6c21bcd7a078d4f8.js (30)
[0423/091150:INFO:CONSOLE(30)] "%c2020-04-23T01:11:50.781Z [imlog] INFO: POST //pull.ke.qq.com/base_pull?bkn=1119823869&t=0.0436 200 98ms", source: https://7.url.cn/edu/teacher-client/index_55ad6c21bcd7a078d4f8.js (30)
[0423/091200:INFO:CONSOLE(30)] "%c2020-04-23T01:12:00.882Z [imlog] INFO: POST //pull.ke.qq.com/base_pull?bkn=1119823869&t=0.3281 200 100ms", source: https://7.url.cn/edu/teacher-client/index_55ad6c21bcd7a078d4f8.js (30)
[0423/091210:INFO:CONSOLE(30)] "%c2020-04-23T01:12:10.984Z [imlog] INFO: POST //pull.ke.qq.com/base_pull?bkn=1119823869&t=0.0175 200 97ms", source: https://7.url.cn/edu/teacher-client/index_55ad6c21bcd7a078d4f8.js (30)
[0423/091221:INFO:CONSOLE(30)] "%c2020-04-23T01:12:21.087Z [imlog] INFO: POST //pull.ke.qq.com/base_pull?bkn=1119823869&t=0.3056 200 100ms", source: https://7.url.cn/edu/teacher-client/index_55ad6c21bcd7a078d4f8.js (30)
[0423/091231:INFO:CONSOLE(30)] "%c2020-04-23T01:12:31.189Z [imlog] INFO: POST //pull.ke.qq.com/base_pull?bkn=1119823869&t=0.4766 200 100ms", source: https://7.url.cn/edu/teacher-client/index_55ad6c21bcd7a078d4f8.js (30)
[0423/091241:INFO:CONSOLE(30)] "%c2020-04-23T01:12:41.287Z [imlog] INFO: POST //pull.ke.qq.com/base_pull?bkn=1119823869&t=0.0056 200 94ms", source: https://7.url.cn/edu/teacher-client/index_55ad6c21bcd7a078d4f8.js (30)
[0423/091250:INFO:CONSOLE(30)] "%c2020-04-23T01:12:50.696Z [imlog] INFO: post //report.edu.qq.com/data_report/web_report 200 216ms", source: https://7.url.cn/edu/teacher-client/index_55ad6c21bcd7a078d4f8.js (30)
[0423/091251:INFO:CONSOLE(30)] "%c2020-04-23T01:12:51.387Z [imlog] INFO: POST //pull.ke.qq.com/base_pull?bkn=1119823869&t=0.7618 200 94ms", source: https://7.url.cn/edu/teacher-client/index_55ad6c21bcd7a078d4f8.js (30)
[0423/091301:INFO:CONSOLE(30)] "%c2020-04-23T01:13:01.488Z [imlog] INFO: POST //pull.ke.qq.com/base_pull?bkn=1119823869&t=0.3272 200 98ms", source: https://7.url.cn/edu/teacher-client/index_55ad6c21bcd7a078d4f8.js (30)
[0423/091307:INFO:CONSOLE(30)] "%c2020-04-23T01:13:07.691Z [imlog] INFO: post //report.edu.qq.com/data_report/web_report 200 216ms", source: https://7.url.cn/edu/teacher-client/index_55ad6c21bcd7a078d4f8.js (30)
[0423/091311:INFO:CONSOLE(30)] "%c2020-04-23T01:13:11.592Z [imlog] INFO: POST //pull.ke.qq.com/base_pull?bkn=1119823869&t=0.5776 200 101ms", source: https://7.url.cn/edu/teacher-client/index_55ad6c21bcd7a078d4f8.js (30)
[0423/091320:INFO:CONSOLE(30)] "%c2020-04-23T01:13:20.196Z [imlog] INFO: post //report.edu.qq.com/data_report/web_report 200 193ms", source: https://7.url.cn/edu/teacher-client/index_55ad6c21bcd7a078d4f8.js (30)
[0423/091321:INFO:CONSOLE(30)] "%c2020-04-23T01:13:21.699Z [imlog] INFO: POST //pull.ke.qq.com/base_pull?bkn=1119823869&t=0.5786 200 104ms", source: https://7.url.cn/edu/teacher-client/index_55ad6c21bcd7a078d4f8.js (30)
[0423/091328:INFO:CONSOLE(30)] "%c2020-04-23T01:13:28.634Z [imlog] INFO: post //report.edu.qq.com/data_report/web_report 200 204ms", source: https://7.url.cn/edu/teacher-client/index_55ad6c21bcd7a078d4f8.js (30)
[0423/091331:INFO:CONSOLE(30)] "%c2020-04-23T01:13:31.801Z [imlog] INFO: POST //pull.ke.qq.com/base_pull?bkn=1119823869&t=0.2841 200 100ms", source: https://7.url.cn/edu/teacher-client/index_55ad6c21bcd7a078d4f8.js (30)
[0423/091334:INFO:CONSOLE(30)] "%c2020-04-23T01:13:34.113Z [imlog] INFO: post //report.edu.qq.com/data_report/web_report 200 295ms", source: https://7.url.cn/edu/teacher-client/index_55ad6c21bcd7a078d4f8.js (30)
[0423/091341:INFO:CONSOLE(30)] "%c2020-04-23T01:13:41.904Z [imlog] INFO: POST //pull.ke.qq.com/base_pull?bkn=1119823869&t=0.7810 200 100ms", source: https://7.url.cn/edu/teacher-client/index_55ad6c21bcd7a078d4f8.js (30)
[0423/091352:INFO:CONSOLE(30)] "%c2020-04-23T01:13:52.007Z [imlog] INFO: POST //pull.ke.qq.com/base_pull?bkn=1119823869&t=0.7895 200 100ms", source: https://7.url.cn/edu/teacher-client/index_55ad6c21bcd7a078d4f8.js (30)
[0423/091352:INFO:CONSOLE(30)] "%c2020-04-23T01:13:52.229Z [imlog] INFO: post //report.edu.qq.com/data_report/web_report 200 187ms", source: https://7.url.cn/edu/teacher-client/index_55ad6c21bcd7a078d4f8.js (30)
[0423/091402:INFO:CONSOLE(30)] "%c2020-04-23T01:14:02.109Z [imlog] INFO: POST //pull.ke.qq.com/base_pull?bkn=1119823869&t=0.8405 200 99ms", source: https://7.url.cn/edu/teacher-client/index_55ad6c21bcd7a078d4f8.js (30)
[0423/091412:INFO:CONSOLE(30)] "%c2020-04-23T01:14:12.210Z [imlog] INFO: POST //pull.ke.qq.com/base_pull?bkn=1119823869&t=0.0417 200 99ms", source: https://7.url.cn/edu/teacher-client/index_55ad6c21bcd7a078d4f8.js (30)
[0423/091418:INFO:CONSOLE(30)] "%c2020-04-23T01:14:18.956Z [imlog] INFO: post //report.edu.qq.com/data_report/web_report 200 190ms", source: https://7.url.cn/edu/teacher-client/index_55ad6c21bcd7a078d4f8.js (30)
[0423/091422:INFO:CONSOLE(30)] "%c2020-04-23T01:14:22.310Z [imlog] INFO: POST //pull.ke.qq.com/base_pull?bkn=1119823869&t=0.3793 200 96ms", source: https://7.url.cn/edu/teacher-client/index_55ad6c21bcd7a078d4f8.js (30)
[0423/091429:INFO:CONSOLE(30)] "%c2020-04-23T01:14:29.613Z [imlog] INFO: post //report.edu.qq.com/data_report/web_report 200 199ms", source: https://7.url.cn/edu/teacher-client/index_55ad6c21bcd7a078d4f8.js (30)
[0423/091432:INFO:CONSOLE(30)] "%c2020-04-23T01:14:32.420Z [imlog] INFO: POST //pull.ke.qq.com/base_pull?bkn=1119823869&t=0.7105 200 105ms", source: https://7.url.cn/edu/teacher-client/index_55ad6c21bcd7a078d4f8.js (30)
[0423/091442:INFO:CONSOLE(30)] "%c2020-04-23T01:14:42.523Z [imlog] INFO: POST //pull.ke.qq.com/base_pull?bkn=1119823869&t=0.0532 200 100ms", source: https://7.url.cn/edu/teacher-client/index_55ad6c21bcd7a078d4f8.js (30)
[0423/091452:INFO:CONSOLE(30)] "%c2020-04-23T01:14:52.625Z [imlog] INFO: POST //pull.ke.qq.com/base_pull?bkn=1119823869&t=0.6737 200 100ms", source: https://7.url.cn/edu/teacher-client/index_55ad6c21bcd7a078d4f8.js (30)
[0423/091454:INFO:CONSOLE(30)] "%c2020-04-23T01:14:54.077Z [imlog] INFO: post //report.edu.qq.com/data_report/web_report 200 212ms", source: https://7.url.cn/edu/teacher-client/index_55ad6c21bcd7a078d4f8.js (30)
[0423/091457:INFO:CONSOLE(30)] "%c2020-04-23T01:14:57.930Z [imlog] INFO: post //report.edu.qq.com/data_report/web_report 200 90ms", source: https://7.url.cn/edu/teacher-client/index_55ad6c21bcd7a078d4f8.js (30)
[0423/091458:INFO:CONSOLE(30)] "%c2020-04-23T01:14:58.192Z [impush-client] ERROR: push room_seq 丢失", source: https://7.url.cn/edu/teacher-client/index_55ad6c21bcd7a078d4f8.js (30)
[0423/091459:INFO:CONSOLE(30)] "%c2020-04-23T01:14:59.257Z [imlog] INFO: post //report.edu.qq.com/data_report/web_report 200 184ms", source: https://7.url.cn/edu/teacher-client/index_55ad6c21bcd7a078d4f8.js (30)
[0423/091501:INFO:CONSOLE(30)] "%c2020-04-23T01:15:01.040Z [imlog] INFO: post //report.edu.qq.com/data_report/web_report 200 113ms", source: https://7.url.cn/edu/teacher-client/index_55ad6c21bcd7a078d4f8.js (30)
[0423/091502:INFO:CONSOLE(30)] "%c2020-04-23T01:15:02.724Z [imlog] INFO: POST //pull.ke.qq.com/base_pull?bkn=1119823869&t=0.8535 200 96ms", source: https://7.url.cn/edu/teacher-client/index_55ad6c21bcd7a078d4f8.js (30)
[0423/091512:INFO:CONSOLE(30)] "%c2020-04-23T01:15:12.745Z [imlog] INFO: post //report.edu.qq.com/data_report/web_report 200 183ms", source: https://7.url.cn/edu/teacher-client/index_55ad6c21bcd7a078d4f8.js (30)
[0423/091512:INFO:CONSOLE(30)] "%c2020-04-23T01:15:12.828Z [imlog] INFO: POST //pull.ke.qq.com/base_pull?bkn=1119823869&t=0.5691 200 101ms", source: https://7.url.cn/edu/teacher-client/index_55ad6c21bcd7a078d4f8.js (30)
[0423/091513:INFO:CONSOLE(30)] "%c2020-04-23T01:15:13.969Z [imlog] INFO: post //report.edu.qq.com/data_report/web_report 200 93ms", source: https://7.url.cn/edu/teacher-client/index_55ad6c21bcd7a078d4f8.js (30)
[0423/091516:INFO:CONSOLE(30)] "%c2020-04-23T01:15:16.702Z [imlog] INFO: post //report.edu.qq.com/data_report/web_report 200 110ms", source: https://7.url.cn/edu/teacher-client/index_55ad6c21bcd7a078d4f8.js (30)
[0423/091522:INFO:CONSOLE(30)] "%c2020-04-23T01:15:22.930Z [imlog] INFO: POST //pull.ke.qq.com/base_pull?bkn=1119823869&t=0.6740 200 97ms", source: https://7.url.cn/edu/teacher-client/index_55ad6c21bcd7a078d4f8.js (30)
[0423/091533:INFO:CONSOLE(30)] "%c2020-04-23T01:15:33.033Z [imlog] INFO: POST //pull.ke.qq.com/base_pull?bkn=1119823869&t=0.2716 200 100ms", source: https://7.url.cn/edu/teacher-client/index_55ad6c21bcd7a078d4f8.js (30)
[0423/091537:INFO:CONSOLE(0)] "XMLHttpRequest cannot load https://report.edu.qq.com/data_report/web_report. No 'Access-Control-Allow-Origin' header is present on the requested resource. Origin 'https://ke.qq.com' is therefore not allowed access. The response had HTTP status code 502.", source: https://ke.qq.com/teacher-client/index.html?cid=1656387&term_id=101756608#usertype=teacher&startTime=1587599761559 (0)
[0423/091537:INFO:CONSOLE(30)] "%c2020-04-23T01:15:37.168Z [imlog] INFO: post //report.edu.qq.com/data_report/web_report 0 264ms", source: https://7.url.cn/edu/teacher-client/index_55ad6c21bcd7a078d4f8.js (30)
[0423/091543:INFO:CONSOLE(30)] "%c2020-04-23T01:15:43.132Z [imlog] INFO: post //report.edu.qq.com/data_report/web_report 200 184ms", source: https://7.url.cn/edu/teacher-client/index_55ad6c21bcd7a078d4f8.js (30)
[0423/091543:INFO:CONSOLE(30)] "%c2020-04-23T01:15:43.138Z [imlog] INFO: POST //pull.ke.qq.com/base_pull?bkn=1119823869&t=0.8644 200 100ms", source: https://7.url.cn/edu/teacher-client/index_55ad6c21bcd7a078d4f8.js (30)
[0423/091553:INFO:CONSOLE(30)] "%c2020-04-23T01:15:53.246Z [imlog] INFO: POST //pull.ke.qq.com/base_pull?bkn=1119823869&t=0.9252 200 102ms", source: https://7.url.cn/edu/teacher-client/index_55ad6c21bcd7a078d4f8.js (30)
[0423/091603:INFO:CONSOLE(30)] "%c2020-04-23T01:16:03.345Z [imlog] INFO: POST //pull.ke.qq.com/base_pull?bkn=1119823869&t=0.2404 200 96ms", source: https://7.url.cn/edu/teacher-client/index_55ad6c21bcd7a078d4f8.js (30)
[0423/091607:INFO:CONSOLE(30)] "%c2020-04-23T01:16:07.367Z [imlog] INFO: post //report.edu.qq.com/data_report/web_report 200 217ms", source: https://7.url.cn/edu/teacher-client/index_55ad6c21bcd7a078d4f8.js (30)
[0423/091609:INFO:CONSOLE(30)] "%c2020-04-23T01:16:09.811Z [imlog] INFO: post //report.edu.qq.com/data_report/web_report 200 87ms", source: https://7.url.cn/edu/teacher-client/index_55ad6c21bcd7a078d4f8.js (30)
[0423/091613:INFO:CONSOLE(30)] "%c2020-04-23T01:16:13.445Z [imlog] INFO: POST //pull.ke.qq.com/base_pull?bkn=1119823869&t=0.0188 200 98ms", source: https://7.url.cn/edu/teacher-client/index_55ad6c21bcd7a078d4f8.js (30)
[0423/091621:INFO:CONSOLE(30)] "%c2020-04-23T01:16:21.451Z [imlog] INFO: post //report.edu.qq.com/data_report/web_report 200 209ms", source: https://7.url.cn/edu/teacher-client/index_55ad6c21bcd7a078d4f8.js (30)
[0423/091622:INFO:CONSOLE(30)] "%c2020-04-23T01:16:22.340Z [imlog] INFO: post //report.edu.qq.com/data_report/web_report 200 86ms", source: https://7.url.cn/edu/teacher-client/index_55ad6c21bcd7a078d4f8.js (30)
[0423/091623:INFO:CONSOLE(30)] "%c2020-04-23T01:16:23.549Z [imlog] INFO: POST //pull.ke.qq.com/base_pull?bkn=1119823869&t=0.9729 200 100ms", source: https://7.url.cn/edu/teacher-client/index_55ad6c21bcd7a078d4f8.js (30)
[0423/091631:INFO:CONSOLE(30)] "%c2020-04-23T01:16:31.003Z [imlog] INFO: post //report.edu.qq.com/data_report/web_report 200 184ms", source: https://7.url.cn/edu/teacher-client/index_55ad6c21bcd7a078d4f8.js (30)
[0423/091633:INFO:CONSOLE(30)] "%c2020-04-23T01:16:33.648Z [imlog] INFO: POST //pull.ke.qq.com/base_pull?bkn=1119823869&t=0.1232 200 96ms", source: https://7.url.cn/edu/teacher-client/index_55ad6c21bcd7a078d4f8.js (30)
[0423/091643:INFO:CONSOLE(30)] "%c2020-04-23T01:16:43.759Z [imlog] INFO: POST //pull.ke.qq.com/base_pull?bkn=1119823869&t=0.4639 200 107ms", source: https://7.url.cn/edu/teacher-client/index_55ad6c21bcd7a078d4f8.js (30)
[0423/091653:INFO:CONSOLE(30)] "%c2020-04-23T01:16:53.870Z [imlog] INFO: POST //pull.ke.qq.com/base_pull?bkn=1119823869&t=0.5991 200 108ms", source: https://7.url.cn/edu/teacher-client/index_55ad6c21bcd7a078d4f8.js (30)
[0423/091657:INFO:CONSOLE(30)] "%c2020-04-23T01:16:57.412Z [imlog] INFO: post //report.edu.qq.com/data_report/web_report 200 196ms", source: https://7.url.cn/edu/teacher-client/index_55ad6c21bcd7a078d4f8.js (30)
[0423/091703:INFO:CONSOLE(30)] "%c2020-04-23T01:17:03.969Z [imlog] INFO: POST //pull.ke.qq.com/base_pull?bkn=1119823869&t=0.9345 200 95ms", source: https://7.url.cn/edu/teacher-client/index_55ad6c21bcd7a078d4f8.js (30)
[0423/091714:INFO:CONSOLE(30)] "%c2020-04-23T01:17:14.073Z [imlog] INFO: POST //pull.ke.qq.com/base_pull?bkn=1119823869&t=0.8097 200 101ms", source: https://7.url.cn/edu/teacher-client/index_55ad6c21bcd7a078d4f8.js (30)
[0423/091720:INFO:CONSOLE(0)] "XMLHttpRequest cannot load https://report.edu.qq.com/data_report/web_report. Response to preflight request doesn't pass access control check: No 'Access-Control-Allow-Origin' header is present on the requested resource. Origin 'https://ke.qq.com' is therefore not allowed access. The response had HTTP status code 504.", source: https://ke.qq.com/teacher-client/index.html?cid=1656387&term_id=101756608#usertype=teacher&startTime=1587599761559 (0)
[0423/091720:INFO:CONSOLE(30)] "%c2020-04-23T01:17:20.426Z [imlog] INFO: post //report.edu.qq.com/data_report/web_report 0 7028ms", source: https://7.url.cn/edu/teacher-client/index_55ad6c21bcd7a078d4f8.js (30)
[0423/091724:INFO:CONSOLE(30)] "%c2020-04-23T01:17:24.181Z [imlog] INFO: POST //pull.ke.qq.com/base_pull?bkn=1119823869&t=0.3083 200 104ms", source: https://7.url.cn/edu/teacher-client/index_55ad6c21bcd7a078d4f8.js (30)
[0423/091729:INFO:CONSOLE(30)] "%c2020-04-23T01:17:29.599Z [imlog] INFO: post //report.edu.qq.com/data_report/web_report 200 217ms", source: https://7.url.cn/edu/teacher-client/index_55ad6c21bcd7a078d4f8.js (30)
[0423/091733:INFO:CONSOLE(30)] "%c2020-04-23T01:17:33.366Z [imlog] INFO: post //report.edu.qq.com/data_report/web_report 200 111ms", source: https://7.url.cn/edu/teacher-client/index_55ad6c21bcd7a078d4f8.js (30)
[0423/091734:INFO:CONSOLE(30)] "%c2020-04-23T01:17:34.283Z [imlog] INFO: POST //pull.ke.qq.com/base_pull?bkn=1119823869&t=0.8916 200 99ms", source: https://7.url.cn/edu/teacher-client/index_55ad6c21bcd7a078d4f8.js (30)
[0423/091735:INFO:CONSOLE(30)] "%c2020-04-23T01:17:35.793Z [imlog] INFO: post //report.edu.qq.com/data_report/web_report 200 184ms", source: https://7.url.cn/edu/teacher-client/index_55ad6c21bcd7a078d4f8.js (30)
[0423/091744:INFO:CONSOLE(30)] "%c2020-04-23T01:17:44.390Z [imlog] INFO: POST //pull.ke.qq.com/base_pull?bkn=1119823869&t=0.9932 200 104ms", source: https://7.url.cn/edu/teacher-client/index_55ad6c21bcd7a078d4f8.js (30)
[0423/091754:INFO:CONSOLE(30)] "%c2020-04-23T01:17:54.495Z [imlog] INFO: POST //pull.ke.qq.com/base_pull?bkn=1119823869&t=0.3869 200 101ms", source: https://7.url.cn/edu/teacher-client/index_55ad6c21bcd7a078d4f8.js (30)
[0423/091804:INFO:CONSOLE(30)] "%c2020-04-23T01:18:04.594Z [imlog] INFO: POST //pull.ke.qq.com/base_pull?bkn=1119823869&t=0.4084 200 97ms", source: https://7.url.cn/edu/teacher-client/index_55ad6c21bcd7a078d4f8.js (30)
[0423/091814:INFO:CONSOLE(30)] "%c2020-04-23T01:18:14.695Z [imlog] INFO: POST //pull.ke.qq.com/base_pull?bkn=1119823869&t=0.4531 200 98ms", source: https://7.url.cn/edu/teacher-client/index_55ad6c21bcd7a078d4f8.js (30)
[0423/091818:INFO:CONSOLE(30)] "%c2020-04-23T01:18:18.509Z [imlog] INFO: post //report.edu.qq.com/data_report/web_report 200 179ms", source: https://7.url.cn/edu/teacher-client/index_55ad6c21bcd7a078d4f8.js (30)
[0423/091824:INFO:CONSOLE(30)] "%c2020-04-23T01:18:24.795Z [imlog] INFO: POST //pull.ke.qq.com/base_pull?bkn=1119823869&t=0.4270 200 98ms", source: https://7.url.cn/edu/teacher-client/index_55ad6c21bcd7a078d4f8.js (30)
[0423/091834:INFO:CONSOLE(30)] "%c2020-04-23T01:18:34.898Z [imlog] INFO: POST //pull.ke.qq.com/base_pull?bkn=1119823869&t=0.4715 200 101ms", source: https://7.url.cn/edu/teacher-client/index_55ad6c21bcd7a078d4f8.js (30)
[0423/091844:INFO:CONSOLE(30)] "%c2020-04-23T01:18:44.995Z [imlog] INFO: POST //pull.ke.qq.com/base_pull?bkn=1119823869&t=0.2132 200 94ms", source: https://7.url.cn/edu/teacher-client/index_55ad6c21bcd7a078d4f8.js (30)
[0423/091852:INFO:CONSOLE(30)] "%c2020-04-23T01:18:52.937Z [imlog] INFO: post //report.edu.qq.com/data_report/web_report 200 179ms", source: https://7.url.cn/edu/teacher-client/index_55ad6c21bcd7a078d4f8.js (30)
[0423/091855:INFO:CONSOLE(30)] "%c2020-04-23T01:18:55.104Z [imlog] INFO: POST //pull.ke.qq.com/base_pull?bkn=1119823869&t=0.1999 200 105ms", source: https://7.url.cn/edu/teacher-client/index_55ad6c21bcd7a078d4f8.js (30)
[0423/091905:INFO:CONSOLE(30)] "%c2020-04-23T01:19:05.207Z [imlog] INFO: POST //pull.ke.qq.com/base_pull?bkn=1119823869&t=0.9985 200 101ms", source: https://7.url.cn/edu/teacher-client/index_55ad6c21bcd7a078d4f8.js (30)
[0423/091915:INFO:CONSOLE(30)] "%c2020-04-23T01:19:15.307Z [imlog] INFO: POST //pull.ke.qq.com/base_pull?bkn=1119823869&t=0.8460 200 99ms", source: https://7.url.cn/edu/teacher-client/index_55ad6c21bcd7a078d4f8.js (30)
[0423/091925:INFO:CONSOLE(30)] "%c2020-04-23T01:19:25.410Z [imlog] INFO: POST //pull.ke.qq.com/base_pull?bkn=1119823869&t=0.3827 200 99ms", source: https://7.url.cn/edu/teacher-client/index_55ad6c21bcd7a078d4f8.js (30)
[0423/091935:INFO:CONSOLE(30)] "%c2020-04-23T01:19:35.508Z [imlog] INFO: POST //pull.ke.qq.com/base_pull?bkn=1119823869&t=0.0779 200 95ms", source: https://7.url.cn/edu/teacher-client/index_55ad6c21bcd7a078d4f8.js (30)
[0423/091942:INFO:CONSOLE(30)] "%c2020-04-23T01:19:42.508Z [imlog] INFO: post //report.edu.qq.com/data_report/web_report 200 194ms", source: https://7.url.cn/edu/teacher-client/index_55ad6c21bcd7a078d4f8.js (30)
[0423/091945:INFO:CONSOLE(30)] "%c2020-04-23T01:19:45.608Z [imlog] INFO: POST //pull.ke.qq.com/base_pull?bkn=1119823869&t=0.8361 200 98ms", source: https://7.url.cn/edu/teacher-client/index_55ad6c21bcd7a078d4f8.js (30)
[0423/091954:INFO:CONSOLE(30)] "%c2020-04-23T01:19:54.197Z [imlog] INFO: post //report.edu.qq.com/data_report/web_report 200 181ms", source: https://7.url.cn/edu/teacher-client/index_55ad6c21bcd7a078d4f8.js (30)
[0423/091955:INFO:CONSOLE(30)] "%c2020-04-23T01:19:55.707Z [imlog] INFO: POST //pull.ke.qq.com/base_pull?bkn=1119823869&t=0.6116 200 96ms", source: https://7.url.cn/edu/teacher-client/index_55ad6c21bcd7a078d4f8.js (30)
[0423/091957:INFO:CONSOLE(30)] "%c2020-04-23T01:19:57.485Z [imlog] INFO: post //report.edu.qq.com/data_report/web_report 200 89ms", source: https://7.url.cn/edu/teacher-client/index_55ad6c21bcd7a078d4f8.js (30)
[0423/092005:INFO:CONSOLE(30)] "%c2020-04-23T01:20:05.808Z [imlog] INFO: POST //pull.ke.qq.com/base_pull?bkn=1119823869&t=0.3218 200 96ms", source: https://7.url.cn/edu/teacher-client/index_55ad6c21bcd7a078d4f8.js (30)
[0423/092015:INFO:CONSOLE(30)] "%c2020-04-23T01:20:15.906Z [imlog] INFO: POST //pull.ke.qq.com/base_pull?bkn=1119823869&t=0.5136 200 95ms", source: https://7.url.cn/edu/teacher-client/index_55ad6c21bcd7a078d4f8.js (30)
[0423/092021:INFO:CONSOLE(30)] "%c2020-04-23T01:20:21.170Z [imlog] INFO: post //report.edu.qq.com/data_report/web_report 200 183ms", source: https://7.url.cn/edu/teacher-client/index_55ad6c21bcd7a078d4f8.js (30)
[0423/092026:INFO:CONSOLE(30)] "%c2020-04-23T01:20:26.009Z [imlog] INFO: POST //pull.ke.qq.com/base_pull?bkn=1119823869&t=0.7461 200 102ms", source: https://7.url.cn/edu/teacher-client/index_55ad6c21bcd7a078d4f8.js (30)
[0423/092036:INFO:CONSOLE(30)] "%c2020-04-23T01:20:36.110Z [imlog] INFO: POST //pull.ke.qq.com/base_pull?bkn=1119823869&t=0.9775 200 99ms", source: https://7.url.cn/edu/teacher-client/index_55ad6c21bcd7a078d4f8.js (30)
[0423/092046:INFO:CONSOLE(30)] "%c2020-04-23T01:20:46.213Z [imlog] INFO: POST //pull.ke.qq.com/base_pull?bkn=1119823869&t=0.5317 200 101ms", source: https://7.url.cn/edu/teacher-client/index_55ad6c21bcd7a078d4f8.js (30)
[0423/092049:INFO:CONSOLE(30)] "%c2020-04-23T01:20:49.239Z [imlog] INFO: post //report.edu.qq.com/data_report/web_report 200 195ms", source: https://7.url.cn/edu/teacher-client/index_55ad6c21bcd7a078d4f8.js (30)
[0423/092050:INFO:CONSOLE(30)] "%c2020-04-23T01:20:50.333Z [imlog] INFO: post //report.edu.qq.com/data_report/web_report 200 96ms", source: https://7.url.cn/edu/teacher-client/index_55ad6c21bcd7a078d4f8.js (30)
[0423/092056:INFO:CONSOLE(30)] "%c2020-04-23T01:20:56.316Z [imlog] INFO: POST //pull.ke.qq.com/base_pull?bkn=1119823869&t=0.3183 200 101ms", source: https://7.url.cn/edu/teacher-client/index_55ad6c21bcd7a078d4f8.js (30)
[0423/092106:INFO:CONSOLE(30)] "%c2020-04-23T01:21:06.418Z [imlog] INFO: POST //pull.ke.qq.com/base_pull?bkn=1119823869&t=0.5620 200 97ms", source: https://7.url.cn/edu/teacher-client/index_55ad6c21bcd7a078d4f8.js (30)
[0423/092107:INFO:CONSOLE(30)] "%c2020-04-23T01:21:07.354Z [imlog] INFO: post //report.edu.qq.com/data_report/web_report 200 217ms", source: https://7.url.cn/edu/teacher-client/index_55ad6c21bcd7a078d4f8.js (30)
[0423/092121:INFO:CONSOLE(30)] "%c2020-04-23T01:21:21.528Z [imlog] INFO: POST //pull.ke.qq.com/base_pull?bkn=1119823869&t=0.5560 200 5106ms", source: https://7.url.cn/edu/teacher-client/index_55ad6c21bcd7a078d4f8.js (30)
[0423/092140:INFO:CONSOLE(30)] "%c2020-04-23T01:21:40.354Z [imlog] INFO: POST //pull.ke.qq.com/base_pull?bkn=1119823869&t=0.1662 200 8823ms", source: https://7.url.cn/edu/teacher-client/index_55ad6c21bcd7a078d4f8.js (30)
[0423/092159:INFO:CONSOLE(30)] "%c2020-04-23T01:21:59.353Z [imlog] INFO: POST //pull.ke.qq.com/base_pull?bkn=1119823869&t=0.8159 200 8956ms", source: https://7.url.cn/edu/teacher-client/index_55ad6c21bcd7a078d4f8.js (30)
[0423/092202:INFO:CONSOLE(30)] "%c2020-04-23T01:22:02.573Z [imlog] INFO: post //report.edu.qq.com/data_report/web_report 200 15625ms", source: https://7.url.cn/edu/teacher-client/index_55ad6c21bcd7a078d4f8.js (30)
[0423/092207:INFO:CONSOLE(30)] "%c2020-04-23T01:22:07.334Z [imlog] INFO: post //report.edu.qq.com/data_report/web_report 200 15033ms", source: https://7.url.cn/edu/teacher-client/index_55ad6c21bcd7a078d4f8.js (30)
[0423/092209:INFO:CONSOLE(30)] "%c2020-04-23T01:22:09.061Z [imlog] INFO: post //report.edu.qq.com/data_report/web_report 200 15197ms", source: https://7.url.cn/edu/teacher-client/index_55ad6c21bcd7a078d4f8.js (30)
[0423/092211:INFO:CONSOLE(30)] "%c2020-04-23T01:22:11.581Z [imlog] INFO: post //report.edu.qq.com/data_report/web_report 200 7394ms", source: https://7.url.cn/edu/teacher-client/index_55ad6c21bcd7a078d4f8.js (30)
[0423/092214:INFO:CONSOLE(30)] "%c2020-04-23T01:22:14.605Z [imlog] INFO: POST //pull.ke.qq.com/base_pull?bkn=1119823869&t=0.1133 200 5248ms", source: https://7.url.cn/edu/teacher-client/index_55ad6c21bcd7a078d4f8.js (30)
[0423/092231:INFO:CONSOLE(30)] "%c2020-04-23T01:22:31.805Z [impush-client] ERROR: push room_seq 丢失", source: https://7.url.cn/edu/teacher-client/index_55ad6c21bcd7a078d4f8.js (30)
[0423/092245:INFO:CONSOLE(30)] "%c2020-04-23T01:22:45.642Z [impush-client] ERROR: BASE_PULL接口失败", source: https://7.url.cn/edu/teacher-client/index_55ad6c21bcd7a078d4f8.js (30)
[0423/092247:INFO:CONSOLE(30)] "%c2020-04-23T01:22:47.182Z [imlog] INFO: post //report.edu.qq.com/data_report/web_report 200 24854ms", source: https://7.url.cn/edu/teacher-client/index_55ad6c21bcd7a078d4f8.js (30)
[0423/092247:INFO:CONSOLE(30)] "%c2020-04-23T01:22:47.609Z [imlog] INFO: post //report.edu.qq.com/data_report/web_report 200 14923ms", source: https://7.url.cn/edu/teacher-client/index_55ad6c21bcd7a078d4f8.js (30)
[0423/092258:INFO:CONSOLE(30)] "%c2020-04-23T01:22:58.134Z [imlog] INFO: post //report.edu.qq.com/data_report/web_report 200 29484ms", source: https://7.url.cn/edu/teacher-client/index_55ad6c21bcd7a078d4f8.js (30)
[0423/092303:INFO:CONSOLE(30)] "%c2020-04-23T01:23:03.654Z [imlog] INFO: post //report.edu.qq.com/data_report/web_report 200 26363ms", source: https://7.url.cn/edu/teacher-client/index_55ad6c21bcd7a078d4f8.js (30)
[0423/092307:INFO:CONSOLE(30)] "%c2020-04-23T01:23:07.677Z [imlog] INFO: post //report.edu.qq.com/data_report/web_report 200 7991ms", source: https://7.url.cn/edu/teacher-client/index_55ad6c21bcd7a078d4f8.js (30)
[0423/092315:INFO:CONSOLE(30)] "%c2020-04-23T01:23:15.618Z [imlog] INFO: POST //pull.ke.qq.com/base_pull?bkn=1119823869&t=0.3111 200 17970ms", source: https://7.url.cn/edu/teacher-client/index_55ad6c21bcd7a078d4f8.js (30)
[0423/092332:INFO:CONSOLE(30)] "%c2020-04-23T01:23:32.966Z [imlog] INFO: POST //pull.ke.qq.com/base_pull?bkn=1119823869&t=0.6941 200 7342ms", source: https://7.url.cn/edu/teacher-client/index_55ad6c21bcd7a078d4f8.js (30)
[0423/092342:INFO:CONSOLE(30)] "%c2020-04-23T01:23:42.452Z [imlog] INFO: post //report.edu.qq.com/data_report/web_report 200 11284ms", source: https://7.url.cn/edu/teacher-client/index_55ad6c21bcd7a078d4f8.js (30)
[0423/092342:INFO:CONSOLE(30)] "%c2020-04-23T01:23:42.660Z [imlog] INFO: post //report.edu.qq.com/data_report/web_report 200 3792ms", source: https://7.url.cn/edu/teacher-client/index_55ad6c21bcd7a078d4f8.js (30)
[0423/092346:INFO:CONSOLE(30)] "%c2020-04-23T01:23:46.817Z [imlog] INFO: POST //pull.ke.qq.com/base_pull?bkn=1119823869&t=0.4746 200 3848ms", source: https://7.url.cn/edu/teacher-client/index_55ad6c21bcd7a078d4f8.js (30)
[0423/092402:INFO:CONSOLE(30)] "%c2020-04-23T01:24:02.205Z [imlog] INFO: post //report.edu.qq.com/data_report/web_report 200 14394ms", source: https://7.url.cn/edu/teacher-client/index_55ad6c21bcd7a078d4f8.js (30)
[0423/092404:INFO:CONSOLE(30)] "%c2020-04-23T01:24:04.250Z [imlog] INFO: POST //pull.ke.qq.com/base_pull?bkn=1119823869&t=0.0940 200 7430ms", source: https://7.url.cn/edu/teacher-client/index_55ad6c21bcd7a078d4f8.js (30)
[0423/092423:INFO:CONSOLE(30)] "%c2020-04-23T01:24:23.470Z [imlog] INFO: POST //pull.ke.qq.com/base_pull?bkn=1119823869&t=0.3296 200 9220ms", source: https://7.url.cn/edu/teacher-client/index_55ad6c21bcd7a078d4f8.js (30)
[0423/092434:INFO:CONSOLE(30)] "%c2020-04-23T01:24:34.601Z [imlog] INFO: post //report.edu.qq.com/data_report/web_report 200 9312ms", source: https://7.url.cn/edu/teacher-client/index_55ad6c21bcd7a078d4f8.js (30)
[0423/092434:INFO:CONSOLE(30)] "%c2020-04-23T01:24:34.992Z [imlog] INFO: post //report.edu.qq.com/data_report/web_report 200 4857ms", source: https://7.url.cn/edu/teacher-client/index_55ad6c21bcd7a078d4f8.js (30)
[0423/092436:INFO:CONSOLE(30)] "%c2020-04-23T01:24:36.044Z [imlog] INFO: POST //pull.ke.qq.com/base_pull?bkn=1119823869&t=0.2946 200 2570ms", source: https://7.url.cn/edu/teacher-client/index_55ad6c21bcd7a078d4f8.js (30)
[0423/092439:INFO:CONSOLE(30)] "%c2020-04-23T01:24:39.098Z [imlog] INFO: post //report.edu.qq.com/data_report/web_report 200 6246ms", source: https://7.url.cn/edu/teacher-client/index_55ad6c21bcd7a078d4f8.js (30)
[0423/092449:INFO:CONSOLE(30)] "%c2020-04-23T01:24:49.506Z [imlog] INFO: POST //pull.ke.qq.com/base_pull?bkn=1119823869&t=0.4636 200 3460ms", source: https://7.url.cn/edu/teacher-client/index_55ad6c21bcd7a078d4f8.js (30)
[0423/092504:INFO:CONSOLE(30)] "%c2020-04-23T01:25:04.225Z [imlog] INFO: POST //pull.ke.qq.com/base_pull?bkn=1119823869&t=0.7354 200 4717ms", source: https://7.url.cn/edu/teacher-client/index_55ad6c21bcd7a078d4f8.js (30)
[0423/092517:INFO:CONSOLE(30)] "%c2020-04-23T01:25:17.473Z [imlog] INFO: POST //pull.ke.qq.com/base_pull?bkn=1119823869&t=0.8891 200 3245ms", source: https://7.url.cn/edu/teacher-client/index_55ad6c21bcd7a078d4f8.js (30)
[0423/092526:INFO:CONSOLE(30)] "%c2020-04-23T01:25:26.399Z [imlog] INFO: post //report.edu.qq.com/data_report/web_report 200 7774ms", source: https://7.url.cn/edu/teacher-client/index_55ad6c21bcd7a078d4f8.js (30)
[0423/092533:INFO:CONSOLE(30)] "%c2020-04-23T01:25:33.559Z [imlog] INFO: POST //pull.ke.qq.com/base_pull?bkn=1119823869&t=0.0258 200 6085ms", source: https://7.url.cn/edu/teacher-client/index_55ad6c21bcd7a078d4f8.js (30)
[0423/092547:INFO:CONSOLE(30)] "%c2020-04-23T01:25:47.360Z [imlog] INFO: POST //pull.ke.qq.com/base_pull?bkn=1119823869&t=0.0333 200 3797ms", source: https://7.url.cn/edu/teacher-client/index_55ad6c21bcd7a078d4f8.js (30)
[0423/092601:INFO:CONSOLE(30)] "%c2020-04-23T01:26:01.664Z [imlog] INFO: POST //pull.ke.qq.com/base_pull?bkn=1119823869&t=0.2359 200 4298ms", source: https://7.url.cn/edu/teacher-client/index_55ad6c21bcd7a078d4f8.js (30)
[0423/092613:INFO:CONSOLE(30)] "%c2020-04-23T01:26:13.067Z [imlog] INFO: POST //pull.ke.qq.com/base_pull?bkn=1119823869&t=0.8176 200 1398ms", source: https://7.url.cn/edu/teacher-client/index_55ad6c21bcd7a078d4f8.js (30)
[0423/092617:INFO:CONSOLE(30)] "%c2020-04-23T01:26:17.441Z [imlog] INFO: post //report.edu.qq.com/data_report/web_report 200 5735ms", source: https://7.url.cn/edu/teacher-client/index_55ad6c21bcd7a078d4f8.js (30)
[0423/092627:INFO:CONSOLE(30)] "%c2020-04-23T01:26:27.376Z [imlog] INFO: POST //pull.ke.qq.com/base_pull?bkn=1119823869&t=0.4052 200 4305ms", source: https://7.url.cn/edu/teacher-client/index_55ad6c21bcd7a078d4f8.js (30)
[0423/092641:INFO:CONSOLE(30)] "%c2020-04-23T01:26:41.723Z [imlog] INFO: POST //pull.ke.qq.com/base_pull?bkn=1119823869&t=0.3035 200 4346ms", source: https://7.url.cn/edu/teacher-client/index_55ad6c21bcd7a078d4f8.js (30)
[0423/092657:INFO:CONSOLE(30)] "%c2020-04-23T01:26:57.670Z [imlog] INFO: POST //pull.ke.qq.com/base_pull?bkn=1119823869&t=0.0238 200 5941ms", source: https://7.url.cn/edu/teacher-client/index_55ad6c21bcd7a078d4f8.js (30)
[0423/092658:INFO:CONSOLE(30)] "%c2020-04-23T01:26:58.701Z [imlog] INFO: post //report.edu.qq.com/data_report/web_report 200 10702ms", source: https://7.url.cn/edu/teacher-client/index_55ad6c21bcd7a078d4f8.js (30)
[0423/092702:INFO:CONSOLE(30)] "%c2020-04-23T01:27:02.131Z [imlog] INFO: post //report.edu.qq.com/data_report/web_report 200 9235ms", source: https://7.url.cn/edu/teacher-client/index_55ad6c21bcd7a078d4f8.js (30)
[0423/092706:INFO:CONSOLE(30)] "%c2020-04-23T01:27:06.250Z [imlog] INFO: post //report.edu.qq.com/data_report/web_report 200 3677ms", source: https://7.url.cn/edu/teacher-client/index_55ad6c21bcd7a078d4f8.js (30)
[0423/092711:INFO:CONSOLE(30)] "%c2020-04-23T01:27:11.326Z [imlog] INFO: POST //pull.ke.qq.com/base_pull?bkn=1119823869&t=0.5742 200 3651ms", source: https://7.url.cn/edu/teacher-client/index_55ad6c21bcd7a078d4f8.js (30)
[0423/092725:INFO:CONSOLE(30)] "%c2020-04-23T01:27:25.207Z [imlog] INFO: POST //pull.ke.qq.com/base_pull?bkn=1119823869&t=0.3321 200 3875ms", source: https://7.url.cn/edu/teacher-client/index_55ad6c21bcd7a078d4f8.js (30)
[0423/092739:INFO:CONSOLE(30)] "%c2020-04-23T01:27:39.094Z [imlog] INFO: POST //pull.ke.qq.com/base_pull?bkn=1119823869&t=0.4925 200 3884ms", source: https://7.url.cn/edu/teacher-client/index_55ad6c21bcd7a078d4f8.js (30)
[0423/092752:INFO:CONSOLE(30)] "%c2020-04-23T01:27:52.921Z [imlog] INFO: POST //pull.ke.qq.com/base_pull?bkn=1119823869&t=0.5856 200 3823ms", source: https://7.url.cn/edu/teacher-client/index_55ad6c21bcd7a078d4f8.js (30)
[0423/092810:INFO:CONSOLE(30)] "%c2020-04-23T01:28:10.696Z [imlog] INFO: POST //pull.ke.qq.com/base_pull?bkn=1119823869&t=0.8372 200 7772ms", source: https://7.url.cn/edu/teacher-client/index_55ad6c21bcd7a078d4f8.js (30)
[0423/092824:INFO:CONSOLE(30)] "%c2020-04-23T01:28:24.720Z [imlog] INFO: POST //pull.ke.qq.com/base_pull?bkn=1119823869&t=0.8109 200 4020ms", source: https://7.url.cn/edu/teacher-client/index_55ad6c21bcd7a078d4f8.js (30)
[0423/092840:INFO:CONSOLE(30)] "%c2020-04-23T01:28:40.458Z [imlog] INFO: POST //pull.ke.qq.com/base_pull?bkn=1119823869&t=0.6801 200 5737ms", source: https://7.url.cn/edu/teacher-client/index_55ad6c21bcd7a078d4f8.js (30)
[0423/092854:INFO:CONSOLE(30)] "%c2020-04-23T01:28:54.183Z [imlog] INFO: POST //pull.ke.qq.com/base_pull?bkn=1119823869&t=0.3273 200 3722ms", source: https://7.url.cn/edu/teacher-client/index_55ad6c21bcd7a078d4f8.js (30)
[0423/092908:INFO:CONSOLE(30)] "%c2020-04-23T01:29:08.231Z [imlog] INFO: POST //pull.ke.qq.com/base_pull?bkn=1119823869&t=0.2192 200 4043ms", source: https://7.url.cn/edu/teacher-client/index_55ad6c21bcd7a078d4f8.js (30)
[0423/092919:INFO:CONSOLE(30)] "%c2020-04-23T01:29:19.010Z [imlog] INFO: POST //pull.ke.qq.com/base_pull?bkn=1119823869&t=0.0603 200 776ms", source: https://7.url.cn/edu/teacher-client/index_55ad6c21bcd7a078d4f8.js (30)
[0423/092932:INFO:CONSOLE(30)] "%c2020-04-23T01:29:32.784Z [imlog] INFO: POST //pull.ke.qq.com/base_pull?bkn=1119823869&t=0.6357 200 3770ms", source: https://7.url.cn/edu/teacher-client/index_55ad6c21bcd7a078d4f8.js (30)
[0423/092946:INFO:CONSOLE(30)] "%c2020-04-23T01:29:46.102Z [imlog] INFO: post //report.edu.qq.com/data_report/web_report 200 7328ms", source: https://7.url.cn/edu/teacher-client/index_55ad6c21bcd7a078d4f8.js (30)
[0423/092946:INFO:CONSOLE(30)] "%c2020-04-23T01:29:46.762Z [imlog] INFO: POST //pull.ke.qq.com/base_pull?bkn=1119823869&t=0.9612 200 3974ms", source: https://7.url.cn/edu/teacher-client/index_55ad6c21bcd7a078d4f8.js (30)
[0423/093000:INFO:CONSOLE(30)] "%c2020-04-23T01:30:00.698Z [imlog] INFO: POST //pull.ke.qq.com/base_pull?bkn=1119823869&t=0.6735 200 3933ms", source: https://7.url.cn/edu/teacher-client/index_55ad6c21bcd7a078d4f8.js (30)
[0423/093015:INFO:CONSOLE(30)] "%c2020-04-23T01:30:15.898Z [imlog] INFO: POST //pull.ke.qq.com/base_pull?bkn=1119823869&t=0.6189 200 5197ms", source: https://7.url.cn/edu/teacher-client/index_55ad6c21bcd7a078d4f8.js (30)
[0423/093032:INFO:CONSOLE(30)] "%c2020-04-23T01:30:32.639Z [imlog] INFO: POST //pull.ke.qq.com/base_pull?bkn=1119823869&t=0.9935 200 6737ms", source: https://7.url.cn/edu/teacher-client/index_55ad6c21bcd7a078d4f8.js (30)
[0423/093042:INFO:CONSOLE(30)] "%c2020-04-23T01:30:42.231Z [imlog] INFO: post //report.edu.qq.com/data_report/web_report 200 15086ms", source: https://7.url.cn/edu/teacher-client/index_55ad6c21bcd7a078d4f8.js (30)
[0423/093043:INFO:CONSOLE(30)] "%c2020-04-23T01:30:43.876Z [imlog] INFO: post //report.edu.qq.com/data_report/web_report 200 7153ms", source: https://7.url.cn/edu/teacher-client/index_55ad6c21bcd7a078d4f8.js (30)
[0423/093048:INFO:CONSOLE(30)] "%c2020-04-23T01:30:48.159Z [imlog] INFO: post //report.edu.qq.com/data_report/web_report 200 16055ms", source: https://7.url.cn/edu/teacher-client/index_55ad6c21bcd7a078d4f8.js (30)
[0423/093049:INFO:CONSOLE(30)] "%c2020-04-23T01:30:49.202Z [imlog] INFO: post //report.edu.qq.com/data_report/web_report 200 15246ms", source: https://7.url.cn/edu/teacher-client/index_55ad6c21bcd7a078d4f8.js (30)
[0423/093051:INFO:CONSOLE(30)] "%c2020-04-23T01:30:51.099Z [imlog] INFO: POST //pull.ke.qq.com/base_pull?bkn=1119823869&t=0.2511 200 8455ms", source: https://7.url.cn/edu/teacher-client/index_55ad6c21bcd7a078d4f8.js (30)
[0423/093053:INFO:CONSOLE(30)] "%c2020-04-23T01:30:53.601Z [imlog] INFO: post //report.edu.qq.com/data_report/web_report 200 8555ms", source: https://7.url.cn/edu/teacher-client/index_55ad6c21bcd7a078d4f8.js (30)
[0423/093109:INFO:CONSOLE(30)] "%c2020-04-23T01:31:09.560Z [imlog] INFO: POST //pull.ke.qq.com/base_pull?bkn=1119823869&t=0.3677 200 8457ms", source: https://7.url.cn/edu/teacher-client/index_55ad6c21bcd7a078d4f8.js (30)
[0423/093125:INFO:CONSOLE(30)] "%c2020-04-23T01:31:25.963Z [imlog] INFO: POST //pull.ke.qq.com/base_pull?bkn=1119823869&t=0.5960 200 6402ms", source: https://7.url.cn/edu/teacher-client/index_55ad6c21bcd7a078d4f8.js (30)
[0423/093126:INFO:CONSOLE(30)] "%c2020-04-23T01:31:26.735Z [imlog] INFO: post //report.edu.qq.com/data_report/web_report 200 11240ms", source: https://7.url.cn/edu/teacher-client/index_55ad6c21bcd7a078d4f8.js (30)
[0423/093130:INFO:CONSOLE(30)] "%c2020-04-23T01:31:30.684Z [impush-client] ERROR: push room_seq 丢失", source: https://7.url.cn/edu/teacher-client/index_55ad6c21bcd7a078d4f8.js (30)
[0423/093130:INFO:CONSOLE(30)] "%c2020-04-23T01:31:30.881Z [imlog] INFO: post //report.edu.qq.com/data_report/web_report 200 10837ms", source: https://7.url.cn/edu/teacher-client/index_55ad6c21bcd7a078d4f8.js (30)
[0423/093140:INFO:CONSOLE(30)] "%c2020-04-23T01:31:40.483Z [imlog] INFO: POST //pull.ke.qq.com/base_pull?bkn=1119823869&t=0.4764 200 4518ms", source: https://7.url.cn/edu/teacher-client/index_55ad6c21bcd7a078d4f8.js (30)
[0423/093140:INFO:CONSOLE(30)] "%c2020-04-23T01:31:40.566Z [imlog] INFO: post //report.edu.qq.com/data_report/web_report 200 8995ms", source: https://7.url.cn/edu/teacher-client/index_55ad6c21bcd7a078d4f8.js (30)
[0423/093145:INFO:CONSOLE(30)] "%c2020-04-23T01:31:45.854Z [imlog] INFO: post //report.edu.qq.com/data_report/web_report 200 10514ms", source: https://7.url.cn/edu/teacher-client/index_55ad6c21bcd7a078d4f8.js (30)
[0423/093157:INFO:CONSOLE(30)] "%c2020-04-23T01:31:57.000Z [imlog] INFO: POST //pull.ke.qq.com/base_pull?bkn=1119823869&t=0.1236 200 6514ms", source: https://7.url.cn/edu/teacher-client/index_55ad6c21bcd7a078d4f8.js (30)
[0423/093206:INFO:CONSOLE(30)] "%c2020-04-23T01:32:06.182Z [imlog] INFO: post //report.edu.qq.com/data_report/web_report 200 12227ms", source: https://7.url.cn/edu/teacher-client/index_55ad6c21bcd7a078d4f8.js (30)
[0423/093208:INFO:CONSOLE(30)] "%c2020-04-23T01:32:08.853Z [imlog] INFO: post //report.edu.qq.com/data_report/web_report 200 9066ms", source: https://7.url.cn/edu/teacher-client/index_55ad6c21bcd7a078d4f8.js (30)
[0423/093211:INFO:CONSOLE(30)] "%c2020-04-23T01:32:11.355Z [imlog] INFO: POST //pull.ke.qq.com/base_pull?bkn=1119823869&t=0.4237 200 4350ms", source: https://7.url.cn/edu/teacher-client/index_55ad6c21bcd7a078d4f8.js (30)
[0423/093225:INFO:CONSOLE(30)] "%c2020-04-23T01:32:25.870Z [imlog] INFO: POST //pull.ke.qq.com/base_pull?bkn=1119823869&t=0.5569 200 4512ms", source: https://7.url.cn/edu/teacher-client/index_55ad6c21bcd7a078d4f8.js (30)
[0423/093234:INFO:CONSOLE(30)] "%c2020-04-23T01:32:34.906Z [imlog] INFO: post //report.edu.qq.com/data_report/web_report 200 7795ms", source: https://7.url.cn/edu/teacher-client/index_55ad6c21bcd7a078d4f8.js (30)
[0423/093240:INFO:CONSOLE(30)] "%c2020-04-23T01:32:40.239Z [imlog] INFO: POST //pull.ke.qq.com/base_pull?bkn=1119823869&t=0.6766 200 4365ms", source: https://7.url.cn/edu/teacher-client/index_55ad6c21bcd7a078d4f8.js (30)
[0423/093254:INFO:CONSOLE(30)] "%c2020-04-23T01:32:54.879Z [imlog] INFO: POST //pull.ke.qq.com/base_pull?bkn=1119823869&t=0.1414 200 4637ms", source: https://7.url.cn/edu/teacher-client/index_55ad6c21bcd7a078d4f8.js (30)
[0423/093309:INFO:CONSOLE(30)] "%c2020-04-23T01:33:09.284Z [imlog] INFO: POST //pull.ke.qq.com/base_pull?bkn=1119823869&t=0.4477 200 4400ms", source: https://7.url.cn/edu/teacher-client/index_55ad6c21bcd7a078d4f8.js (30)
[0423/093310:INFO:CONSOLE(30)] "%c2020-04-23T01:33:10.971Z [imlog] INFO: post //report.edu.qq.com/data_report/web_report 200 8338ms", source: https://7.url.cn/edu/teacher-client/index_55ad6c21bcd7a078d4f8.js (30)
[0423/093315:INFO:CONSOLE(30)] "%c2020-04-23T01:33:15.185Z [imlog] INFO: post //report.edu.qq.com/data_report/web_report 200 4028ms", source: https://7.url.cn/edu/teacher-client/index_55ad6c21bcd7a078d4f8.js (30)
[0423/093324:INFO:CONSOLE(30)] "%c2020-04-23T01:33:24.089Z [imlog] INFO: POST //pull.ke.qq.com/base_pull?bkn=1119823869&t=0.4479 200 4802ms", source: https://7.url.cn/edu/teacher-client/index_55ad6c21bcd7a078d4f8.js (30)
[0423/093324:INFO:CONSOLE(30)] "%c2020-04-23T01:33:24.295Z [imlog] INFO: post //report.edu.qq.com/data_report/web_report 200 9058ms", source: https://7.url.cn/edu/teacher-client/index_55ad6c21bcd7a078d4f8.js (30)
[0423/093334:INFO:CONSOLE(30)] "%c2020-04-23T01:33:34.201Z [imlog] INFO: POST //pull.ke.qq.com/base_pull?bkn=1119823869&t=0.1697 200 109ms", source: https://7.url.cn/edu/teacher-client/index_55ad6c21bcd7a078d4f8.js (30)
[0423/093344:INFO:CONSOLE(30)] "%c2020-04-23T01:33:44.394Z [imlog] INFO: POST //pull.ke.qq.com/base_pull?bkn=1119823869&t=0.7985 200 190ms", source: https://7.url.cn/edu/teacher-client/index_55ad6c21bcd7a078d4f8.js (30)
[0423/093354:INFO:CONSOLE(30)] "%c2020-04-23T01:33:54.506Z [imlog] INFO: POST //pull.ke.qq.com/base_pull?bkn=1119823869&t=0.6771 200 110ms", source: https://7.url.cn/edu/teacher-client/index_55ad6c21bcd7a078d4f8.js (30)
[0423/093355:INFO:CONSOLE(30)] "%c2020-04-23T01:33:55.240Z [imlog] INFO: post //report.edu.qq.com/data_report/web_report 200 204ms", source: https://7.url.cn/edu/teacher-client/index_55ad6c21bcd7a078d4f8.js (30)
[0423/093404:INFO:CONSOLE(30)] "%c2020-04-23T01:34:04.624Z [imlog] INFO: POST //pull.ke.qq.com/base_pull?bkn=1119823869&t=0.6844 200 113ms", source: https://7.url.cn/edu/teacher-client/index_55ad6c21bcd7a078d4f8.js (30)
[0423/093413:INFO:CONSOLE(30)] "%c2020-04-23T01:34:13.665Z [imlog] INFO: post //report.edu.qq.com/data_report/web_report 200 344ms", source: https://7.url.cn/edu/teacher-client/index_55ad6c21bcd7a078d4f8.js (30)
[0423/093414:INFO:CONSOLE(30)] "%c2020-04-23T01:34:14.783Z [imlog] INFO: POST //pull.ke.qq.com/base_pull?bkn=1119823869&t=0.7057 200 154ms", source: https://7.url.cn/edu/teacher-client/index_55ad6c21bcd7a078d4f8.js (30)
[0423/093424:INFO:CONSOLE(30)] "%c2020-04-23T01:34:24.908Z [imlog] INFO: POST //pull.ke.qq.com/base_pull?bkn=1119823869&t=0.8411 200 122ms", source: https://7.url.cn/edu/teacher-client/index_55ad6c21bcd7a078d4f8.js (30)
[0423/093426:INFO:CONSOLE(30)] "%c2020-04-23T01:34:26.827Z [imlog] INFO: post //report.edu.qq.com/data_report/web_report 200 551ms", source: https://7.url.cn/edu/teacher-client/index_55ad6c21bcd7a078d4f8.js (30)
[0423/093435:INFO:CONSOLE(30)] "%c2020-04-23T01:34:35.064Z [imlog] INFO: POST //pull.ke.qq.com/base_pull?bkn=1119823869&t=0.0283 200 150ms", source: https://7.url.cn/edu/teacher-client/index_55ad6c21bcd7a078d4f8.js (30)
[0423/093445:INFO:CONSOLE(30)] "%c2020-04-23T01:34:45.194Z [imlog] INFO: POST //pull.ke.qq.com/base_pull?bkn=1119823869&t=0.9830 200 129ms", source: https://7.url.cn/edu/teacher-client/index_55ad6c21bcd7a078d4f8.js (30)
[0423/093455:INFO:CONSOLE(30)] "%c2020-04-23T01:34:55.308Z [imlog] INFO: POST //pull.ke.qq.com/base_pull?bkn=1119823869&t=0.0390 200 110ms", source: https://7.url.cn/edu/teacher-client/index_55ad6c21bcd7a078d4f8.js (30)
[0423/093505:INFO:CONSOLE(30)] "%c2020-04-23T01:35:05.469Z [imlog] INFO: POST //pull.ke.qq.com/base_pull?bkn=1119823869&t=0.0551 200 157ms", source: https://7.url.cn/edu/teacher-client/index_55ad6c21bcd7a078d4f8.js (30)
[0423/093515:INFO:CONSOLE(30)] "%c2020-04-23T01:35:15.698Z [imlog] INFO: POST //pull.ke.qq.com/base_pull?bkn=1119823869&t=0.7182 200 225ms", source: https://7.url.cn/edu/teacher-client/index_55ad6c21bcd7a078d4f8.js (30)
[0423/093518:INFO:CONSOLE(30)] "%c2020-04-23T01:35:18.673Z [imlog] INFO: post //report.edu.qq.com/data_report/web_report 200 388ms", source: https://7.url.cn/edu/teacher-client/index_55ad6c21bcd7a078d4f8.js (30)
[0423/093525:INFO:CONSOLE(30)] "%c2020-04-23T01:35:25.845Z [imlog] INFO: POST //pull.ke.qq.com/base_pull?bkn=1119823869&t=0.5675 200 144ms", source: https://7.url.cn/edu/teacher-client/index_55ad6c21bcd7a078d4f8.js (30)
[0423/093535:INFO:CONSOLE(30)] "%c2020-04-23T01:35:35.955Z [imlog] INFO: POST //pull.ke.qq.com/base_pull?bkn=1119823869&t=0.7237 200 108ms", source: https://7.url.cn/edu/teacher-client/index_55ad6c21bcd7a078d4f8.js (30)
[0423/093546:INFO:CONSOLE(30)] "%c2020-04-23T01:35:46.111Z [imlog] INFO: POST //pull.ke.qq.com/base_pull?bkn=1119823869&t=0.2127 200 154ms", source: https://7.url.cn/edu/teacher-client/index_55ad6c21bcd7a078d4f8.js (30)
[0423/093556:INFO:CONSOLE(30)] "%c2020-04-23T01:35:56.253Z [imlog] INFO: POST //pull.ke.qq.com/base_pull?bkn=1119823869&t=0.7464 200 140ms", source: https://7.url.cn/edu/teacher-client/index_55ad6c21bcd7a078d4f8.js (30)
[0423/093606:INFO:CONSOLE(30)] "%c2020-04-23T01:36:06.628Z [imlog] INFO: POST //pull.ke.qq.com/base_pull?bkn=1119823869&t=0.0837 200 372ms", source: https://7.url.cn/edu/teacher-client/index_55ad6c21bcd7a078d4f8.js (30)
[0423/093607:INFO:CONSOLE(30)] "%c2020-04-23T01:36:07.622Z [imlog] INFO: post //report.edu.qq.com/data_report/web_report 200 255ms", source: https://7.url.cn/edu/teacher-client/index_55ad6c21bcd7a078d4f8.js (30)
[0423/093616:INFO:CONSOLE(30)] "%c2020-04-23T01:36:16.745Z [imlog] INFO: POST //pull.ke.qq.com/base_pull?bkn=1119823869&t=0.5899 200 115ms", source: https://7.url.cn/edu/teacher-client/index_55ad6c21bcd7a078d4f8.js (30)
[0423/093620:INFO:CONSOLE(30)] "%c2020-04-23T01:36:20.150Z [imlog] INFO: post //report.edu.qq.com/data_report/web_report 200 192ms", source: https://7.url.cn/edu/teacher-client/index_55ad6c21bcd7a078d4f8.js (30)
[0423/093624:INFO:CONSOLE(30)] "%c2020-04-23T01:36:24.760Z [imlog] INFO: post //report.edu.qq.com/data_report/web_report 200 90ms", source: https://7.url.cn/edu/teacher-client/index_55ad6c21bcd7a078d4f8.js (30)
[0423/093626:INFO:CONSOLE(30)] "%c2020-04-23T01:36:26.858Z [imlog] INFO: POST //pull.ke.qq.com/base_pull?bkn=1119823869&t=0.9235 200 111ms", source: https://7.url.cn/edu/teacher-client/index_55ad6c21bcd7a078d4f8.js (30)
[0423/093636:INFO:CONSOLE(30)] "%c2020-04-23T01:36:36.970Z [imlog] INFO: POST //pull.ke.qq.com/base_pull?bkn=1119823869&t=0.1116 200 109ms", source: https://7.url.cn/edu/teacher-client/index_55ad6c21bcd7a078d4f8.js (30)
[0423/093646:INFO:CONSOLE(30)] "%c2020-04-23T01:36:46.950Z [imlog] INFO: post //report.edu.qq.com/data_report/web_report 200 196ms", source: https://7.url.cn/edu/teacher-client/index_55ad6c21bcd7a078d4f8.js (30)
[0423/093647:INFO:CONSOLE(30)] "%c2020-04-23T01:36:47.081Z [imlog] INFO: POST //pull.ke.qq.com/base_pull?bkn=1119823869&t=0.0910 200 110ms", source: https://7.url.cn/edu/teacher-client/index_55ad6c21bcd7a078d4f8.js (30)
[0423/093653:INFO:CONSOLE(30)] "%c2020-04-23T01:36:53.688Z [imlog] INFO: post //report.edu.qq.com/data_report/web_report 200 188ms", source: https://7.url.cn/edu/teacher-client/index_55ad6c21bcd7a078d4f8.js (30)
[0423/093657:INFO:CONSOLE(30)] "%c2020-04-23T01:36:57.199Z [imlog] INFO: POST //pull.ke.qq.com/base_pull?bkn=1119823869&t=0.2759 200 116ms", source: https://7.url.cn/edu/teacher-client/index_55ad6c21bcd7a078d4f8.js (30)
[0423/093702:INFO:CONSOLE(30)] "%c2020-04-23T01:37:02.796Z [imlog] INFO: post //report.edu.qq.com/data_report/web_report 200 298ms", source: https://7.url.cn/edu/teacher-client/index_55ad6c21bcd7a078d4f8.js (30)
[0423/093707:INFO:CONSOLE(30)] "%c2020-04-23T01:37:07.313Z [imlog] INFO: POST //pull.ke.qq.com/base_pull?bkn=1119823869&t=0.7125 200 112ms", source: https://7.url.cn/edu/teacher-client/index_55ad6c21bcd7a078d4f8.js (30)
[0423/093708:INFO:CONSOLE(30)] "%c2020-04-23T01:37:08.112Z [impush-client] ERROR: push room_seq 丢失", source: https://7.url.cn/edu/teacher-client/index_55ad6c21bcd7a078d4f8.js (30)
[0423/093709:INFO:CONSOLE(30)] "%c2020-04-23T01:37:09.177Z [imlog] INFO: post //report.edu.qq.com/data_report/web_report 200 203ms", source: https://7.url.cn/edu/teacher-client/index_55ad6c21bcd7a078d4f8.js (30)
[0423/093717:INFO:CONSOLE(30)] "%c2020-04-23T01:37:17.432Z [imlog] INFO: POST //pull.ke.qq.com/base_pull?bkn=1119823869&t=0.4884 200 114ms", source: https://7.url.cn/edu/teacher-client/index_55ad6c21bcd7a078d4f8.js (30)
[0423/093727:INFO:CONSOLE(30)] "%c2020-04-23T01:37:27.543Z [imlog] INFO: POST //pull.ke.qq.com/base_pull?bkn=1119823869&t=0.6522 200 108ms", source: https://7.url.cn/edu/teacher-client/index_55ad6c21bcd7a078d4f8.js (30)
[0423/093733:INFO:CONSOLE(30)] "%c2020-04-23T01:37:33.596Z [imlog] INFO: post //report.edu.qq.com/data_report/web_report 200 207ms", source: https://7.url.cn/edu/teacher-client/index_55ad6c21bcd7a078d4f8.js (30)
[0423/093737:INFO:CONSOLE(30)] "%c2020-04-23T01:37:37.659Z [imlog] INFO: POST //pull.ke.qq.com/base_pull?bkn=1119823869&t=0.6831 200 114ms", source: https://7.url.cn/edu/teacher-client/index_55ad6c21bcd7a078d4f8.js (30)
[0423/093747:INFO:CONSOLE(30)] "%c2020-04-23T01:37:47.773Z [imlog] INFO: POST //pull.ke.qq.com/base_pull?bkn=1119823869&t=0.7943 200 111ms", source: https://7.url.cn/edu/teacher-client/index_55ad6c21bcd7a078d4f8.js (30)
[0423/093753:INFO:CONSOLE(30)] "%c2020-04-23T01:37:53.816Z [imlog] INFO: post //report.edu.qq.com/data_report/web_report 200 453ms", source: https://7.url.cn/edu/teacher-client/index_55ad6c21bcd7a078d4f8.js (30)
[0423/093756:INFO:CONSOLE(30)] "%c2020-04-23T01:37:56.489Z [imlog] INFO: post //report.edu.qq.com/data_report/web_report 200 97ms", source: https://7.url.cn/edu/teacher-client/index_55ad6c21bcd7a078d4f8.js (30)
[0423/093757:INFO:CONSOLE(30)] "%c2020-04-23T01:37:57.888Z [imlog] INFO: POST //pull.ke.qq.com/base_pull?bkn=1119823869&t=0.9876 200 111ms", source: https://7.url.cn/edu/teacher-client/index_55ad6c21bcd7a078d4f8.js (30)
[0423/093807:INFO:CONSOLE(30)] "%c2020-04-23T01:38:07.394Z [imlog] INFO: post //report.edu.qq.com/data_report/web_report 200 204ms", source: https://7.url.cn/edu/teacher-client/index_55ad6c21bcd7a078d4f8.js (30)
[0423/093808:INFO:CONSOLE(30)] "%c2020-04-23T01:38:08.005Z [imlog] INFO: POST //pull.ke.qq.com/base_pull?bkn=1119823869&t=0.7589 200 113ms", source: https://7.url.cn/edu/teacher-client/index_55ad6c21bcd7a078d4f8.js (30)
[0423/093818:INFO:CONSOLE(30)] "%c2020-04-23T01:38:18.122Z [imlog] INFO: POST //pull.ke.qq.com/base_pull?bkn=1119823869&t=0.9904 200 115ms", source: https://7.url.cn/edu/teacher-client/index_55ad6c21bcd7a078d4f8.js (30)
[0423/093827:INFO:CONSOLE(30)] "%c2020-04-23T01:38:27.283Z [imlog] INFO: post //report.edu.qq.com/data_report/web_report 200 186ms", source: https://7.url.cn/edu/teacher-client/index_55ad6c21bcd7a078d4f8.js (30)
[0423/093828:INFO:CONSOLE(30)] "%c2020-04-23T01:38:28.239Z [imlog] INFO: POST //pull.ke.qq.com/base_pull?bkn=1119823869&t=0.5138 200 113ms", source: https://7.url.cn/edu/teacher-client/index_55ad6c21bcd7a078d4f8.js (30)
[0423/093829:INFO:CONSOLE(30)] "%c2020-04-23T01:38:29.473Z [imlog] INFO: post //report.edu.qq.com/data_report/web_report 200 110ms", source: https://7.url.cn/edu/teacher-client/index_55ad6c21bcd7a078d4f8.js (30)
[0423/093838:INFO:CONSOLE(30)] "%c2020-04-23T01:38:38.353Z [imlog] INFO: POST //pull.ke.qq.com/base_pull?bkn=1119823869&t=0.3854 200 111ms", source: https://7.url.cn/edu/teacher-client/index_55ad6c21bcd7a078d4f8.js (30)
[0423/093848:INFO:CONSOLE(30)] "%c2020-04-23T01:38:48.461Z [imlog] INFO: POST //pull.ke.qq.com/base_pull?bkn=1119823869&t=0.4311 200 106ms", source: https://7.url.cn/edu/teacher-client/index_55ad6c21bcd7a078d4f8.js (30)
[0423/093853:INFO:CONSOLE(30)] "%c2020-04-23T01:38:53.686Z [imlog] INFO: post //report.edu.qq.com/data_report/web_report 200 205ms", source: https://7.url.cn/edu/teacher-client/index_55ad6c21bcd7a078d4f8.js (30)
[0423/093858:INFO:CONSOLE(30)] "%c2020-04-23T01:38:58.570Z [imlog] INFO: POST //pull.ke.qq.com/base_pull?bkn=1119823869&t=0.8817 200 106ms", source: https://7.url.cn/edu/teacher-client/index_55ad6c21bcd7a078d4f8.js (30)
[0423/093908:INFO:CONSOLE(30)] "%c2020-04-23T01:39:08.682Z [imlog] INFO: POST //pull.ke.qq.com/base_pull?bkn=1119823869&t=0.2676 200 109ms", source: https://7.url.cn/edu/teacher-client/index_55ad6c21bcd7a078d4f8.js (30)
[0423/093918:INFO:CONSOLE(30)] "%c2020-04-23T01:39:18.822Z [imlog] INFO: POST //pull.ke.qq.com/base_pull?bkn=1119823869&t=0.9910 200 136ms", source: https://7.url.cn/edu/teacher-client/index_55ad6c21bcd7a078d4f8.js (30)
[0423/093928:INFO:CONSOLE(30)] "%c2020-04-23T01:39:28.933Z [imlog] INFO: POST //pull.ke.qq.com/base_pull?bkn=1119823869&t=0.9552 200 109ms", source: https://7.url.cn/edu/teacher-client/index_55ad6c21bcd7a078d4f8.js (30)
[0423/093939:INFO:CONSOLE(30)] "%c2020-04-23T01:39:39.045Z [imlog] INFO: POST //pull.ke.qq.com/base_pull?bkn=1119823869&t=0.5932 200 109ms", source: https://7.url.cn/edu/teacher-client/index_55ad6c21bcd7a078d4f8.js (30)
[0423/093949:INFO:CONSOLE(30)] "%c2020-04-23T01:39:49.157Z [imlog] INFO: POST //pull.ke.qq.com/base_pull?bkn=1119823869&t=0.5463 200 108ms", source: https://7.url.cn/edu/teacher-client/index_55ad6c21bcd7a078d4f8.js (30)
[0423/093959:INFO:CONSOLE(30)] "%c2020-04-23T01:39:59.276Z [imlog] INFO: POST //pull.ke.qq.com/base_pull?bkn=1119823869&t=0.2805 200 115ms", source: https://7.url.cn/edu/teacher-client/index_55ad6c21bcd7a078d4f8.js (30)
[0423/094009:INFO:CONSOLE(30)] "%c2020-04-23T01:40:09.392Z [imlog] INFO: POST //pull.ke.qq.com/base_pull?bkn=1119823869&t=0.1936 200 112ms", source: https://7.url.cn/edu/teacher-client/index_55ad6c21bcd7a078d4f8.js (30)
[0423/094019:INFO:CONSOLE(30)] "%c2020-04-23T01:40:19.504Z [imlog] INFO: POST //pull.ke.qq.com/base_pull?bkn=1119823869&t=0.1004 200 109ms", source: https://7.url.cn/edu/teacher-client/index_55ad6c21bcd7a078d4f8.js (30)
[0423/094026:INFO:CONSOLE(30)] "%c2020-04-23T01:40:26.453Z [imlog] INFO: post //report.edu.qq.com/data_report/web_report 200 197ms", source: https://7.url.cn/edu/teacher-client/index_55ad6c21bcd7a078d4f8.js (30)
[0423/094029:INFO:CONSOLE(30)] "%c2020-04-23T01:40:29.623Z [imlog] INFO: POST //pull.ke.qq.com/base_pull?bkn=1119823869&t=0.1393 200 115ms", source: https://7.url.cn/edu/teacher-client/index_55ad6c21bcd7a078d4f8.js (30)
[0423/094038:INFO:CONSOLE(30)] "%c2020-04-23T01:40:38.339Z [imlog] INFO: post //report.edu.qq.com/data_report/web_report 200 199ms", source: https://7.url.cn/edu/teacher-client/index_55ad6c21bcd7a078d4f8.js (30)
[0423/094039:INFO:CONSOLE(30)] "%c2020-04-23T01:40:39.737Z [imlog] INFO: POST //pull.ke.qq.com/base_pull?bkn=1119823869&t=0.5591 200 111ms", source: https://7.url.cn/edu/teacher-client/index_55ad6c21bcd7a078d4f8.js (30)
[0423/094045:INFO:CONSOLE(30)] "%c2020-04-23T01:40:45.829Z [imlog] INFO: post //report.edu.qq.com/data_report/web_report 200 186ms", source: https://7.url.cn/edu/teacher-client/index_55ad6c21bcd7a078d4f8.js (30)
[0423/094046:INFO:CONSOLE(30)] "%c2020-04-23T01:40:46.815Z [imlog] INFO: post //report.edu.qq.com/data_report/web_report 200 120ms", source: https://7.url.cn/edu/teacher-client/index_55ad6c21bcd7a078d4f8.js (30)
[0423/094049:INFO:CONSOLE(30)] "%c2020-04-23T01:40:49.849Z [imlog] INFO: POST //pull.ke.qq.com/base_pull?bkn=1119823869&t=0.1791 200 110ms", source: https://7.url.cn/edu/teacher-client/index_55ad6c21bcd7a078d4f8.js (30)
[0423/094059:INFO:CONSOLE(30)] "%c2020-04-23T01:40:59.962Z [imlog] INFO: POST //pull.ke.qq.com/base_pull?bkn=1119823869&t=0.3688 200 110ms", source: https://7.url.cn/edu/teacher-client/index_55ad6c21bcd7a078d4f8.js (30)
[0423/094107:INFO:CONSOLE(30)] "%c2020-04-23T01:41:07.203Z [imlog] INFO: post //report.edu.qq.com/data_report/web_report 200 197ms", source: https://7.url.cn/edu/teacher-client/index_55ad6c21bcd7a078d4f8.js (30)
[0423/094110:INFO:CONSOLE(30)] "%c2020-04-23T01:41:10.075Z [imlog] INFO: POST //pull.ke.qq.com/base_pull?bkn=1119823869&t=0.2271 200 110ms", source: https://7.url.cn/edu/teacher-client/index_55ad6c21bcd7a078d4f8.js (30)
[0423/094120:INFO:CONSOLE(30)] "%c2020-04-23T01:41:20.191Z [imlog] INFO: POST //pull.ke.qq.com/base_pull?bkn=1119823869&t=0.5618 200 113ms", source: https://7.url.cn/edu/teacher-client/index_55ad6c21bcd7a078d4f8.js (30)
[0423/094130:INFO:CONSOLE(30)] "%c2020-04-23T01:41:30.302Z [imlog] INFO: POST //pull.ke.qq.com/base_pull?bkn=1119823869&t=0.4522 200 107ms", source: https://7.url.cn/edu/teacher-client/index_55ad6c21bcd7a078d4f8.js (30)
[0423/094140:INFO:CONSOLE(30)] "%c2020-04-23T01:41:40.414Z [imlog] INFO: POST //pull.ke.qq.com/base_pull?bkn=1119823869&t=0.9051 200 109ms", source: https://7.url.cn/edu/teacher-client/index_55ad6c21bcd7a078d4f8.js (30)
[0423/094150:INFO:CONSOLE(30)] "%c2020-04-23T01:41:50.529Z [imlog] INFO: POST //pull.ke.qq.com/base_pull?bkn=1119823869&t=0.7613 200 112ms", source: https://7.url.cn/edu/teacher-client/index_55ad6c21bcd7a078d4f8.js (30)
[0423/094200:INFO:CONSOLE(30)] "%c2020-04-23T01:42:00.639Z [imlog] INFO: POST //pull.ke.qq.com/base_pull?bkn=1119823869&t=0.3302 200 109ms", source: https://7.url.cn/edu/teacher-client/index_55ad6c21bcd7a078d4f8.js (30)
[0423/094204:INFO:CONSOLE(0)] "XMLHttpRequest cannot load https://report.edu.qq.com/data_report/web_report. No 'Access-Control-Allow-Origin' header is present on the requested resource. Origin 'https://ke.qq.com' is therefore not allowed access. The response had HTTP status code 502.", source: https://ke.qq.com/teacher-client/index.html?cid=1656387&term_id=101756608#usertype=teacher&startTime=1587599761559 (0)
[0423/094204:INFO:CONSOLE(30)] "%c2020-04-23T01:42:04.690Z [imlog] INFO: post //report.edu.qq.com/data_report/web_report 0 90ms", source: https://7.url.cn/edu/teacher-client/index_55ad6c21bcd7a078d4f8.js (30)
[0423/094208:INFO:CONSOLE(0)] "XMLHttpRequest cannot load https://report.edu.qq.com/data_report/web_report. No 'Access-Control-Allow-Origin' header is present on the requested resource. Origin 'https://ke.qq.com' is therefore not allowed access. The response had HTTP status code 504.", source: https://ke.qq.com/teacher-client/index.html?cid=1656387&term_id=101756608#usertype=teacher&startTime=1587599761559 (0)
[0423/094208:INFO:CONSOLE(30)] "%c2020-04-23T01:42:08.401Z [imlog] INFO: post //report.edu.qq.com/data_report/web_report 0 7192ms", source: https://7.url.cn/edu/teacher-client/index_55ad6c21bcd7a078d4f8.js (30)
[0423/094210:INFO:CONSOLE(30)] "%c2020-04-23T01:42:10.750Z [imlog] INFO: POST //pull.ke.qq.com/base_pull?bkn=1119823869&t=0.6898 200 108ms", source: https://7.url.cn/edu/teacher-client/index_55ad6c21bcd7a078d4f8.js (30)
[0423/094220:INFO:CONSOLE(30)] "%c2020-04-23T01:42:20.859Z [imlog] INFO: POST //pull.ke.qq.com/base_pull?bkn=1119823869&t=0.6954 200 108ms", source: https://7.url.cn/edu/teacher-client/index_55ad6c21bcd7a078d4f8.js (30)
[0423/094230:INFO:CONSOLE(30)] "%c2020-04-23T01:42:30.655Z [imlog] INFO: post //report.edu.qq.com/data_report/web_report 200 213ms", source: https://7.url.cn/edu/teacher-client/index_55ad6c21bcd7a078d4f8.js (30)
[0423/094230:INFO:CONSOLE(30)] "%c2020-04-23T01:42:30.974Z [imlog] INFO: POST //pull.ke.qq.com/base_pull?bkn=1119823869&t=0.7014 200 112ms", source: https://7.url.cn/edu/teacher-client/index_55ad6c21bcd7a078d4f8.js (30)
[0423/094241:INFO:CONSOLE(30)] "%c2020-04-23T01:42:41.082Z [imlog] INFO: POST //pull.ke.qq.com/base_pull?bkn=1119823869&t=0.4166 200 107ms", source: https://7.url.cn/edu/teacher-client/index_55ad6c21bcd7a078d4f8.js (30)
[0423/094251:INFO:CONSOLE(30)] "%c2020-04-23T01:42:51.192Z [imlog] INFO: POST //pull.ke.qq.com/base_pull?bkn=1119823869&t=0.5490 200 106ms", source: https://7.url.cn/edu/teacher-client/index_55ad6c21bcd7a078d4f8.js (30)
[0423/094301:INFO:CONSOLE(30)] "%c2020-04-23T01:43:01.307Z [imlog] INFO: POST //pull.ke.qq.com/base_pull?bkn=1119823869&t=0.0013 200 113ms", source: https://7.url.cn/edu/teacher-client/index_55ad6c21bcd7a078d4f8.js (30)
[0423/094305:INFO:CONSOLE(30)] "%c2020-04-23T01:43:05.303Z [imlog] INFO: post //report.edu.qq.com/data_report/web_report 200 201ms", source: https://7.url.cn/edu/teacher-client/index_55ad6c21bcd7a078d4f8.js (30)
[0423/094311:INFO:CONSOLE(30)] "%c2020-04-23T01:43:11.415Z [imlog] INFO: POST //pull.ke.qq.com/base_pull?bkn=1119823869&t=0.4352 200 106ms", source: https://7.url.cn/edu/teacher-client/index_55ad6c21bcd7a078d4f8.js (30)
[0423/094321:INFO:CONSOLE(30)] "%c2020-04-23T01:43:21.534Z [imlog] INFO: POST //pull.ke.qq.com/base_pull?bkn=1119823869&t=0.8931 200 116ms", source: https://7.url.cn/edu/teacher-client/index_55ad6c21bcd7a078d4f8.js (30)
[0423/094331:INFO:CONSOLE(30)] "%c2020-04-23T01:43:31.650Z [imlog] INFO: POST //pull.ke.qq.com/base_pull?bkn=1119823869&t=0.3061 200 113ms", source: https://7.url.cn/edu/teacher-client/index_55ad6c21bcd7a078d4f8.js (30)
[0423/094341:INFO:CONSOLE(30)] "%c2020-04-23T01:43:41.768Z [imlog] INFO: POST //pull.ke.qq.com/base_pull?bkn=1119823869&t=0.3613 200 113ms", source: https://7.url.cn/edu/teacher-client/index_55ad6c21bcd7a078d4f8.js (30)
[0423/094351:INFO:CONSOLE(30)] "%c2020-04-23T01:43:51.879Z [imlog] INFO: POST //pull.ke.qq.com/base_pull?bkn=1119823869&t=0.5708 200 109ms", source: https://7.url.cn/edu/teacher-client/index_55ad6c21bcd7a078d4f8.js (30)
[0423/094354:INFO:CONSOLE(30)] "%c2020-04-23T01:43:54.156Z [imlog] INFO: post //report.edu.qq.com/data_report/web_report 200 202ms", source: https://7.url.cn/edu/teacher-client/index_55ad6c21bcd7a078d4f8.js (30)
[0423/094357:INFO:CONSOLE(30)] "%c2020-04-23T01:43:57.713Z [imlog] INFO: post //report.edu.qq.com/data_report/web_report 200 94ms", source: https://7.url.cn/edu/teacher-client/index_55ad6c21bcd7a078d4f8.js (30)
[0423/094401:INFO:CONSOLE(30)] "%c2020-04-23T01:44:01.996Z [imlog] INFO: POST //pull.ke.qq.com/base_pull?bkn=1119823869&t=0.5503 200 113ms", source: https://7.url.cn/edu/teacher-client/index_55ad6c21bcd7a078d4f8.js (30)
[0423/094403:INFO:CONSOLE(30)] "%c2020-04-23T01:44:03.352Z [imlog] INFO: post //report.edu.qq.com/data_report/web_report 200 182ms", source: https://7.url.cn/edu/teacher-client/index_55ad6c21bcd7a078d4f8.js (30)
[0423/094405:INFO:CONSOLE(30)] "%c2020-04-23T01:44:05.299Z [imlog] INFO: post //report.edu.qq.com/data_report/web_report 200 104ms", source: https://7.url.cn/edu/teacher-client/index_55ad6c21bcd7a078d4f8.js (30)
[0423/094412:INFO:CONSOLE(30)] "%c2020-04-23T01:44:12.145Z [imlog] INFO: POST //pull.ke.qq.com/base_pull?bkn=1119823869&t=0.8426 200 145ms", source: https://7.url.cn/edu/teacher-client/index_55ad6c21bcd7a078d4f8.js (30)
[0423/094422:INFO:CONSOLE(30)] "%c2020-04-23T01:44:22.259Z [imlog] INFO: POST //pull.ke.qq.com/base_pull?bkn=1119823869&t=0.8860 200 111ms", source: https://7.url.cn/edu/teacher-client/index_55ad6c21bcd7a078d4f8.js (30)
[0423/094432:INFO:CONSOLE(30)] "%c2020-04-23T01:44:32.373Z [imlog] INFO: POST //pull.ke.qq.com/base_pull?bkn=1119823869&t=0.0952 200 110ms", source: https://7.url.cn/edu/teacher-client/index_55ad6c21bcd7a078d4f8.js (30)
[0423/094442:INFO:CONSOLE(30)] "%c2020-04-23T01:44:42.499Z [imlog] INFO: POST //pull.ke.qq.com/base_pull?bkn=1119823869&t=0.2205 200 117ms", source: https://7.url.cn/edu/teacher-client/index_55ad6c21bcd7a078d4f8.js (30)
[0423/094450:INFO:CONSOLE(30)] "%c2020-04-23T01:44:50.456Z [imlog] INFO: post //report.edu.qq.com/data_report/web_report 200 209ms", source: https://7.url.cn/edu/teacher-client/index_55ad6c21bcd7a078d4f8.js (30)
[0423/094452:INFO:CONSOLE(30)] "%c2020-04-23T01:44:52.622Z [imlog] INFO: POST //pull.ke.qq.com/base_pull?bkn=1119823869&t=0.8729 200 117ms", source: https://7.url.cn/edu/teacher-client/index_55ad6c21bcd7a078d4f8.js (30)
[0423/094453:INFO:CONSOLE(30)] "%c2020-04-23T01:44:53.007Z [imlog] INFO: post //report.edu.qq.com/data_report/web_report 200 93ms", source: https://7.url.cn/edu/teacher-client/index_55ad6c21bcd7a078d4f8.js (30)
[0423/094458:INFO:CONSOLE(30)] "%c2020-04-23T01:44:58.410Z [imlog] INFO: post //report.edu.qq.com/data_report/web_report 200 192ms", source: https://7.url.cn/edu/teacher-client/index_55ad6c21bcd7a078d4f8.js (30)
[0423/094502:INFO:CONSOLE(30)] "%c2020-04-23T01:45:02.733Z [imlog] INFO: POST //pull.ke.qq.com/base_pull?bkn=1119823869&t=0.1551 200 107ms", source: https://7.url.cn/edu/teacher-client/index_55ad6c21bcd7a078d4f8.js (30)
[0423/094508:INFO:CONSOLE(30)] "%c2020-04-23T01:45:08.013Z [imlog] INFO: post //report.edu.qq.com/data_report/web_report 200 198ms", source: https://7.url.cn/edu/teacher-client/index_55ad6c21bcd7a078d4f8.js (30)
[0423/094512:INFO:CONSOLE(30)] "%c2020-04-23T01:45:12.847Z [imlog] INFO: POST //pull.ke.qq.com/base_pull?bkn=1119823869&t=0.7451 200 111ms", source: https://7.url.cn/edu/teacher-client/index_55ad6c21bcd7a078d4f8.js (30)
[0423/094522:INFO:CONSOLE(30)] "%c2020-04-23T01:45:22.962Z [imlog] INFO: POST //pull.ke.qq.com/base_pull?bkn=1119823869&t=0.9581 200 110ms", source: https://7.url.cn/edu/teacher-client/index_55ad6c21bcd7a078d4f8.js (30)
[0423/094533:INFO:CONSOLE(30)] "%c2020-04-23T01:45:33.081Z [imlog] INFO: POST //pull.ke.qq.com/base_pull?bkn=1119823869&t=0.7969 200 116ms", source: https://7.url.cn/edu/teacher-client/index_55ad6c21bcd7a078d4f8.js (30)
[0423/094533:INFO:CONSOLE(30)] "%c2020-04-23T01:45:33.735Z [imlog] INFO: post //report.edu.qq.com/data_report/web_report 200 220ms", source: https://7.url.cn/edu/teacher-client/index_55ad6c21bcd7a078d4f8.js (30)
[0423/094536:INFO:CONSOLE(30)] "%c2020-04-23T01:45:36.664Z [imlog] INFO: post //report.edu.qq.com/data_report/web_report 200 99ms", source: https://7.url.cn/edu/teacher-client/index_55ad6c21bcd7a078d4f8.js (30)
[0423/094538:INFO:CONSOLE(30)] "%c2020-04-23T01:45:38.405Z [imlog] INFO: post //report.edu.qq.com/data_report/web_report 200 92ms", source: https://7.url.cn/edu/teacher-client/index_55ad6c21bcd7a078d4f8.js (30)
[0423/094543:INFO:CONSOLE(30)] "%c2020-04-23T01:45:43.251Z [imlog] INFO: POST //pull.ke.qq.com/base_pull?bkn=1119823869&t=0.7760 200 115ms", source: https://7.url.cn/edu/teacher-client/index_55ad6c21bcd7a078d4f8.js (30)
[0423/094544:INFO:CONSOLE(30)] "%c2020-04-23T01:45:44.203Z [imlog] INFO: post //report.edu.qq.com/data_report/web_report 200 197ms", source: https://7.url.cn/edu/teacher-client/index_55ad6c21bcd7a078d4f8.js (30)
[0423/094549:INFO:CONSOLE(30)] "%c2020-04-23T01:45:49.729Z [imlog] INFO: post //report.edu.qq.com/data_report/web_report 200 208ms", source: https://7.url.cn/edu/teacher-client/index_55ad6c21bcd7a078d4f8.js (30)
[0423/094553:INFO:CONSOLE(30)] "%c2020-04-23T01:45:53.368Z [imlog] INFO: POST //pull.ke.qq.com/base_pull?bkn=1119823869&t=0.5452 200 111ms", source: https://7.url.cn/edu/teacher-client/index_55ad6c21bcd7a078d4f8.js (30)
[0423/094556:INFO:CONSOLE(30)] "%c2020-04-23T01:45:56.291Z [imlog] INFO: post //report.edu.qq.com/data_report/web_report 200 204ms", source: https://7.url.cn/edu/teacher-client/index_55ad6c21bcd7a078d4f8.js (30)
[0423/094602:INFO:CONSOLE(30)] "%c2020-04-23T01:46:02.431Z [imlog] INFO: post //report.edu.qq.com/data_report/web_report 200 202ms", source: https://7.url.cn/edu/teacher-client/index_55ad6c21bcd7a078d4f8.js (30)
[0423/094603:INFO:CONSOLE(30)] "%c2020-04-23T01:46:03.483Z [imlog] INFO: POST //pull.ke.qq.com/base_pull?bkn=1119823869&t=0.5138 200 111ms", source: https://7.url.cn/edu/teacher-client/index_55ad6c21bcd7a078d4f8.js (30)
[0423/094606:INFO:CONSOLE(30)] "%c2020-04-23T01:46:06.643Z [impush-client] ERROR: push room_seq 丢失", source: https://7.url.cn/edu/teacher-client/index_55ad6c21bcd7a078d4f8.js (30)
[0423/094607:INFO:CONSOLE(30)] "%c2020-04-23T01:46:07.234Z [imlog] INFO: post //report.edu.qq.com/data_report/web_report 200 112ms", source: https://7.url.cn/edu/teacher-client/index_55ad6c21bcd7a078d4f8.js (30)
[0423/094611:INFO:CONSOLE(30)] "%c2020-04-23T01:46:11.330Z [imlog] INFO: post //report.edu.qq.com/data_report/web_report 200 189ms", source: https://7.url.cn/edu/teacher-client/index_55ad6c21bcd7a078d4f8.js (30)
[0423/094612:INFO:CONSOLE(30)] "%c2020-04-23T01:46:12.960Z [imlog] INFO: post //report.edu.qq.com/data_report/web_report 200 96ms", source: https://7.url.cn/edu/teacher-client/index_55ad6c21bcd7a078d4f8.js (30)
[0423/094613:INFO:CONSOLE(30)] "%c2020-04-23T01:46:13.600Z [imlog] INFO: POST //pull.ke.qq.com/base_pull?bkn=1119823869&t=0.5459 200 112ms", source: https://7.url.cn/edu/teacher-client/index_55ad6c21bcd7a078d4f8.js (30)
[0423/094618:INFO:CONSOLE(30)] "%c2020-04-23T01:46:18.533Z [imlog] INFO: post //report.edu.qq.com/data_report/web_report 200 189ms", source: https://7.url.cn/edu/teacher-client/index_55ad6c21bcd7a078d4f8.js (30)
[0423/094623:INFO:CONSOLE(30)] "%c2020-04-23T01:46:23.722Z [imlog] INFO: POST //pull.ke.qq.com/base_pull?bkn=1119823869&t=0.0050 200 117ms", source: https://7.url.cn/edu/teacher-client/index_55ad6c21bcd7a078d4f8.js (30)
[0423/094623:INFO:CONSOLE(30)] "%c2020-04-23T01:46:23.758Z [imlog] INFO: post //report.edu.qq.com/data_report/web_report 200 218ms", source: https://7.url.cn/edu/teacher-client/index_55ad6c21bcd7a078d4f8.js (30)
[0423/094629:INFO:CONSOLE(30)] "%c2020-04-23T01:46:29.268Z [imlog] INFO: post //report.edu.qq.com/data_report/web_report 200 184ms", source: https://7.url.cn/edu/teacher-client/index_55ad6c21bcd7a078d4f8.js (30)
[0423/094633:INFO:CONSOLE(30)] "%c2020-04-23T01:46:33.837Z [imlog] INFO: POST //pull.ke.qq.com/base_pull?bkn=1119823869&t=0.7551 200 111ms", source: https://7.url.cn/edu/teacher-client/index_55ad6c21bcd7a078d4f8.js (30)
[0423/094634:INFO:CONSOLE(30)] "%c2020-04-23T01:46:34.734Z [imlog] INFO: post //report.edu.qq.com/data_report/web_report 200 198ms", source: https://7.url.cn/edu/teacher-client/index_55ad6c21bcd7a078d4f8.js (30)
[0423/094640:INFO:CONSOLE(30)] "%c2020-04-23T01:46:40.087Z [imlog] INFO: post //report.edu.qq.com/data_report/web_report 200 196ms", source: https://7.url.cn/edu/teacher-client/index_55ad6c21bcd7a078d4f8.js (30)
[0423/094643:INFO:CONSOLE(30)] "%c2020-04-23T01:46:43.953Z [imlog] INFO: POST //pull.ke.qq.com/base_pull?bkn=1119823869&t=0.6895 200 111ms", source: https://7.url.cn/edu/teacher-client/index_55ad6c21bcd7a078d4f8.js (30)
[0423/094645:INFO:CONSOLE(30)] "%c2020-04-23T01:46:45.383Z [imlog] INFO: post //report.edu.qq.com/data_report/web_report 200 200ms", source: https://7.url.cn/edu/teacher-client/index_55ad6c21bcd7a078d4f8.js (30)
[0423/094651:INFO:CONSOLE(30)] "%c2020-04-23T01:46:51.257Z [imlog] INFO: post //report.edu.qq.com/data_report/web_report 200 203ms", source: https://7.url.cn/edu/teacher-client/index_55ad6c21bcd7a078d4f8.js (30)
[0423/094654:INFO:CONSOLE(30)] "%c2020-04-23T01:46:54.074Z [imlog] INFO: POST //pull.ke.qq.com/base_pull?bkn=1119823869&t=0.2005 200 116ms", source: https://7.url.cn/edu/teacher-client/index_55ad6c21bcd7a078d4f8.js (30)
[0423/094656:INFO:CONSOLE(30)] "%c2020-04-23T01:46:56.650Z [imlog] INFO: post //report.edu.qq.com/data_report/web_report 200 196ms", source: https://7.url.cn/edu/teacher-client/index_55ad6c21bcd7a078d4f8.js (30)
[0423/094700:INFO:CONSOLE(30)] "%c2020-04-23T01:47:00.816Z [impush-client] ERROR: push room_seq 丢失", source: https://7.url.cn/edu/teacher-client/index_55ad6c21bcd7a078d4f8.js (30)
[0423/094701:INFO:CONSOLE(30)] "%c2020-04-23T01:47:01.887Z [imlog] INFO: post //report.edu.qq.com/data_report/web_report 200 207ms", source: https://7.url.cn/edu/teacher-client/index_55ad6c21bcd7a078d4f8.js (30)
[0423/094704:INFO:CONSOLE(30)] "%c2020-04-23T01:47:04.191Z [imlog] INFO: POST //pull.ke.qq.com/base_pull?bkn=1119823869&t=0.2653 200 111ms", source: https://7.url.cn/edu/teacher-client/index_55ad6c21bcd7a078d4f8.js (30)
[0423/094708:INFO:CONSOLE(30)] "%c2020-04-23T01:47:08.337Z [imlog] INFO: post //report.edu.qq.com/data_report/web_report 200 1185ms", source: https://7.url.cn/edu/teacher-client/index_55ad6c21bcd7a078d4f8.js (30)
[0423/094712:INFO:CONSOLE(30)] "%c2020-04-23T01:47:12.554Z [imlog] INFO: post //report.edu.qq.com/data_report/web_report 200 93ms", source: https://7.url.cn/edu/teacher-client/index_55ad6c21bcd7a078d4f8.js (30)
[0423/094714:INFO:CONSOLE(30)] "%c2020-04-23T01:47:14.310Z [imlog] INFO: POST //pull.ke.qq.com/base_pull?bkn=1119823869&t=0.4244 200 115ms", source: https://7.url.cn/edu/teacher-client/index_55ad6c21bcd7a078d4f8.js (30)
[0423/094718:INFO:CONSOLE(30)] "%c2020-04-23T01:47:18.134Z [imlog] INFO: post //report.edu.qq.com/data_report/web_report 200 212ms", source: https://7.url.cn/edu/teacher-client/index_55ad6c21bcd7a078d4f8.js (30)
[0423/094724:INFO:CONSOLE(30)] "%c2020-04-23T01:47:24.428Z [imlog] INFO: POST //pull.ke.qq.com/base_pull?bkn=1119823869&t=0.3114 200 112ms", source: https://7.url.cn/edu/teacher-client/index_55ad6c21bcd7a078d4f8.js (30)
[0423/094724:INFO:CONSOLE(30)] "%c2020-04-23T01:47:24.435Z [imlog] INFO: post //report.edu.qq.com/data_report/web_report 200 216ms", source: https://7.url.cn/edu/teacher-client/index_55ad6c21bcd7a078d4f8.js (30)
[0423/094727:INFO:CONSOLE(30)] "%c2020-04-23T01:47:27.028Z [imlog] INFO: post //report.edu.qq.com/data_report/web_report 200 89ms", source: https://7.url.cn/edu/teacher-client/index_55ad6c21bcd7a078d4f8.js (30)
[0423/094730:INFO:CONSOLE(30)] "%c2020-04-23T01:47:30.532Z [imlog] INFO: post //report.edu.qq.com/data_report/web_report 200 202ms", source: https://7.url.cn/edu/teacher-client/index_55ad6c21bcd7a078d4f8.js (30)
[0423/094734:INFO:CONSOLE(30)] "%c2020-04-23T01:47:34.543Z [imlog] INFO: POST //pull.ke.qq.com/base_pull?bkn=1119823869&t=0.5608 200 110ms", source: https://7.url.cn/edu/teacher-client/index_55ad6c21bcd7a078d4f8.js (30)
[0423/094734:INFO:CONSOLE(30)] "%c2020-04-23T01:47:34.606Z [imlog] INFO: post //report.edu.qq.com/data_report/web_report 200 97ms", source: https://7.url.cn/edu/teacher-client/index_55ad6c21bcd7a078d4f8.js (30)
[0423/094735:INFO:CONSOLE(30)] "%c2020-04-23T01:47:35.891Z [imlog] INFO: post //report.edu.qq.com/data_report/web_report 200 185ms", source: https://7.url.cn/edu/teacher-client/index_55ad6c21bcd7a078d4f8.js (30)
[0423/094741:INFO:CONSOLE(30)] "%c2020-04-23T01:47:41.392Z [imlog] INFO: post //report.edu.qq.com/data_report/web_report 200 202ms", source: https://7.url.cn/edu/teacher-client/index_55ad6c21bcd7a078d4f8.js (30)
[0423/094744:INFO:CONSOLE(30)] "%c2020-04-23T01:47:44.710Z [imlog] INFO: POST //pull.ke.qq.com/base_pull?bkn=1119823869&t=0.9851 200 163ms", source: https://7.url.cn/edu/teacher-client/index_55ad6c21bcd7a078d4f8.js (30)
[0423/094745:INFO:CONSOLE(30)] "%c2020-04-23T01:47:45.679Z [imlog] INFO: post //report.edu.qq.com/data_report/web_report 200 93ms", source: https://7.url.cn/edu/teacher-client/index_55ad6c21bcd7a078d4f8.js (30)
[0423/094746:INFO:CONSOLE(30)] "%c2020-04-23T01:47:46.125Z [impush-client] ERROR: push room_seq 丢失", source: https://7.url.cn/edu/teacher-client/index_55ad6c21bcd7a078d4f8.js (30)
[0423/094747:INFO:CONSOLE(30)] "%c2020-04-23T01:47:47.203Z [imlog] INFO: post //report.edu.qq.com/data_report/web_report 200 192ms", source: https://7.url.cn/edu/teacher-client/index_55ad6c21bcd7a078d4f8.js (30)
[0423/094750:INFO:CONSOLE(30)] "%c2020-04-23T01:47:50.151Z [imlog] INFO: post //report.edu.qq.com/data_report/web_report 200 101ms", source: https://7.url.cn/edu/teacher-client/index_55ad6c21bcd7a078d4f8.js (30)
[0423/094754:INFO:CONSOLE(30)] "%c2020-04-23T01:47:54.825Z [imlog] INFO: POST //pull.ke.qq.com/base_pull?bkn=1119823869&t=0.6996 200 111ms", source: https://7.url.cn/edu/teacher-client/index_55ad6c21bcd7a078d4f8.js (30)
[0423/094802:INFO:CONSOLE(30)] "%c2020-04-23T01:48:02.899Z [imlog] INFO: post //report.edu.qq.com/data_report/web_report 200 1199ms", source: https://7.url.cn/edu/teacher-client/index_55ad6c21bcd7a078d4f8.js (30)
[0423/094803:INFO:CONSOLE(30)] "%c2020-04-23T01:48:03.727Z [imlog] INFO: post //report.edu.qq.com/data_report/web_report 200 107ms", source: https://7.url.cn/edu/teacher-client/index_55ad6c21bcd7a078d4f8.js (30)
[0423/094804:INFO:CONSOLE(30)] "%c2020-04-23T01:48:04.941Z [imlog] INFO: POST //pull.ke.qq.com/base_pull?bkn=1119823869&t=0.4110 200 111ms", source: https://7.url.cn/edu/teacher-client/index_55ad6c21bcd7a078d4f8.js (30)
[0423/094805:INFO:CONSOLE(0)] "XMLHttpRequest cannot load https://report.edu.qq.com/data_report/web_report. Response to preflight request doesn't pass access control check: No 'Access-Control-Allow-Origin' header is present on the requested resource. Origin 'https://ke.qq.com' is therefore not allowed access. The response had HTTP status code 504.", source: https://ke.qq.com/teacher-client/index.html?cid=1656387&term_id=101756608#usertype=teacher&startTime=1587599761559 (0)
[0423/094805:INFO:CONSOLE(30)] "%c2020-04-23T01:48:05.038Z [imlog] INFO: post //report.edu.qq.com/data_report/web_report 0 7029ms", source: https://7.url.cn/edu/teacher-client/index_55ad6c21bcd7a078d4f8.js (30)
[0423/094814:INFO:CONSOLE(30)] "%c2020-04-23T01:48:14.817Z [imlog] INFO: post //report.edu.qq.com/data_report/web_report 200 183ms", source: https://7.url.cn/edu/teacher-client/index_55ad6c21bcd7a078d4f8.js (30)
[0423/094815:INFO:CONSOLE(30)] "%c2020-04-23T01:48:15.057Z [imlog] INFO: POST //pull.ke.qq.com/base_pull?bkn=1119823869&t=0.1903 200 113ms", source: https://7.url.cn/edu/teacher-client/index_55ad6c21bcd7a078d4f8.js (30)
[0423/094816:INFO:CONSOLE(30)] "%c2020-04-23T01:48:16.570Z [imlog] INFO: post //report.edu.qq.com/data_report/web_report 200 93ms", source: https://7.url.cn/edu/teacher-client/index_55ad6c21bcd7a078d4f8.js (30)
[0423/094821:INFO:CONSOLE(30)] "%c2020-04-23T01:48:21.285Z [imlog] INFO: post //report.edu.qq.com/data_report/web_report 200 200ms", source: https://7.url.cn/edu/teacher-client/index_55ad6c21bcd7a078d4f8.js (30)
[0423/094825:INFO:CONSOLE(30)] "%c2020-04-23T01:48:25.171Z [imlog] INFO: POST //pull.ke.qq.com/base_pull?bkn=1119823869&t=0.2950 200 112ms", source: https://7.url.cn/edu/teacher-client/index_55ad6c21bcd7a078d4f8.js (30)
[0423/094827:INFO:CONSOLE(30)] "%c2020-04-23T01:48:27.139Z [imlog] INFO: post //report.edu.qq.com/data_report/web_report 200 205ms", source: https://7.url.cn/edu/teacher-client/index_55ad6c21bcd7a078d4f8.js (30)
[0423/094830:INFO:CONSOLE(30)] "%c2020-04-23T01:48:30.061Z [imlog] INFO: post //report.edu.qq.com/data_report/web_report 200 98ms", source: https://7.url.cn/edu/teacher-client/index_55ad6c21bcd7a078d4f8.js (30)
[0423/094831:INFO:CONSOLE(30)] "%c2020-04-23T01:48:31.622Z [imlog] INFO: post //report.edu.qq.com/data_report/web_report 200 100ms", source: https://7.url.cn/edu/teacher-client/index_55ad6c21bcd7a078d4f8.js (30)
[0423/094834:INFO:CONSOLE(30)] "%c2020-04-23T01:48:34.530Z [imlog] INFO: post //report.edu.qq.com/data_report/web_report 200 210ms", source: https://7.url.cn/edu/teacher-client/index_55ad6c21bcd7a078d4f8.js (30)
[0423/094835:INFO:CONSOLE(30)] "%c2020-04-23T01:48:35.290Z [imlog] INFO: POST //pull.ke.qq.com/base_pull?bkn=1119823869&t=0.1558 200 116ms", source: https://7.url.cn/edu/teacher-client/index_55ad6c21bcd7a078d4f8.js (30)
[0423/094845:INFO:CONSOLE(30)] "%c2020-04-23T01:48:45.413Z [imlog] INFO: POST //pull.ke.qq.com/base_pull?bkn=1119823869&t=0.9089 200 120ms", source: https://7.url.cn/edu/teacher-client/index_55ad6c21bcd7a078d4f8.js (30)
[0423/094850:INFO:CONSOLE(30)] "%c2020-04-23T01:48:50.554Z [imlog] INFO: post //report.edu.qq.com/data_report/web_report 200 270ms", source: https://7.url.cn/edu/teacher-client/index_55ad6c21bcd7a078d4f8.js (30)
[0423/094851:INFO:CONSOLE(30)] "%c2020-04-23T01:48:51.427Z [imlog] INFO: post //report.edu.qq.com/data_report/web_report 200 99ms", source: https://7.url.cn/edu/teacher-client/index_55ad6c21bcd7a078d4f8.js (30)
[0423/094853:INFO:CONSOLE(30)] "%c2020-04-23T01:48:53.480Z [imlog] INFO: post //report.edu.qq.com/data_report/web_report 200 104ms", source: https://7.url.cn/edu/teacher-client/index_55ad6c21bcd7a078d4f8.js (30)
[0423/094855:INFO:CONSOLE(30)] "%c2020-04-23T01:48:55.525Z [imlog] INFO: POST //pull.ke.qq.com/base_pull?bkn=1119823869&t=0.8097 200 110ms", source: https://7.url.cn/edu/teacher-client/index_55ad6c21bcd7a078d4f8.js (30)
[0423/094905:INFO:CONSOLE(30)] "%c2020-04-23T01:49:05.639Z [imlog] INFO: POST //pull.ke.qq.com/base_pull?bkn=1119823869&t=0.7368 200 110ms", source: https://7.url.cn/edu/teacher-client/index_55ad6c21bcd7a078d4f8.js (30)
[0423/094909:INFO:CONSOLE(30)] "%c2020-04-23T01:49:09.259Z [imlog] INFO: post //report.edu.qq.com/data_report/web_report 200 216ms", source: https://7.url.cn/edu/teacher-client/index_55ad6c21bcd7a078d4f8.js (30)
[0423/094915:INFO:CONSOLE(30)] "%c2020-04-23T01:49:15.750Z [imlog] INFO: POST //pull.ke.qq.com/base_pull?bkn=1119823869&t=0.6014 200 108ms", source: https://7.url.cn/edu/teacher-client/index_55ad6c21bcd7a078d4f8.js (30)
[0423/094925:INFO:CONSOLE(30)] "%c2020-04-23T01:49:25.862Z [imlog] INFO: POST //pull.ke.qq.com/base_pull?bkn=1119823869&t=0.9913 200 110ms", source: https://7.url.cn/edu/teacher-client/index_55ad6c21bcd7a078d4f8.js (30)
[0423/094935:INFO:CONSOLE(30)] "%c2020-04-23T01:49:35.974Z [imlog] INFO: POST //pull.ke.qq.com/base_pull?bkn=1119823869&t=0.6736 200 109ms", source: https://7.url.cn/edu/teacher-client/index_55ad6c21bcd7a078d4f8.js (30)
[0423/094946:INFO:CONSOLE(30)] "%c2020-04-23T01:49:46.086Z [imlog] INFO: POST //pull.ke.qq.com/base_pull?bkn=1119823869&t=0.2861 200 109ms", source: https://7.url.cn/edu/teacher-client/index_55ad6c21bcd7a078d4f8.js (30)
[0423/094956:INFO:CONSOLE(30)] "%c2020-04-23T01:49:56.198Z [imlog] INFO: POST //pull.ke.qq.com/base_pull?bkn=1119823869&t=0.7559 200 110ms", source: https://7.url.cn/edu/teacher-client/index_55ad6c21bcd7a078d4f8.js (30)
[0423/095006:INFO:CONSOLE(30)] "%c2020-04-23T01:50:06.314Z [imlog] INFO: POST //pull.ke.qq.com/base_pull?bkn=1119823869&t=0.7886 200 113ms", source: https://7.url.cn/edu/teacher-client/index_55ad6c21bcd7a078d4f8.js (30)
[0423/095011:INFO:CONSOLE(30)] "%c2020-04-23T01:50:11.811Z [imlog] INFO: GET /cgi-bin/web_ke/get_notice?tkn=101756608&uint32_course_abs_id=101756608&bkn=1119823869&t=0.4437 200 230ms", source: https://7.url.cn/edu/teacher-client/index_55ad6c21bcd7a078d4f8.js (30)
[0423/095011:INFO:CONSOLE(30)] "%c2020-04-23T01:50:11.862Z [imlog] INFO: GET /cgi-bin/coupon/get_coupon_status_marketing?tid=101756608&bkn=1119823869&t=0.4187 200 284ms", source: https://7.url.cn/edu/teacher-client/index_55ad6c21bcd7a078d4f8.js (30)
[0423/095012:INFO:CONSOLE(30)] "%c2020-04-23T01:50:12.746Z [imlog] INFO: post //report.edu.qq.com/data_report/web_report 200 518ms", source: https://7.url.cn/edu/teacher-client/index_55ad6c21bcd7a078d4f8.js (30)
[0423/095013:INFO:CONSOLE(30)] "%c2020-04-23T01:50:13.383Z [imlog] INFO: post //report.edu.qq.com/data_report/web_report 200 108ms", source: https://7.url.cn/edu/teacher-client/index_55ad6c21bcd7a078d4f8.js (30)
[0423/095014:INFO:CONSOLE(30)] "%c2020-04-23T01:50:14.636Z [imlog] INFO: post //report.edu.qq.com/data_report/web_report 200 231ms", source: https://7.url.cn/edu/teacher-client/index_55ad6c21bcd7a078d4f8.js (30)
[0423/095015:INFO:CONSOLE(30)] "%c2020-04-23T01:50:15.585Z [imlog] INFO: post //report.edu.qq.com/data_report/web_report 200 95ms", source: https://7.url.cn/edu/teacher-client/index_55ad6c21bcd7a078d4f8.js (30)
[0423/095015:INFO:CONSOLE(30)] "%c2020-04-23T01:50:15.882Z [impush-client] ERROR: push room_seq 丢失", source: https://7.url.cn/edu/teacher-client/index_55ad6c21bcd7a078d4f8.js (30)
[0423/095016:INFO:CONSOLE(30)] "%c2020-04-23T01:50:16.864Z [imlog] INFO: POST //pull.ke.qq.com/base_pull?bkn=1119823869&t=0.6663 200 302ms", source: https://7.url.cn/edu/teacher-client/index_55ad6c21bcd7a078d4f8.js (30)
[0423/095016:INFO:CONSOLE(30)] "%c2020-04-23T01:50:16.973Z [imlog] INFO: post //report.edu.qq.com/data_report/web_report 200 96ms", source: https://7.url.cn/edu/teacher-client/index_55ad6c21bcd7a078d4f8.js (30)
[0423/095018:INFO:CONSOLE(30)] "%c2020-04-23T01:50:18.747Z [imlog] INFO: post //report.edu.qq.com/data_report/web_report 200 434ms", source: https://7.url.cn/edu/teacher-client/index_55ad6c21bcd7a078d4f8.js (30)
[0423/095019:INFO:CONSOLE(30)] "%c2020-04-23T01:50:19.661Z [imlog] INFO: post //report.edu.qq.com/data_report/web_report 200 205ms", source: https://7.url.cn/edu/teacher-client/index_55ad6c21bcd7a078d4f8.js (30)
[0423/095021:INFO:CONSOLE(30)] "%c2020-04-23T01:50:21.188Z [imlog] INFO: post //report.edu.qq.com/data_report/web_report 200 296ms", source: https://7.url.cn/edu/teacher-client/index_55ad6c21bcd7a078d4f8.js (30)
[0423/095021:INFO:CONSOLE(30)] "%c2020-04-23T01:50:21.671Z [imlog] INFO: post //report.edu.qq.com/data_report/web_report 200 106ms", source: https://7.url.cn/edu/teacher-client/index_55ad6c21bcd7a078d4f8.js (30)
[0423/095022:INFO:CONSOLE(30)] "%c2020-04-23T01:50:22.113Z [impush-client] ERROR: push room_seq 丢失", source: https://7.url.cn/edu/teacher-client/index_55ad6c21bcd7a078d4f8.js (30)
[0423/095023:INFO:CONSOLE(30)] "%c2020-04-23T01:50:23.135Z [imlog] INFO: post //report.edu.qq.com/data_report/web_report 200 110ms", source: https://7.url.cn/edu/teacher-client/index_55ad6c21bcd7a078d4f8.js (30)
[0423/095024:INFO:CONSOLE(30)] "%c2020-04-23T01:50:24.850Z [imlog] INFO: post //report.edu.qq.com/data_report/web_report 200 299ms", source: https://7.url.cn/edu/teacher-client/index_55ad6c21bcd7a078d4f8.js (30)
[0423/095025:INFO:CONSOLE(30)] "%c2020-04-23T01:50:25.787Z [imlog] INFO: post //report.edu.qq.com/data_report/web_report 200 171ms", source: https://7.url.cn/edu/teacher-client/index_55ad6c21bcd7a078d4f8.js (30)
[0423/095026:INFO:CONSOLE(30)] "%c2020-04-23T01:50:26.915Z [imlog] INFO: post //report.edu.qq.com/data_report/web_report 200 263ms", source: https://7.url.cn/edu/teacher-client/index_55ad6c21bcd7a078d4f8.js (30)
[0423/095027:INFO:CONSOLE(30)] "%c2020-04-23T01:50:27.169Z [imlog] INFO: POST //pull.ke.qq.com/base_pull?bkn=1119823869&t=0.7054 200 111ms", source: https://7.url.cn/edu/teacher-client/index_55ad6c21bcd7a078d4f8.js (30)
[0423/095028:INFO:CONSOLE(30)] "%c2020-04-23T01:50:28.085Z [imlog] INFO: post //report.edu.qq.com/data_report/web_report 200 92ms", source: https://7.url.cn/edu/teacher-client/index_55ad6c21bcd7a078d4f8.js (30)
[0509/140102:INFO:CONSOLE(30)] "%c2020-05-09T06:01:02.379Z [imlog] INFO: post //report.edu.qq.com/data_report/web_report 200 868ms", source: https://7.url.cn/edu/teacher-client/index_ecc0a22bdfa3e92c996b.js (30)
[0509/140102:INFO:CONSOLE(30)] "%c2020-05-09T06:01:02.767Z [imlog] INFO: post //report.edu.qq.com/data_report/web_report 200 92ms", source: https://7.url.cn/edu/teacher-client/index_ecc0a22bdfa3e92c996b.js (30)
[0509/140103:INFO:CONSOLE(30)] "%c2020-05-09T06:01:03.479Z [imlog] INFO: POST //pull.ke.qq.com/base_pull?bkn=354888392&t=0.0573 200 103ms", source: https://7.url.cn/edu/teacher-client/index_ecc0a22bdfa3e92c996b.js (30)
[0509/140111:INFO:CONSOLE(30)] "%c2020-05-09T06:01:11.044Z [imlog] INFO: post //report.edu.qq.com/data_report/web_report 200 195ms", source: https://7.url.cn/edu/teacher-client/index_ecc0a22bdfa3e92c996b.js (30)
[0509/140112:INFO:CONSOLE(30)] "%c2020-05-09T06:01:12.674Z [imlog] INFO: post //report.edu.qq.com/data_report/web_report 200 105ms", source: https://7.url.cn/edu/teacher-client/index_ecc0a22bdfa3e92c996b.js (30)
[0509/140113:INFO:CONSOLE(30)] "%c2020-05-09T06:01:13.586Z [imlog] INFO: POST //pull.ke.qq.com/base_pull?bkn=354888392&t=0.9500 200 104ms", source: https://7.url.cn/edu/teacher-client/index_ecc0a22bdfa3e92c996b.js (30)
[0509/140115:INFO:CONSOLE(30)] "%c2020-05-09T06:01:15.194Z [imlog] INFO: post //report.edu.qq.com/data_report/web_report 200 86ms", source: https://7.url.cn/edu/teacher-client/index_ecc0a22bdfa3e92c996b.js (30)
[0509/140119:INFO:CONSOLE(30)] "%c2020-05-09T06:01:19.506Z [imlog] INFO: post //report.edu.qq.com/data_report/web_report 200 199ms", source: https://7.url.cn/edu/teacher-client/index_ecc0a22bdfa3e92c996b.js (30)
[0509/140122:INFO:CONSOLE(30)] "%c2020-05-09T06:01:22.394Z [imlog] INFO: post //report.edu.qq.com/data_report/web_report 200 90ms", source: https://7.url.cn/edu/teacher-client/index_ecc0a22bdfa3e92c996b.js (30)
[0509/140124:INFO:CONSOLE(30)] "%c2020-05-09T06:01:24.228Z [imlog] INFO: POST //pull.ke.qq.com/base_pull?bkn=354888392&t=0.9219 200 619ms", source: https://7.url.cn/edu/teacher-client/index_ecc0a22bdfa3e92c996b.js (30)
[0509/140124:INFO:CONSOLE(30)] "%c2020-05-09T06:01:24.915Z [imlog] INFO: post //report.edu.qq.com/data_report/web_report 200 183ms", source: https://7.url.cn/edu/teacher-client/index_ecc0a22bdfa3e92c996b.js (30)
[0509/140126:INFO:CONSOLE(30)] "%c2020-05-09T06:01:26.075Z [imlog] INFO: post //report.edu.qq.com/data_report/web_report 200 88ms", source: https://7.url.cn/edu/teacher-client/index_ecc0a22bdfa3e92c996b.js (30)
[0509/140127:INFO:CONSOLE(30)] "%c2020-05-09T06:01:27.924Z [imlog] INFO: post //report.edu.qq.com/data_report/web_report 200 93ms", source: https://7.url.cn/edu/teacher-client/index_ecc0a22bdfa3e92c996b.js (30)
[0509/140128:INFO:CONSOLE(30)] "%c2020-05-09T06:01:28.999Z [imlog] INFO: post //report.edu.qq.com/data_report/web_report 200 103ms", source: https://7.url.cn/edu/teacher-client/index_ecc0a22bdfa3e92c996b.js (30)
[0509/140130:INFO:CONSOLE(30)] "%c2020-05-09T06:01:30.243Z [imlog] INFO: post //report.edu.qq.com/data_report/web_report 200 199ms", source: https://7.url.cn/edu/teacher-client/index_ecc0a22bdfa3e92c996b.js (30)
[0509/140131:INFO:CONSOLE(30)] "%c2020-05-09T06:01:31.429Z [imlog] INFO: post //report.edu.qq.com/data_report/web_report 200 94ms", source: https://7.url.cn/edu/teacher-client/index_ecc0a22bdfa3e92c996b.js (30)
[0509/140133:INFO:CONSOLE(30)] "%c2020-05-09T06:01:33.277Z [imlog] INFO: post //report.edu.qq.com/data_report/web_report 200 106ms", source: https://7.url.cn/edu/teacher-client/index_ecc0a22bdfa3e92c996b.js (30)
[0509/140134:INFO:CONSOLE(30)] "%c2020-05-09T06:01:34.332Z [imlog] INFO: POST //pull.ke.qq.com/base_pull?bkn=354888392&t=0.4634 200 101ms", source: https://7.url.cn/edu/teacher-client/index_ecc0a22bdfa3e92c996b.js (30)
[0509/140136:INFO:CONSOLE(30)] "%c2020-05-09T06:01:36.144Z [imlog] INFO: post //report.edu.qq.com/data_report/web_report 200 193ms", source: https://7.url.cn/edu/teacher-client/index_ecc0a22bdfa3e92c996b.js (30)
[0509/140144:INFO:CONSOLE(30)] "%c2020-05-09T06:01:44.435Z [imlog] INFO: POST //pull.ke.qq.com/base_pull?bkn=354888392&t=0.6995 200 100ms", source: https://7.url.cn/edu/teacher-client/index_ecc0a22bdfa3e92c996b.js (30)
[0509/140154:INFO:CONSOLE(30)] "%c2020-05-09T06:01:54.535Z [imlog] INFO: POST //pull.ke.qq.com/base_pull?bkn=354888392&t=0.3712 200 98ms", source: https://7.url.cn/edu/teacher-client/index_ecc0a22bdfa3e92c996b.js (30)
[0509/140204:INFO:CONSOLE(30)] "%c2020-05-09T06:02:04.643Z [imlog] INFO: POST //pull.ke.qq.com/base_pull?bkn=354888392&t=0.6596 200 104ms", source: https://7.url.cn/edu/teacher-client/index_ecc0a22bdfa3e92c996b.js (30)
[0509/140214:INFO:CONSOLE(30)] "%c2020-05-09T06:02:14.743Z [imlog] INFO: POST //pull.ke.qq.com/base_pull?bkn=354888392&t=0.9178 200 98ms", source: https://7.url.cn/edu/teacher-client/index_ecc0a22bdfa3e92c996b.js (30)
[0509/140214:INFO:CONSOLE(30)] "%c2020-05-09T06:02:14.972Z [imlog] INFO: post //report.edu.qq.com/data_report/web_report 200 181ms", source: https://7.url.cn/edu/teacher-client/index_ecc0a22bdfa3e92c996b.js (30)
[0509/140224:INFO:CONSOLE(30)] "%c2020-05-09T06:02:24.849Z [imlog] INFO: POST //pull.ke.qq.com/base_pull?bkn=354888392&t=0.5989 200 102ms", source: https://7.url.cn/edu/teacher-client/index_ecc0a22bdfa3e92c996b.js (30)
[0509/140234:INFO:CONSOLE(30)] "%c2020-05-09T06:02:34.952Z [imlog] INFO: POST //pull.ke.qq.com/base_pull?bkn=354888392&t=0.9261 200 102ms", source: https://7.url.cn/edu/teacher-client/index_ecc0a22bdfa3e92c996b.js (30)
[0509/140239:INFO:CONSOLE(0)] "XMLHttpRequest cannot load https://report.edu.qq.com/data_report/web_report. No 'Access-Control-Allow-Origin' header is present on the requested resource. Origin 'https://ke.qq.com' is therefore not allowed access. The response had HTTP status code 504.", source: https://ke.qq.com/teacher-client/index.html?cid=1656387&term_id=101756608#usertype=teacher&startTime=1589001919842 (0)
[0509/140239:INFO:CONSOLE(30)] "%c2020-05-09T06:02:39.324Z [imlog] INFO: post //report.edu.qq.com/data_report/web_report 0 7132ms", source: https://7.url.cn/edu/teacher-client/index_ecc0a22bdfa3e92c996b.js (30)
[0509/140245:INFO:CONSOLE(30)] "%c2020-05-09T06:02:45.059Z [imlog] INFO: POST //pull.ke.qq.com/base_pull?bkn=354888392&t=0.5849 200 105ms", source: https://7.url.cn/edu/teacher-client/index_ecc0a22bdfa3e92c996b.js (30)
[0509/140245:INFO:CONSOLE(30)] "%c2020-05-09T06:02:45.408Z [imlog] INFO: post //report.edu.qq.com/data_report/web_report 200 210ms", source: https://7.url.cn/edu/teacher-client/index_ecc0a22bdfa3e92c996b.js (30)
[0509/140246:INFO:CONSOLE(30)] "%c2020-05-09T06:02:46.715Z [imlog] INFO: post //report.edu.qq.com/data_report/web_report 200 86ms", source: https://7.url.cn/edu/teacher-client/index_ecc0a22bdfa3e92c996b.js (30)
[0509/140252:INFO:CONSOLE(30)] "%c2020-05-09T06:02:52.878Z [imlog] INFO: post //report.edu.qq.com/data_report/web_report 200 181ms", source: https://7.url.cn/edu/teacher-client/index_ecc0a22bdfa3e92c996b.js (30)
[0509/140255:INFO:CONSOLE(30)] "%c2020-05-09T06:02:55.163Z [imlog] INFO: POST //pull.ke.qq.com/base_pull?bkn=354888392&t=0.4503 200 101ms", source: https://7.url.cn/edu/teacher-client/index_ecc0a22bdfa3e92c996b.js (30)
[0509/140304:INFO:CONSOLE(30)] "%c2020-05-09T06:03:04.931Z [imlog] INFO: post //report.edu.qq.com/data_report/web_report 200 199ms", source: https://7.url.cn/edu/teacher-client/index_ecc0a22bdfa3e92c996b.js (30)
[0509/140305:INFO:CONSOLE(30)] "%c2020-05-09T06:03:05.265Z [imlog] INFO: POST //pull.ke.qq.com/base_pull?bkn=354888392&t=0.9803 200 99ms", source: https://7.url.cn/edu/teacher-client/index_ecc0a22bdfa3e92c996b.js (30)
[0509/140315:INFO:CONSOLE(30)] "%c2020-05-09T06:03:15.371Z [imlog] INFO: POST //pull.ke.qq.com/base_pull?bkn=354888392&t=0.6004 200 103ms", source: https://7.url.cn/edu/teacher-client/index_ecc0a22bdfa3e92c996b.js (30)
[0509/140322:INFO:CONSOLE(30)] "%c2020-05-09T06:03:22.387Z [imlog] INFO: post //report.edu.qq.com/data_report/web_report 200 177ms", source: https://7.url.cn/edu/teacher-client/index_ecc0a22bdfa3e92c996b.js (30)
[0509/140325:INFO:CONSOLE(30)] "%c2020-05-09T06:03:25.476Z [imlog] INFO: POST //pull.ke.qq.com/base_pull?bkn=354888392&t=0.4780 200 101ms", source: https://7.url.cn/edu/teacher-client/index_ecc0a22bdfa3e92c996b.js (30)
[0509/140335:INFO:CONSOLE(30)] "%c2020-05-09T06:03:35.578Z [imlog] INFO: POST //pull.ke.qq.com/base_pull?bkn=354888392&t=0.5186 200 99ms", source: https://7.url.cn/edu/teacher-client/index_ecc0a22bdfa3e92c996b.js (30)
[0509/140341:INFO:CONSOLE(30)] "%c2020-05-09T06:03:41.304Z [imlog] INFO: post //report.edu.qq.com/data_report/web_report 200 190ms", source: https://7.url.cn/edu/teacher-client/index_ecc0a22bdfa3e92c996b.js (30)
[0509/140345:INFO:CONSOLE(30)] "%c2020-05-09T06:03:45.684Z [imlog] INFO: POST //pull.ke.qq.com/base_pull?bkn=354888392&t=0.9667 200 101ms", source: https://7.url.cn/edu/teacher-client/index_ecc0a22bdfa3e92c996b.js (30)
[0509/140355:INFO:CONSOLE(30)] "%c2020-05-09T06:03:55.788Z [imlog] INFO: POST //pull.ke.qq.com/base_pull?bkn=354888392&t=0.0340 200 102ms", source: https://7.url.cn/edu/teacher-client/index_ecc0a22bdfa3e92c996b.js (30)
[0509/140405:INFO:CONSOLE(30)] "%c2020-05-09T06:04:05.893Z [imlog] INFO: POST //pull.ke.qq.com/base_pull?bkn=354888392&t=0.1492 200 102ms", source: https://7.url.cn/edu/teacher-client/index_ecc0a22bdfa3e92c996b.js (30)
[0509/140416:INFO:CONSOLE(30)] "%c2020-05-09T06:04:16.001Z [imlog] INFO: POST //pull.ke.qq.com/base_pull?bkn=354888392&t=0.1456 200 104ms", source: https://7.url.cn/edu/teacher-client/index_ecc0a22bdfa3e92c996b.js (30)
[0509/140424:INFO:CONSOLE(30)] "%c2020-05-09T06:04:24.617Z [imlog] INFO: post //report.edu.qq.com/data_report/web_report 200 177ms", source: https://7.url.cn/edu/teacher-client/index_ecc0a22bdfa3e92c996b.js (30)
[0509/140426:INFO:CONSOLE(30)] "%c2020-05-09T06:04:26.106Z [imlog] INFO: POST //pull.ke.qq.com/base_pull?bkn=354888392&t=0.1229 200 103ms", source: https://7.url.cn/edu/teacher-client/index_ecc0a22bdfa3e92c996b.js (30)
[0509/140434:INFO:CONSOLE(30)] "%c2020-05-09T06:04:34.870Z [impush-client] ERROR: push room_seq 丢失", source: https://7.url.cn/edu/teacher-client/index_ecc0a22bdfa3e92c996b.js (30)
[0509/140435:INFO:CONSOLE(30)] "%c2020-05-09T06:04:35.756Z [imlog] INFO: post //report.edu.qq.com/data_report/web_report 200 181ms", source: https://7.url.cn/edu/teacher-client/index_ecc0a22bdfa3e92c996b.js (30)
[0509/140436:INFO:CONSOLE(30)] "%c2020-05-09T06:04:36.206Z [imlog] INFO: POST //pull.ke.qq.com/base_pull?bkn=354888392&t=0.0234 200 98ms", source: https://7.url.cn/edu/teacher-client/index_ecc0a22bdfa3e92c996b.js (30)
[0509/140445:INFO:CONSOLE(30)] "%c2020-05-09T06:04:45.667Z [imlog] INFO: post //report.edu.qq.com/data_report/web_report 200 185ms", source: https://7.url.cn/edu/teacher-client/index_ecc0a22bdfa3e92c996b.js (30)
[0509/140446:INFO:CONSOLE(30)] "%c2020-05-09T06:04:46.317Z [imlog] INFO: POST //pull.ke.qq.com/base_pull?bkn=354888392&t=0.8386 200 104ms", source: https://7.url.cn/edu/teacher-client/index_ecc0a22bdfa3e92c996b.js (30)
[0509/140447:INFO:CONSOLE(30)] "%c2020-05-09T06:04:47.010Z [imlog] INFO: post //report.edu.qq.com/data_report/web_report 200 92ms", source: https://7.url.cn/edu/teacher-client/index_ecc0a22bdfa3e92c996b.js (30)
[0509/140455:INFO:CONSOLE(30)] "%c2020-05-09T06:04:55.475Z [imlog] INFO: post //report.edu.qq.com/data_report/web_report 200 197ms", source: https://7.url.cn/edu/teacher-client/index_ecc0a22bdfa3e92c996b.js (30)
[0509/140456:INFO:CONSOLE(30)] "%c2020-05-09T06:04:56.422Z [imlog] INFO: POST //pull.ke.qq.com/base_pull?bkn=354888392&t=0.5669 200 101ms", source: https://7.url.cn/edu/teacher-client/index_ecc0a22bdfa3e92c996b.js (30)
[0509/140502:INFO:CONSOLE(30)] "%c2020-05-09T06:05:02.799Z [imlog] INFO: post //report.edu.qq.com/data_report/web_report 200 181ms", source: https://7.url.cn/edu/teacher-client/index_ecc0a22bdfa3e92c996b.js (30)
[0509/140506:INFO:CONSOLE(30)] "%c2020-05-09T06:05:06.528Z [imlog] INFO: POST //pull.ke.qq.com/base_pull?bkn=354888392&t=0.2808 200 103ms", source: https://7.url.cn/edu/teacher-client/index_ecc0a22bdfa3e92c996b.js (30)
[0509/140510:INFO:CONSOLE(30)] "%c2020-05-09T06:05:10.362Z [imlog] INFO: post //report.edu.qq.com/data_report/web_report 200 195ms", source: https://7.url.cn/edu/teacher-client/index_ecc0a22bdfa3e92c996b.js (30)
[0509/140516:INFO:CONSOLE(30)] "%c2020-05-09T06:05:16.576Z [imlog] INFO: post //report.edu.qq.com/data_report/web_report 200 208ms", source: https://7.url.cn/edu/teacher-client/index_ecc0a22bdfa3e92c996b.js (30)
[0509/140516:INFO:CONSOLE(30)] "%c2020-05-09T06:05:16.632Z [imlog] INFO: POST //pull.ke.qq.com/base_pull?bkn=354888392&t=0.6127 200 99ms", source: https://7.url.cn/edu/teacher-client/index_ecc0a22bdfa3e92c996b.js (30)
[0509/140523:INFO:CONSOLE(30)] "%c2020-05-09T06:05:23.101Z [imlog] INFO: post //report.edu.qq.com/data_report/web_report 200 176ms", source: https://7.url.cn/edu/teacher-client/index_ecc0a22bdfa3e92c996b.js (30)
[0509/140525:INFO:CONSOLE(30)] "%c2020-05-09T06:05:25.150Z [imlog] INFO: post //report.edu.qq.com/data_report/web_report 200 91ms", source: https://7.url.cn/edu/teacher-client/index_ecc0a22bdfa3e92c996b.js (30)
[0509/140526:INFO:CONSOLE(30)] "%c2020-05-09T06:05:26.740Z [imlog] INFO: POST //pull.ke.qq.com/base_pull?bkn=354888392&t=0.3192 200 104ms", source: https://7.url.cn/edu/teacher-client/index_ecc0a22bdfa3e92c996b.js (30)
[0509/140530:INFO:CONSOLE(30)] "%c2020-05-09T06:05:30.774Z [imlog] INFO: post //report.edu.qq.com/data_report/web_report 200 208ms", source: https://7.url.cn/edu/teacher-client/index_ecc0a22bdfa3e92c996b.js (30)
[0509/140536:INFO:CONSOLE(30)] "%c2020-05-09T06:05:36.845Z [imlog] INFO: POST //pull.ke.qq.com/base_pull?bkn=354888392&t=0.6541 200 100ms", source: https://7.url.cn/edu/teacher-client/index_ecc0a22bdfa3e92c996b.js (30)
[0509/140542:INFO:CONSOLE(30)] "%c2020-05-09T06:05:42.031Z [imlog] INFO: post //report.edu.qq.com/data_report/web_report 200 219ms", source: https://7.url.cn/edu/teacher-client/index_ecc0a22bdfa3e92c996b.js (30)
[0509/140544:INFO:CONSOLE(30)] "%c2020-05-09T06:05:44.515Z [imlog] INFO: post //report.edu.qq.com/data_report/web_report 200 89ms", source: https://7.url.cn/edu/teacher-client/index_ecc0a22bdfa3e92c996b.js (30)
[0509/140546:INFO:CONSOLE(30)] "%c2020-05-09T06:05:46.947Z [imlog] INFO: POST //pull.ke.qq.com/base_pull?bkn=354888392&t=0.5359 200 99ms", source: https://7.url.cn/edu/teacher-client/index_ecc0a22bdfa3e92c996b.js (30)
[0509/140557:INFO:CONSOLE(30)] "%c2020-05-09T06:05:57.052Z [imlog] INFO: POST //pull.ke.qq.com/base_pull?bkn=354888392&t=0.8715 200 102ms", source: https://7.url.cn/edu/teacher-client/index_ecc0a22bdfa3e92c996b.js (30)
[0509/140604:INFO:CONSOLE(30)] "%c2020-05-09T06:06:04.140Z [imlog] INFO: post //report.edu.qq.com/data_report/web_report 200 209ms", source: https://7.url.cn/edu/teacher-client/index_ecc0a22bdfa3e92c996b.js (30)
[0509/140607:INFO:CONSOLE(30)] "%c2020-05-09T06:06:07.156Z [imlog] INFO: POST //pull.ke.qq.com/base_pull?bkn=354888392&t=0.2584 200 102ms", source: https://7.url.cn/edu/teacher-client/index_ecc0a22bdfa3e92c996b.js (30)
[0509/140614:INFO:CONSOLE(30)] "%c2020-05-09T06:06:14.271Z [imlog] INFO: post //report.edu.qq.com/data_report/web_report 200 179ms", source: https://7.url.cn/edu/teacher-client/index_ecc0a22bdfa3e92c996b.js (30)
[0509/140617:INFO:CONSOLE(30)] "%c2020-05-09T06:06:17.261Z [imlog] INFO: POST //pull.ke.qq.com/base_pull?bkn=354888392&t=0.1355 200 102ms", source: https://7.url.cn/edu/teacher-client/index_ecc0a22bdfa3e92c996b.js (30)
[0509/140627:INFO:CONSOLE(30)] "%c2020-05-09T06:06:27.369Z [imlog] INFO: POST //pull.ke.qq.com/base_pull?bkn=354888392&t=0.0965 200 103ms", source: https://7.url.cn/edu/teacher-client/index_ecc0a22bdfa3e92c996b.js (30)
[0509/140629:INFO:CONSOLE(30)] "%c2020-05-09T06:06:29.972Z [imlog] INFO: post //report.edu.qq.com/data_report/web_report 200 189ms", source: https://7.url.cn/edu/teacher-client/index_ecc0a22bdfa3e92c996b.js (30)
[0509/140631:INFO:CONSOLE(30)] "%c2020-05-09T06:06:31.185Z [imlog] INFO: post //report.edu.qq.com/data_report/web_report 200 106ms", source: https://7.url.cn/edu/teacher-client/index_ecc0a22bdfa3e92c996b.js (30)
[0509/140635:INFO:CONSOLE(30)] "%c2020-05-09T06:06:35.743Z [imlog] INFO: post //report.edu.qq.com/data_report/web_report 200 200ms", source: https://7.url.cn/edu/teacher-client/index_ecc0a22bdfa3e92c996b.js (30)
[0509/140637:INFO:CONSOLE(30)] "%c2020-05-09T06:06:37.472Z [imlog] INFO: POST //pull.ke.qq.com/base_pull?bkn=354888392&t=0.8619 200 99ms", source: https://7.url.cn/edu/teacher-client/index_ecc0a22bdfa3e92c996b.js (30)
[0509/140639:INFO:CONSOLE(30)] "%c2020-05-09T06:06:39.179Z [imlog] INFO: post //report.edu.qq.com/data_report/web_report 200 90ms", source: https://7.url.cn/edu/teacher-client/index_ecc0a22bdfa3e92c996b.js (30)
[0509/140644:INFO:CONSOLE(30)] "%c2020-05-09T06:06:44.441Z [imlog] INFO: post //report.edu.qq.com/data_report/web_report 200 178ms", source: https://7.url.cn/edu/teacher-client/index_ecc0a22bdfa3e92c996b.js (30)
[0509/140647:INFO:CONSOLE(30)] "%c2020-05-09T06:06:47.576Z [imlog] INFO: POST //pull.ke.qq.com/base_pull?bkn=354888392&t=0.5493 200 101ms", source: https://7.url.cn/edu/teacher-client/index_ecc0a22bdfa3e92c996b.js (30)
[0509/140657:INFO:CONSOLE(30)] "%c2020-05-09T06:06:57.676Z [imlog] INFO: POST //pull.ke.qq.com/base_pull?bkn=354888392&t=0.9164 200 98ms", source: https://7.url.cn/edu/teacher-client/index_ecc0a22bdfa3e92c996b.js (30)
[0509/140659:INFO:CONSOLE(30)] "%c2020-05-09T06:06:59.407Z [imlog] INFO: post //report.edu.qq.com/data_report/web_report 200 179ms", source: https://7.url.cn/edu/teacher-client/index_ecc0a22bdfa3e92c996b.js (30)
[0509/140703:INFO:CONSOLE(30)] "%c2020-05-09T06:07:03.199Z [imlog] INFO: post //report.edu.qq.com/data_report/web_report 200 100ms", source: https://7.url.cn/edu/teacher-client/index_ecc0a22bdfa3e92c996b.js (30)
[0509/140707:INFO:CONSOLE(30)] "%c2020-05-09T06:07:07.779Z [imlog] INFO: POST //pull.ke.qq.com/base_pull?bkn=354888392&t=0.4550 200 101ms", source: https://7.url.cn/edu/teacher-client/index_ecc0a22bdfa3e92c996b.js (30)
[0509/140717:INFO:CONSOLE(30)] "%c2020-05-09T06:07:17.880Z [imlog] INFO: POST //pull.ke.qq.com/base_pull?bkn=354888392&t=0.5411 200 98ms", source: https://7.url.cn/edu/teacher-client/index_ecc0a22bdfa3e92c996b.js (30)
[0509/140727:INFO:CONSOLE(30)] "%c2020-05-09T06:07:27.985Z [imlog] INFO: POST //pull.ke.qq.com/base_pull?bkn=354888392&t=0.7611 200 101ms", source: https://7.url.cn/edu/teacher-client/index_ecc0a22bdfa3e92c996b.js (30)
[0509/140729:INFO:CONSOLE(30)] "%c2020-05-09T06:07:29.588Z [imlog] INFO: post //report.edu.qq.com/data_report/web_report 200 194ms", source: https://7.url.cn/edu/teacher-client/index_ecc0a22bdfa3e92c996b.js (30)
[0509/140731:INFO:CONSOLE(30)] "%c2020-05-09T06:07:31.258Z [imlog] INFO: post //report.edu.qq.com/data_report/web_report 200 88ms", source: https://7.url.cn/edu/teacher-client/index_ecc0a22bdfa3e92c996b.js (30)
[0509/140733:INFO:CONSOLE(30)] "%c2020-05-09T06:07:33.609Z [imlog] INFO: post //report.edu.qq.com/data_report/web_report 200 86ms", source: https://7.url.cn/edu/teacher-client/index_ecc0a22bdfa3e92c996b.js (30)
[0509/140738:INFO:CONSOLE(30)] "%c2020-05-09T06:07:38.088Z [imlog] INFO: POST //pull.ke.qq.com/base_pull?bkn=354888392&t=0.6284 200 100ms", source: https://7.url.cn/edu/teacher-client/index_ecc0a22bdfa3e92c996b.js (30)
[0509/140741:INFO:CONSOLE(30)] "%c2020-05-09T06:07:41.837Z [imlog] INFO: post //report.edu.qq.com/data_report/web_report 200 202ms", source: https://7.url.cn/edu/teacher-client/index_ecc0a22bdfa3e92c996b.js (30)
[0509/140744:INFO:CONSOLE(30)] "%c2020-05-09T06:07:44.096Z [imlog] INFO: post //report.edu.qq.com/data_report/web_report 200 113ms", source: https://7.url.cn/edu/teacher-client/index_ecc0a22bdfa3e92c996b.js (30)
[0509/140748:INFO:CONSOLE(30)] "%c2020-05-09T06:07:48.190Z [imlog] INFO: POST //pull.ke.qq.com/base_pull?bkn=354888392&t=0.9445 200 98ms", source: https://7.url.cn/edu/teacher-client/index_ecc0a22bdfa3e92c996b.js (30)
[0509/140748:INFO:CONSOLE(30)] "%c2020-05-09T06:07:48.279Z [imlog] INFO: post //report.edu.qq.com/data_report/web_report 200 186ms", source: https://7.url.cn/edu/teacher-client/index_ecc0a22bdfa3e92c996b.js (30)
[0509/140758:INFO:CONSOLE(30)] "%c2020-05-09T06:07:58.298Z [imlog] INFO: POST //pull.ke.qq.com/base_pull?bkn=354888392&t=0.3596 200 105ms", source: https://7.url.cn/edu/teacher-client/index_ecc0a22bdfa3e92c996b.js (30)
[0509/140808:INFO:CONSOLE(30)] "%c2020-05-09T06:08:08.399Z [imlog] INFO: POST //pull.ke.qq.com/base_pull?bkn=354888392&t=0.0812 200 100ms", source: https://7.url.cn/edu/teacher-client/index_ecc0a22bdfa3e92c996b.js (30)
[0509/140816:INFO:CONSOLE(30)] "%c2020-05-09T06:08:16.150Z [impush-client] ERROR: push room_seq 丢失", source: https://7.url.cn/edu/teacher-client/index_ecc0a22bdfa3e92c996b.js (30)
[0509/140817:INFO:CONSOLE(30)] "%c2020-05-09T06:08:17.052Z [imlog] INFO: post //report.edu.qq.com/data_report/web_report 200 180ms", source: https://7.url.cn/edu/teacher-client/index_ecc0a22bdfa3e92c996b.js (30)
[0509/140818:INFO:CONSOLE(30)] "%c2020-05-09T06:08:18.505Z [imlog] INFO: POST //pull.ke.qq.com/base_pull?bkn=354888392&t=0.6499 200 105ms", source: https://7.url.cn/edu/teacher-client/index_ecc0a22bdfa3e92c996b.js (30)
[0509/140828:INFO:CONSOLE(30)] "%c2020-05-09T06:08:28.608Z [imlog] INFO: POST //pull.ke.qq.com/base_pull?bkn=354888392&t=0.1697 200 99ms", source: https://7.url.cn/edu/teacher-client/index_ecc0a22bdfa3e92c996b.js (30)
[0509/140838:INFO:CONSOLE(30)] "%c2020-05-09T06:08:38.144Z [imlog] INFO: post //report.edu.qq.com/data_report/web_report 200 197ms", source: https://7.url.cn/edu/teacher-client/index_ecc0a22bdfa3e92c996b.js (30)
[0509/140838:INFO:CONSOLE(30)] "%c2020-05-09T06:08:38.711Z [imlog] INFO: POST //pull.ke.qq.com/base_pull?bkn=354888392&t=0.8639 200 99ms", source: https://7.url.cn/edu/teacher-client/index_ecc0a22bdfa3e92c996b.js (30)
[0509/140848:INFO:CONSOLE(30)] "%c2020-05-09T06:08:48.811Z [imlog] INFO: POST //pull.ke.qq.com/base_pull?bkn=354888392&t=0.0491 200 97ms", source: https://7.url.cn/edu/teacher-client/index_ecc0a22bdfa3e92c996b.js (30)
[0509/140854:INFO:CONSOLE(30)] "%c2020-05-09T06:08:54.755Z [imlog] INFO: post //report.edu.qq.com/data_report/web_report 200 193ms", source: https://7.url.cn/edu/teacher-client/index_ecc0a22bdfa3e92c996b.js (30)
[0509/140858:INFO:CONSOLE(30)] "%c2020-05-09T06:08:58.914Z [imlog] INFO: POST //pull.ke.qq.com/base_pull?bkn=354888392&t=0.8833 200 99ms", source: https://7.url.cn/edu/teacher-client/index_ecc0a22bdfa3e92c996b.js (30)
[0509/140909:INFO:CONSOLE(30)] "%c2020-05-09T06:09:09.023Z [imlog] INFO: POST //pull.ke.qq.com/base_pull?bkn=354888392&t=0.6540 200 103ms", source: https://7.url.cn/edu/teacher-client/index_ecc0a22bdfa3e92c996b.js (30)
[0509/140919:INFO:CONSOLE(30)] "%c2020-05-09T06:09:19.130Z [imlog] INFO: POST //pull.ke.qq.com/base_pull?bkn=354888392&t=0.1760 200 104ms", source: https://7.url.cn/edu/teacher-client/index_ecc0a22bdfa3e92c996b.js (30)
[0509/140929:INFO:CONSOLE(30)] "%c2020-05-09T06:09:29.233Z [imlog] INFO: POST //pull.ke.qq.com/base_pull?bkn=354888392&t=0.8281 200 100ms", source: https://7.url.cn/edu/teacher-client/index_ecc0a22bdfa3e92c996b.js (30)
[0509/140933:INFO:CONSOLE(30)] "%c2020-05-09T06:09:33.810Z [imlog] INFO: post //report.edu.qq.com/data_report/web_report 200 176ms", source: https://7.url.cn/edu/teacher-client/index_ecc0a22bdfa3e92c996b.js (30)
[0509/140939:INFO:CONSOLE(30)] "%c2020-05-09T06:09:39.334Z [imlog] INFO: POST //pull.ke.qq.com/base_pull?bkn=354888392&t=0.4062 200 99ms", source: https://7.url.cn/edu/teacher-client/index_ecc0a22bdfa3e92c996b.js (30)
[0509/140949:INFO:CONSOLE(30)] "%c2020-05-09T06:09:49.436Z [imlog] INFO: POST //pull.ke.qq.com/base_pull?bkn=354888392&t=0.9329 200 97ms", source: https://7.url.cn/edu/teacher-client/index_ecc0a22bdfa3e92c996b.js (30)
[0509/140959:INFO:CONSOLE(30)] "%c2020-05-09T06:09:59.538Z [imlog] INFO: POST //pull.ke.qq.com/base_pull?bkn=354888392&t=0.2609 200 100ms", source: https://7.url.cn/edu/teacher-client/index_ecc0a22bdfa3e92c996b.js (30)
[0509/141002:INFO:CONSOLE(30)] "%c2020-05-09T06:10:02.547Z [imlog] INFO: post //report.edu.qq.com/data_report/web_report 200 175ms", source: https://7.url.cn/edu/teacher-client/index_ecc0a22bdfa3e92c996b.js (30)
[0509/141009:INFO:CONSOLE(30)] "%c2020-05-09T06:10:09.637Z [imlog] INFO: POST //pull.ke.qq.com/base_pull?bkn=354888392&t=0.2300 200 97ms", source: https://7.url.cn/edu/teacher-client/index_ecc0a22bdfa3e92c996b.js (30)
[0509/141019:INFO:CONSOLE(30)] "%c2020-05-09T06:10:19.739Z [imlog] INFO: POST //pull.ke.qq.com/base_pull?bkn=354888392&t=0.1391 200 99ms", source: https://7.url.cn/edu/teacher-client/index_ecc0a22bdfa3e92c996b.js (30)
[0509/141021:INFO:CONSOLE(30)] "%c2020-05-09T06:10:21.916Z [imlog] INFO: post //report.edu.qq.com/data_report/web_report 200 192ms", source: https://7.url.cn/edu/teacher-client/index_ecc0a22bdfa3e92c996b.js (30)
[0509/141024:INFO:CONSOLE(30)] "%c2020-05-09T06:10:24.917Z [imlog] INFO: post //report.edu.qq.com/data_report/web_report 200 97ms", source: https://7.url.cn/edu/teacher-client/index_ecc0a22bdfa3e92c996b.js (30)
[0509/141029:INFO:CONSOLE(30)] "%c2020-05-09T06:10:29.847Z [imlog] INFO: POST //pull.ke.qq.com/base_pull?bkn=354888392&t=0.0260 200 104ms", source: https://7.url.cn/edu/teacher-client/index_ecc0a22bdfa3e92c996b.js (30)
[0509/141030:INFO:CONSOLE(30)] "%c2020-05-09T06:10:30.185Z [imlog] INFO: post //report.edu.qq.com/data_report/web_report 200 175ms", source: https://7.url.cn/edu/teacher-client/index_ecc0a22bdfa3e92c996b.js (30)
[0509/141031:INFO:CONSOLE(30)] "%c2020-05-09T06:10:31.941Z [imlog] INFO: post //report.edu.qq.com/data_report/web_report 200 114ms", source: https://7.url.cn/edu/teacher-client/index_ecc0a22bdfa3e92c996b.js (30)
[0509/141033:INFO:CONSOLE(30)] "%c2020-05-09T06:10:33.684Z [imlog] INFO: post //report.edu.qq.com/data_report/web_report 200 88ms", source: https://7.url.cn/edu/teacher-client/index_ecc0a22bdfa3e92c996b.js (30)
[0509/141037:INFO:CONSOLE(30)] "%c2020-05-09T06:10:37.224Z [imlog] INFO: post //report.edu.qq.com/data_report/web_report 200 211ms", source: https://7.url.cn/edu/teacher-client/index_ecc0a22bdfa3e92c996b.js (30)
[0509/141038:INFO:CONSOLE(30)] "%c2020-05-09T06:10:38.395Z [imlog] INFO: post //report.edu.qq.com/data_report/web_report 200 240ms", source: https://7.url.cn/edu/teacher-client/index_ecc0a22bdfa3e92c996b.js (30)
[0509/141039:INFO:CONSOLE(30)] "%c2020-05-09T06:10:39.328Z [imlog] INFO: post //report.edu.qq.com/data_report/web_report 200 92ms", source: https://7.url.cn/edu/teacher-client/index_ecc0a22bdfa3e92c996b.js (30)
[0509/141039:INFO:CONSOLE(30)] "%c2020-05-09T06:10:39.961Z [imlog] INFO: POST //pull.ke.qq.com/base_pull?bkn=354888392&t=0.7130 200 98ms", source: https://7.url.cn/edu/teacher-client/index_ecc0a22bdfa3e92c996b.js (30)
[0509/141040:INFO:CONSOLE(30)] "%c2020-05-09T06:10:40.828Z [imlog] INFO: post //report.edu.qq.com/data_report/web_report 200 91ms", source: https://7.url.cn/edu/teacher-client/index_ecc0a22bdfa3e92c996b.js (30)
[0509/141050:INFO:CONSOLE(30)] "%c2020-05-09T06:10:50.060Z [imlog] INFO: POST //pull.ke.qq.com/base_pull?bkn=354888392&t=0.9438 200 97ms", source: https://7.url.cn/edu/teacher-client/index_ecc0a22bdfa3e92c996b.js (30)
[0509/141100:INFO:CONSOLE(30)] "%c2020-05-09T06:11:00.168Z [imlog] INFO: POST //pull.ke.qq.com/base_pull?bkn=354888392&t=0.3299 200 102ms", source: https://7.url.cn/edu/teacher-client/index_ecc0a22bdfa3e92c996b.js (30)
[0509/141110:INFO:CONSOLE(30)] "%c2020-05-09T06:11:10.270Z [imlog] INFO: POST //pull.ke.qq.com/base_pull?bkn=354888392&t=0.3051 200 99ms", source: https://7.url.cn/edu/teacher-client/index_ecc0a22bdfa3e92c996b.js (30)
[0509/141117:INFO:CONSOLE(30)] "%c2020-05-09T06:11:17.807Z [imlog] INFO: post //report.edu.qq.com/data_report/web_report 200 180ms", source: https://7.url.cn/edu/teacher-client/index_ecc0a22bdfa3e92c996b.js (30)
[0509/141119:INFO:CONSOLE(30)] "%c2020-05-09T06:11:19.196Z [imlog] INFO: post //report.edu.qq.com/data_report/web_report 200 105ms", source: https://7.url.cn/edu/teacher-client/index_ecc0a22bdfa3e92c996b.js (30)
[0509/141120:INFO:CONSOLE(30)] "%c2020-05-09T06:11:20.378Z [imlog] INFO: POST //pull.ke.qq.com/base_pull?bkn=354888392&t=0.9166 200 104ms", source: https://7.url.cn/edu/teacher-client/index_ecc0a22bdfa3e92c996b.js (30)
[0509/141120:INFO:CONSOLE(30)] "%c2020-05-09T06:11:20.414Z [imlog] INFO: post //report.edu.qq.com/data_report/web_report 200 105ms", source: https://7.url.cn/edu/teacher-client/index_ecc0a22bdfa3e92c996b.js (30)
[0509/141130:INFO:CONSOLE(30)] "%c2020-05-09T06:11:30.484Z [imlog] INFO: POST //pull.ke.qq.com/base_pull?bkn=354888392&t=0.1518 200 103ms", source: https://7.url.cn/edu/teacher-client/index_ecc0a22bdfa3e92c996b.js (30)
[0509/141140:INFO:CONSOLE(30)] "%c2020-05-09T06:11:40.584Z [imlog] INFO: POST //pull.ke.qq.com/base_pull?bkn=354888392&t=0.0851 200 98ms", source: https://7.url.cn/edu/teacher-client/index_ecc0a22bdfa3e92c996b.js (30)
[0509/141150:INFO:CONSOLE(30)] "%c2020-05-09T06:11:50.687Z [imlog] INFO: POST //pull.ke.qq.com/base_pull?bkn=354888392&t=0.2312 200 99ms", source: https://7.url.cn/edu/teacher-client/index_ecc0a22bdfa3e92c996b.js (30)
[0509/141158:INFO:CONSOLE(30)] "%c2020-05-09T06:11:58.321Z [imlog] INFO: post //report.edu.qq.com/data_report/web_report 200 185ms", source: https://7.url.cn/edu/teacher-client/index_ecc0a22bdfa3e92c996b.js (30)
[0509/141200:INFO:CONSOLE(30)] "%c2020-05-09T06:12:00.791Z [imlog] INFO: POST //pull.ke.qq.com/base_pull?bkn=354888392&t=0.0233 200 101ms", source: https://7.url.cn/edu/teacher-client/index_ecc0a22bdfa3e92c996b.js (30)
[0509/141202:INFO:CONSOLE(30)] "%c2020-05-09T06:12:02.027Z [imlog] INFO: post //report.edu.qq.com/data_report/web_report 200 87ms", source: https://7.url.cn/edu/teacher-client/index_ecc0a22bdfa3e92c996b.js (30)
[0509/141209:INFO:CONSOLE(30)] "%c2020-05-09T06:12:09.812Z [imlog] INFO: post //report.edu.qq.com/data_report/web_report 200 184ms", source: https://7.url.cn/edu/teacher-client/index_ecc0a22bdfa3e92c996b.js (30)
[0509/141210:INFO:CONSOLE(30)] "%c2020-05-09T06:12:10.893Z [imlog] INFO: POST //pull.ke.qq.com/base_pull?bkn=354888392&t=0.9769 200 99ms", source: https://7.url.cn/edu/teacher-client/index_ecc0a22bdfa3e92c996b.js (30)
[0509/141221:INFO:CONSOLE(30)] "%c2020-05-09T06:12:20.999Z [imlog] INFO: POST //pull.ke.qq.com/base_pull?bkn=354888392&t=0.2353 200 99ms", source: https://7.url.cn/edu/teacher-client/index_ecc0a22bdfa3e92c996b.js (30)
[0509/141221:INFO:CONSOLE(30)] "%c2020-05-09T06:12:21.816Z [imlog] INFO: post //report.edu.qq.com/data_report/web_report 200 194ms", source: https://7.url.cn/edu/teacher-client/index_ecc0a22bdfa3e92c996b.js (30)
[0509/141231:INFO:CONSOLE(30)] "%c2020-05-09T06:12:31.108Z [imlog] INFO: POST //pull.ke.qq.com/base_pull?bkn=354888392&t=0.2478 200 105ms", source: https://7.url.cn/edu/teacher-client/index_ecc0a22bdfa3e92c996b.js (30)
[0509/141241:INFO:CONSOLE(30)] "%c2020-05-09T06:12:41.214Z [imlog] INFO: POST //pull.ke.qq.com/base_pull?bkn=354888392&t=0.3454 200 104ms", source: https://7.url.cn/edu/teacher-client/index_ecc0a22bdfa3e92c996b.js (30)
[0509/141247:INFO:CONSOLE(30)] "%c2020-05-09T06:12:47.978Z [imlog] INFO: post //report.edu.qq.com/data_report/web_report 200 191ms", source: https://7.url.cn/edu/teacher-client/index_ecc0a22bdfa3e92c996b.js (30)
[0509/141249:INFO:CONSOLE(30)] "%c2020-05-09T06:12:49.536Z [imlog] INFO: post //report.edu.qq.com/data_report/web_report 200 91ms", source: https://7.url.cn/edu/teacher-client/index_ecc0a22bdfa3e92c996b.js (30)
[0509/141251:INFO:CONSOLE(30)] "%c2020-05-09T06:12:51.321Z [imlog] INFO: POST //pull.ke.qq.com/base_pull?bkn=354888392&t=0.9655 200 104ms", source: https://7.url.cn/edu/teacher-client/index_ecc0a22bdfa3e92c996b.js (30)
[0509/141301:INFO:CONSOLE(30)] "%c2020-05-09T06:13:01.425Z [imlog] INFO: POST //pull.ke.qq.com/base_pull?bkn=354888392&t=0.5916 200 101ms", source: https://7.url.cn/edu/teacher-client/index_ecc0a22bdfa3e92c996b.js (30)
[0509/141311:INFO:CONSOLE(30)] "%c2020-05-09T06:13:11.532Z [imlog] INFO: POST //pull.ke.qq.com/base_pull?bkn=354888392&t=0.7976 200 103ms", source: https://7.url.cn/edu/teacher-client/index_ecc0a22bdfa3e92c996b.js (30)
[0509/141312:INFO:CONSOLE(30)] "%c2020-05-09T06:13:12.729Z [imlog] INFO: post //report.edu.qq.com/data_report/web_report 200 170ms", source: https://7.url.cn/edu/teacher-client/index_ecc0a22bdfa3e92c996b.js (30)
[0509/141321:INFO:CONSOLE(30)] "%c2020-05-09T06:13:21.260Z [imlog] INFO: post //report.edu.qq.com/data_report/web_report 200 206ms", source: https://7.url.cn/edu/teacher-client/index_ecc0a22bdfa3e92c996b.js (30)
[0509/141321:INFO:CONSOLE(30)] "%c2020-05-09T06:13:21.637Z [imlog] INFO: POST //pull.ke.qq.com/base_pull?bkn=354888392&t=0.7681 200 102ms", source: https://7.url.cn/edu/teacher-client/index_ecc0a22bdfa3e92c996b.js (30)
[0509/141331:INFO:CONSOLE(30)] "%c2020-05-09T06:13:31.742Z [imlog] INFO: POST //pull.ke.qq.com/base_pull?bkn=354888392&t=0.3095 200 103ms", source: https://7.url.cn/edu/teacher-client/index_ecc0a22bdfa3e92c996b.js (30)
[0509/141341:INFO:CONSOLE(30)] "%c2020-05-09T06:13:41.849Z [imlog] INFO: POST //pull.ke.qq.com/base_pull?bkn=354888392&t=0.8492 200 105ms", source: https://7.url.cn/edu/teacher-client/index_ecc0a22bdfa3e92c996b.js (30)
[0509/141351:INFO:CONSOLE(30)] "%c2020-05-09T06:13:51.954Z [imlog] INFO: POST //pull.ke.qq.com/base_pull?bkn=354888392&t=0.9058 200 103ms", source: https://7.url.cn/edu/teacher-client/index_ecc0a22bdfa3e92c996b.js (30)
[0509/141357:INFO:CONSOLE(30)] "%c2020-05-09T06:13:57.893Z [imlog] INFO: post //report.edu.qq.com/data_report/web_report 200 184ms", source: https://7.url.cn/edu/teacher-client/index_ecc0a22bdfa3e92c996b.js (30)
[0509/141402:INFO:CONSOLE(30)] "%c2020-05-09T06:14:02.061Z [imlog] INFO: POST //pull.ke.qq.com/base_pull?bkn=354888392&t=0.3146 200 103ms", source: https://7.url.cn/edu/teacher-client/index_ecc0a22bdfa3e92c996b.js (30)
[0509/141412:INFO:CONSOLE(30)] "%c2020-05-09T06:14:12.167Z [imlog] INFO: POST //pull.ke.qq.com/base_pull?bkn=354888392&t=0.4346 200 103ms", source: https://7.url.cn/edu/teacher-client/index_ecc0a22bdfa3e92c996b.js (30)
[0509/141413:INFO:CONSOLE(30)] "%c2020-05-09T06:14:13.674Z [imlog] INFO: post //report.edu.qq.com/data_report/web_report 200 181ms", source: https://7.url.cn/edu/teacher-client/index_ecc0a22bdfa3e92c996b.js (30)
[0509/141414:INFO:CONSOLE(30)] "%c2020-05-09T06:14:14.849Z [imlog] INFO: post //report.edu.qq.com/data_report/web_report 200 87ms", source: https://7.url.cn/edu/teacher-client/index_ecc0a22bdfa3e92c996b.js (30)
[0509/141422:INFO:CONSOLE(30)] "%c2020-05-09T06:14:22.274Z [imlog] INFO: POST //pull.ke.qq.com/base_pull?bkn=354888392&t=0.4096 200 103ms", source: https://7.url.cn/edu/teacher-client/index_ecc0a22bdfa3e92c996b.js (30)
[0509/141432:INFO:CONSOLE(30)] "%c2020-05-09T06:14:32.377Z [imlog] INFO: POST //pull.ke.qq.com/base_pull?bkn=354888392&t=0.4425 200 100ms", source: https://7.url.cn/edu/teacher-client/index_ecc0a22bdfa3e92c996b.js (30)
[0509/141442:INFO:CONSOLE(30)] "%c2020-05-09T06:14:42.478Z [imlog] INFO: POST //pull.ke.qq.com/base_pull?bkn=354888392&t=0.8893 200 97ms", source: https://7.url.cn/edu/teacher-client/index_ecc0a22bdfa3e92c996b.js (30)
[0509/141452:INFO:CONSOLE(30)] "%c2020-05-09T06:14:52.582Z [imlog] INFO: POST //pull.ke.qq.com/base_pull?bkn=354888392&t=0.5150 200 102ms", source: https://7.url.cn/edu/teacher-client/index_ecc0a22bdfa3e92c996b.js (30)
[0509/141502:INFO:CONSOLE(30)] "%c2020-05-09T06:15:02.687Z [imlog] INFO: POST //pull.ke.qq.com/base_pull?bkn=354888392&t=0.4207 200 100ms", source: https://7.url.cn/edu/teacher-client/index_ecc0a22bdfa3e92c996b.js (30)
[0509/141505:INFO:CONSOLE(30)] "%c2020-05-09T06:15:05.195Z [imlog] INFO: post //report.edu.qq.com/data_report/web_report 200 178ms", source: https://7.url.cn/edu/teacher-client/index_ecc0a22bdfa3e92c996b.js (30)
[0509/141511:INFO:CONSOLE(30)] "%c2020-05-09T06:15:11.276Z [imlog] INFO: post //report.edu.qq.com/data_report/web_report 200 179ms", source: https://7.url.cn/edu/teacher-client/index_ecc0a22bdfa3e92c996b.js (30)
[0509/141512:INFO:CONSOLE(30)] "%c2020-05-09T06:15:12.798Z [imlog] INFO: POST //pull.ke.qq.com/base_pull?bkn=354888392&t=0.8115 200 108ms", source: https://7.url.cn/edu/teacher-client/index_ecc0a22bdfa3e92c996b.js (30)
[0509/141522:INFO:CONSOLE(30)] "%c2020-05-09T06:15:22.901Z [imlog] INFO: POST //pull.ke.qq.com/base_pull?bkn=354888392&t=0.4950 200 100ms", source: https://7.url.cn/edu/teacher-client/index_ecc0a22bdfa3e92c996b.js (30)
[0509/141525:INFO:CONSOLE(30)] "%c2020-05-09T06:15:25.088Z [imlog] INFO: post //report.edu.qq.com/data_report/web_report 200 192ms", source: https://7.url.cn/edu/teacher-client/index_ecc0a22bdfa3e92c996b.js (30)
[0509/141533:INFO:CONSOLE(30)] "%c2020-05-09T06:15:33.003Z [imlog] INFO: POST //pull.ke.qq.com/base_pull?bkn=354888392&t=0.7123 200 99ms", source: https://7.url.cn/edu/teacher-client/index_ecc0a22bdfa3e92c996b.js (30)
[0509/141541:INFO:CONSOLE(30)] "%c2020-05-09T06:15:41.540Z [imlog] INFO: post //report.edu.qq.com/data_report/web_report 200 205ms", source: https://7.url.cn/edu/teacher-client/index_ecc0a22bdfa3e92c996b.js (30)
[0509/141543:INFO:CONSOLE(30)] "%c2020-05-09T06:15:43.103Z [imlog] INFO: POST //pull.ke.qq.com/base_pull?bkn=354888392&t=0.7730 200 99ms", source: https://7.url.cn/edu/teacher-client/index_ecc0a22bdfa3e92c996b.js (30)
[0509/141553:INFO:CONSOLE(30)] "%c2020-05-09T06:15:53.209Z [imlog] INFO: POST //pull.ke.qq.com/base_pull?bkn=354888392&t=0.6575 200 102ms", source: https://7.url.cn/edu/teacher-client/index_ecc0a22bdfa3e92c996b.js (30)
[0509/141603:INFO:CONSOLE(30)] "%c2020-05-09T06:16:03.311Z [imlog] INFO: POST //pull.ke.qq.com/base_pull?bkn=354888392&t=0.2454 200 99ms", source: https://7.url.cn/edu/teacher-client/index_ecc0a22bdfa3e92c996b.js (30)
[0509/141613:INFO:CONSOLE(30)] "%c2020-05-09T06:16:13.415Z [imlog] INFO: POST //pull.ke.qq.com/base_pull?bkn=354888392&t=0.9916 200 100ms", source: https://7.url.cn/edu/teacher-client/index_ecc0a22bdfa3e92c996b.js (30)
[0509/141617:INFO:CONSOLE(30)] "%c2020-05-09T06:16:17.254Z [imlog] INFO: post //report.edu.qq.com/data_report/web_report 200 188ms", source: https://7.url.cn/edu/teacher-client/index_ecc0a22bdfa3e92c996b.js (30)
[0509/141623:INFO:CONSOLE(30)] "%c2020-05-09T06:16:23.518Z [imlog] INFO: POST //pull.ke.qq.com/base_pull?bkn=354888392&t=0.9033 200 100ms", source: https://7.url.cn/edu/teacher-client/index_ecc0a22bdfa3e92c996b.js (30)
[0509/141633:INFO:CONSOLE(30)] "%c2020-05-09T06:16:33.622Z [imlog] INFO: POST //pull.ke.qq.com/base_pull?bkn=354888392&t=0.1707 200 99ms", source: https://7.url.cn/edu/teacher-client/index_ecc0a22bdfa3e92c996b.js (30)
[0509/141643:INFO:CONSOLE(30)] "%c2020-05-09T06:16:43.723Z [imlog] INFO: POST //pull.ke.qq.com/base_pull?bkn=354888392&t=0.7150 200 99ms", source: https://7.url.cn/edu/teacher-client/index_ecc0a22bdfa3e92c996b.js (30)
[0509/141653:INFO:CONSOLE(30)] "%c2020-05-09T06:16:53.824Z [imlog] INFO: POST //pull.ke.qq.com/base_pull?bkn=354888392&t=0.3297 200 99ms", source: https://7.url.cn/edu/teacher-client/index_ecc0a22bdfa3e92c996b.js (30)
[0509/141703:INFO:CONSOLE(30)] "%c2020-05-09T06:17:03.930Z [imlog] INFO: POST //pull.ke.qq.com/base_pull?bkn=354888392&t=0.0659 200 103ms", source: https://7.url.cn/edu/teacher-client/index_ecc0a22bdfa3e92c996b.js (30)
[0509/141711:INFO:CONSOLE(30)] "%c2020-05-09T06:17:11.564Z [imlog] INFO: post //report.edu.qq.com/data_report/web_report 200 1189ms", source: https://7.url.cn/edu/teacher-client/index_ecc0a22bdfa3e92c996b.js (30)
[0509/141711:INFO:CONSOLE(30)] "%c2020-05-09T06:17:11.924Z [imlog] INFO: post //report.edu.qq.com/data_report/web_report 200 96ms", source: https://7.url.cn/edu/teacher-client/index_ecc0a22bdfa3e92c996b.js (30)
[0509/141713:INFO:CONSOLE(30)] "%c2020-05-09T06:17:13.363Z [impush-client] ERROR: push room_seq 丢失", source: https://7.url.cn/edu/teacher-client/index_ecc0a22bdfa3e92c996b.js (30)
[0509/141714:INFO:CONSOLE(30)] "%c2020-05-09T06:17:14.033Z [imlog] INFO: POST //pull.ke.qq.com/base_pull?bkn=354888392&t=0.0277 200 101ms", source: https://7.url.cn/edu/teacher-client/index_ecc0a22bdfa3e92c996b.js (30)
[0509/141714:INFO:CONSOLE(30)] "%c2020-05-09T06:17:14.198Z [imlog] INFO: post //report.edu.qq.com/data_report/web_report 200 95ms", source: https://7.url.cn/edu/teacher-client/index_ecc0a22bdfa3e92c996b.js (30)
[0509/141716:INFO:CONSOLE(30)] "%c2020-05-09T06:17:16.777Z [imlog] INFO: post //report.edu.qq.com/data_report/web_report 200 209ms", source: https://7.url.cn/edu/teacher-client/index_ecc0a22bdfa3e92c996b.js (30)
[0509/141724:INFO:CONSOLE(30)] "%c2020-05-09T06:17:24.140Z [imlog] INFO: POST //pull.ke.qq.com/base_pull?bkn=354888392&t=0.5598 200 104ms", source: https://7.url.cn/edu/teacher-client/index_ecc0a22bdfa3e92c996b.js (30)
[0509/141731:INFO:CONSOLE(30)] "%c2020-05-09T06:17:31.265Z [imlog] INFO: post //report.edu.qq.com/data_report/web_report 200 185ms", source: https://7.url.cn/edu/teacher-client/index_ecc0a22bdfa3e92c996b.js (30)
[0509/141732:INFO:CONSOLE(30)] "%c2020-05-09T06:17:32.486Z [imlog] INFO: post //report.edu.qq.com/data_report/web_report 200 90ms", source: https://7.url.cn/edu/teacher-client/index_ecc0a22bdfa3e92c996b.js (30)
[0509/141734:INFO:CONSOLE(30)] "%c2020-05-09T06:17:34.243Z [imlog] INFO: POST //pull.ke.qq.com/base_pull?bkn=354888392&t=0.0143 200 99ms", source: https://7.url.cn/edu/teacher-client/index_ecc0a22bdfa3e92c996b.js (30)
[0509/141734:INFO:CONSOLE(30)] "%c2020-05-09T06:17:34.726Z [imlog] INFO: post //report.edu.qq.com/data_report/web_report 200 88ms", source: https://7.url.cn/edu/teacher-client/index_ecc0a22bdfa3e92c996b.js (30)
[0509/141739:INFO:CONSOLE(30)] "%c2020-05-09T06:17:39.853Z [imlog] INFO: post //report.edu.qq.com/data_report/web_report 200 183ms", source: https://7.url.cn/edu/teacher-client/index_ecc0a22bdfa3e92c996b.js (30)
[0509/141741:INFO:CONSOLE(30)] "%c2020-05-09T06:17:41.734Z [imlog] INFO: post //report.edu.qq.com/data_report/web_report 200 89ms", source: https://7.url.cn/edu/teacher-client/index_ecc0a22bdfa3e92c996b.js (30)
[0509/141744:INFO:CONSOLE(30)] "%c2020-05-09T06:17:44.347Z [imlog] INFO: POST //pull.ke.qq.com/base_pull?bkn=354888392&t=0.0226 200 99ms", source: https://7.url.cn/edu/teacher-client/index_ecc0a22bdfa3e92c996b.js (30)
[0509/141744:INFO:CONSOLE(30)] "%c2020-05-09T06:17:44.631Z [imlog] INFO: post //report.edu.qq.com/data_report/web_report 200 96ms", source: https://7.url.cn/edu/teacher-client/index_ecc0a22bdfa3e92c996b.js (30)
[0509/141754:INFO:CONSOLE(30)] "%c2020-05-09T06:17:54.451Z [imlog] INFO: POST //pull.ke.qq.com/base_pull?bkn=354888392&t=0.3051 200 99ms", source: https://7.url.cn/edu/teacher-client/index_ecc0a22bdfa3e92c996b.js (30)
[0509/141755:INFO:CONSOLE(30)] "%c2020-05-09T06:17:55.245Z [imlog] INFO: post //report.edu.qq.com/data_report/web_report 200 181ms", source: https://7.url.cn/edu/teacher-client/index_ecc0a22bdfa3e92c996b.js (30)
[0509/141756:INFO:CONSOLE(30)] "%c2020-05-09T06:17:56.684Z [imlog] INFO: post //report.edu.qq.com/data_report/web_report 200 93ms", source: https://7.url.cn/edu/teacher-client/index_ecc0a22bdfa3e92c996b.js (30)
[0509/141804:INFO:CONSOLE(30)] "%c2020-05-09T06:18:04.553Z [imlog] INFO: POST //pull.ke.qq.com/base_pull?bkn=354888392&t=0.5352 200 99ms", source: https://7.url.cn/edu/teacher-client/index_ecc0a22bdfa3e92c996b.js (30)
[0509/141814:INFO:CONSOLE(30)] "%c2020-05-09T06:18:14.659Z [imlog] INFO: POST //pull.ke.qq.com/base_pull?bkn=354888392&t=0.8952 200 102ms", source: https://7.url.cn/edu/teacher-client/index_ecc0a22bdfa3e92c996b.js (30)
[0509/141824:INFO:CONSOLE(30)] "%c2020-05-09T06:18:24.757Z [imlog] INFO: POST //pull.ke.qq.com/base_pull?bkn=354888392&t=0.0811 200 97ms", source: https://7.url.cn/edu/teacher-client/index_ecc0a22bdfa3e92c996b.js (30)
[0509/141834:INFO:CONSOLE(30)] "%c2020-05-09T06:18:34.859Z [imlog] INFO: POST //pull.ke.qq.com/base_pull?bkn=354888392&t=0.3002 200 99ms", source: https://7.url.cn/edu/teacher-client/index_ecc0a22bdfa3e92c996b.js (30)
[0509/141836:INFO:CONSOLE(30)] "%c2020-05-09T06:18:36.677Z [imlog] INFO: post //report.edu.qq.com/data_report/web_report 200 189ms", source: https://7.url.cn/edu/teacher-client/index_ecc0a22bdfa3e92c996b.js (30)
[0509/141839:INFO:CONSOLE(30)] "%c2020-05-09T06:18:39.115Z [imlog] INFO: post //report.edu.qq.com/data_report/web_report 200 91ms", source: https://7.url.cn/edu/teacher-client/index_ecc0a22bdfa3e92c996b.js (30)
[0509/141844:INFO:CONSOLE(30)] "%c2020-05-09T06:18:44.960Z [imlog] INFO: POST //pull.ke.qq.com/base_pull?bkn=354888392&t=0.7438 200 97ms", source: https://7.url.cn/edu/teacher-client/index_ecc0a22bdfa3e92c996b.js (30)
[0509/141855:INFO:CONSOLE(30)] "%c2020-05-09T06:18:55.062Z [imlog] INFO: POST //pull.ke.qq.com/base_pull?bkn=354888392&t=0.9339 200 100ms", source: https://7.url.cn/edu/teacher-client/index_ecc0a22bdfa3e92c996b.js (30)
[0509/141858:INFO:CONSOLE(30)] "%c2020-05-09T06:18:58.551Z [imlog] INFO: post //report.edu.qq.com/data_report/web_report 200 194ms", source: https://7.url.cn/edu/teacher-client/index_ecc0a22bdfa3e92c996b.js (30)
[0509/141904:INFO:CONSOLE(30)] "%c2020-05-09T06:19:04.897Z [imlog] INFO: post //report.edu.qq.com/data_report/web_report 200 189ms", source: https://7.url.cn/edu/teacher-client/index_ecc0a22bdfa3e92c996b.js (30)
[0509/141905:INFO:CONSOLE(30)] "%c2020-05-09T06:19:05.166Z [imlog] INFO: POST //pull.ke.qq.com/base_pull?bkn=354888392&t=0.9627 200 99ms", source: https://7.url.cn/edu/teacher-client/index_ecc0a22bdfa3e92c996b.js (30)
[0509/141915:INFO:CONSOLE(30)] "%c2020-05-09T06:19:15.275Z [imlog] INFO: POST //pull.ke.qq.com/base_pull?bkn=354888392&t=0.7123 200 106ms", source: https://7.url.cn/edu/teacher-client/index_ecc0a22bdfa3e92c996b.js (30)
[0509/141925:INFO:CONSOLE(30)] "%c2020-05-09T06:19:25.382Z [imlog] INFO: POST //pull.ke.qq.com/base_pull?bkn=354888392&t=0.4422 200 104ms", source: https://7.url.cn/edu/teacher-client/index_ecc0a22bdfa3e92c996b.js (30)
[0509/141934:INFO:CONSOLE(30)] "%c2020-05-09T06:19:34.466Z [imlog] INFO: post //report.edu.qq.com/data_report/web_report 200 197ms", source: https://7.url.cn/edu/teacher-client/index_ecc0a22bdfa3e92c996b.js (30)
[0509/141935:INFO:CONSOLE(30)] "%c2020-05-09T06:19:35.484Z [imlog] INFO: POST //pull.ke.qq.com/base_pull?bkn=354888392&t=0.4900 200 100ms", source: https://7.url.cn/edu/teacher-client/index_ecc0a22bdfa3e92c996b.js (30)
[0509/141945:INFO:CONSOLE(30)] "%c2020-05-09T06:19:45.586Z [imlog] INFO: POST //pull.ke.qq.com/base_pull?bkn=354888392&t=0.4245 200 97ms", source: https://7.url.cn/edu/teacher-client/index_ecc0a22bdfa3e92c996b.js (30)
[0509/141955:INFO:CONSOLE(30)] "%c2020-05-09T06:19:55.688Z [imlog] INFO: POST //pull.ke.qq.com/base_pull?bkn=354888392&t=0.4190 200 97ms", source: https://7.url.cn/edu/teacher-client/index_ecc0a22bdfa3e92c996b.js (30)
[0509/142000:INFO:CONSOLE(0)] "XMLHttpRequest cannot load https://report.edu.qq.com/data_report/web_report. No 'Access-Control-Allow-Origin' header is present on the requested resource. Origin 'https://ke.qq.com' is therefore not allowed access. The response had HTTP status code 502.", source: https://ke.qq.com/teacher-client/index.html?cid=1656387&term_id=101756608#usertype=teacher&startTime=1589001919842 (0)
[0509/142000:INFO:CONSOLE(30)] "%c2020-05-09T06:20:00.380Z [imlog] INFO: post //report.edu.qq.com/data_report/web_report 0 189ms", source: https://7.url.cn/edu/teacher-client/index_ecc0a22bdfa3e92c996b.js (30)
[0509/142005:INFO:CONSOLE(30)] "%c2020-05-09T06:20:05.248Z [imlog] INFO: post //report.edu.qq.com/data_report/web_report 200 109ms", source: https://7.url.cn/edu/teacher-client/index_ecc0a22bdfa3e92c996b.js (30)
[0509/142005:INFO:CONSOLE(30)] "%c2020-05-09T06:20:05.791Z [imlog] INFO: POST //pull.ke.qq.com/base_pull?bkn=354888392&t=0.0819 200 101ms", source: https://7.url.cn/edu/teacher-client/index_ecc0a22bdfa3e92c996b.js (30)
[0509/142013:INFO:CONSOLE(30)] "%c2020-05-09T06:20:13.092Z [imlog] INFO: post //report.edu.qq.com/data_report/web_report 200 200ms", source: https://7.url.cn/edu/teacher-client/index_ecc0a22bdfa3e92c996b.js (30)
[0509/142015:INFO:CONSOLE(30)] "%c2020-05-09T06:20:15.895Z [imlog] INFO: POST //pull.ke.qq.com/base_pull?bkn=354888392&t=0.4848 200 100ms", source: https://7.url.cn/edu/teacher-client/index_ecc0a22bdfa3e92c996b.js (30)
[0509/142016:INFO:CONSOLE(30)] "%c2020-05-09T06:20:16.234Z [imlog] INFO: post //report.edu.qq.com/data_report/web_report 200 86ms", source: https://7.url.cn/edu/teacher-client/index_ecc0a22bdfa3e92c996b.js (30)
[0509/142025:INFO:CONSOLE(30)] "%c2020-05-09T06:20:25.098Z [imlog] INFO: post //report.edu.qq.com/data_report/web_report 200 197ms", source: https://7.url.cn/edu/teacher-client/index_ecc0a22bdfa3e92c996b.js (30)
[0509/142025:INFO:CONSOLE(30)] "%c2020-05-09T06:20:25.998Z [imlog] INFO: POST //pull.ke.qq.com/base_pull?bkn=354888392&t=0.0894 200 98ms", source: https://7.url.cn/edu/teacher-client/index_ecc0a22bdfa3e92c996b.js (30)
[0509/142027:INFO:CONSOLE(30)] "%c2020-05-09T06:20:27.667Z [imlog] INFO: post //report.edu.qq.com/data_report/web_report 200 94ms", source: https://7.url.cn/edu/teacher-client/index_ecc0a22bdfa3e92c996b.js (30)
[0509/142032:INFO:CONSOLE(30)] "%c2020-05-09T06:20:32.445Z [imlog] INFO: post //report.edu.qq.com/data_report/web_report 200 197ms", source: https://7.url.cn/edu/teacher-client/index_ecc0a22bdfa3e92c996b.js (30)
[0509/142034:INFO:CONSOLE(30)] "%c2020-05-09T06:20:34.957Z [imlog] INFO: post //report.edu.qq.com/data_report/web_report 200 90ms", source: https://7.url.cn/edu/teacher-client/index_ecc0a22bdfa3e92c996b.js (30)
[0509/142036:INFO:CONSOLE(30)] "%c2020-05-09T06:20:36.101Z [imlog] INFO: POST //pull.ke.qq.com/base_pull?bkn=354888392&t=0.6126 200 101ms", source: https://7.url.cn/edu/teacher-client/index_ecc0a22bdfa3e92c996b.js (30)
[0509/142037:INFO:CONSOLE(30)] "%c2020-05-09T06:20:37.310Z [imlog] INFO: post //report.edu.qq.com/data_report/web_report 200 91ms", source: https://7.url.cn/edu/teacher-client/index_ecc0a22bdfa3e92c996b.js (30)
[0509/142045:INFO:CONSOLE(30)] "%c2020-05-09T06:20:45.771Z [imlog] INFO: post //report.edu.qq.com/data_report/web_report 200 186ms", source: https://7.url.cn/edu/teacher-client/index_ecc0a22bdfa3e92c996b.js (30)
[0509/142046:INFO:CONSOLE(30)] "%c2020-05-09T06:20:46.202Z [imlog] INFO: POST //pull.ke.qq.com/base_pull?bkn=354888392&t=0.1644 200 97ms", source: https://7.url.cn/edu/teacher-client/index_ecc0a22bdfa3e92c996b.js (30)
[0509/142056:INFO:CONSOLE(30)] "%c2020-05-09T06:20:56.307Z [imlog] INFO: POST //pull.ke.qq.com/base_pull?bkn=354888392&t=0.5495 200 101ms", source: https://7.url.cn/edu/teacher-client/index_ecc0a22bdfa3e92c996b.js (30)
[0509/142056:INFO:CONSOLE(30)] "%c2020-05-09T06:20:56.856Z [imlog] INFO: post //report.edu.qq.com/data_report/web_report 200 411ms", source: https://7.url.cn/edu/teacher-client/index_ecc0a22bdfa3e92c996b.js (30)
[0509/142106:INFO:CONSOLE(30)] "%c2020-05-09T06:21:06.412Z [imlog] INFO: POST //pull.ke.qq.com/base_pull?bkn=354888392&t=0.7284 200 101ms", source: https://7.url.cn/edu/teacher-client/index_ecc0a22bdfa3e92c996b.js (30)
[0509/142106:INFO:CONSOLE(30)] "%c2020-05-09T06:21:06.522Z [imlog] INFO: post //report.edu.qq.com/data_report/web_report 200 283ms", source: https://7.url.cn/edu/teacher-client/index_ecc0a22bdfa3e92c996b.js (30)
[0509/142115:INFO:CONSOLE(30)] "%c2020-05-09T06:21:15.924Z [imlog] INFO: post //report.edu.qq.com/data_report/web_report 200 218ms", source: https://7.url.cn/edu/teacher-client/index_ecc0a22bdfa3e92c996b.js (30)
[0509/142116:INFO:CONSOLE(30)] "%c2020-05-09T06:21:16.520Z [imlog] INFO: POST //pull.ke.qq.com/base_pull?bkn=354888392&t=0.4191 200 104ms", source: https://7.url.cn/edu/teacher-client/index_ecc0a22bdfa3e92c996b.js (30)
[0509/142126:INFO:CONSOLE(30)] "%c2020-05-09T06:21:26.622Z [imlog] INFO: POST //pull.ke.qq.com/base_pull?bkn=354888392&t=0.2793 200 99ms", source: https://7.url.cn/edu/teacher-client/index_ecc0a22bdfa3e92c996b.js (30)
[0509/142136:INFO:CONSOLE(30)] "%c2020-05-09T06:21:36.729Z [imlog] INFO: POST //pull.ke.qq.com/base_pull?bkn=354888392&t=0.5488 200 104ms", source: https://7.url.cn/edu/teacher-client/index_ecc0a22bdfa3e92c996b.js (30)
[0509/142142:INFO:CONSOLE(30)] "%c2020-05-09T06:21:42.887Z [imlog] INFO: post //report.edu.qq.com/data_report/web_report 200 186ms", source: https://7.url.cn/edu/teacher-client/index_ecc0a22bdfa3e92c996b.js (30)
[0509/142146:INFO:CONSOLE(30)] "%c2020-05-09T06:21:46.837Z [imlog] INFO: POST //pull.ke.qq.com/base_pull?bkn=354888392&t=0.5964 200 106ms", source: https://7.url.cn/edu/teacher-client/index_ecc0a22bdfa3e92c996b.js (30)
[0509/142156:INFO:CONSOLE(30)] "%c2020-05-09T06:21:56.946Z [imlog] INFO: POST //pull.ke.qq.com/base_pull?bkn=354888392&t=0.8400 200 103ms", source: https://7.url.cn/edu/teacher-client/index_ecc0a22bdfa3e92c996b.js (30)
[0509/142207:INFO:CONSOLE(30)] "%c2020-05-09T06:22:07.053Z [imlog] INFO: POST //pull.ke.qq.com/base_pull?bkn=354888392&t=0.6336 200 101ms", source: https://7.url.cn/edu/teacher-client/index_ecc0a22bdfa3e92c996b.js (30)
[0509/142212:INFO:CONSOLE(30)] "%c2020-05-09T06:22:12.275Z [imlog] INFO: post //report.edu.qq.com/data_report/web_report 200 181ms", source: https://7.url.cn/edu/teacher-client/index_ecc0a22bdfa3e92c996b.js (30)
[0509/142213:INFO:CONSOLE(30)] "%c2020-05-09T06:22:13.388Z [imlog] INFO: post //report.edu.qq.com/data_report/web_report 200 92ms", source: https://7.url.cn/edu/teacher-client/index_ecc0a22bdfa3e92c996b.js (30)
[0509/142217:INFO:CONSOLE(30)] "%c2020-05-09T06:22:17.153Z [imlog] INFO: POST //pull.ke.qq.com/base_pull?bkn=354888392&t=0.2751 200 98ms", source: https://7.url.cn/edu/teacher-client/index_ecc0a22bdfa3e92c996b.js (30)
[0509/142227:INFO:CONSOLE(30)] "%c2020-05-09T06:22:27.261Z [imlog] INFO: POST //pull.ke.qq.com/base_pull?bkn=354888392&t=0.9083 200 103ms", source: https://7.url.cn/edu/teacher-client/index_ecc0a22bdfa3e92c996b.js (30)
[0509/142237:INFO:CONSOLE(30)] "%c2020-05-09T06:22:37.363Z [imlog] INFO: POST //pull.ke.qq.com/base_pull?bkn=354888392&t=0.0055 200 100ms", source: https://7.url.cn/edu/teacher-client/index_ecc0a22bdfa3e92c996b.js (30)
[0509/142242:INFO:CONSOLE(30)] "%c2020-05-09T06:22:42.643Z [impush-client] ERROR: push room_seq 丢失", source: https://7.url.cn/edu/teacher-client/index_ecc0a22bdfa3e92c996b.js (30)
[0509/142243:INFO:CONSOLE(30)] "%c2020-05-09T06:22:43.581Z [imlog] INFO: post //report.edu.qq.com/data_report/web_report 200 197ms", source: https://7.url.cn/edu/teacher-client/index_ecc0a22bdfa3e92c996b.js (30)
[0509/142247:INFO:CONSOLE(30)] "%c2020-05-09T06:22:47.468Z [imlog] INFO: POST //pull.ke.qq.com/base_pull?bkn=354888392&t=0.8629 200 100ms", source: https://7.url.cn/edu/teacher-client/index_ecc0a22bdfa3e92c996b.js (30)
[0509/142257:INFO:CONSOLE(30)] "%c2020-05-09T06:22:57.575Z [imlog] INFO: POST //pull.ke.qq.com/base_pull?bkn=354888392&t=0.7898 200 104ms", source: https://7.url.cn/edu/teacher-client/index_ecc0a22bdfa3e92c996b.js (30)
[0509/142307:INFO:CONSOLE(30)] "%c2020-05-09T06:23:07.680Z [imlog] INFO: POST //pull.ke.qq.com/base_pull?bkn=354888392&t=0.0818 200 103ms", source: https://7.url.cn/edu/teacher-client/index_ecc0a22bdfa3e92c996b.js (30)
[0509/142317:INFO:CONSOLE(30)] "%c2020-05-09T06:23:17.784Z [imlog] INFO: POST //pull.ke.qq.com/base_pull?bkn=354888392&t=0.4134 200 101ms", source: https://7.url.cn/edu/teacher-client/index_ecc0a22bdfa3e92c996b.js (30)
[0509/142327:INFO:CONSOLE(30)] "%c2020-05-09T06:23:27.891Z [imlog] INFO: POST //pull.ke.qq.com/base_pull?bkn=354888392&t=0.2709 200 103ms", source: https://7.url.cn/edu/teacher-client/index_ecc0a22bdfa3e92c996b.js (30)
[0509/142337:INFO:CONSOLE(30)] "%c2020-05-09T06:23:37.991Z [imlog] INFO: POST //pull.ke.qq.com/base_pull?bkn=354888392&t=0.6702 200 98ms", source: https://7.url.cn/edu/teacher-client/index_ecc0a22bdfa3e92c996b.js (30)
[0509/142348:INFO:CONSOLE(30)] "%c2020-05-09T06:23:48.094Z [imlog] INFO: POST //pull.ke.qq.com/base_pull?bkn=354888392&t=0.4648 200 100ms", source: https://7.url.cn/edu/teacher-client/index_ecc0a22bdfa3e92c996b.js (30)
[0509/142357:INFO:CONSOLE(30)] "%c2020-05-09T06:23:57.096Z [imlog] INFO: post //report.edu.qq.com/data_report/web_report 200 171ms", source: https://7.url.cn/edu/teacher-client/index_ecc0a22bdfa3e92c996b.js (30)
[0509/142358:INFO:CONSOLE(30)] "%c2020-05-09T06:23:58.198Z [imlog] INFO: POST //pull.ke.qq.com/base_pull?bkn=354888392&t=0.3480 200 102ms", source: https://7.url.cn/edu/teacher-client/index_ecc0a22bdfa3e92c996b.js (30)
[0509/142400:INFO:CONSOLE(30)] "%c2020-05-09T06:24:00.532Z [imlog] INFO: post //report.edu.qq.com/data_report/web_report 200 91ms", source: https://7.url.cn/edu/teacher-client/index_ecc0a22bdfa3e92c996b.js (30)
[0509/142408:INFO:CONSOLE(30)] "%c2020-05-09T06:24:08.304Z [imlog] INFO: POST //pull.ke.qq.com/base_pull?bkn=354888392&t=0.9116 200 101ms", source: https://7.url.cn/edu/teacher-client/index_ecc0a22bdfa3e92c996b.js (30)
[0509/142418:INFO:CONSOLE(30)] "%c2020-05-09T06:24:18.408Z [imlog] INFO: POST //pull.ke.qq.com/base_pull?bkn=354888392&t=0.5187 200 99ms", source: https://7.url.cn/edu/teacher-client/index_ecc0a22bdfa3e92c996b.js (30)
[0509/142420:INFO:CONSOLE(30)] "%c2020-05-09T06:24:20.355Z [imlog] INFO: post //report.edu.qq.com/data_report/web_report 200 194ms", source: https://7.url.cn/edu/teacher-client/index_ecc0a22bdfa3e92c996b.js (30)
[0509/142421:INFO:CONSOLE(30)] "%c2020-05-09T06:24:21.511Z [imlog] INFO: post //report.edu.qq.com/data_report/web_report 200 90ms", source: https://7.url.cn/edu/teacher-client/index_ecc0a22bdfa3e92c996b.js (30)
[0509/142428:INFO:CONSOLE(30)] "%c2020-05-09T06:24:28.510Z [imlog] INFO: POST //pull.ke.qq.com/base_pull?bkn=354888392&t=0.2235 200 98ms", source: https://7.url.cn/edu/teacher-client/index_ecc0a22bdfa3e92c996b.js (30)
[0509/142431:INFO:CONSOLE(30)] "%c2020-05-09T06:24:31.166Z [imlog] INFO: post //report.edu.qq.com/data_report/web_report 200 196ms", source: https://7.url.cn/edu/teacher-client/index_ecc0a22bdfa3e92c996b.js (30)
[0509/142432:INFO:CONSOLE(30)] "%c2020-05-09T06:24:32.216Z [imlog] INFO: post //report.edu.qq.com/data_report/web_report 200 89ms", source: https://7.url.cn/edu/teacher-client/index_ecc0a22bdfa3e92c996b.js (30)
[0509/142438:INFO:CONSOLE(30)] "%c2020-05-09T06:24:38.617Z [imlog] INFO: POST //pull.ke.qq.com/base_pull?bkn=354888392&t=0.7604 200 106ms", source: https://7.url.cn/edu/teacher-client/index_ecc0a22bdfa3e92c996b.js (30)
[0509/142448:INFO:CONSOLE(30)] "%c2020-05-09T06:24:48.078Z [imlog] INFO: post //report.edu.qq.com/data_report/web_report 200 208ms", source: https://7.url.cn/edu/teacher-client/index_ecc0a22bdfa3e92c996b.js (30)
[0509/142448:INFO:CONSOLE(30)] "%c2020-05-09T06:24:48.720Z [imlog] INFO: POST //pull.ke.qq.com/base_pull?bkn=354888392&t=0.4754 200 100ms", source: https://7.url.cn/edu/teacher-client/index_ecc0a22bdfa3e92c996b.js (30)
[0509/142451:INFO:CONSOLE(30)] "%c2020-05-09T06:24:51.252Z [imlog] INFO: post //report.edu.qq.com/data_report/web_report 200 105ms", source: https://7.url.cn/edu/teacher-client/index_ecc0a22bdfa3e92c996b.js (30)
[0509/142457:INFO:CONSOLE(30)] "%c2020-05-09T06:24:57.382Z [imlog] INFO: post //report.edu.qq.com/data_report/web_report 200 178ms", source: https://7.url.cn/edu/teacher-client/index_ecc0a22bdfa3e92c996b.js (30)
[0509/142458:INFO:CONSOLE(30)] "%c2020-05-09T06:24:58.821Z [imlog] INFO: POST //pull.ke.qq.com/base_pull?bkn=354888392&t=0.7778 200 97ms", source: https://7.url.cn/edu/teacher-client/index_ecc0a22bdfa3e92c996b.js (30)
[0509/142508:INFO:CONSOLE(30)] "%c2020-05-09T06:25:08.923Z [imlog] INFO: POST //pull.ke.qq.com/base_pull?bkn=354888392&t=0.8574 200 100ms", source: https://7.url.cn/edu/teacher-client/index_ecc0a22bdfa3e92c996b.js (30)
[0509/142514:INFO:CONSOLE(30)] "%c2020-05-09T06:25:14.324Z [imlog] INFO: post //report.edu.qq.com/data_report/web_report 200 192ms", source: https://7.url.cn/edu/teacher-client/index_ecc0a22bdfa3e92c996b.js (30)
[0509/142516:INFO:CONSOLE(30)] "%c2020-05-09T06:25:16.427Z [imlog] INFO: post //report.edu.qq.com/data_report/web_report 200 89ms", source: https://7.url.cn/edu/teacher-client/index_ecc0a22bdfa3e92c996b.js (30)
[0509/142519:INFO:CONSOLE(30)] "%c2020-05-09T06:25:19.026Z [imlog] INFO: POST //pull.ke.qq.com/base_pull?bkn=354888392&t=0.8504 200 100ms", source: https://7.url.cn/edu/teacher-client/index_ecc0a22bdfa3e92c996b.js (30)
[0509/142519:INFO:CONSOLE(30)] "%c2020-05-09T06:25:19.817Z [imlog] INFO: post //report.edu.qq.com/data_report/web_report 200 196ms", source: https://7.url.cn/edu/teacher-client/index_ecc0a22bdfa3e92c996b.js (30)
[0509/142520:INFO:CONSOLE(30)] "%c2020-05-09T06:25:20.776Z [imlog] INFO: post //report.edu.qq.com/data_report/web_report 200 102ms", source: https://7.url.cn/edu/teacher-client/index_ecc0a22bdfa3e92c996b.js (30)
[0509/142522:INFO:CONSOLE(30)] "%c2020-05-09T06:25:22.790Z [imlog] INFO: post //report.edu.qq.com/data_report/web_report 200 87ms", source: https://7.url.cn/edu/teacher-client/index_ecc0a22bdfa3e92c996b.js (30)
[0509/142525:INFO:CONSOLE(30)] "%c2020-05-09T06:25:25.013Z [imlog] INFO: post //report.edu.qq.com/data_report/web_report 200 196ms", source: https://7.url.cn/edu/teacher-client/index_ecc0a22bdfa3e92c996b.js (30)
[0509/142528:INFO:CONSOLE(30)] "%c2020-05-09T06:25:28.028Z [imlog] INFO: post //report.edu.qq.com/data_report/web_report 200 93ms", source: https://7.url.cn/edu/teacher-client/index_ecc0a22bdfa3e92c996b.js (30)
[0509/142529:INFO:CONSOLE(30)] "%c2020-05-09T06:25:29.137Z [imlog] INFO: POST //pull.ke.qq.com/base_pull?bkn=354888392&t=0.0022 200 109ms", source: https://7.url.cn/edu/teacher-client/index_ecc0a22bdfa3e92c996b.js (30)
[0509/142539:INFO:CONSOLE(30)] "%c2020-05-09T06:25:39.245Z [imlog] INFO: POST //pull.ke.qq.com/base_pull?bkn=354888392&t=0.0908 200 105ms", source: https://7.url.cn/edu/teacher-client/index_ecc0a22bdfa3e92c996b.js (30)
[0509/142545:INFO:CONSOLE(30)] "%c2020-05-09T06:25:45.669Z [imlog] INFO: post //report.edu.qq.com/data_report/web_report 200 193ms", source: https://7.url.cn/edu/teacher-client/index_ecc0a22bdfa3e92c996b.js (30)
[0509/142547:INFO:CONSOLE(30)] "%c2020-05-09T06:25:47.516Z [imlog] INFO: post //report.edu.qq.com/data_report/web_report 200 90ms", source: https://7.url.cn/edu/teacher-client/index_ecc0a22bdfa3e92c996b.js (30)
[0509/142549:INFO:CONSOLE(30)] "%c2020-05-09T06:25:49.352Z [imlog] INFO: POST //pull.ke.qq.com/base_pull?bkn=354888392&t=0.3792 200 104ms", source: https://7.url.cn/edu/teacher-client/index_ecc0a22bdfa3e92c996b.js (30)
[0509/142550:INFO:CONSOLE(30)] "%c2020-05-09T06:25:50.045Z [imlog] INFO: post //report.edu.qq.com/data_report/web_report 200 111ms", source: https://7.url.cn/edu/teacher-client/index_ecc0a22bdfa3e92c996b.js (30)
[0509/142559:INFO:CONSOLE(30)] "%c2020-05-09T06:25:59.456Z [imlog] INFO: POST //pull.ke.qq.com/base_pull?bkn=354888392&t=0.6056 200 100ms", source: https://7.url.cn/edu/teacher-client/index_ecc0a22bdfa3e92c996b.js (30)
[0509/142609:INFO:CONSOLE(30)] "%c2020-05-09T06:26:09.557Z [imlog] INFO: POST //pull.ke.qq.com/base_pull?bkn=354888392&t=0.5556 200 99ms", source: https://7.url.cn/edu/teacher-client/index_ecc0a22bdfa3e92c996b.js (30)
[0509/142618:INFO:CONSOLE(30)] "%c2020-05-09T06:26:18.674Z [imlog] INFO: post //report.edu.qq.com/data_report/web_report 200 186ms", source: https://7.url.cn/edu/teacher-client/index_ecc0a22bdfa3e92c996b.js (30)
[0509/142619:INFO:CONSOLE(30)] "%c2020-05-09T06:26:19.664Z [imlog] INFO: POST //pull.ke.qq.com/base_pull?bkn=354888392&t=0.7930 200 104ms", source: https://7.url.cn/edu/teacher-client/index_ecc0a22bdfa3e92c996b.js (30)
[0509/142629:INFO:CONSOLE(30)] "%c2020-05-09T06:26:29.767Z [imlog] INFO: POST //pull.ke.qq.com/base_pull?bkn=354888392&t=0.3272 200 99ms", source: https://7.url.cn/edu/teacher-client/index_ecc0a22bdfa3e92c996b.js (30)
[0509/142634:INFO:CONSOLE(30)] "%c2020-05-09T06:26:34.312Z [imlog] INFO: post //report.edu.qq.com/data_report/web_report 200 193ms", source: https://7.url.cn/edu/teacher-client/index_ecc0a22bdfa3e92c996b.js (30)
[0509/142639:INFO:CONSOLE(30)] "%c2020-05-09T06:26:39.867Z [imlog] INFO: POST //pull.ke.qq.com/base_pull?bkn=354888392&t=0.9523 200 98ms", source: https://7.url.cn/edu/teacher-client/index_ecc0a22bdfa3e92c996b.js (30)
[0509/142649:INFO:CONSOLE(30)] "%c2020-05-09T06:26:49.973Z [imlog] INFO: POST //pull.ke.qq.com/base_pull?bkn=354888392&t=0.5133 200 103ms", source: https://7.url.cn/edu/teacher-client/index_ecc0a22bdfa3e92c996b.js (30)
[0509/142657:INFO:CONSOLE(30)] "%c2020-05-09T06:26:57.743Z [imlog] INFO: post //report.edu.qq.com/data_report/web_report 200 183ms", source: https://7.url.cn/edu/teacher-client/index_ecc0a22bdfa3e92c996b.js (30)
[0509/142659:INFO:CONSOLE(0)] "XMLHttpRequest cannot load https://report.edu.qq.com/data_report/web_report. Response to preflight request doesn't pass access control check: No 'Access-Control-Allow-Origin' header is present on the requested resource. Origin 'https://ke.qq.com' is therefore not allowed access. The response had HTTP status code 504.", source: https://ke.qq.com/teacher-client/index.html?cid=1656387&term_id=101756608#usertype=teacher&startTime=1589001919842 (0)
[0509/142659:INFO:CONSOLE(30)] "%c2020-05-09T06:26:59.726Z [imlog] INFO: post //report.edu.qq.com/data_report/web_report 0 7027ms", source: https://7.url.cn/edu/teacher-client/index_ecc0a22bdfa3e92c996b.js (30)
[0509/142700:INFO:CONSOLE(30)] "%c2020-05-09T06:27:00.080Z [imlog] INFO: POST //pull.ke.qq.com/base_pull?bkn=354888392&t=0.5923 200 102ms", source: https://7.url.cn/edu/teacher-client/index_ecc0a22bdfa3e92c996b.js (30)
[0509/142710:INFO:CONSOLE(30)] "%c2020-05-09T06:27:10.184Z [imlog] INFO: POST //pull.ke.qq.com/base_pull?bkn=354888392&t=0.9996 200 100ms", source: https://7.url.cn/edu/teacher-client/index_ecc0a22bdfa3e92c996b.js (30)
[0509/142719:INFO:CONSOLE(30)] "%c2020-05-09T06:27:19.475Z [imlog] INFO: post //report.edu.qq.com/data_report/web_report 200 206ms", source: https://7.url.cn/edu/teacher-client/index_ecc0a22bdfa3e92c996b.js (30)
[0509/142720:INFO:CONSOLE(30)] "%c2020-05-09T06:27:20.292Z [imlog] INFO: POST //pull.ke.qq.com/base_pull?bkn=354888392&t=0.6306 200 104ms", source: https://7.url.cn/edu/teacher-client/index_ecc0a22bdfa3e92c996b.js (30)
[0509/142722:INFO:CONSOLE(30)] "%c2020-05-09T06:27:22.820Z [imlog] INFO: post //report.edu.qq.com/data_report/web_report 200 92ms", source: https://7.url.cn/edu/teacher-client/index_ecc0a22bdfa3e92c996b.js (30)
[0509/142727:INFO:CONSOLE(30)] "%c2020-05-09T06:27:27.444Z [imlog] INFO: post //report.edu.qq.com/data_report/web_report 200 215ms", source: https://7.url.cn/edu/teacher-client/index_ecc0a22bdfa3e92c996b.js (30)
[0509/142728:INFO:CONSOLE(30)] "%c2020-05-09T06:27:28.450Z [imlog] INFO: post //report.edu.qq.com/data_report/web_report 200 94ms", source: https://7.url.cn/edu/teacher-client/index_ecc0a22bdfa3e92c996b.js (30)
[0509/142730:INFO:CONSOLE(30)] "%c2020-05-09T06:27:30.397Z [imlog] INFO: POST //pull.ke.qq.com/base_pull?bkn=354888392&t=0.2629 200 102ms", source: https://7.url.cn/edu/teacher-client/index_ecc0a22bdfa3e92c996b.js (30)
[0509/142737:INFO:CONSOLE(30)] "%c2020-05-09T06:27:37.170Z [imlog] INFO: post //report.edu.qq.com/data_report/web_report 200 196ms", source: https://7.url.cn/edu/teacher-client/index_ecc0a22bdfa3e92c996b.js (30)
[0509/142740:INFO:CONSOLE(30)] "%c2020-05-09T06:27:40.499Z [imlog] INFO: POST //pull.ke.qq.com/base_pull?bkn=354888392&t=0.5687 200 101ms", source: https://7.url.cn/edu/teacher-client/index_ecc0a22bdfa3e92c996b.js (30)
[0509/142740:INFO:CONSOLE(30)] "%c2020-05-09T06:27:40.958Z [imlog] INFO: post //report.edu.qq.com/data_report/web_report 200 103ms", source: https://7.url.cn/edu/teacher-client/index_ecc0a22bdfa3e92c996b.js (30)
[0509/142750:INFO:CONSOLE(30)] "%c2020-05-09T06:27:50.619Z [imlog] INFO: POST //pull.ke.qq.com/base_pull?bkn=354888392&t=0.3220 200 118ms", source: https://7.url.cn/edu/teacher-client/index_ecc0a22bdfa3e92c996b.js (30)
[0509/142800:INFO:CONSOLE(30)] "%c2020-05-09T06:28:00.724Z [imlog] INFO: POST //pull.ke.qq.com/base_pull?bkn=354888392&t=0.7297 200 102ms", source: https://7.url.cn/edu/teacher-client/index_ecc0a22bdfa3e92c996b.js (30)
[0509/142810:INFO:CONSOLE(30)] "%c2020-05-09T06:28:10.824Z [imlog] INFO: POST //pull.ke.qq.com/base_pull?bkn=354888392&t=0.3947 200 97ms", source: https://7.url.cn/edu/teacher-client/index_ecc0a22bdfa3e92c996b.js (30)
[0509/142820:INFO:CONSOLE(30)] "%c2020-05-09T06:28:20.932Z [imlog] INFO: POST //pull.ke.qq.com/base_pull?bkn=354888392&t=0.8757 200 104ms", source: https://7.url.cn/edu/teacher-client/index_ecc0a22bdfa3e92c996b.js (30)
[0509/142824:INFO:CONSOLE(30)] "%c2020-05-09T06:28:24.149Z [imlog] INFO: post //report.edu.qq.com/data_report/web_report 200 187ms", source: https://7.url.cn/edu/teacher-client/index_ecc0a22bdfa3e92c996b.js (30)
[0509/142831:INFO:CONSOLE(30)] "%c2020-05-09T06:28:31.033Z [imlog] INFO: POST //pull.ke.qq.com/base_pull?bkn=354888392&t=0.4717 200 97ms", source: https://7.url.cn/edu/teacher-client/index_ecc0a22bdfa3e92c996b.js (30)
[0509/142841:INFO:CONSOLE(30)] "%c2020-05-09T06:28:41.135Z [imlog] INFO: POST //pull.ke.qq.com/base_pull?bkn=354888392&t=0.2684 200 97ms", source: https://7.url.cn/edu/teacher-client/index_ecc0a22bdfa3e92c996b.js (30)
[0509/142841:INFO:CONSOLE(30)] "%c2020-05-09T06:28:41.816Z [imlog] INFO: post //report.edu.qq.com/data_report/web_report 200 196ms", source: https://7.url.cn/edu/teacher-client/index_ecc0a22bdfa3e92c996b.js (30)
[0509/142851:INFO:CONSOLE(30)] "%c2020-05-09T06:28:51.241Z [imlog] INFO: POST //pull.ke.qq.com/base_pull?bkn=354888392&t=0.1565 200 103ms", source: https://7.url.cn/edu/teacher-client/index_ecc0a22bdfa3e92c996b.js (30)
[0509/142852:INFO:CONSOLE(30)] "%c2020-05-09T06:28:52.457Z [imlog] INFO: post //report.edu.qq.com/data_report/web_report 200 195ms", source: https://7.url.cn/edu/teacher-client/index_ecc0a22bdfa3e92c996b.js (30)
[0509/142856:INFO:CONSOLE(30)] "%c2020-05-09T06:28:56.851Z [imlog] INFO: post //report.edu.qq.com/data_report/web_report 200 109ms", source: https://7.url.cn/edu/teacher-client/index_ecc0a22bdfa3e92c996b.js (30)
[0509/142901:INFO:CONSOLE(30)] "%c2020-05-09T06:29:01.348Z [imlog] INFO: POST //pull.ke.qq.com/base_pull?bkn=354888392&t=0.9679 200 104ms", source: https://7.url.cn/edu/teacher-client/index_ecc0a22bdfa3e92c996b.js (30)
[0509/142911:INFO:CONSOLE(30)] "%c2020-05-09T06:29:11.452Z [imlog] INFO: POST //pull.ke.qq.com/base_pull?bkn=354888392&t=0.4084 200 100ms", source: https://7.url.cn/edu/teacher-client/index_ecc0a22bdfa3e92c996b.js (30)
[0509/142911:INFO:CONSOLE(30)] "%c2020-05-09T06:29:11.642Z [imlog] INFO: post //report.edu.qq.com/data_report/web_report 200 198ms", source: https://7.url.cn/edu/teacher-client/index_ecc0a22bdfa3e92c996b.js (30)
[0509/142915:INFO:CONSOLE(30)] "%c2020-05-09T06:29:15.127Z [imlog] INFO: post //report.edu.qq.com/data_report/web_report 200 491ms", source: https://7.url.cn/edu/teacher-client/index_ecc0a22bdfa3e92c996b.js (30)
[0509/142920:INFO:CONSOLE(30)] "%c2020-05-09T06:29:20.395Z [imlog] INFO: post //report.edu.qq.com/data_report/web_report 200 184ms", source: https://7.url.cn/edu/teacher-client/index_ecc0a22bdfa3e92c996b.js (30)
[0509/142921:INFO:CONSOLE(30)] "%c2020-05-09T06:29:21.559Z [imlog] INFO: POST //pull.ke.qq.com/base_pull?bkn=354888392&t=0.8485 200 103ms", source: https://7.url.cn/edu/teacher-client/index_ecc0a22bdfa3e92c996b.js (30)
[0509/142931:INFO:CONSOLE(30)] "%c2020-05-09T06:29:31.661Z [imlog] INFO: POST //pull.ke.qq.com/base_pull?bkn=354888392&t=0.5636 200 99ms", source: https://7.url.cn/edu/teacher-client/index_ecc0a22bdfa3e92c996b.js (30)
[0509/142941:INFO:CONSOLE(30)] "%c2020-05-09T06:29:41.763Z [imlog] INFO: POST //pull.ke.qq.com/base_pull?bkn=354888392&t=0.5587 200 98ms", source: https://7.url.cn/edu/teacher-client/index_ecc0a22bdfa3e92c996b.js (30)
[0509/142945:INFO:CONSOLE(30)] "%c2020-05-09T06:29:45.952Z [imlog] INFO: post //report.edu.qq.com/data_report/web_report 200 203ms", source: https://7.url.cn/edu/teacher-client/index_ecc0a22bdfa3e92c996b.js (30)
[0509/142946:INFO:CONSOLE(30)] "%c2020-05-09T06:29:46.906Z [imlog] INFO: post //report.edu.qq.com/data_report/web_report 200 91ms", source: https://7.url.cn/edu/teacher-client/index_ecc0a22bdfa3e92c996b.js (30)
[0509/142950:INFO:CONSOLE(30)] "%c2020-05-09T06:29:50.579Z [imlog] INFO: post //report.edu.qq.com/data_report/web_report 200 91ms", source: https://7.url.cn/edu/teacher-client/index_ecc0a22bdfa3e92c996b.js (30)
[0509/142951:INFO:CONSOLE(30)] "%c2020-05-09T06:29:51.868Z [imlog] INFO: POST //pull.ke.qq.com/base_pull?bkn=354888392&t=0.1639 200 104ms", source: https://7.url.cn/edu/teacher-client/index_ecc0a22bdfa3e92c996b.js (30)
[0509/143001:INFO:CONSOLE(30)] "%c2020-05-09T06:30:01.970Z [imlog] INFO: POST //pull.ke.qq.com/base_pull?bkn=354888392&t=0.1559 200 100ms", source: https://7.url.cn/edu/teacher-client/index_ecc0a22bdfa3e92c996b.js (30)
[0509/143012:INFO:CONSOLE(30)] "%c2020-05-09T06:30:12.073Z [imlog] INFO: POST //pull.ke.qq.com/base_pull?bkn=354888392&t=0.1642 200 100ms", source: https://7.url.cn/edu/teacher-client/index_ecc0a22bdfa3e92c996b.js (30)
[0509/143022:INFO:CONSOLE(30)] "%c2020-05-09T06:30:22.177Z [imlog] INFO: POST //pull.ke.qq.com/base_pull?bkn=354888392&t=0.5266 200 102ms", source: https://7.url.cn/edu/teacher-client/index_ecc0a22bdfa3e92c996b.js (30)
[0509/143025:INFO:CONSOLE(30)] "%c2020-05-09T06:30:25.118Z [imlog] INFO: post //report.edu.qq.com/data_report/web_report 200 195ms", source: https://7.url.cn/edu/teacher-client/index_ecc0a22bdfa3e92c996b.js (30)
[0509/143032:INFO:CONSOLE(30)] "%c2020-05-09T06:30:32.277Z [imlog] INFO: POST //pull.ke.qq.com/base_pull?bkn=354888392&t=0.6266 200 98ms", source: https://7.url.cn/edu/teacher-client/index_ecc0a22bdfa3e92c996b.js (30)
[0509/143037:INFO:CONSOLE(30)] "%c2020-05-09T06:30:37.522Z [imlog] INFO: post //report.edu.qq.com/data_report/web_report 200 197ms", source: https://7.url.cn/edu/teacher-client/index_ecc0a22bdfa3e92c996b.js (30)
[0509/143042:INFO:CONSOLE(30)] "%c2020-05-09T06:30:42.380Z [imlog] INFO: POST //pull.ke.qq.com/base_pull?bkn=354888392&t=0.5131 200 98ms", source: https://7.url.cn/edu/teacher-client/index_ecc0a22bdfa3e92c996b.js (30)
[0509/143050:INFO:CONSOLE(0)] "XMLHttpRequest cannot load https://report.edu.qq.com/data_report/web_report. Response to preflight request doesn't pass access control check: No 'Access-Control-Allow-Origin' header is present on the requested resource. Origin 'https://ke.qq.com' is therefore not allowed access. The response had HTTP status code 502.", source: https://ke.qq.com/teacher-client/index.html?cid=1656387&term_id=101756608#usertype=teacher&startTime=1589001919842 (0)
[0509/143050:INFO:CONSOLE(30)] "%c2020-05-09T06:30:50.520Z [imlog] INFO: post //report.edu.qq.com/data_report/web_report 0 93ms", source: https://7.url.cn/edu/teacher-client/index_ecc0a22bdfa3e92c996b.js (30)
[0509/143052:INFO:CONSOLE(30)] "%c2020-05-09T06:30:52.482Z [imlog] INFO: POST //pull.ke.qq.com/base_pull?bkn=354888392&t=0.6457 200 99ms", source: https://7.url.cn/edu/teacher-client/index_ecc0a22bdfa3e92c996b.js (30)
[0509/143102:INFO:CONSOLE(30)] "%c2020-05-09T06:31:02.589Z [imlog] INFO: POST //pull.ke.qq.com/base_pull?bkn=354888392&t=0.0272 200 104ms", source: https://7.url.cn/edu/teacher-client/index_ecc0a22bdfa3e92c996b.js (30)
[0509/143112:INFO:CONSOLE(30)] "%c2020-05-09T06:31:12.695Z [imlog] INFO: POST //pull.ke.qq.com/base_pull?bkn=354888392&t=0.0259 200 105ms", source: https://7.url.cn/edu/teacher-client/index_ecc0a22bdfa3e92c996b.js (30)
[0509/143122:INFO:CONSOLE(30)] "%c2020-05-09T06:31:22.797Z [imlog] INFO: POST //pull.ke.qq.com/base_pull?bkn=354888392&t=0.2167 200 99ms", source: https://7.url.cn/edu/teacher-client/index_ecc0a22bdfa3e92c996b.js (30)
[0509/143132:INFO:CONSOLE(30)] "%c2020-05-09T06:31:32.239Z [imlog] INFO: post //report.edu.qq.com/data_report/web_report 200 178ms", source: https://7.url.cn/edu/teacher-client/index_ecc0a22bdfa3e92c996b.js (30)
[0509/143132:INFO:CONSOLE(30)] "%c2020-05-09T06:31:32.902Z [imlog] INFO: POST //pull.ke.qq.com/base_pull?bkn=354888392&t=0.7068 200 100ms", source: https://7.url.cn/edu/teacher-client/index_ecc0a22bdfa3e92c996b.js (30)
[0509/143135:INFO:CONSOLE(30)] "%c2020-05-09T06:31:35.238Z [imlog] INFO: post //report.edu.qq.com/data_report/web_report 200 110ms", source: https://7.url.cn/edu/teacher-client/index_ecc0a22bdfa3e92c996b.js (30)
[0509/143139:INFO:CONSOLE(30)] "%c2020-05-09T06:31:39.765Z [impush-client] ERROR: push room_seq 丢失", source: https://7.url.cn/edu/teacher-client/index_ecc0a22bdfa3e92c996b.js (30)
[0509/143140:INFO:CONSOLE(30)] "%c2020-05-09T06:31:40.703Z [imlog] INFO: post //report.edu.qq.com/data_report/web_report 200 192ms", source: https://7.url.cn/edu/teacher-client/index_ecc0a22bdfa3e92c996b.js (30)
[0509/143143:INFO:CONSOLE(30)] "%c2020-05-09T06:31:43.005Z [imlog] INFO: POST //pull.ke.qq.com/base_pull?bkn=354888392&t=0.5771 200 99ms", source: https://7.url.cn/edu/teacher-client/index_ecc0a22bdfa3e92c996b.js (30)
[0509/143143:INFO:CONSOLE(30)] "%c2020-05-09T06:31:43.720Z [imlog] INFO: post //report.edu.qq.com/data_report/web_report 200 100ms", source: https://7.url.cn/edu/teacher-client/index_ecc0a22bdfa3e92c996b.js (30)
[0509/143148:INFO:CONSOLE(30)] "%c2020-05-09T06:31:48.032Z [imlog] INFO: post //report.edu.qq.com/data_report/web_report 200 196ms", source: https://7.url.cn/edu/teacher-client/index_ecc0a22bdfa3e92c996b.js (30)
[0509/143153:INFO:CONSOLE(30)] "%c2020-05-09T06:31:53.109Z [imlog] INFO: POST //pull.ke.qq.com/base_pull?bkn=354888392&t=0.6157 200 100ms", source: https://7.url.cn/edu/teacher-client/index_ecc0a22bdfa3e92c996b.js (30)
[0509/143203:INFO:CONSOLE(30)] "%c2020-05-09T06:32:03.211Z [imlog] INFO: POST //pull.ke.qq.com/base_pull?bkn=354888392&t=0.1695 200 98ms", source: https://7.url.cn/edu/teacher-client/index_ecc0a22bdfa3e92c996b.js (30)
[0509/143209:INFO:CONSOLE(30)] "%c2020-05-09T06:32:09.706Z [imlog] INFO: post //report.edu.qq.com/data_report/web_report 200 180ms", source: https://7.url.cn/edu/teacher-client/index_ecc0a22bdfa3e92c996b.js (30)
[0509/143213:INFO:CONSOLE(30)] "%c2020-05-09T06:32:13.312Z [imlog] INFO: POST //pull.ke.qq.com/base_pull?bkn=354888392&t=0.8205 200 97ms", source: https://7.url.cn/edu/teacher-client/index_ecc0a22bdfa3e92c996b.js (30)
[0509/143223:INFO:CONSOLE(30)] "%c2020-05-09T06:32:23.412Z [imlog] INFO: POST //pull.ke.qq.com/base_pull?bkn=354888392&t=0.9151 200 97ms", source: https://7.url.cn/edu/teacher-client/index_ecc0a22bdfa3e92c996b.js (30)
[0509/143232:INFO:CONSOLE(30)] "%c2020-05-09T06:32:32.807Z [imlog] INFO: post //report.edu.qq.com/data_report/web_report 200 213ms", source: https://7.url.cn/edu/teacher-client/index_ecc0a22bdfa3e92c996b.js (30)
[0509/143233:INFO:CONSOLE(30)] "%c2020-05-09T06:32:33.514Z [imlog] INFO: POST //pull.ke.qq.com/base_pull?bkn=354888392&t=0.2677 200 99ms", source: https://7.url.cn/edu/teacher-client/index_ecc0a22bdfa3e92c996b.js (30)
[0509/143234:INFO:CONSOLE(30)] "%c2020-05-09T06:32:34.940Z [imlog] INFO: post //report.edu.qq.com/data_report/web_report 200 87ms", source: https://7.url.cn/edu/teacher-client/index_ecc0a22bdfa3e92c996b.js (30)
[0509/143243:INFO:CONSOLE(30)] "%c2020-05-09T06:32:43.617Z [imlog] INFO: POST //pull.ke.qq.com/base_pull?bkn=354888392&t=0.7371 200 100ms", source: https://7.url.cn/edu/teacher-client/index_ecc0a22bdfa3e92c996b.js (30)
[0509/143243:INFO:CONSOLE(30)] "%c2020-05-09T06:32:43.738Z [imlog] INFO: post //report.edu.qq.com/data_report/web_report 200 192ms", source: https://7.url.cn/edu/teacher-client/index_ecc0a22bdfa3e92c996b.js (30)
[0509/143249:INFO:CONSOLE(30)] "%c2020-05-09T06:32:49.247Z [imlog] INFO: post //report.edu.qq.com/data_report/web_report 200 204ms", source: https://7.url.cn/edu/teacher-client/index_ecc0a22bdfa3e92c996b.js (30)
[0509/143251:INFO:CONSOLE(30)] "%c2020-05-09T06:32:51.103Z [imlog] INFO: post //report.edu.qq.com/data_report/web_report 200 104ms", source: https://7.url.cn/edu/teacher-client/index_ecc0a22bdfa3e92c996b.js (30)
[0509/143253:INFO:CONSOLE(30)] "%c2020-05-09T06:32:53.574Z [imlog] INFO: post //report.edu.qq.com/data_report/web_report 200 94ms", source: https://7.url.cn/edu/teacher-client/index_ecc0a22bdfa3e92c996b.js (30)
[0509/143253:INFO:CONSOLE(30)] "%c2020-05-09T06:32:53.721Z [imlog] INFO: POST //pull.ke.qq.com/base_pull?bkn=354888392&t=0.9386 200 99ms", source: https://7.url.cn/edu/teacher-client/index_ecc0a22bdfa3e92c996b.js (30)
[0509/143303:INFO:CONSOLE(30)] "%c2020-05-09T06:33:03.822Z [imlog] INFO: POST //pull.ke.qq.com/base_pull?bkn=354888392&t=0.9043 200 99ms", source: https://7.url.cn/edu/teacher-client/index_ecc0a22bdfa3e92c996b.js (30)
[0509/143304:INFO:CONSOLE(30)] "%c2020-05-09T06:33:04.129Z [imlog] INFO: post //report.edu.qq.com/data_report/web_report 200 185ms", source: https://7.url.cn/edu/teacher-client/index_ecc0a22bdfa3e92c996b.js (30)
[0509/143312:INFO:CONSOLE(30)] "%c2020-05-09T06:33:12.724Z [imlog] INFO: post //report.edu.qq.com/data_report/web_report 200 178ms", source: https://7.url.cn/edu/teacher-client/index_ecc0a22bdfa3e92c996b.js (30)
[0509/143313:INFO:CONSOLE(30)] "%c2020-05-09T06:33:13.930Z [imlog] INFO: POST //pull.ke.qq.com/base_pull?bkn=354888392&t=0.5588 200 105ms", source: https://7.url.cn/edu/teacher-client/index_ecc0a22bdfa3e92c996b.js (30)
[0509/143321:INFO:CONSOLE(30)] "%c2020-05-09T06:33:21.782Z [imlog] INFO: post //report.edu.qq.com/data_report/web_report 200 192ms", source: https://7.url.cn/edu/teacher-client/index_ecc0a22bdfa3e92c996b.js (30)
[0509/143324:INFO:CONSOLE(30)] "%c2020-05-09T06:33:24.033Z [imlog] INFO: POST //pull.ke.qq.com/base_pull?bkn=354888392&t=0.5076 200 99ms", source: https://7.url.cn/edu/teacher-client/index_ecc0a22bdfa3e92c996b.js (30)
[0509/143334:INFO:CONSOLE(30)] "%c2020-05-09T06:33:34.138Z [imlog] INFO: POST //pull.ke.qq.com/base_pull?bkn=354888392&t=0.9825 200 103ms", source: https://7.url.cn/edu/teacher-client/index_ecc0a22bdfa3e92c996b.js (30)
[0509/143342:INFO:CONSOLE(30)] "%c2020-05-09T06:33:42.487Z [imlog] INFO: post //report.edu.qq.com/data_report/web_report 200 410ms", source: https://7.url.cn/edu/teacher-client/index_ecc0a22bdfa3e92c996b.js (30)
[0509/143344:INFO:CONSOLE(30)] "%c2020-05-09T06:33:44.243Z [imlog] INFO: POST //pull.ke.qq.com/base_pull?bkn=354888392&t=0.9788 200 100ms", source: https://7.url.cn/edu/teacher-client/index_ecc0a22bdfa3e92c996b.js (30)
[0509/143354:INFO:CONSOLE(30)] "%c2020-05-09T06:33:54.346Z [imlog] INFO: POST //pull.ke.qq.com/base_pull?bkn=354888392&t=0.7375 200 99ms", source: https://7.url.cn/edu/teacher-client/index_ecc0a22bdfa3e92c996b.js (30)
[0509/143404:INFO:CONSOLE(30)] "%c2020-05-09T06:34:04.451Z [imlog] INFO: POST //pull.ke.qq.com/base_pull?bkn=354888392&t=0.9002 200 102ms", source: https://7.url.cn/edu/teacher-client/index_ecc0a22bdfa3e92c996b.js (30)
[0509/143414:INFO:CONSOLE(30)] "%c2020-05-09T06:34:14.552Z [imlog] INFO: POST //pull.ke.qq.com/base_pull?bkn=354888392&t=0.1323 200 99ms", source: https://7.url.cn/edu/teacher-client/index_ecc0a22bdfa3e92c996b.js (30)
[0509/143424:INFO:CONSOLE(30)] "%c2020-05-09T06:34:24.652Z [imlog] INFO: POST //pull.ke.qq.com/base_pull?bkn=354888392&t=0.4780 200 99ms", source: https://7.url.cn/edu/teacher-client/index_ecc0a22bdfa3e92c996b.js (30)
[0509/143434:INFO:CONSOLE(30)] "%c2020-05-09T06:34:34.758Z [imlog] INFO: POST //pull.ke.qq.com/base_pull?bkn=354888392&t=0.1102 200 103ms", source: https://7.url.cn/edu/teacher-client/index_ecc0a22bdfa3e92c996b.js (30)
[0509/143434:INFO:CONSOLE(30)] "%c2020-05-09T06:34:34.885Z [imlog] INFO: post //report.edu.qq.com/data_report/web_report 200 177ms", source: https://7.url.cn/edu/teacher-client/index_ecc0a22bdfa3e92c996b.js (30)
[0509/143443:INFO:CONSOLE(30)] "%c2020-05-09T06:34:43.005Z [imlog] INFO: post //report.edu.qq.com/data_report/web_report 200 191ms", source: https://7.url.cn/edu/teacher-client/index_ecc0a22bdfa3e92c996b.js (30)
[0509/143444:INFO:CONSOLE(30)] "%c2020-05-09T06:34:44.106Z [imlog] INFO: post //report.edu.qq.com/data_report/web_report 200 108ms", source: https://7.url.cn/edu/teacher-client/index_ecc0a22bdfa3e92c996b.js (30)
[0509/143444:INFO:CONSOLE(30)] "%c2020-05-09T06:34:44.858Z [imlog] INFO: POST //pull.ke.qq.com/base_pull?bkn=354888392&t=0.0992 200 98ms", source: https://7.url.cn/edu/teacher-client/index_ecc0a22bdfa3e92c996b.js (30)
[0509/143446:INFO:CONSOLE(30)] "%c2020-05-09T06:34:46.101Z [imlog] INFO: post //report.edu.qq.com/data_report/web_report 200 86ms", source: https://7.url.cn/edu/teacher-client/index_ecc0a22bdfa3e92c996b.js (30)
[0509/143447:INFO:CONSOLE(30)] "%c2020-05-09T06:34:47.192Z [imlog] INFO: post //report.edu.qq.com/data_report/web_report 200 102ms", source: https://7.url.cn/edu/teacher-client/index_ecc0a22bdfa3e92c996b.js (30)
[0509/143451:INFO:CONSOLE(30)] "%c2020-05-09T06:34:51.900Z [imlog] INFO: post //report.edu.qq.com/data_report/web_report 200 244ms", source: https://7.url.cn/edu/teacher-client/index_ecc0a22bdfa3e92c996b.js (30)
[0509/143452:INFO:CONSOLE(30)] "%c2020-05-09T06:34:52.881Z [imlog] INFO: post //report.edu.qq.com/data_report/web_report 200 105ms", source: https://7.url.cn/edu/teacher-client/index_ecc0a22bdfa3e92c996b.js (30)
[0509/143454:INFO:CONSOLE(30)] "%c2020-05-09T06:34:54.960Z [imlog] INFO: POST //pull.ke.qq.com/base_pull?bkn=354888392&t=0.4824 200 98ms", source: https://7.url.cn/edu/teacher-client/index_ecc0a22bdfa3e92c996b.js (30)
[0509/143456:INFO:CONSOLE(30)] "%c2020-05-09T06:34:56.290Z [imlog] INFO: post //report.edu.qq.com/data_report/web_report 200 101ms", source: https://7.url.cn/edu/teacher-client/index_ecc0a22bdfa3e92c996b.js (30)
[0509/143505:INFO:CONSOLE(30)] "%c2020-05-09T06:35:05.053Z [imlog] INFO: post //report.edu.qq.com/data_report/web_report 200 186ms", source: https://7.url.cn/edu/teacher-client/index_ecc0a22bdfa3e92c996b.js (30)
[0509/143505:INFO:CONSOLE(30)] "%c2020-05-09T06:35:05.062Z [imlog] INFO: POST //pull.ke.qq.com/base_pull?bkn=354888392&t=0.8975 200 100ms", source: https://7.url.cn/edu/teacher-client/index_ecc0a22bdfa3e92c996b.js (30)
[0509/143515:INFO:CONSOLE(30)] "%c2020-05-09T06:35:15.170Z [imlog] INFO: POST //pull.ke.qq.com/base_pull?bkn=354888392&t=0.1660 200 105ms", source: https://7.url.cn/edu/teacher-client/index_ecc0a22bdfa3e92c996b.js (30)
[0509/143525:INFO:CONSOLE(30)] "%c2020-05-09T06:35:25.089Z [imlog] INFO: post //report.edu.qq.com/data_report/web_report 200 175ms", source: https://7.url.cn/edu/teacher-client/index_ecc0a22bdfa3e92c996b.js (30)
[0509/143525:INFO:CONSOLE(30)] "%c2020-05-09T06:35:25.273Z [imlog] INFO: POST //pull.ke.qq.com/base_pull?bkn=354888392&t=0.3627 200 100ms", source: https://7.url.cn/edu/teacher-client/index_ecc0a22bdfa3e92c996b.js (30)
[0509/143526:INFO:CONSOLE(30)] "%c2020-05-09T06:35:26.532Z [imlog] INFO: post //report.edu.qq.com/data_report/web_report 200 211ms", source: https://7.url.cn/edu/teacher-client/index_ecc0a22bdfa3e92c996b.js (30)
[0509/143527:INFO:CONSOLE(30)] "%c2020-05-09T06:35:27.464Z [imlog] INFO: post //report.edu.qq.com/data_report/web_report 200 88ms", source: https://7.url.cn/edu/teacher-client/index_ecc0a22bdfa3e92c996b.js (30)
[0509/143529:INFO:CONSOLE(30)] "%c2020-05-09T06:35:29.805Z [imlog] INFO: post //report.edu.qq.com/data_report/web_report 200 106ms", source: https://7.url.cn/edu/teacher-client/index_ecc0a22bdfa3e92c996b.js (30)
[0509/143535:INFO:CONSOLE(30)] "%c2020-05-09T06:35:35.380Z [imlog] INFO: POST //pull.ke.qq.com/base_pull?bkn=354888392&t=0.0791 200 104ms", source: https://7.url.cn/edu/teacher-client/index_ecc0a22bdfa3e92c996b.js (30)
[0509/143538:INFO:CONSOLE(30)] "%c2020-05-09T06:35:38.307Z [imlog] INFO: post //report.edu.qq.com/data_report/web_report 200 178ms", source: https://7.url.cn/edu/teacher-client/index_ecc0a22bdfa3e92c996b.js (30)
[0509/143540:INFO:CONSOLE(30)] "%c2020-05-09T06:35:40.771Z [imlog] INFO: post //report.edu.qq.com/data_report/web_report 200 103ms", source: https://7.url.cn/edu/teacher-client/index_ecc0a22bdfa3e92c996b.js (30)
[0509/143545:INFO:CONSOLE(30)] "%c2020-05-09T06:35:45.359Z [imlog] INFO: post //report.edu.qq.com/data_report/web_report 200 192ms", source: https://7.url.cn/edu/teacher-client/index_ecc0a22bdfa3e92c996b.js (30)
[0509/143545:INFO:CONSOLE(30)] "%c2020-05-09T06:35:45.487Z [imlog] INFO: POST //pull.ke.qq.com/base_pull?bkn=354888392&t=0.8785 200 103ms", source: https://7.url.cn/edu/teacher-client/index_ecc0a22bdfa3e92c996b.js (30)
[0509/143551:INFO:CONSOLE(30)] "%c2020-05-09T06:35:51.499Z [imlog] INFO: post //report.edu.qq.com/data_report/web_report 200 184ms", source: https://7.url.cn/edu/teacher-client/index_ecc0a22bdfa3e92c996b.js (30)
[0509/143555:INFO:CONSOLE(30)] "%c2020-05-09T06:35:55.590Z [imlog] INFO: POST //pull.ke.qq.com/base_pull?bkn=354888392&t=0.7646 200 101ms", source: https://7.url.cn/edu/teacher-client/index_ecc0a22bdfa3e92c996b.js (30)
[0509/143556:INFO:CONSOLE(30)] "%c2020-05-09T06:35:56.227Z [imlog] INFO: post //report.edu.qq.com/data_report/web_report 200 93ms", source: https://7.url.cn/edu/teacher-client/index_ecc0a22bdfa3e92c996b.js (30)
[0509/143557:INFO:CONSOLE(30)] "%c2020-05-09T06:35:57.487Z [imlog] INFO: post //report.edu.qq.com/data_report/web_report 200 191ms", source: https://7.url.cn/edu/teacher-client/index_ecc0a22bdfa3e92c996b.js (30)
[0509/143600:INFO:CONSOLE(30)] "%c2020-05-09T06:36:00.252Z [imlog] INFO: post //report.edu.qq.com/data_report/web_report 200 89ms", source: https://7.url.cn/edu/teacher-client/index_ecc0a22bdfa3e92c996b.js (30)
[0509/143604:INFO:CONSOLE(30)] "%c2020-05-09T06:36:04.361Z [imlog] INFO: post //report.edu.qq.com/data_report/web_report 200 181ms", source: https://7.url.cn/edu/teacher-client/index_ecc0a22bdfa3e92c996b.js (30)
[0509/143605:INFO:CONSOLE(30)] "%c2020-05-09T06:36:05.696Z [imlog] INFO: POST //pull.ke.qq.com/base_pull?bkn=354888392&t=0.9019 200 103ms", source: https://7.url.cn/edu/teacher-client/index_ecc0a22bdfa3e92c996b.js (30)
[0509/143607:INFO:CONSOLE(30)] "%c2020-05-09T06:36:07.528Z [imlog] INFO: post //report.edu.qq.com/data_report/web_report 200 91ms", source: https://7.url.cn/edu/teacher-client/index_ecc0a22bdfa3e92c996b.js (30)
[0509/143614:INFO:CONSOLE(30)] "%c2020-05-09T06:36:14.096Z [imlog] INFO: post //report.edu.qq.com/data_report/web_report 200 173ms", source: https://7.url.cn/edu/teacher-client/index_ecc0a22bdfa3e92c996b.js (30)
[0509/143615:INFO:CONSOLE(30)] "%c2020-05-09T06:36:15.804Z [imlog] INFO: POST //pull.ke.qq.com/base_pull?bkn=354888392&t=0.9592 200 103ms", source: https://7.url.cn/edu/teacher-client/index_ecc0a22bdfa3e92c996b.js (30)
[0509/143616:INFO:CONSOLE(30)] "%c2020-05-09T06:36:16.579Z [imlog] INFO: post //report.edu.qq.com/data_report/web_report 200 88ms", source: https://7.url.cn/edu/teacher-client/index_ecc0a22bdfa3e92c996b.js (30)
[0509/143621:INFO:CONSOLE(30)] "%c2020-05-09T06:36:21.275Z [imlog] INFO: post //report.edu.qq.com/data_report/web_report 200 178ms", source: https://7.url.cn/edu/teacher-client/index_ecc0a22bdfa3e92c996b.js (30)
[0509/143625:INFO:CONSOLE(30)] "%c2020-05-09T06:36:25.906Z [imlog] INFO: POST //pull.ke.qq.com/base_pull?bkn=354888392&t=0.7380 200 100ms", source: https://7.url.cn/edu/teacher-client/index_ecc0a22bdfa3e92c996b.js (30)
[0509/143636:INFO:CONSOLE(30)] "%c2020-05-09T06:36:36.008Z [imlog] INFO: POST //pull.ke.qq.com/base_pull?bkn=354888392&t=0.0621 200 98ms", source: https://7.url.cn/edu/teacher-client/index_ecc0a22bdfa3e92c996b.js (30)
[0509/143641:INFO:CONSOLE(30)] "%c2020-05-09T06:36:41.938Z [imlog] INFO: post //report.edu.qq.com/data_report/web_report 200 222ms", source: https://7.url.cn/edu/teacher-client/index_ecc0a22bdfa3e92c996b.js (30)
[0509/143646:INFO:CONSOLE(30)] "%c2020-05-09T06:36:46.113Z [imlog] INFO: POST //pull.ke.qq.com/base_pull?bkn=354888392&t=0.0327 200 104ms", source: https://7.url.cn/edu/teacher-client/index_ecc0a22bdfa3e92c996b.js (30)
[0509/143647:INFO:CONSOLE(30)] "%c2020-05-09T06:36:47.145Z [imlog] INFO: post //report.edu.qq.com/data_report/web_report 200 200ms", source: https://7.url.cn/edu/teacher-client/index_ecc0a22bdfa3e92c996b.js (30)
[0509/143656:INFO:CONSOLE(30)] "%c2020-05-09T06:36:56.215Z [imlog] INFO: POST //pull.ke.qq.com/base_pull?bkn=354888392&t=0.8632 200 97ms", source: https://7.url.cn/edu/teacher-client/index_ecc0a22bdfa3e92c996b.js (30)
[0509/143659:INFO:CONSOLE(30)] "%c2020-05-09T06:36:59.498Z [imlog] INFO: post //report.edu.qq.com/data_report/web_report 200 195ms", source: https://7.url.cn/edu/teacher-client/index_ecc0a22bdfa3e92c996b.js (30)
[0509/143706:INFO:CONSOLE(30)] "%c2020-05-09T06:37:06.316Z [imlog] INFO: POST //pull.ke.qq.com/base_pull?bkn=354888392&t=0.4170 200 98ms", source: https://7.url.cn/edu/teacher-client/index_ecc0a22bdfa3e92c996b.js (30)
[0509/143707:INFO:CONSOLE(30)] "%c2020-05-09T06:37:07.746Z [imlog] INFO: post //report.edu.qq.com/data_report/web_report 200 213ms", source: https://7.url.cn/edu/teacher-client/index_ecc0a22bdfa3e92c996b.js (30)
[0509/143709:INFO:CONSOLE(30)] "%c2020-05-09T06:37:09.283Z [imlog] INFO: post //report.edu.qq.com/data_report/web_report 200 91ms", source: https://7.url.cn/edu/teacher-client/index_ecc0a22bdfa3e92c996b.js (30)
[0509/143714:INFO:CONSOLE(30)] "%c2020-05-09T06:37:14.609Z [imlog] INFO: post //report.edu.qq.com/data_report/web_report 200 194ms", source: https://7.url.cn/edu/teacher-client/index_ecc0a22bdfa3e92c996b.js (30)
[0509/143716:INFO:CONSOLE(30)] "%c2020-05-09T06:37:16.304Z [imlog] INFO: post //report.edu.qq.com/data_report/web_report 200 94ms", source: https://7.url.cn/edu/teacher-client/index_ecc0a22bdfa3e92c996b.js (30)
[0509/143716:INFO:CONSOLE(30)] "%c2020-05-09T06:37:16.419Z [imlog] INFO: POST //pull.ke.qq.com/base_pull?bkn=354888392&t=0.9586 200 98ms", source: https://7.url.cn/edu/teacher-client/index_ecc0a22bdfa3e92c996b.js (30)
[0509/143718:INFO:CONSOLE(30)] "%c2020-05-09T06:37:18.062Z [imlog] INFO: post //report.edu.qq.com/data_report/web_report 200 91ms", source: https://7.url.cn/edu/teacher-client/index_ecc0a22bdfa3e92c996b.js (30)
[0509/143726:INFO:CONSOLE(30)] "%c2020-05-09T06:37:26.274Z [imlog] INFO: post //report.edu.qq.com/data_report/web_report 200 217ms", source: https://7.url.cn/edu/teacher-client/index_ecc0a22bdfa3e92c996b.js (30)
[0509/143726:INFO:CONSOLE(30)] "%c2020-05-09T06:37:26.522Z [imlog] INFO: POST //pull.ke.qq.com/base_pull?bkn=354888392&t=0.3628 200 100ms", source: https://7.url.cn/edu/teacher-client/index_ecc0a22bdfa3e92c996b.js (30)
[0509/143728:INFO:CONSOLE(30)] "%c2020-05-09T06:37:28.839Z [imlog] INFO: post //report.edu.qq.com/data_report/web_report 200 104ms", source: https://7.url.cn/edu/teacher-client/index_ecc0a22bdfa3e92c996b.js (30)
[0509/143735:INFO:CONSOLE(30)] "%c2020-05-09T06:37:35.007Z [imlog] INFO: post //report.edu.qq.com/data_report/web_report 200 209ms", source: https://7.url.cn/edu/teacher-client/index_ecc0a22bdfa3e92c996b.js (30)
[0509/143736:INFO:CONSOLE(30)] "%c2020-05-09T06:37:36.630Z [imlog] INFO: POST //pull.ke.qq.com/base_pull?bkn=354888392&t=0.5310 200 103ms", source: https://7.url.cn/edu/teacher-client/index_ecc0a22bdfa3e92c996b.js (30)
[0509/143740:INFO:CONSOLE(30)] "%c2020-05-09T06:37:40.834Z [imlog] INFO: post //report.edu.qq.com/data_report/web_report 200 194ms", source: https://7.url.cn/edu/teacher-client/index_ecc0a22bdfa3e92c996b.js (30)
[0509/143743:INFO:CONSOLE(30)] "%c2020-05-09T06:37:43.461Z [imlog] INFO: post //report.edu.qq.com/data_report/web_report 200 89ms", source: https://7.url.cn/edu/teacher-client/index_ecc0a22bdfa3e92c996b.js (30)
[0509/143746:INFO:CONSOLE(30)] "%c2020-05-09T06:37:46.735Z [imlog] INFO: POST //pull.ke.qq.com/base_pull?bkn=354888392&t=0.5438 200 102ms", source: https://7.url.cn/edu/teacher-client/index_ecc0a22bdfa3e92c996b.js (30)
[0509/143747:INFO:CONSOLE(30)] "%c2020-05-09T06:37:47.069Z [imlog] INFO: post //report.edu.qq.com/data_report/web_report 200 193ms", source: https://7.url.cn/edu/teacher-client/index_ecc0a22bdfa3e92c996b.js (30)
[0509/143753:INFO:CONSOLE(30)] "%c2020-05-09T06:37:53.181Z [imlog] INFO: post //report.edu.qq.com/data_report/web_report 200 180ms", source: https://7.url.cn/edu/teacher-client/index_ecc0a22bdfa3e92c996b.js (30)
[0509/143756:INFO:CONSOLE(30)] "%c2020-05-09T06:37:56.844Z [imlog] INFO: POST //pull.ke.qq.com/base_pull?bkn=354888392&t=0.0490 200 105ms", source: https://7.url.cn/edu/teacher-client/index_ecc0a22bdfa3e92c996b.js (30)
[0509/143806:INFO:CONSOLE(30)] "%c2020-05-09T06:38:06.948Z [imlog] INFO: POST //pull.ke.qq.com/base_pull?bkn=354888392&t=0.5530 200 101ms", source: https://7.url.cn/edu/teacher-client/index_ecc0a22bdfa3e92c996b.js (30)
[0509/143807:INFO:CONSOLE(30)] "%c2020-05-09T06:38:07.012Z [imlog] INFO: post //report.edu.qq.com/data_report/web_report 200 186ms", source: https://7.url.cn/edu/teacher-client/index_ecc0a22bdfa3e92c996b.js (30)
[0509/143816:INFO:CONSOLE(30)] "%c2020-05-09T06:38:16.263Z [impush-client] ERROR: push room_seq 丢失", source: https://7.url.cn/edu/teacher-client/index_ecc0a22bdfa3e92c996b.js (30)
[0509/143817:INFO:CONSOLE(30)] "%c2020-05-09T06:38:17.049Z [imlog] INFO: POST //pull.ke.qq.com/base_pull?bkn=354888392&t=0.9589 200 98ms", source: https://7.url.cn/edu/teacher-client/index_ecc0a22bdfa3e92c996b.js (30)
[0509/143817:INFO:CONSOLE(30)] "%c2020-05-09T06:38:17.170Z [imlog] INFO: post //report.edu.qq.com/data_report/web_report 200 188ms", source: https://7.url.cn/edu/teacher-client/index_ecc0a22bdfa3e92c996b.js (30)
[0509/143818:INFO:CONSOLE(30)] "%c2020-05-09T06:38:18.179Z [imlog] INFO: post //report.edu.qq.com/data_report/web_report 200 89ms", source: https://7.url.cn/edu/teacher-client/index_ecc0a22bdfa3e92c996b.js (30)
[0509/143827:INFO:CONSOLE(30)] "%c2020-05-09T06:38:27.152Z [imlog] INFO: POST //pull.ke.qq.com/base_pull?bkn=354888392&t=0.9850 200 99ms", source: https://7.url.cn/edu/teacher-client/index_ecc0a22bdfa3e92c996b.js (30)
[0509/143835:INFO:CONSOLE(30)] "%c2020-05-09T06:38:35.886Z [imlog] INFO: post //report.edu.qq.com/data_report/web_report 200 179ms", source: https://7.url.cn/edu/teacher-client/index_ecc0a22bdfa3e92c996b.js (30)
[0509/143836:INFO:CONSOLE(30)] "%c2020-05-09T06:38:36.833Z [imlog] INFO: post //report.edu.qq.com/data_report/web_report 200 92ms", source: https://7.url.cn/edu/teacher-client/index_ecc0a22bdfa3e92c996b.js (30)
[0509/143837:INFO:CONSOLE(30)] "%c2020-05-09T06:38:37.260Z [imlog] INFO: POST //pull.ke.qq.com/base_pull?bkn=354888392&t=0.1559 200 104ms", source: https://7.url.cn/edu/teacher-client/index_ecc0a22bdfa3e92c996b.js (30)
[0509/143838:INFO:CONSOLE(30)] "%c2020-05-09T06:38:38.569Z [imlog] INFO: post //report.edu.qq.com/data_report/web_report 200 84ms", source: https://7.url.cn/edu/teacher-client/index_ecc0a22bdfa3e92c996b.js (30)
[0509/143841:INFO:CONSOLE(30)] "%c2020-05-09T06:38:41.573Z [imlog] INFO: post //report.edu.qq.com/data_report/web_report 200 182ms", source: https://7.url.cn/edu/teacher-client/index_ecc0a22bdfa3e92c996b.js (30)
[0509/143847:INFO:CONSOLE(30)] "%c2020-05-09T06:38:47.360Z [imlog] INFO: POST //pull.ke.qq.com/base_pull?bkn=354888392&t=0.9440 200 98ms", source: https://7.url.cn/edu/teacher-client/index_ecc0a22bdfa3e92c996b.js (30)
[0509/143852:INFO:CONSOLE(30)] "%c2020-05-09T06:38:52.373Z [imlog] INFO: post //report.edu.qq.com/data_report/web_report 200 176ms", source: https://7.url.cn/edu/teacher-client/index_ecc0a22bdfa3e92c996b.js (30)
[0509/143856:INFO:CONSOLE(30)] "%c2020-05-09T06:38:56.770Z [imlog] INFO: post //report.edu.qq.com/data_report/web_report 200 91ms", source: https://7.url.cn/edu/teacher-client/index_ecc0a22bdfa3e92c996b.js (30)
[0509/143857:INFO:CONSOLE(30)] "%c2020-05-09T06:38:57.464Z [imlog] INFO: POST //pull.ke.qq.com/base_pull?bkn=354888392&t=0.2144 200 100ms", source: https://7.url.cn/edu/teacher-client/index_ecc0a22bdfa3e92c996b.js (30)
[0509/143907:INFO:CONSOLE(30)] "%c2020-05-09T06:39:07.567Z [imlog] INFO: POST //pull.ke.qq.com/base_pull?bkn=354888392&t=0.1463 200 101ms", source: https://7.url.cn/edu/teacher-client/index_ecc0a22bdfa3e92c996b.js (30)
[0509/143916:INFO:CONSOLE(30)] "%c2020-05-09T06:39:16.605Z [imlog] INFO: post //report.edu.qq.com/data_report/web_report 200 203ms", source: https://7.url.cn/edu/teacher-client/index_ecc0a22bdfa3e92c996b.js (30)
[0509/143917:INFO:CONSOLE(30)] "%c2020-05-09T06:39:17.669Z [imlog] INFO: POST //pull.ke.qq.com/base_pull?bkn=354888392&t=0.4676 200 100ms", source: https://7.url.cn/edu/teacher-client/index_ecc0a22bdfa3e92c996b.js (30)
[0509/143925:INFO:CONSOLE(30)] "%c2020-05-09T06:39:25.622Z [imlog] INFO: post //report.edu.qq.com/data_report/web_report 200 178ms", source: https://7.url.cn/edu/teacher-client/index_ecc0a22bdfa3e92c996b.js (30)
[0509/143928:INFO:CONSOLE(30)] "%c2020-05-09T06:39:28.008Z [imlog] INFO: POST //pull.ke.qq.com/base_pull?bkn=354888392&t=0.8237 200 331ms", source: https://7.url.cn/edu/teacher-client/index_ecc0a22bdfa3e92c996b.js (30)
[0509/143928:INFO:CONSOLE(30)] "%c2020-05-09T06:39:28.461Z [imlog] INFO: post //report.edu.qq.com/data_report/web_report 200 94ms", source: https://7.url.cn/edu/teacher-client/index_ecc0a22bdfa3e92c996b.js (30)
[0509/143930:INFO:CONSOLE(30)] "%c2020-05-09T06:39:30.486Z [imlog] INFO: post //report.edu.qq.com/data_report/web_report 200 88ms", source: https://7.url.cn/edu/teacher-client/index_ecc0a22bdfa3e92c996b.js (30)
[0509/143932:INFO:CONSOLE(30)] "%c2020-05-09T06:39:32.563Z [imlog] INFO: post //report.edu.qq.com/data_report/web_report 200 197ms", source: https://7.url.cn/edu/teacher-client/index_ecc0a22bdfa3e92c996b.js (30)
[0509/143935:INFO:CONSOLE(30)] "%c2020-05-09T06:39:35.233Z [imlog] INFO: post //report.edu.qq.com/data_report/web_report 200 92ms", source: https://7.url.cn/edu/teacher-client/index_ecc0a22bdfa3e92c996b.js (30)
[0509/143937:INFO:CONSOLE(30)] "%c2020-05-09T06:39:37.002Z [imlog] INFO: post //report.edu.qq.com/data_report/web_report 200 125ms", source: https://7.url.cn/edu/teacher-client/index_ecc0a22bdfa3e92c996b.js (30)
[0509/143938:INFO:CONSOLE(30)] "%c2020-05-09T06:39:38.110Z [imlog] INFO: POST //pull.ke.qq.com/base_pull?bkn=354888392&t=0.1323 200 99ms", source: https://7.url.cn/edu/teacher-client/index_ecc0a22bdfa3e92c996b.js (30)
[0509/143940:INFO:CONSOLE(30)] "%c2020-05-09T06:39:40.137Z [imlog] INFO: post //report.edu.qq.com/data_report/web_report 200 189ms", source: https://7.url.cn/edu/teacher-client/index_ecc0a22bdfa3e92c996b.js (30)
[0509/143942:INFO:CONSOLE(30)] "%c2020-05-09T06:39:42.107Z [impush-client] ERROR: push room_seq 丢失", source: https://7.url.cn/edu/teacher-client/index_ecc0a22bdfa3e92c996b.js (30)
[0509/143942:INFO:CONSOLE(30)] "%c2020-05-09T06:39:42.681Z [imlog] INFO: post //report.edu.qq.com/data_report/web_report 200 104ms", source: https://7.url.cn/edu/teacher-client/index_ecc0a22bdfa3e92c996b.js (30)
[0509/143944:INFO:CONSOLE(30)] "%c2020-05-09T06:39:44.061Z [imlog] INFO: post //report.edu.qq.com/data_report/web_report 200 89ms", source: https://7.url.cn/edu/teacher-client/index_ecc0a22bdfa3e92c996b.js (30)
[0509/143947:INFO:CONSOLE(30)] "%c2020-05-09T06:39:47.866Z [imlog] INFO: post //report.edu.qq.com/data_report/web_report 200 188ms", source: https://7.url.cn/edu/teacher-client/index_ecc0a22bdfa3e92c996b.js (30)
[0509/143948:INFO:CONSOLE(30)] "%c2020-05-09T06:39:48.217Z [imlog] INFO: POST //pull.ke.qq.com/base_pull?bkn=354888392&t=0.3282 200 104ms", source: https://7.url.cn/edu/teacher-client/index_ecc0a22bdfa3e92c996b.js (30)
[0509/143949:INFO:CONSOLE(30)] "%c2020-05-09T06:39:49.019Z [imlog] INFO: post //report.edu.qq.com/data_report/web_report 200 88ms", source: https://7.url.cn/edu/teacher-client/index_ecc0a22bdfa3e92c996b.js (30)
[0509/143958:INFO:CONSOLE(30)] "%c2020-05-09T06:39:58.319Z [imlog] INFO: POST //pull.ke.qq.com/base_pull?bkn=354888392&t=0.4900 200 98ms", source: https://7.url.cn/edu/teacher-client/index_ecc0a22bdfa3e92c996b.js (30)
[0509/144003:INFO:CONSOLE(30)] "%c2020-05-09T06:40:03.886Z [imlog] INFO: post //report.edu.qq.com/data_report/web_report 200 192ms", source: https://7.url.cn/edu/teacher-client/index_ecc0a22bdfa3e92c996b.js (30)
[0509/144008:INFO:CONSOLE(30)] "%c2020-05-09T06:40:08.424Z [imlog] INFO: POST //pull.ke.qq.com/base_pull?bkn=354888392&t=0.2730 200 102ms", source: https://7.url.cn/edu/teacher-client/index_ecc0a22bdfa3e92c996b.js (30)
[0509/144014:INFO:CONSOLE(30)] "%c2020-05-09T06:40:14.464Z [imlog] INFO: post //report.edu.qq.com/data_report/web_report 200 190ms", source: https://7.url.cn/edu/teacher-client/index_ecc0a22bdfa3e92c996b.js (30)
[0509/144018:INFO:CONSOLE(30)] "%c2020-05-09T06:40:18.526Z [imlog] INFO: POST //pull.ke.qq.com/base_pull?bkn=354888392&t=0.4870 200 97ms", source: https://7.url.cn/edu/teacher-client/index_ecc0a22bdfa3e92c996b.js (30)
[0509/144025:INFO:CONSOLE(30)] "%c2020-05-09T06:40:25.158Z [imlog] INFO: post //report.edu.qq.com/data_report/web_report 200 188ms", source: https://7.url.cn/edu/teacher-client/index_ecc0a22bdfa3e92c996b.js (30)
[0509/144028:INFO:CONSOLE(30)] "%c2020-05-09T06:40:28.630Z [imlog] INFO: POST //pull.ke.qq.com/base_pull?bkn=354888392&t=0.1070 200 101ms", source: https://7.url.cn/edu/teacher-client/index_ecc0a22bdfa3e92c996b.js (30)
[0509/144028:INFO:CONSOLE(30)] "%c2020-05-09T06:40:28.780Z [imlog] INFO: post //report.edu.qq.com/data_report/web_report 200 84ms", source: https://7.url.cn/edu/teacher-client/index_ecc0a22bdfa3e92c996b.js (30)
[0509/144035:INFO:CONSOLE(30)] "%c2020-05-09T06:40:35.564Z [imlog] INFO: post //report.edu.qq.com/data_report/web_report 200 189ms", source: https://7.url.cn/edu/teacher-client/index_ecc0a22bdfa3e92c996b.js (30)
[0509/144038:INFO:CONSOLE(30)] "%c2020-05-09T06:40:38.731Z [imlog] INFO: POST //pull.ke.qq.com/base_pull?bkn=354888392&t=0.4067 200 98ms", source: https://7.url.cn/edu/teacher-client/index_ecc0a22bdfa3e92c996b.js (30)
[0509/144047:INFO:CONSOLE(30)] "%c2020-05-09T06:40:47.762Z [imlog] INFO: post //report.edu.qq.com/data_report/web_report 200 192ms", source: https://7.url.cn/edu/teacher-client/index_ecc0a22bdfa3e92c996b.js (30)
[0509/144048:INFO:CONSOLE(30)] "%c2020-05-09T06:40:48.842Z [imlog] INFO: POST //pull.ke.qq.com/base_pull?bkn=354888392&t=0.2111 200 105ms", source: https://7.url.cn/edu/teacher-client/index_ecc0a22bdfa3e92c996b.js (30)
[0509/144049:INFO:CONSOLE(30)] "%c2020-05-09T06:40:49.651Z [imlog] INFO: post //report.edu.qq.com/data_report/web_report 200 109ms", source: https://7.url.cn/edu/teacher-client/index_ecc0a22bdfa3e92c996b.js (30)
[0509/144058:INFO:CONSOLE(30)] "%c2020-05-09T06:40:58.949Z [imlog] INFO: POST //pull.ke.qq.com/base_pull?bkn=354888392&t=0.3564 200 104ms", source: https://7.url.cn/edu/teacher-client/index_ecc0a22bdfa3e92c996b.js (30)
[0509/144103:INFO:CONSOLE(30)] "%c2020-05-09T06:41:03.241Z [imlog] INFO: post //report.edu.qq.com/data_report/web_report 200 201ms", source: https://7.url.cn/edu/teacher-client/index_ecc0a22bdfa3e92c996b.js (30)
[0509/144109:INFO:CONSOLE(30)] "%c2020-05-09T06:41:09.053Z [imlog] INFO: POST //pull.ke.qq.com/base_pull?bkn=354888392&t=0.3739 200 101ms", source: https://7.url.cn/edu/teacher-client/index_ecc0a22bdfa3e92c996b.js (30)
[0509/144119:INFO:CONSOLE(30)] "%c2020-05-09T06:41:19.157Z [imlog] INFO: POST //pull.ke.qq.com/base_pull?bkn=354888392&t=0.6694 200 97ms", source: https://7.url.cn/edu/teacher-client/index_ecc0a22bdfa3e92c996b.js (30)
[0509/144119:INFO:CONSOLE(30)] "%c2020-05-09T06:41:19.607Z [imlog] INFO: post //report.edu.qq.com/data_report/web_report 200 92ms", source: https://7.url.cn/edu/teacher-client/index_ecc0a22bdfa3e92c996b.js (30)
[0509/144121:INFO:CONSOLE(30)] "%c2020-05-09T06:41:21.411Z [imlog] INFO: post //report.edu.qq.com/data_report/web_report 200 3238ms", source: https://7.url.cn/edu/teacher-client/index_ecc0a22bdfa3e92c996b.js (30)
[0509/144121:INFO:CONSOLE(30)] "%c2020-05-09T06:41:21.478Z [imlog] INFO: post //report.edu.qq.com/data_report/web_report 200 91ms", source: https://7.url.cn/edu/teacher-client/index_ecc0a22bdfa3e92c996b.js (30)
[0509/144129:INFO:CONSOLE(30)] "%c2020-05-09T06:41:29.265Z [imlog] INFO: POST //pull.ke.qq.com/base_pull?bkn=354888392&t=0.4063 200 102ms", source: https://7.url.cn/edu/teacher-client/index_ecc0a22bdfa3e92c996b.js (30)
[0509/144132:INFO:CONSOLE(30)] "%c2020-05-09T06:41:32.452Z [imlog] INFO: post //report.edu.qq.com/data_report/web_report 200 181ms", source: https://7.url.cn/edu/teacher-client/index_ecc0a22bdfa3e92c996b.js (30)
[0509/144139:INFO:CONSOLE(30)] "%c2020-05-09T06:41:39.370Z [imlog] INFO: POST //pull.ke.qq.com/base_pull?bkn=354888392&t=0.5850 200 102ms", source: https://7.url.cn/edu/teacher-client/index_ecc0a22bdfa3e92c996b.js (30)
[0509/144149:INFO:CONSOLE(30)] "%c2020-05-09T06:41:49.471Z [imlog] INFO: POST //pull.ke.qq.com/base_pull?bkn=354888392&t=0.3326 200 97ms", source: https://7.url.cn/edu/teacher-client/index_ecc0a22bdfa3e92c996b.js (30)
[0509/144159:INFO:CONSOLE(30)] "%c2020-05-09T06:41:59.575Z [imlog] INFO: POST //pull.ke.qq.com/base_pull?bkn=354888392&t=0.1779 200 102ms", source: https://7.url.cn/edu/teacher-client/index_ecc0a22bdfa3e92c996b.js (30)
[0509/144205:INFO:CONSOLE(30)] "%c2020-05-09T06:42:05.361Z [imlog] INFO: post //report.edu.qq.com/data_report/web_report 200 4180ms", source: https://7.url.cn/edu/teacher-client/index_ecc0a22bdfa3e92c996b.js (30)
[0509/144208:INFO:CONSOLE(30)] "%c2020-05-09T06:42:08.896Z [imlog] INFO: post //report.edu.qq.com/data_report/web_report 200 93ms", source: https://7.url.cn/edu/teacher-client/index_ecc0a22bdfa3e92c996b.js (30)
[0509/144209:INFO:CONSOLE(30)] "%c2020-05-09T06:42:09.677Z [imlog] INFO: POST //pull.ke.qq.com/base_pull?bkn=354888392&t=0.6133 200 99ms", source: https://7.url.cn/edu/teacher-client/index_ecc0a22bdfa3e92c996b.js (30)
[0509/144212:INFO:CONSOLE(30)] "%c2020-05-09T06:42:12.964Z [imlog] INFO: post //report.edu.qq.com/data_report/web_report 200 186ms", source: https://7.url.cn/edu/teacher-client/index_ecc0a22bdfa3e92c996b.js (30)
[0509/144219:INFO:CONSOLE(30)] "%c2020-05-09T06:42:19.782Z [imlog] INFO: POST //pull.ke.qq.com/base_pull?bkn=354888392&t=0.0757 200 103ms", source: https://7.url.cn/edu/teacher-client/index_ecc0a22bdfa3e92c996b.js (30)
[0509/144229:INFO:CONSOLE(30)] "%c2020-05-09T06:42:29.882Z [imlog] INFO: POST //pull.ke.qq.com/base_pull?bkn=354888392&t=0.4737 200 97ms", source: https://7.url.cn/edu/teacher-client/index_ecc0a22bdfa3e92c996b.js (30)
[0509/144239:INFO:CONSOLE(30)] "%c2020-05-09T06:42:39.983Z [imlog] INFO: POST //pull.ke.qq.com/base_pull?bkn=354888392&t=0.5214 200 98ms", source: https://7.url.cn/edu/teacher-client/index_ecc0a22bdfa3e92c996b.js (30)
[0509/144248:INFO:CONSOLE(30)] "%c2020-05-09T06:42:48.536Z [imlog] INFO: post //report.edu.qq.com/data_report/web_report 200 172ms", source: https://7.url.cn/edu/teacher-client/index_ecc0a22bdfa3e92c996b.js (30)
[0509/144250:INFO:CONSOLE(30)] "%c2020-05-09T06:42:50.084Z [imlog] INFO: POST //pull.ke.qq.com/base_pull?bkn=354888392&t=0.5221 200 98ms", source: https://7.url.cn/edu/teacher-client/index_ecc0a22bdfa3e92c996b.js (30)
[0509/144254:INFO:CONSOLE(30)] "%c2020-05-09T06:42:54.647Z [imlog] INFO: post //report.edu.qq.com/data_report/web_report 200 211ms", source: https://7.url.cn/edu/teacher-client/index_ecc0a22bdfa3e92c996b.js (30)
[0509/144255:INFO:CONSOLE(30)] "%c2020-05-09T06:42:55.778Z [imlog] INFO: post //report.edu.qq.com/data_report/web_report 200 88ms", source: https://7.url.cn/edu/teacher-client/index_ecc0a22bdfa3e92c996b.js (30)
[0509/144300:INFO:CONSOLE(30)] "%c2020-05-09T06:43:00.187Z [imlog] INFO: POST //pull.ke.qq.com/base_pull?bkn=354888392&t=0.6284 200 101ms", source: https://7.url.cn/edu/teacher-client/index_ecc0a22bdfa3e92c996b.js (30)
[0509/144310:INFO:CONSOLE(30)] "%c2020-05-09T06:43:10.291Z [imlog] INFO: POST //pull.ke.qq.com/base_pull?bkn=354888392&t=0.6283 200 99ms", source: https://7.url.cn/edu/teacher-client/index_ecc0a22bdfa3e92c996b.js (30)
[0509/144320:INFO:CONSOLE(30)] "%c2020-05-09T06:43:20.398Z [imlog] INFO: POST //pull.ke.qq.com/base_pull?bkn=354888392&t=0.3869 200 105ms", source: https://7.url.cn/edu/teacher-client/index_ecc0a22bdfa3e92c996b.js (30)
[0509/144327:INFO:CONSOLE(30)] "%c2020-05-09T06:43:27.944Z [imlog] INFO: post //report.edu.qq.com/data_report/web_report 200 179ms", source: https://7.url.cn/edu/teacher-client/index_ecc0a22bdfa3e92c996b.js (30)
[0509/144330:INFO:CONSOLE(30)] "%c2020-05-09T06:43:30.499Z [imlog] INFO: POST //pull.ke.qq.com/base_pull?bkn=354888392&t=0.4655 200 100ms", source: https://7.url.cn/edu/teacher-client/index_ecc0a22bdfa3e92c996b.js (30)
[0509/144332:INFO:CONSOLE(30)] "%c2020-05-09T06:43:32.194Z [imlog] INFO: post //report.edu.qq.com/data_report/web_report 200 106ms", source: https://7.url.cn/edu/teacher-client/index_ecc0a22bdfa3e92c996b.js (30)
[0509/144340:INFO:CONSOLE(30)] "%c2020-05-09T06:43:40.605Z [imlog] INFO: POST //pull.ke.qq.com/base_pull?bkn=354888392&t=0.0436 200 103ms", source: https://7.url.cn/edu/teacher-client/index_ecc0a22bdfa3e92c996b.js (30)
[0509/144350:INFO:CONSOLE(30)] "%c2020-05-09T06:43:50.706Z [imlog] INFO: POST //pull.ke.qq.com/base_pull?bkn=354888392&t=0.0803 200 99ms", source: https://7.url.cn/edu/teacher-client/index_ecc0a22bdfa3e92c996b.js (30)
[0509/144352:INFO:CONSOLE(30)] "%c2020-05-09T06:43:52.291Z [imlog] INFO: post //report.edu.qq.com/data_report/web_report 200 185ms", source: https://7.url.cn/edu/teacher-client/index_ecc0a22bdfa3e92c996b.js (30)
[0509/144400:INFO:CONSOLE(30)] "%c2020-05-09T06:44:00.812Z [imlog] INFO: POST //pull.ke.qq.com/base_pull?bkn=354888392&t=0.8812 200 104ms", source: https://7.url.cn/edu/teacher-client/index_ecc0a22bdfa3e92c996b.js (30)
[0509/144410:INFO:CONSOLE(30)] "%c2020-05-09T06:44:10.920Z [imlog] INFO: POST //pull.ke.qq.com/base_pull?bkn=354888392&t=0.1479 200 104ms", source: https://7.url.cn/edu/teacher-client/index_ecc0a22bdfa3e92c996b.js (30)
[0509/144421:INFO:CONSOLE(30)] "%c2020-05-09T06:44:21.026Z [imlog] INFO: POST //pull.ke.qq.com/base_pull?bkn=354888392&t=0.1977 200 103ms", source: https://7.url.cn/edu/teacher-client/index_ecc0a22bdfa3e92c996b.js (30)
[0509/144425:INFO:CONSOLE(30)] "%c2020-05-09T06:44:25.861Z [imlog] INFO: post //report.edu.qq.com/data_report/web_report 200 176ms", source: https://7.url.cn/edu/teacher-client/index_ecc0a22bdfa3e92c996b.js (30)
[0509/144431:INFO:CONSOLE(30)] "%c2020-05-09T06:44:31.133Z [imlog] INFO: POST //pull.ke.qq.com/base_pull?bkn=354888392&t=0.1028 200 103ms", source: https://7.url.cn/edu/teacher-client/index_ecc0a22bdfa3e92c996b.js (30)
[0509/144431:INFO:CONSOLE(30)] "%c2020-05-09T06:44:31.500Z [imlog] INFO: post //report.edu.qq.com/data_report/web_report 200 179ms", source: https://7.url.cn/edu/teacher-client/index_ecc0a22bdfa3e92c996b.js (30)
[0509/144441:INFO:CONSOLE(30)] "%c2020-05-09T06:44:41.236Z [imlog] INFO: POST //pull.ke.qq.com/base_pull?bkn=354888392&t=0.3982 200 99ms", source: https://7.url.cn/edu/teacher-client/index_ecc0a22bdfa3e92c996b.js (30)
[0509/144443:INFO:CONSOLE(30)] "%c2020-05-09T06:44:43.010Z [imlog] INFO: post //report.edu.qq.com/data_report/web_report 200 207ms", source: https://7.url.cn/edu/teacher-client/index_ecc0a22bdfa3e92c996b.js (30)
[0509/144448:INFO:CONSOLE(30)] "%c2020-05-09T06:44:48.773Z [imlog] INFO: post //report.edu.qq.com/data_report/web_report 200 177ms", source: https://7.url.cn/edu/teacher-client/index_ecc0a22bdfa3e92c996b.js (30)
[0509/144451:INFO:CONSOLE(30)] "%c2020-05-09T06:44:51.539Z [imlog] INFO: POST //pull.ke.qq.com/base_pull?bkn=354888392&t=0.0290 200 103ms", source: https://7.url.cn/edu/teacher-client/index_ecc0a22bdfa3e92c996b.js (30)
[0509/144452:INFO:CONSOLE(30)] "%c2020-05-09T06:44:52.268Z [imlog] INFO: post //report.edu.qq.com/data_report/web_report 200 101ms", source: https://7.url.cn/edu/teacher-client/index_ecc0a22bdfa3e92c996b.js (30)
[0509/144456:INFO:CONSOLE(30)] "%c2020-05-09T06:44:56.372Z [imlog] INFO: post //report.edu.qq.com/data_report/web_report 200 185ms", source: https://7.url.cn/edu/teacher-client/index_ecc0a22bdfa3e92c996b.js (30)
[0509/144457:INFO:CONSOLE(30)] "%c2020-05-09T06:44:57.832Z [impush-client] ERROR: push room_seq 丢失", source: https://7.url.cn/edu/teacher-client/index_ecc0a22bdfa3e92c996b.js (30)
[0509/144458:INFO:CONSOLE(30)] "%c2020-05-09T06:44:58.066Z [imlog] INFO: post //report.edu.qq.com/data_report/web_report 200 87ms", source: https://7.url.cn/edu/teacher-client/index_ecc0a22bdfa3e92c996b.js (30)
[0509/144459:INFO:CONSOLE(30)] "%c2020-05-09T06:44:59.397Z [imlog] INFO: post //report.edu.qq.com/data_report/web_report 200 91ms", source: https://7.url.cn/edu/teacher-client/index_ecc0a22bdfa3e92c996b.js (30)
[0509/144501:INFO:CONSOLE(30)] "%c2020-05-09T06:45:01.649Z [imlog] INFO: POST //pull.ke.qq.com/base_pull?bkn=354888392&t=0.6074 200 106ms", source: https://7.url.cn/edu/teacher-client/index_ecc0a22bdfa3e92c996b.js (30)
[0509/144504:INFO:CONSOLE(30)] "%c2020-05-09T06:45:04.044Z [imlog] INFO: post //report.edu.qq.com/data_report/web_report 200 185ms", source: https://7.url.cn/edu/teacher-client/index_ecc0a22bdfa3e92c996b.js (30)
[0509/144511:INFO:CONSOLE(30)] "%c2020-05-09T06:45:11.753Z [imlog] INFO: POST //pull.ke.qq.com/base_pull?bkn=354888392&t=0.8105 200 102ms", source: https://7.url.cn/edu/teacher-client/index_ecc0a22bdfa3e92c996b.js (30)
[0509/144521:INFO:CONSOLE(30)] "%c2020-05-09T06:45:21.856Z [imlog] INFO: POST //pull.ke.qq.com/base_pull?bkn=354888392&t=0.7886 200 98ms", source: https://7.url.cn/edu/teacher-client/index_ecc0a22bdfa3e92c996b.js (30)
[0509/144525:INFO:CONSOLE(30)] "%c2020-05-09T06:45:25.069Z [imlog] INFO: post //report.edu.qq.com/data_report/web_report 200 186ms", source: https://7.url.cn/edu/teacher-client/index_ecc0a22bdfa3e92c996b.js (30)
[0509/144531:INFO:CONSOLE(30)] "%c2020-05-09T06:45:31.960Z [imlog] INFO: POST //pull.ke.qq.com/base_pull?bkn=354888392&t=0.0441 200 100ms", source: https://7.url.cn/edu/teacher-client/index_ecc0a22bdfa3e92c996b.js (30)
[0509/144535:INFO:CONSOLE(30)] "%c2020-05-09T06:45:35.190Z [imlog] INFO: post //report.edu.qq.com/data_report/web_report 200 201ms", source: https://7.url.cn/edu/teacher-client/index_ecc0a22bdfa3e92c996b.js (30)
[0509/144542:INFO:CONSOLE(30)] "%c2020-05-09T06:45:42.062Z [imlog] INFO: POST //pull.ke.qq.com/base_pull?bkn=354888392&t=0.4167 200 101ms", source: https://7.url.cn/edu/teacher-client/index_ecc0a22bdfa3e92c996b.js (30)
[0509/144552:INFO:CONSOLE(30)] "%c2020-05-09T06:45:52.164Z [imlog] INFO: POST //pull.ke.qq.com/base_pull?bkn=354888392&t=0.3085 200 99ms", source: https://7.url.cn/edu/teacher-client/index_ecc0a22bdfa3e92c996b.js (30)
[0509/144602:INFO:CONSOLE(30)] "%c2020-05-09T06:46:02.263Z [imlog] INFO: POST //pull.ke.qq.com/base_pull?bkn=354888392&t=0.3743 200 97ms", source: https://7.url.cn/edu/teacher-client/index_ecc0a22bdfa3e92c996b.js (30)
[0509/144612:INFO:CONSOLE(30)] "%c2020-05-09T06:46:12.370Z [imlog] INFO: POST //pull.ke.qq.com/base_pull?bkn=354888392&t=0.3618 200 106ms", source: https://7.url.cn/edu/teacher-client/index_ecc0a22bdfa3e92c996b.js (30)
[0509/144622:INFO:CONSOLE(30)] "%c2020-05-09T06:46:22.474Z [imlog] INFO: POST //pull.ke.qq.com/base_pull?bkn=354888392&t=0.4482 200 101ms", source: https://7.url.cn/edu/teacher-client/index_ecc0a22bdfa3e92c996b.js (30)
[0509/144629:INFO:CONSOLE(30)] "%c2020-05-09T06:46:29.990Z [imlog] INFO: post //report.edu.qq.com/data_report/web_report 200 193ms", source: https://7.url.cn/edu/teacher-client/index_ecc0a22bdfa3e92c996b.js (30)
[0509/144632:INFO:CONSOLE(30)] "%c2020-05-09T06:46:32.574Z [imlog] INFO: POST //pull.ke.qq.com/base_pull?bkn=354888392&t=0.0641 200 98ms", source: https://7.url.cn/edu/teacher-client/index_ecc0a22bdfa3e92c996b.js (30)
[0509/144642:INFO:CONSOLE(30)] "%c2020-05-09T06:46:42.682Z [imlog] INFO: POST //pull.ke.qq.com/base_pull?bkn=354888392&t=0.5050 200 104ms", source: https://7.url.cn/edu/teacher-client/index_ecc0a22bdfa3e92c996b.js (30)
[0509/144652:INFO:CONSOLE(30)] "%c2020-05-09T06:46:52.783Z [imlog] INFO: POST //pull.ke.qq.com/base_pull?bkn=354888392&t=0.7623 200 98ms", source: https://7.url.cn/edu/teacher-client/index_ecc0a22bdfa3e92c996b.js (30)
[0509/144702:INFO:CONSOLE(30)] "%c2020-05-09T06:47:02.888Z [imlog] INFO: POST //pull.ke.qq.com/base_pull?bkn=354888392&t=0.3110 200 101ms", source: https://7.url.cn/edu/teacher-client/index_ecc0a22bdfa3e92c996b.js (30)
[0509/144712:INFO:CONSOLE(30)] "%c2020-05-09T06:47:12.988Z [imlog] INFO: POST //pull.ke.qq.com/base_pull?bkn=354888392&t=0.5738 200 100ms", source: https://7.url.cn/edu/teacher-client/index_ecc0a22bdfa3e92c996b.js (30)
[0509/144723:INFO:CONSOLE(30)] "%c2020-05-09T06:47:23.093Z [imlog] INFO: POST //pull.ke.qq.com/base_pull?bkn=354888392&t=0.1188 200 103ms", source: https://7.url.cn/edu/teacher-client/index_ecc0a22bdfa3e92c996b.js (30)
[0509/144726:INFO:CONSOLE(30)] "%c2020-05-09T06:47:26.098Z [imlog] INFO: post //report.edu.qq.com/data_report/web_report 200 176ms", source: https://7.url.cn/edu/teacher-client/index_ecc0a22bdfa3e92c996b.js (30)
[0509/144733:INFO:CONSOLE(30)] "%c2020-05-09T06:47:33.200Z [imlog] INFO: POST //pull.ke.qq.com/base_pull?bkn=354888392&t=0.0625 200 105ms", source: https://7.url.cn/edu/teacher-client/index_ecc0a22bdfa3e92c996b.js (30)
[0509/144742:INFO:CONSOLE(30)] "%c2020-05-09T06:47:42.458Z [imlog] INFO: post //report.edu.qq.com/data_report/web_report 200 199ms", source: https://7.url.cn/edu/teacher-client/index_ecc0a22bdfa3e92c996b.js (30)
[0509/144743:INFO:CONSOLE(30)] "%c2020-05-09T06:47:43.302Z [imlog] INFO: POST //pull.ke.qq.com/base_pull?bkn=354888392&t=0.8420 200 99ms", source: https://7.url.cn/edu/teacher-client/index_ecc0a22bdfa3e92c996b.js (30)
[0509/144745:INFO:CONSOLE(30)] "%c2020-05-09T06:47:45.346Z [imlog] INFO: post //report.edu.qq.com/data_report/web_report 200 90ms", source: https://7.url.cn/edu/teacher-client/index_ecc0a22bdfa3e92c996b.js (30)
[0509/144753:INFO:CONSOLE(30)] "%c2020-05-09T06:47:53.408Z [imlog] INFO: POST //pull.ke.qq.com/base_pull?bkn=354888392&t=0.9327 200 103ms", source: https://7.url.cn/edu/teacher-client/index_ecc0a22bdfa3e92c996b.js (30)
[0509/144758:INFO:CONSOLE(30)] "%c2020-05-09T06:47:58.230Z [imlog] INFO: post //report.edu.qq.com/data_report/web_report 200 209ms", source: https://7.url.cn/edu/teacher-client/index_ecc0a22bdfa3e92c996b.js (30)
[0509/144803:INFO:CONSOLE(30)] "%c2020-05-09T06:48:03.516Z [imlog] INFO: POST //pull.ke.qq.com/base_pull?bkn=354888392&t=0.9938 200 104ms", source: https://7.url.cn/edu/teacher-client/index_ecc0a22bdfa3e92c996b.js (30)
[0509/144813:INFO:CONSOLE(30)] "%c2020-05-09T06:48:13.620Z [imlog] INFO: POST //pull.ke.qq.com/base_pull?bkn=354888392&t=0.1779 200 99ms", source: https://7.url.cn/edu/teacher-client/index_ecc0a22bdfa3e92c996b.js (30)
[0509/144823:INFO:CONSOLE(30)] "%c2020-05-09T06:48:23.722Z [imlog] INFO: POST //pull.ke.qq.com/base_pull?bkn=354888392&t=0.5952 200 100ms", source: https://7.url.cn/edu/teacher-client/index_ecc0a22bdfa3e92c996b.js (30)
[0509/144833:INFO:CONSOLE(30)] "%c2020-05-09T06:48:33.822Z [imlog] INFO: POST //pull.ke.qq.com/base_pull?bkn=354888392&t=0.8949 200 97ms", source: https://7.url.cn/edu/teacher-client/index_ecc0a22bdfa3e92c996b.js (30)
[0509/144843:INFO:CONSOLE(30)] "%c2020-05-09T06:48:43.929Z [imlog] INFO: POST //pull.ke.qq.com/base_pull?bkn=354888392&t=0.6282 200 103ms", source: https://7.url.cn/edu/teacher-client/index_ecc0a22bdfa3e92c996b.js (30)
[0509/144854:INFO:CONSOLE(30)] "%c2020-05-09T06:48:54.031Z [imlog] INFO: POST //pull.ke.qq.com/base_pull?bkn=354888392&t=0.4080 200 100ms", source: https://7.url.cn/edu/teacher-client/index_ecc0a22bdfa3e92c996b.js (30)
[0509/144904:INFO:CONSOLE(30)] "%c2020-05-09T06:49:04.138Z [imlog] INFO: POST //pull.ke.qq.com/base_pull?bkn=354888392&t=0.4052 200 104ms", source: https://7.url.cn/edu/teacher-client/index_ecc0a22bdfa3e92c996b.js (30)
[0509/144914:INFO:CONSOLE(30)] "%c2020-05-09T06:49:14.238Z [imlog] INFO: POST //pull.ke.qq.com/base_pull?bkn=354888392&t=0.6893 200 100ms", source: https://7.url.cn/edu/teacher-client/index_ecc0a22bdfa3e92c996b.js (30)
[0509/144924:INFO:CONSOLE(30)] "%c2020-05-09T06:49:24.341Z [imlog] INFO: POST //pull.ke.qq.com/base_pull?bkn=354888392&t=0.2664 200 99ms", source: https://7.url.cn/edu/teacher-client/index_ecc0a22bdfa3e92c996b.js (30)
[0509/144929:INFO:CONSOLE(30)] "%c2020-05-09T06:49:29.752Z [imlog] INFO: post //report.edu.qq.com/data_report/web_report 200 201ms", source: https://7.url.cn/edu/teacher-client/index_ecc0a22bdfa3e92c996b.js (30)
[0509/144934:INFO:CONSOLE(30)] "%c2020-05-09T06:49:34.475Z [imlog] INFO: POST //pull.ke.qq.com/base_pull?bkn=354888392&t=0.7312 200 102ms", source: https://7.url.cn/edu/teacher-client/index_ecc0a22bdfa3e92c996b.js (30)
[0509/144935:INFO:CONSOLE(30)] "%c2020-05-09T06:49:35.282Z [imlog] INFO: post //report.edu.qq.com/data_report/web_report 200 175ms", source: https://7.url.cn/edu/teacher-client/index_ecc0a22bdfa3e92c996b.js (30)
[0509/144942:INFO:CONSOLE(30)] "%c2020-05-09T06:49:42.119Z [imlog] INFO: post //report.edu.qq.com/data_report/web_report 200 181ms", source: https://7.url.cn/edu/teacher-client/index_ecc0a22bdfa3e92c996b.js (30)
[0509/144944:INFO:CONSOLE(30)] "%c2020-05-09T06:49:44.583Z [imlog] INFO: POST //pull.ke.qq.com/base_pull?bkn=354888392&t=0.9962 200 104ms", source: https://7.url.cn/edu/teacher-client/index_ecc0a22bdfa3e92c996b.js (30)
[0509/144946:INFO:CONSOLE(30)] "%c2020-05-09T06:49:46.884Z [imlog] INFO: post //report.edu.qq.com/data_report/web_report 200 304ms", source: https://7.url.cn/edu/teacher-client/index_ecc0a22bdfa3e92c996b.js (30)
[0509/144948:INFO:CONSOLE(30)] "%c2020-05-09T06:49:48.233Z [imlog] INFO: post //report.edu.qq.com/data_report/web_report 200 180ms", source: https://7.url.cn/edu/teacher-client/index_ecc0a22bdfa3e92c996b.js (30)
[0509/144954:INFO:CONSOLE(30)] "%c2020-05-09T06:49:54.692Z [imlog] INFO: POST //pull.ke.qq.com/base_pull?bkn=354888392&t=0.1399 200 104ms", source: https://7.url.cn/edu/teacher-client/index_ecc0a22bdfa3e92c996b.js (30)
[0509/144958:INFO:CONSOLE(30)] "%c2020-05-09T06:49:58.844Z [imlog] INFO: post //report.edu.qq.com/data_report/web_report 200 198ms", source: https://7.url.cn/edu/teacher-client/index_ecc0a22bdfa3e92c996b.js (30)
[0509/145004:INFO:CONSOLE(30)] "%c2020-05-09T06:50:04.797Z [imlog] INFO: POST //pull.ke.qq.com/base_pull?bkn=354888392&t=0.8020 200 102ms", source: https://7.url.cn/edu/teacher-client/index_ecc0a22bdfa3e92c996b.js (30)
[0509/145014:INFO:CONSOLE(30)] "%c2020-05-09T06:50:14.686Z [imlog] INFO: post //report.edu.qq.com/data_report/web_report 200 212ms", source: https://7.url.cn/edu/teacher-client/index_ecc0a22bdfa3e92c996b.js (30)
[0509/145014:INFO:CONSOLE(30)] "%c2020-05-09T06:50:14.904Z [imlog] INFO: POST //pull.ke.qq.com/base_pull?bkn=354888392&t=0.5227 200 102ms", source: https://7.url.cn/edu/teacher-client/index_ecc0a22bdfa3e92c996b.js (30)
[0509/145025:INFO:CONSOLE(30)] "%c2020-05-09T06:50:25.003Z [imlog] INFO: POST //pull.ke.qq.com/base_pull?bkn=354888392&t=0.8683 200 97ms", source: https://7.url.cn/edu/teacher-client/index_ecc0a22bdfa3e92c996b.js (30)
[0509/145030:INFO:CONSOLE(30)] "%c2020-05-09T06:50:30.113Z [imlog] INFO: post //report.edu.qq.com/data_report/web_report 200 90ms", source: https://7.url.cn/edu/teacher-client/index_ecc0a22bdfa3e92c996b.js (30)
[0509/145032:INFO:CONSOLE(0)] "XMLHttpRequest cannot load https://report.edu.qq.com/data_report/web_report. No 'Access-Control-Allow-Origin' header is present on the requested resource. Origin 'https://ke.qq.com' is therefore not allowed access. The response had HTTP status code 504.", source: https://ke.qq.com/teacher-client/index.html?cid=1656387&term_id=101756608#usertype=teacher&startTime=1589001919842 (0)
[0509/145032:INFO:CONSOLE(30)] "%c2020-05-09T06:50:32.061Z [imlog] INFO: post //report.edu.qq.com/data_report/web_report 0 7117ms", source: https://7.url.cn/edu/teacher-client/index_ecc0a22bdfa3e92c996b.js (30)
[0509/145034:INFO:CONSOLE(30)] "%c2020-05-09T06:50:34.097Z [imlog] INFO: post //report.edu.qq.com/data_report/web_report 200 179ms", source: https://7.url.cn/edu/teacher-client/index_ecc0a22bdfa3e92c996b.js (30)
[0509/145035:INFO:CONSOLE(30)] "%c2020-05-09T06:50:35.110Z [imlog] INFO: POST //pull.ke.qq.com/base_pull?bkn=354888392&t=0.7305 200 103ms", source: https://7.url.cn/edu/teacher-client/index_ecc0a22bdfa3e92c996b.js (30)
[0509/145037:INFO:CONSOLE(0)] "XMLHttpRequest cannot load https://report.edu.qq.com/data_report/web_report. No 'Access-Control-Allow-Origin' header is present on the requested resource. Origin 'https://ke.qq.com' is therefore not allowed access. The response had HTTP status code 502.", source: https://ke.qq.com/teacher-client/index.html?cid=1656387&term_id=101756608#usertype=teacher&startTime=1589001919842 (0)
[0509/145037:INFO:CONSOLE(30)] "%c2020-05-09T06:50:37.509Z [imlog] INFO: post //report.edu.qq.com/data_report/web_report 0 105ms", source: https://7.url.cn/edu/teacher-client/index_ecc0a22bdfa3e92c996b.js (30)
[0509/145039:INFO:CONSOLE(30)] "%c2020-05-09T06:50:39.588Z [imlog] INFO: post //report.edu.qq.com/data_report/web_report 200 198ms", source: https://7.url.cn/edu/teacher-client/index_ecc0a22bdfa3e92c996b.js (30)
[0509/145043:INFO:CONSOLE(30)] "%c2020-05-09T06:50:43.327Z [imlog] INFO: post //report.edu.qq.com/data_report/web_report 200 90ms", source: https://7.url.cn/edu/teacher-client/index_ecc0a22bdfa3e92c996b.js (30)
[0509/145045:INFO:CONSOLE(30)] "%c2020-05-09T06:50:45.214Z [imlog] INFO: POST //pull.ke.qq.com/base_pull?bkn=354888392&t=0.3472 200 102ms", source: https://7.url.cn/edu/teacher-client/index_ecc0a22bdfa3e92c996b.js (30)
[0509/145047:INFO:CONSOLE(30)] "%c2020-05-09T06:50:47.408Z [imlog] INFO: post //report.edu.qq.com/data_report/web_report 200 183ms", source: https://7.url.cn/edu/teacher-client/index_ecc0a22bdfa3e92c996b.js (30)
[0509/145049:INFO:CONSOLE(30)] "%c2020-05-09T06:50:49.257Z [imlog] INFO: post //report.edu.qq.com/data_report/web_report 200 106ms", source: https://7.url.cn/edu/teacher-client/index_ecc0a22bdfa3e92c996b.js (30)
[0509/145052:INFO:CONSOLE(30)] "%c2020-05-09T06:50:52.012Z [imlog] INFO: post //report.edu.qq.com/data_report/web_report 200 95ms", source: https://7.url.cn/edu/teacher-client/index_ecc0a22bdfa3e92c996b.js (30)
[0509/145055:INFO:CONSOLE(30)] "%c2020-05-09T06:50:55.321Z [imlog] INFO: POST //pull.ke.qq.com/base_pull?bkn=354888392&t=0.7234 200 104ms", source: https://7.url.cn/edu/teacher-client/index_ecc0a22bdfa3e92c996b.js (30)
[0509/145100:INFO:CONSOLE(30)] "%c2020-05-09T06:51:00.283Z [imlog] INFO: post //report.edu.qq.com/data_report/web_report 200 236ms", source: https://7.url.cn/edu/teacher-client/index_ecc0a22bdfa3e92c996b.js (30)
[0509/145103:INFO:CONSOLE(30)] "%c2020-05-09T06:51:03.356Z [impush-client] ERROR: push room_seq 丢失", source: https://7.url.cn/edu/teacher-client/index_ecc0a22bdfa3e92c996b.js (30)
[0509/145104:INFO:CONSOLE(30)] "%c2020-05-09T06:51:04.215Z [imlog] INFO: post //report.edu.qq.com/data_report/web_report 200 95ms", source: https://7.url.cn/edu/teacher-client/index_ecc0a22bdfa3e92c996b.js (30)
[0509/145105:INFO:CONSOLE(30)] "%c2020-05-09T06:51:05.429Z [imlog] INFO: POST //pull.ke.qq.com/base_pull?bkn=354888392&t=0.1352 200 104ms", source: https://7.url.cn/edu/teacher-client/index_ecc0a22bdfa3e92c996b.js (30)
[0509/145114:INFO:CONSOLE(30)] "%c2020-05-09T06:51:14.281Z [imlog] INFO: post //report.edu.qq.com/data_report/web_report 200 264ms", source: https://7.url.cn/edu/teacher-client/index_ecc0a22bdfa3e92c996b.js (30)
[0509/145115:INFO:CONSOLE(30)] "%c2020-05-09T06:51:15.216Z [imlog] INFO: post //report.edu.qq.com/data_report/web_report 200 90ms", source: https://7.url.cn/edu/teacher-client/index_ecc0a22bdfa3e92c996b.js (30)
[0509/145115:INFO:CONSOLE(30)] "%c2020-05-09T06:51:15.532Z [imlog] INFO: POST //pull.ke.qq.com/base_pull?bkn=354888392&t=0.4408 200 99ms", source: https://7.url.cn/edu/teacher-client/index_ecc0a22bdfa3e92c996b.js (30)
[0509/145118:INFO:CONSOLE(30)] "%c2020-05-09T06:51:18.799Z [imlog] INFO: post //report.edu.qq.com/data_report/web_report 200 104ms", source: https://7.url.cn/edu/teacher-client/index_ecc0a22bdfa3e92c996b.js (30)
[0509/145124:INFO:CONSOLE(30)] "%c2020-05-09T06:51:24.587Z [imlog] INFO: post //report.edu.qq.com/data_report/web_report 200 179ms", source: https://7.url.cn/edu/teacher-client/index_ecc0a22bdfa3e92c996b.js (30)
[0509/145125:INFO:CONSOLE(30)] "%c2020-05-09T06:51:25.639Z [imlog] INFO: POST //pull.ke.qq.com/base_pull?bkn=354888392&t=0.7956 200 104ms", source: https://7.url.cn/edu/teacher-client/index_ecc0a22bdfa3e92c996b.js (30)
[0509/145130:INFO:CONSOLE(30)] "%c2020-05-09T06:51:30.005Z [imlog] INFO: post //report.edu.qq.com/data_report/web_report 200 184ms", source: https://7.url.cn/edu/teacher-client/index_ecc0a22bdfa3e92c996b.js (30)
[0509/145132:INFO:CONSOLE(30)] "%c2020-05-09T06:51:32.580Z [imlog] INFO: post //report.edu.qq.com/data_report/web_report 200 105ms", source: https://7.url.cn/edu/teacher-client/index_ecc0a22bdfa3e92c996b.js (30)
[0509/145135:INFO:CONSOLE(30)] "%c2020-05-09T06:51:35.740Z [imlog] INFO: POST //pull.ke.qq.com/base_pull?bkn=354888392&t=0.6775 200 99ms", source: https://7.url.cn/edu/teacher-client/index_ecc0a22bdfa3e92c996b.js (30)
[0509/145145:INFO:CONSOLE(30)] "%c2020-05-09T06:51:45.844Z [imlog] INFO: POST //pull.ke.qq.com/base_pull?bkn=354888392&t=0.2457 200 101ms", source: https://7.url.cn/edu/teacher-client/index_ecc0a22bdfa3e92c996b.js (30)
[0509/145155:INFO:CONSOLE(30)] "%c2020-05-09T06:51:55.949Z [imlog] INFO: POST //pull.ke.qq.com/base_pull?bkn=354888392&t=0.6582 200 100ms", source: https://7.url.cn/edu/teacher-client/index_ecc0a22bdfa3e92c996b.js (30)
[0509/145206:INFO:CONSOLE(30)] "%c2020-05-09T06:52:06.057Z [imlog] INFO: POST //pull.ke.qq.com/base_pull?bkn=354888392&t=0.1697 200 106ms", source: https://7.url.cn/edu/teacher-client/index_ecc0a22bdfa3e92c996b.js (30)
[0509/145216:INFO:CONSOLE(30)] "%c2020-05-09T06:52:16.161Z [imlog] INFO: POST //pull.ke.qq.com/base_pull?bkn=354888392&t=0.5625 200 101ms", source: https://7.url.cn/edu/teacher-client/index_ecc0a22bdfa3e92c996b.js (30)
[0509/145226:INFO:CONSOLE(30)] "%c2020-05-09T06:52:26.261Z [imlog] INFO: POST //pull.ke.qq.com/base_pull?bkn=354888392&t=0.4026 200 98ms", source: https://7.url.cn/edu/teacher-client/index_ecc0a22bdfa3e92c996b.js (30)
[0509/145236:INFO:CONSOLE(30)] "%c2020-05-09T06:52:36.368Z [imlog] INFO: POST //pull.ke.qq.com/base_pull?bkn=354888392&t=0.5853 200 104ms", source: https://7.url.cn/edu/teacher-client/index_ecc0a22bdfa3e92c996b.js (30)
[0509/145246:INFO:CONSOLE(30)] "%c2020-05-09T06:52:46.469Z [imlog] INFO: POST //pull.ke.qq.com/base_pull?bkn=354888392&t=0.0845 200 100ms", source: https://7.url.cn/edu/teacher-client/index_ecc0a22bdfa3e92c996b.js (30)
[0509/145256:INFO:CONSOLE(30)] "%c2020-05-09T06:52:56.571Z [imlog] INFO: POST //pull.ke.qq.com/base_pull?bkn=354888392&t=0.0958 200 100ms", source: https://7.url.cn/edu/teacher-client/index_ecc0a22bdfa3e92c996b.js (30)
[0509/145304:INFO:CONSOLE(30)] "%c2020-05-09T06:53:04.517Z [imlog] INFO: post //report.edu.qq.com/data_report/web_report 200 198ms", source: https://7.url.cn/edu/teacher-client/index_ecc0a22bdfa3e92c996b.js (30)
[0509/145306:INFO:CONSOLE(30)] "%c2020-05-09T06:53:06.679Z [imlog] INFO: POST //pull.ke.qq.com/base_pull?bkn=354888392&t=0.7980 200 106ms", source: https://7.url.cn/edu/teacher-client/index_ecc0a22bdfa3e92c996b.js (30)
[0509/145312:INFO:CONSOLE(30)] "%c2020-05-09T06:53:12.638Z [imlog] INFO: post //report.edu.qq.com/data_report/web_report 200 196ms", source: https://7.url.cn/edu/teacher-client/index_ecc0a22bdfa3e92c996b.js (30)
[0509/145313:INFO:CONSOLE(30)] "%c2020-05-09T06:53:13.942Z [imlog] INFO: post //report.edu.qq.com/data_report/web_report 200 91ms", source: https://7.url.cn/edu/teacher-client/index_ecc0a22bdfa3e92c996b.js (30)
[0509/145315:INFO:CONSOLE(30)] "%c2020-05-09T06:53:15.975Z [imlog] INFO: post //report.edu.qq.com/data_report/web_report 200 91ms", source: https://7.url.cn/edu/teacher-client/index_ecc0a22bdfa3e92c996b.js (30)
[0509/145316:INFO:CONSOLE(30)] "%c2020-05-09T06:53:16.780Z [imlog] INFO: POST //pull.ke.qq.com/base_pull?bkn=354888392&t=0.6158 200 101ms", source: https://7.url.cn/edu/teacher-client/index_ecc0a22bdfa3e92c996b.js (30)
[0509/145323:INFO:CONSOLE(30)] "%c2020-05-09T06:53:23.814Z [imlog] INFO: post //report.edu.qq.com/data_report/web_report 200 180ms", source: https://7.url.cn/edu/teacher-client/index_ecc0a22bdfa3e92c996b.js (30)
[0509/145324:INFO:CONSOLE(30)] "%c2020-05-09T06:53:24.919Z [imlog] INFO: post //report.edu.qq.com/data_report/web_report 200 88ms", source: https://7.url.cn/edu/teacher-client/index_ecc0a22bdfa3e92c996b.js (30)
[0509/145326:INFO:CONSOLE(30)] "%c2020-05-09T06:53:26.797Z [imlog] INFO: post //report.edu.qq.com/data_report/web_report 200 90ms", source: https://7.url.cn/edu/teacher-client/index_ecc0a22bdfa3e92c996b.js (30)
[0509/145326:INFO:CONSOLE(30)] "%c2020-05-09T06:53:26.888Z [imlog] INFO: POST //pull.ke.qq.com/base_pull?bkn=354888392&t=0.4453 200 103ms", source: https://7.url.cn/edu/teacher-client/index_ecc0a22bdfa3e92c996b.js (30)
[0509/145336:INFO:CONSOLE(30)] "%c2020-05-09T06:53:36.991Z [imlog] INFO: POST //pull.ke.qq.com/base_pull?bkn=354888392&t=0.9969 200 98ms", source: https://7.url.cn/edu/teacher-client/index_ecc0a22bdfa3e92c996b.js (30)
[0509/145347:INFO:CONSOLE(30)] "%c2020-05-09T06:53:47.100Z [imlog] INFO: POST //pull.ke.qq.com/base_pull?bkn=354888392&t=0.4632 200 106ms", source: https://7.url.cn/edu/teacher-client/index_ecc0a22bdfa3e92c996b.js (30)
[0509/145357:INFO:CONSOLE(30)] "%c2020-05-09T06:53:57.203Z [imlog] INFO: POST //pull.ke.qq.com/base_pull?bkn=354888392&t=0.5702 200 100ms", source: https://7.url.cn/edu/teacher-client/index_ecc0a22bdfa3e92c996b.js (30)
[0509/145407:INFO:CONSOLE(30)] "%c2020-05-09T06:54:07.306Z [imlog] INFO: POST //pull.ke.qq.com/base_pull?bkn=354888392&t=0.2267 200 100ms", source: https://7.url.cn/edu/teacher-client/index_ecc0a22bdfa3e92c996b.js (30)
[0509/145408:INFO:CONSOLE(30)] "%c2020-05-09T06:54:08.826Z [imlog] INFO: post //report.edu.qq.com/data_report/web_report 200 204ms", source: https://7.url.cn/edu/teacher-client/index_ecc0a22bdfa3e92c996b.js (30)
[0509/145417:INFO:CONSOLE(30)] "%c2020-05-09T06:54:17.408Z [imlog] INFO: POST //pull.ke.qq.com/base_pull?bkn=354888392&t=0.2797 200 99ms", source: https://7.url.cn/edu/teacher-client/index_ecc0a22bdfa3e92c996b.js (30)
[0509/145420:INFO:CONSOLE(30)] "%c2020-05-09T06:54:20.507Z [imlog] INFO: post //report.edu.qq.com/data_report/web_report 200 194ms", source: https://7.url.cn/edu/teacher-client/index_ecc0a22bdfa3e92c996b.js (30)
[0509/145427:INFO:CONSOLE(30)] "%c2020-05-09T06:54:27.523Z [imlog] INFO: POST //pull.ke.qq.com/base_pull?bkn=354888392&t=0.8998 200 111ms", source: https://7.url.cn/edu/teacher-client/index_ecc0a22bdfa3e92c996b.js (30)
[0509/145436:INFO:CONSOLE(30)] "%c2020-05-09T06:54:36.774Z [imlog] INFO: post //report.edu.qq.com/data_report/web_report 200 183ms", source: https://7.url.cn/edu/teacher-client/index_ecc0a22bdfa3e92c996b.js (30)
[0509/145437:INFO:CONSOLE(30)] "%c2020-05-09T06:54:37.629Z [imlog] INFO: POST //pull.ke.qq.com/base_pull?bkn=354888392&t=0.6860 200 101ms", source: https://7.url.cn/edu/teacher-client/index_ecc0a22bdfa3e92c996b.js (30)
[0509/145444:INFO:CONSOLE(30)] "%c2020-05-09T06:54:44.172Z [imlog] INFO: post //report.edu.qq.com/data_report/web_report 200 209ms", source: https://7.url.cn/edu/teacher-client/index_ecc0a22bdfa3e92c996b.js (30)
[0509/145447:INFO:CONSOLE(30)] "%c2020-05-09T06:54:47.734Z [imlog] INFO: POST //pull.ke.qq.com/base_pull?bkn=354888392&t=0.8203 200 101ms", source: https://7.url.cn/edu/teacher-client/index_ecc0a22bdfa3e92c996b.js (30)
[0509/145457:INFO:CONSOLE(30)] "%c2020-05-09T06:54:57.835Z [imlog] INFO: POST //pull.ke.qq.com/base_pull?bkn=354888392&t=0.3487 200 98ms", source: https://7.url.cn/edu/teacher-client/index_ecc0a22bdfa3e92c996b.js (30)
[0509/145507:INFO:CONSOLE(30)] "%c2020-05-09T06:55:07.939Z [imlog] INFO: POST //pull.ke.qq.com/base_pull?bkn=354888392&t=0.4214 200 103ms", source: https://7.url.cn/edu/teacher-client/index_ecc0a22bdfa3e92c996b.js (30)
[0509/145517:INFO:CONSOLE(30)] "%c2020-05-09T06:55:17.251Z [imlog] INFO: post //report.edu.qq.com/data_report/web_report 200 193ms", source: https://7.url.cn/edu/teacher-client/index_ecc0a22bdfa3e92c996b.js (30)
[0509/145518:INFO:CONSOLE(30)] "%c2020-05-09T06:55:18.049Z [imlog] INFO: POST //pull.ke.qq.com/base_pull?bkn=354888392&t=0.9641 200 109ms", source: https://7.url.cn/edu/teacher-client/index_ecc0a22bdfa3e92c996b.js (30)
[0509/145523:INFO:CONSOLE(30)] "%c2020-05-09T06:55:23.349Z [imlog] INFO: post //report.edu.qq.com/data_report/web_report 200 317ms", source: https://7.url.cn/edu/teacher-client/index_ecc0a22bdfa3e92c996b.js (30)
[0509/145524:INFO:CONSOLE(30)] "%c2020-05-09T06:55:24.200Z [imlog] INFO: post //report.edu.qq.com/data_report/web_report 200 92ms", source: https://7.url.cn/edu/teacher-client/index_ecc0a22bdfa3e92c996b.js (30)
[0509/145528:INFO:CONSOLE(30)] "%c2020-05-09T06:55:28.152Z [imlog] INFO: POST //pull.ke.qq.com/base_pull?bkn=354888392&t=0.7384 200 99ms", source: https://7.url.cn/edu/teacher-client/index_ecc0a22bdfa3e92c996b.js (30)
[0509/145529:INFO:CONSOLE(30)] "%c2020-05-09T06:55:29.738Z [imlog] INFO: post //report.edu.qq.com/data_report/web_report 200 208ms", source: https://7.url.cn/edu/teacher-client/index_ecc0a22bdfa3e92c996b.js (30)
[0509/145532:INFO:CONSOLE(30)] "%c2020-05-09T06:55:32.727Z [imlog] INFO: post //report.edu.qq.com/data_report/web_report 200 122ms", source: https://7.url.cn/edu/teacher-client/index_ecc0a22bdfa3e92c996b.js (30)
[0509/145538:INFO:CONSOLE(30)] "%c2020-05-09T06:55:38.261Z [imlog] INFO: POST //pull.ke.qq.com/base_pull?bkn=354888392&t=0.9315 200 105ms", source: https://7.url.cn/edu/teacher-client/index_ecc0a22bdfa3e92c996b.js (30)
[0509/145548:INFO:CONSOLE(30)] "%c2020-05-09T06:55:48.365Z [imlog] INFO: POST //pull.ke.qq.com/base_pull?bkn=354888392&t=0.8561 200 101ms", source: https://7.url.cn/edu/teacher-client/index_ecc0a22bdfa3e92c996b.js (30)
[0509/145549:INFO:CONSOLE(30)] "%c2020-05-09T06:55:49.676Z [imlog] INFO: post //report.edu.qq.com/data_report/web_report 200 213ms", source: https://7.url.cn/edu/teacher-client/index_ecc0a22bdfa3e92c996b.js (30)
[0509/145551:INFO:CONSOLE(30)] "%c2020-05-09T06:55:51.645Z [imlog] INFO: post //report.edu.qq.com/data_report/web_report 200 181ms", source: https://7.url.cn/edu/teacher-client/index_ecc0a22bdfa3e92c996b.js (30)
[0509/145557:INFO:CONSOLE(30)] "%c2020-05-09T06:55:57.238Z [imlog] INFO: post //report.edu.qq.com/data_report/web_report 200 188ms", source: https://7.url.cn/edu/teacher-client/index_ecc0a22bdfa3e92c996b.js (30)
[0509/145558:INFO:CONSOLE(30)] "%c2020-05-09T06:55:58.465Z [imlog] INFO: POST //pull.ke.qq.com/base_pull?bkn=354888392&t=0.2539 200 98ms", source: https://7.url.cn/edu/teacher-client/index_ecc0a22bdfa3e92c996b.js (30)
[0509/145602:INFO:CONSOLE(30)] "%c2020-05-09T06:56:02.739Z [imlog] INFO: post //report.edu.qq.com/data_report/web_report 200 191ms", source: https://7.url.cn/edu/teacher-client/index_ecc0a22bdfa3e92c996b.js (30)
[0509/145604:INFO:CONSOLE(30)] "%c2020-05-09T06:56:04.726Z [imlog] INFO: post //report.edu.qq.com/data_report/web_report 200 97ms", source: https://7.url.cn/edu/teacher-client/index_ecc0a22bdfa3e92c996b.js (30)
[0509/145608:INFO:CONSOLE(30)] "%c2020-05-09T06:56:08.571Z [imlog] INFO: POST //pull.ke.qq.com/base_pull?bkn=354888392&t=0.0314 200 101ms", source: https://7.url.cn/edu/teacher-client/index_ecc0a22bdfa3e92c996b.js (30)
[0509/145618:INFO:CONSOLE(30)] "%c2020-05-09T06:56:18.680Z [imlog] INFO: POST //pull.ke.qq.com/base_pull?bkn=354888392&t=0.8855 200 105ms", source: https://7.url.cn/edu/teacher-client/index_ecc0a22bdfa3e92c996b.js (30)
[0509/145628:INFO:CONSOLE(30)] "%c2020-05-09T06:56:28.781Z [imlog] INFO: POST //pull.ke.qq.com/base_pull?bkn=354888392&t=0.8115 200 99ms", source: https://7.url.cn/edu/teacher-client/index_ecc0a22bdfa3e92c996b.js (30)
[0509/145638:INFO:CONSOLE(30)] "%c2020-05-09T06:56:38.886Z [imlog] INFO: POST //pull.ke.qq.com/base_pull?bkn=354888392&t=0.4552 200 103ms", source: https://7.url.cn/edu/teacher-client/index_ecc0a22bdfa3e92c996b.js (30)
[0509/145643:INFO:CONSOLE(30)] "%c2020-05-09T06:56:43.972Z [imlog] INFO: post //report.edu.qq.com/data_report/web_report 200 205ms", source: https://7.url.cn/edu/teacher-client/index_ecc0a22bdfa3e92c996b.js (30)
[0509/145648:INFO:CONSOLE(30)] "%c2020-05-09T06:56:48.994Z [imlog] INFO: POST //pull.ke.qq.com/base_pull?bkn=354888392&t=0.0144 200 104ms", source: https://7.url.cn/edu/teacher-client/index_ecc0a22bdfa3e92c996b.js (30)
[0509/145655:INFO:CONSOLE(30)] "%c2020-05-09T06:56:55.051Z [imlog] INFO: post //report.edu.qq.com/data_report/web_report 200 188ms", source: https://7.url.cn/edu/teacher-client/index_ecc0a22bdfa3e92c996b.js (30)
[0509/145659:INFO:CONSOLE(30)] "%c2020-05-09T06:56:59.097Z [imlog] INFO: POST //pull.ke.qq.com/base_pull?bkn=354888392&t=0.0914 200 100ms", source: https://7.url.cn/edu/teacher-client/index_ecc0a22bdfa3e92c996b.js (30)
[0509/145709:INFO:CONSOLE(30)] "%c2020-05-09T06:57:09.202Z [imlog] INFO: POST //pull.ke.qq.com/base_pull?bkn=354888392&t=0.5796 200 101ms", source: https://7.url.cn/edu/teacher-client/index_ecc0a22bdfa3e92c996b.js (30)
[0509/145714:INFO:CONSOLE(30)] "%c2020-05-09T06:57:14.126Z [imlog] INFO: post //report.edu.qq.com/data_report/web_report 200 204ms", source: https://7.url.cn/edu/teacher-client/index_ecc0a22bdfa3e92c996b.js (30)
[0509/145719:INFO:CONSOLE(30)] "%c2020-05-09T06:57:19.310Z [imlog] INFO: POST //pull.ke.qq.com/base_pull?bkn=354888392&t=0.8430 200 104ms", source: https://7.url.cn/edu/teacher-client/index_ecc0a22bdfa3e92c996b.js (30)
[0509/145729:INFO:CONSOLE(30)] "%c2020-05-09T06:57:29.411Z [imlog] INFO: POST //pull.ke.qq.com/base_pull?bkn=354888392&t=0.8529 200 99ms", source: https://7.url.cn/edu/teacher-client/index_ecc0a22bdfa3e92c996b.js (30)
[0509/145739:INFO:CONSOLE(30)] "%c2020-05-09T06:57:39.518Z [imlog] INFO: POST //pull.ke.qq.com/base_pull?bkn=354888392&t=0.6171 200 104ms", source: https://7.url.cn/edu/teacher-client/index_ecc0a22bdfa3e92c996b.js (30)
[0509/145743:INFO:CONSOLE(30)] "%c2020-05-09T06:57:43.303Z [imlog] INFO: post //report.edu.qq.com/data_report/web_report 200 207ms", source: https://7.url.cn/edu/teacher-client/index_ecc0a22bdfa3e92c996b.js (30)
[0509/145746:INFO:CONSOLE(30)] "%c2020-05-09T06:57:46.637Z [imlog] INFO: post //report.edu.qq.com/data_report/web_report 200 100ms", source: https://7.url.cn/edu/teacher-client/index_ecc0a22bdfa3e92c996b.js (30)
[0509/145749:INFO:CONSOLE(30)] "%c2020-05-09T06:57:49.624Z [imlog] INFO: POST //pull.ke.qq.com/base_pull?bkn=354888392&t=0.8879 200 103ms", source: https://7.url.cn/edu/teacher-client/index_ecc0a22bdfa3e92c996b.js (30)
[0509/145752:INFO:CONSOLE(30)] "%c2020-05-09T06:57:52.796Z [imlog] INFO: post //report.edu.qq.com/data_report/web_report 200 202ms", source: https://7.url.cn/edu/teacher-client/index_ecc0a22bdfa3e92c996b.js (30)
[0509/145755:INFO:CONSOLE(30)] "%c2020-05-09T06:57:55.776Z [imlog] INFO: post //report.edu.qq.com/data_report/web_report 200 119ms", source: https://7.url.cn/edu/teacher-client/index_ecc0a22bdfa3e92c996b.js (30)
[0509/145757:INFO:CONSOLE(30)] "%c2020-05-09T06:57:57.437Z [imlog] INFO: post //report.edu.qq.com/data_report/web_report 200 96ms", source: https://7.url.cn/edu/teacher-client/index_ecc0a22bdfa3e92c996b.js (30)
[0509/145759:INFO:CONSOLE(30)] "%c2020-05-09T06:57:59.728Z [imlog] INFO: POST //pull.ke.qq.com/base_pull?bkn=354888392&t=0.0198 200 101ms", source: https://7.url.cn/edu/teacher-client/index_ecc0a22bdfa3e92c996b.js (30)
[0509/145808:INFO:CONSOLE(30)] "%c2020-05-09T06:58:08.308Z [imlog] INFO: post //report.edu.qq.com/data_report/web_report 200 182ms", source: https://7.url.cn/edu/teacher-client/index_ecc0a22bdfa3e92c996b.js (30)
[0509/145809:INFO:CONSOLE(30)] "%c2020-05-09T06:58:09.833Z [imlog] INFO: POST //pull.ke.qq.com/base_pull?bkn=354888392&t=0.1449 200 100ms", source: https://7.url.cn/edu/teacher-client/index_ecc0a22bdfa3e92c996b.js (30)
[0509/145819:INFO:CONSOLE(30)] "%c2020-05-09T06:58:19.942Z [imlog] INFO: POST //pull.ke.qq.com/base_pull?bkn=354888392&t=0.5137 200 104ms", source: https://7.url.cn/edu/teacher-client/index_ecc0a22bdfa3e92c996b.js (30)
[0509/145830:INFO:CONSOLE(30)] "%c2020-05-09T06:58:30.048Z [imlog] INFO: POST //pull.ke.qq.com/base_pull?bkn=354888392&t=0.2850 200 103ms", source: https://7.url.cn/edu/teacher-client/index_ecc0a22bdfa3e92c996b.js (30)
[0509/145840:INFO:CONSOLE(30)] "%c2020-05-09T06:58:40.149Z [imlog] INFO: POST //pull.ke.qq.com/base_pull?bkn=354888392&t=0.0847 200 99ms", source: https://7.url.cn/edu/teacher-client/index_ecc0a22bdfa3e92c996b.js (30)
[0509/145850:INFO:CONSOLE(30)] "%c2020-05-09T06:58:50.256Z [imlog] INFO: POST //pull.ke.qq.com/base_pull?bkn=354888392&t=0.0408 200 103ms", source: https://7.url.cn/edu/teacher-client/index_ecc0a22bdfa3e92c996b.js (30)
[0509/145900:INFO:CONSOLE(30)] "%c2020-05-09T06:59:00.366Z [imlog] INFO: POST //pull.ke.qq.com/base_pull?bkn=354888392&t=0.9359 200 106ms", source: https://7.url.cn/edu/teacher-client/index_ecc0a22bdfa3e92c996b.js (30)
[0509/145907:INFO:CONSOLE(30)] "%c2020-05-09T06:59:07.705Z [imlog] INFO: post //report.edu.qq.com/data_report/web_report 200 183ms", source: https://7.url.cn/edu/teacher-client/index_ecc0a22bdfa3e92c996b.js (30)
[0509/145910:INFO:CONSOLE(30)] "%c2020-05-09T06:59:10.474Z [imlog] INFO: POST //pull.ke.qq.com/base_pull?bkn=354888392&t=0.9953 200 102ms", source: https://7.url.cn/edu/teacher-client/index_ecc0a22bdfa3e92c996b.js (30)
[0509/145920:INFO:CONSOLE(30)] "%c2020-05-09T06:59:20.584Z [imlog] INFO: POST //pull.ke.qq.com/base_pull?bkn=354888392&t=0.7868 200 105ms", source: https://7.url.cn/edu/teacher-client/index_ecc0a22bdfa3e92c996b.js (30)
[0509/145930:INFO:CONSOLE(30)] "%c2020-05-09T06:59:30.687Z [imlog] INFO: POST //pull.ke.qq.com/base_pull?bkn=354888392&t=0.7046 200 99ms", source: https://7.url.cn/edu/teacher-client/index_ecc0a22bdfa3e92c996b.js (30)
[0509/145932:INFO:CONSOLE(30)] "%c2020-05-09T06:59:32.712Z [imlog] INFO: post //report.edu.qq.com/data_report/web_report 200 201ms", source: https://7.url.cn/edu/teacher-client/index_ecc0a22bdfa3e92c996b.js (30)
[0509/145940:INFO:CONSOLE(30)] "%c2020-05-09T06:59:40.788Z [imlog] INFO: POST //pull.ke.qq.com/base_pull?bkn=354888392&t=0.8685 200 98ms", source: https://7.url.cn/edu/teacher-client/index_ecc0a22bdfa3e92c996b.js (30)
[0509/145950:INFO:CONSOLE(30)] "%c2020-05-09T06:59:50.892Z [imlog] INFO: POST //pull.ke.qq.com/base_pull?bkn=354888392&t=0.8848 200 101ms", source: https://7.url.cn/edu/teacher-client/index_ecc0a22bdfa3e92c996b.js (30)
[0509/145952:INFO:CONSOLE(30)] "%c2020-05-09T06:59:52.993Z [imlog] INFO: post //report.edu.qq.com/data_report/web_report 200 207ms", source: https://7.url.cn/edu/teacher-client/index_ecc0a22bdfa3e92c996b.js (30)
[0509/145958:INFO:CONSOLE(30)] "%c2020-05-09T06:59:58.680Z [imlog] INFO: post //report.edu.qq.com/data_report/web_report 200 234ms", source: https://7.url.cn/edu/teacher-client/index_ecc0a22bdfa3e92c996b.js (30)
[0509/150001:INFO:CONSOLE(30)] "%c2020-05-09T07:00:01.002Z [imlog] INFO: POST //pull.ke.qq.com/base_pull?bkn=354888392&t=0.7602 200 106ms", source: https://7.url.cn/edu/teacher-client/index_ecc0a22bdfa3e92c996b.js (30)
[0509/150011:INFO:CONSOLE(30)] "%c2020-05-09T07:00:11.104Z [imlog] INFO: POST //pull.ke.qq.com/base_pull?bkn=354888392&t=0.0364 200 99ms", source: https://7.url.cn/edu/teacher-client/index_ecc0a22bdfa3e92c996b.js (30)
[0509/150021:INFO:CONSOLE(30)] "%c2020-05-09T07:00:21.210Z [imlog] INFO: POST //pull.ke.qq.com/base_pull?bkn=354888392&t=0.9291 200 104ms", source: https://7.url.cn/edu/teacher-client/index_ecc0a22bdfa3e92c996b.js (30)
[0509/150025:INFO:CONSOLE(30)] "%c2020-05-09T07:00:25.100Z [imlog] INFO: post //report.edu.qq.com/data_report/web_report 200 186ms", source: https://7.url.cn/edu/teacher-client/index_ecc0a22bdfa3e92c996b.js (30)
[0509/150028:INFO:CONSOLE(30)] "%c2020-05-09T07:00:28.108Z [imlog] INFO: post //report.edu.qq.com/data_report/web_report 200 108ms", source: https://7.url.cn/edu/teacher-client/index_ecc0a22bdfa3e92c996b.js (30)
[0509/150031:INFO:CONSOLE(30)] "%c2020-05-09T07:00:31.313Z [imlog] INFO: POST //pull.ke.qq.com/base_pull?bkn=354888392&t=0.8625 200 100ms", source: https://7.url.cn/edu/teacher-client/index_ecc0a22bdfa3e92c996b.js (30)
[0509/150041:INFO:CONSOLE(30)] "%c2020-05-09T07:00:41.416Z [imlog] INFO: POST //pull.ke.qq.com/base_pull?bkn=354888392&t=0.6469 200 98ms", source: https://7.url.cn/edu/teacher-client/index_ecc0a22bdfa3e92c996b.js (30)
[0509/150051:INFO:CONSOLE(30)] "%c2020-05-09T07:00:51.515Z [imlog] INFO: POST //pull.ke.qq.com/base_pull?bkn=354888392&t=0.3842 200 98ms", source: https://7.url.cn/edu/teacher-client/index_ecc0a22bdfa3e92c996b.js (30)
[0509/150056:INFO:CONSOLE(30)] "%c2020-05-09T07:00:56.603Z [imlog] INFO: post //report.edu.qq.com/data_report/web_report 200 185ms", source: https://7.url.cn/edu/teacher-client/index_ecc0a22bdfa3e92c996b.js (30)
[0509/150101:INFO:CONSOLE(30)] "%c2020-05-09T07:01:01.621Z [imlog] INFO: POST //pull.ke.qq.com/base_pull?bkn=354888392&t=0.4897 200 102ms", source: https://7.url.cn/edu/teacher-client/index_ecc0a22bdfa3e92c996b.js (30)
[0509/150108:INFO:CONSOLE(30)] "%c2020-05-09T07:01:08.941Z [imlog] INFO: post //report.edu.qq.com/data_report/web_report 200 202ms", source: https://7.url.cn/edu/teacher-client/index_ecc0a22bdfa3e92c996b.js (30)
[0509/150111:INFO:CONSOLE(30)] "%c2020-05-09T07:01:11.722Z [imlog] INFO: POST //pull.ke.qq.com/base_pull?bkn=354888392&t=0.1771 200 98ms", source: https://7.url.cn/edu/teacher-client/index_ecc0a22bdfa3e92c996b.js (30)
[0509/150121:INFO:CONSOLE(30)] "%c2020-05-09T07:01:21.827Z [imlog] INFO: POST //pull.ke.qq.com/base_pull?bkn=354888392&t=0.1943 200 101ms", source: https://7.url.cn/edu/teacher-client/index_ecc0a22bdfa3e92c996b.js (30)
[0509/150131:INFO:CONSOLE(30)] "%c2020-05-09T07:01:31.928Z [imlog] INFO: POST //pull.ke.qq.com/base_pull?bkn=354888392&t=0.9449 200 99ms", source: https://7.url.cn/edu/teacher-client/index_ecc0a22bdfa3e92c996b.js (30)
[0509/150133:INFO:CONSOLE(30)] "%c2020-05-09T07:01:33.104Z [impush-client] ERROR: push room_seq 丢失", source: https://7.url.cn/edu/teacher-client/index_ecc0a22bdfa3e92c996b.js (30)
[0509/150134:INFO:CONSOLE(30)] "%c2020-05-09T07:01:34.023Z [imlog] INFO: post //report.edu.qq.com/data_report/web_report 200 181ms", source: https://7.url.cn/edu/teacher-client/index_ecc0a22bdfa3e92c996b.js (30)
[0509/150142:INFO:CONSOLE(30)] "%c2020-05-09T07:01:42.031Z [imlog] INFO: POST //pull.ke.qq.com/base_pull?bkn=354888392&t=0.6588 200 97ms", source: https://7.url.cn/edu/teacher-client/index_ecc0a22bdfa3e92c996b.js (30)
[0509/150143:INFO:CONSOLE(30)] "%c2020-05-09T07:01:43.861Z [imlog] INFO: post //report.edu.qq.com/data_report/web_report 200 212ms", source: https://7.url.cn/edu/teacher-client/index_ecc0a22bdfa3e92c996b.js (30)
[0509/150146:INFO:CONSOLE(30)] "%c2020-05-09T07:01:46.867Z [imlog] INFO: post //report.edu.qq.com/data_report/web_report 200 98ms", source: https://7.url.cn/edu/teacher-client/index_ecc0a22bdfa3e92c996b.js (30)
[0509/150152:INFO:CONSOLE(30)] "%c2020-05-09T07:01:52.135Z [imlog] INFO: POST //pull.ke.qq.com/base_pull?bkn=354888392&t=0.5975 200 100ms", source: https://7.url.cn/edu/teacher-client/index_ecc0a22bdfa3e92c996b.js (30)
[0509/150202:INFO:CONSOLE(30)] "%c2020-05-09T07:02:02.244Z [imlog] INFO: POST //pull.ke.qq.com/base_pull?bkn=354888392&t=0.7494 200 104ms", source: https://7.url.cn/edu/teacher-client/index_ecc0a22bdfa3e92c996b.js (30)
[0509/150205:INFO:CONSOLE(30)] "%c2020-05-09T07:02:05.563Z [imlog] INFO: post //report.edu.qq.com/data_report/web_report 200 225ms", source: https://7.url.cn/edu/teacher-client/index_ecc0a22bdfa3e92c996b.js (30)
[0509/150212:INFO:CONSOLE(30)] "%c2020-05-09T07:02:12.355Z [imlog] INFO: POST //pull.ke.qq.com/base_pull?bkn=354888392&t=0.4084 200 103ms", source: https://7.url.cn/edu/teacher-client/index_ecc0a22bdfa3e92c996b.js (30)
[0509/150220:INFO:CONSOLE(30)] "%c2020-05-09T07:02:20.756Z [imlog] INFO: post //report.edu.qq.com/data_report/web_report 200 200ms", source: https://7.url.cn/edu/teacher-client/index_ecc0a22bdfa3e92c996b.js (30)
[0509/150222:INFO:CONSOLE(30)] "%c2020-05-09T07:02:22.463Z [imlog] INFO: POST //pull.ke.qq.com/base_pull?bkn=354888392&t=0.8302 200 103ms", source: https://7.url.cn/edu/teacher-client/index_ecc0a22bdfa3e92c996b.js (30)
[0509/150225:INFO:CONSOLE(30)] "%c2020-05-09T07:02:25.335Z [imlog] INFO: post //report.edu.qq.com/data_report/web_report 200 105ms", source: https://7.url.cn/edu/teacher-client/index_ecc0a22bdfa3e92c996b.js (30)
[0509/150232:INFO:CONSOLE(30)] "%c2020-05-09T07:02:32.570Z [imlog] INFO: POST //pull.ke.qq.com/base_pull?bkn=354888392&t=0.0139 200 102ms", source: https://7.url.cn/edu/teacher-client/index_ecc0a22bdfa3e92c996b.js (30)
[0509/150242:INFO:CONSOLE(30)] "%c2020-05-09T07:02:42.679Z [imlog] INFO: POST //pull.ke.qq.com/base_pull?bkn=354888392&t=0.3963 200 104ms", source: https://7.url.cn/edu/teacher-client/index_ecc0a22bdfa3e92c996b.js (30)
[0509/150249:INFO:CONSOLE(30)] "%c2020-05-09T07:02:49.309Z [imlog] INFO: post //report.edu.qq.com/data_report/web_report 200 199ms", source: https://7.url.cn/edu/teacher-client/index_ecc0a22bdfa3e92c996b.js (30)
[0509/150252:INFO:CONSOLE(30)] "%c2020-05-09T07:02:52.788Z [imlog] INFO: POST //pull.ke.qq.com/base_pull?bkn=354888392&t=0.7628 200 104ms", source: https://7.url.cn/edu/teacher-client/index_ecc0a22bdfa3e92c996b.js (30)
[0509/150302:INFO:CONSOLE(30)] "%c2020-05-09T07:03:02.892Z [imlog] INFO: POST //pull.ke.qq.com/base_pull?bkn=354888392&t=0.2000 200 102ms", source: https://7.url.cn/edu/teacher-client/index_ecc0a22bdfa3e92c996b.js (30)
[0509/150312:INFO:CONSOLE(30)] "%c2020-05-09T07:03:12.994Z [imlog] INFO: POST //pull.ke.qq.com/base_pull?bkn=354888392&t=0.0237 200 98ms", source: https://7.url.cn/edu/teacher-client/index_ecc0a22bdfa3e92c996b.js (30)
[0509/150313:INFO:CONSOLE(30)] "%c2020-05-09T07:03:13.936Z [imlog] INFO: post //report.edu.qq.com/data_report/web_report 200 186ms", source: https://7.url.cn/edu/teacher-client/index_ecc0a22bdfa3e92c996b.js (30)
[0509/150323:INFO:CONSOLE(30)] "%c2020-05-09T07:03:23.099Z [imlog] INFO: POST //pull.ke.qq.com/base_pull?bkn=354888392&t=0.0292 200 101ms", source: https://7.url.cn/edu/teacher-client/index_ecc0a22bdfa3e92c996b.js (30)
[0509/150333:INFO:CONSOLE(30)] "%c2020-05-09T07:03:33.199Z [imlog] INFO: POST //pull.ke.qq.com/base_pull?bkn=354888392&t=0.6751 200 99ms", source: https://7.url.cn/edu/teacher-client/index_ecc0a22bdfa3e92c996b.js (30)
[0509/150343:INFO:CONSOLE(30)] "%c2020-05-09T07:03:43.307Z [imlog] INFO: POST //pull.ke.qq.com/base_pull?bkn=354888392&t=0.1186 200 104ms", source: https://7.url.cn/edu/teacher-client/index_ecc0a22bdfa3e92c996b.js (30)
[0509/150349:INFO:CONSOLE(30)] "%c2020-05-09T07:03:49.725Z [imlog] INFO: post //report.edu.qq.com/data_report/web_report 200 198ms", source: https://7.url.cn/edu/teacher-client/index_ecc0a22bdfa3e92c996b.js (30)
[0509/150353:INFO:CONSOLE(30)] "%c2020-05-09T07:03:53.414Z [imlog] INFO: POST //pull.ke.qq.com/base_pull?bkn=354888392&t=0.0141 200 105ms", source: https://7.url.cn/edu/teacher-client/index_ecc0a22bdfa3e92c996b.js (30)
[0509/150403:INFO:CONSOLE(30)] "%c2020-05-09T07:04:03.517Z [imlog] INFO: POST //pull.ke.qq.com/base_pull?bkn=354888392&t=0.0032 200 101ms", source: https://7.url.cn/edu/teacher-client/index_ecc0a22bdfa3e92c996b.js (30)
[0509/150411:INFO:CONSOLE(30)] "%c2020-05-09T07:04:11.626Z [imlog] INFO: post //report.edu.qq.com/data_report/web_report 200 201ms", source: https://7.url.cn/edu/teacher-client/index_ecc0a22bdfa3e92c996b.js (30)
[0509/150413:INFO:CONSOLE(30)] "%c2020-05-09T07:04:13.621Z [imlog] INFO: POST //pull.ke.qq.com/base_pull?bkn=354888392&t=0.5547 200 99ms", source: https://7.url.cn/edu/teacher-client/index_ecc0a22bdfa3e92c996b.js (30)
[0509/150413:INFO:CONSOLE(30)] "%c2020-05-09T07:04:13.623Z [imlog] INFO: post //report.edu.qq.com/data_report/web_report 200 94ms", source: https://7.url.cn/edu/teacher-client/index_ecc0a22bdfa3e92c996b.js (30)
[0509/150423:INFO:CONSOLE(30)] "%c2020-05-09T07:04:23.724Z [imlog] INFO: POST //pull.ke.qq.com/base_pull?bkn=354888392&t=0.5747 200 98ms", source: https://7.url.cn/edu/teacher-client/index_ecc0a22bdfa3e92c996b.js (30)
[0509/150433:INFO:CONSOLE(30)] "%c2020-05-09T07:04:33.831Z [imlog] INFO: POST //pull.ke.qq.com/base_pull?bkn=354888392&t=0.0062 200 105ms", source: https://7.url.cn/edu/teacher-client/index_ecc0a22bdfa3e92c996b.js (30)
[0509/150439:INFO:CONSOLE(30)] "%c2020-05-09T07:04:39.122Z [imlog] INFO: post //report.edu.qq.com/data_report/web_report 200 215ms", source: https://7.url.cn/edu/teacher-client/index_ecc0a22bdfa3e92c996b.js (30)
[0509/150442:INFO:CONSOLE(30)] "%c2020-05-09T07:04:42.622Z [imlog] INFO: post //report.edu.qq.com/data_report/web_report 200 109ms", source: https://7.url.cn/edu/teacher-client/index_ecc0a22bdfa3e92c996b.js (30)
[0509/150443:INFO:CONSOLE(30)] "%c2020-05-09T07:04:43.935Z [imlog] INFO: POST //pull.ke.qq.com/base_pull?bkn=354888392&t=0.2165 200 100ms", source: https://7.url.cn/edu/teacher-client/index_ecc0a22bdfa3e92c996b.js (30)
[0509/150453:INFO:CONSOLE(30)] "%c2020-05-09T07:04:53.492Z [imlog] INFO: post //report.edu.qq.com/data_report/web_report 200 186ms", source: https://7.url.cn/edu/teacher-client/index_ecc0a22bdfa3e92c996b.js (30)
[0509/150454:INFO:CONSOLE(30)] "%c2020-05-09T07:04:54.042Z [imlog] INFO: POST //pull.ke.qq.com/base_pull?bkn=354888392&t=0.8568 200 102ms", source: https://7.url.cn/edu/teacher-client/index_ecc0a22bdfa3e92c996b.js (30)
[0509/150504:INFO:CONSOLE(30)] "%c2020-05-09T07:05:04.149Z [imlog] INFO: POST //pull.ke.qq.com/base_pull?bkn=354888392&t=0.5670 200 103ms", source: https://7.url.cn/edu/teacher-client/index_ecc0a22bdfa3e92c996b.js (30)
[0509/150513:INFO:CONSOLE(30)] "%c2020-05-09T07:05:13.280Z [imlog] INFO: post //report.edu.qq.com/data_report/web_report 200 184ms", source: https://7.url.cn/edu/teacher-client/index_ecc0a22bdfa3e92c996b.js (30)
[0509/150514:INFO:CONSOLE(30)] "%c2020-05-09T07:05:14.254Z [imlog] INFO: POST //pull.ke.qq.com/base_pull?bkn=354888392&t=0.5934 200 102ms", source: https://7.url.cn/edu/teacher-client/index_ecc0a22bdfa3e92c996b.js (30)
[0509/150514:INFO:CONSOLE(30)] "%c2020-05-09T07:05:14.491Z [imlog] INFO: post //report.edu.qq.com/data_report/web_report 200 107ms", source: https://7.url.cn/edu/teacher-client/index_ecc0a22bdfa3e92c996b.js (30)
[0509/150518:INFO:CONSOLE(30)] "%c2020-05-09T07:05:18.865Z [imlog] INFO: post //report.edu.qq.com/data_report/web_report 200 192ms", source: https://7.url.cn/edu/teacher-client/index_ecc0a22bdfa3e92c996b.js (30)
[0509/150524:INFO:CONSOLE(30)] "%c2020-05-09T07:05:24.010Z [imlog] INFO: post //report.edu.qq.com/data_report/web_report 200 183ms", source: https://7.url.cn/edu/teacher-client/index_ecc0a22bdfa3e92c996b.js (30)
[0509/150524:INFO:CONSOLE(30)] "%c2020-05-09T07:05:24.359Z [imlog] INFO: POST //pull.ke.qq.com/base_pull?bkn=354888392&t=0.9399 200 102ms", source: https://7.url.cn/edu/teacher-client/index_ecc0a22bdfa3e92c996b.js (30)
[0509/150524:INFO:CONSOLE(30)] "%c2020-05-09T07:05:24.949Z [imlog] INFO: post //report.edu.qq.com/data_report/web_report 200 93ms", source: https://7.url.cn/edu/teacher-client/index_ecc0a22bdfa3e92c996b.js (30)
[0509/150528:INFO:CONSOLE(30)] "%c2020-05-09T07:05:28.467Z [imlog] INFO: post //report.edu.qq.com/data_report/web_report 200 124ms", source: https://7.url.cn/edu/teacher-client/index_ecc0a22bdfa3e92c996b.js (30)
[0509/150534:INFO:CONSOLE(30)] "%c2020-05-09T07:05:34.466Z [imlog] INFO: POST //pull.ke.qq.com/base_pull?bkn=354888392&t=0.0219 200 104ms", source: https://7.url.cn/edu/teacher-client/index_ecc0a22bdfa3e92c996b.js (30)
[0509/150544:INFO:CONSOLE(30)] "%c2020-05-09T07:05:44.568Z [imlog] INFO: POST //pull.ke.qq.com/base_pull?bkn=354888392&t=0.6616 200 100ms", source: https://7.url.cn/edu/teacher-client/index_ecc0a22bdfa3e92c996b.js (30)
[0509/150545:INFO:CONSOLE(30)] "%c2020-05-09T07:05:45.612Z [imlog] INFO: post //report.edu.qq.com/data_report/web_report 200 212ms", source: https://7.url.cn/edu/teacher-client/index_ecc0a22bdfa3e92c996b.js (30)
[0509/150550:INFO:CONSOLE(30)] "%c2020-05-09T07:05:50.390Z [imlog] INFO: post //report.edu.qq.com/data_report/web_report 200 91ms", source: https://7.url.cn/edu/teacher-client/index_ecc0a22bdfa3e92c996b.js (30)
[0509/150554:INFO:CONSOLE(30)] "%c2020-05-09T07:05:54.671Z [imlog] INFO: POST //pull.ke.qq.com/base_pull?bkn=354888392&t=0.3428 200 98ms", source: https://7.url.cn/edu/teacher-client/index_ecc0a22bdfa3e92c996b.js (30)
[0509/150556:INFO:CONSOLE(30)] "%c2020-05-09T07:05:56.670Z [imlog] INFO: post //report.edu.qq.com/data_report/web_report 200 200ms", source: https://7.url.cn/edu/teacher-client/index_ecc0a22bdfa3e92c996b.js (30)
[0509/150557:INFO:CONSOLE(30)] "%c2020-05-09T07:05:57.858Z [imlog] INFO: post //report.edu.qq.com/data_report/web_report 200 88ms", source: https://7.url.cn/edu/teacher-client/index_ecc0a22bdfa3e92c996b.js (30)
[0509/150604:INFO:CONSOLE(30)] "%c2020-05-09T07:06:04.772Z [imlog] INFO: POST //pull.ke.qq.com/base_pull?bkn=354888392&t=0.4706 200 100ms", source: https://7.url.cn/edu/teacher-client/index_ecc0a22bdfa3e92c996b.js (30)
[0509/150606:INFO:CONSOLE(30)] "%c2020-05-09T07:06:06.475Z [imlog] INFO: post //report.edu.qq.com/data_report/web_report 200 215ms", source: https://7.url.cn/edu/teacher-client/index_ecc0a22bdfa3e92c996b.js (30)
[0509/150614:INFO:CONSOLE(30)] "%c2020-05-09T07:06:14.879Z [imlog] INFO: POST //pull.ke.qq.com/base_pull?bkn=354888392&t=0.2136 200 104ms", source: https://7.url.cn/edu/teacher-client/index_ecc0a22bdfa3e92c996b.js (30)
[0509/150624:INFO:CONSOLE(30)] "%c2020-05-09T07:06:24.982Z [imlog] INFO: POST //pull.ke.qq.com/base_pull?bkn=354888392&t=0.6077 200 100ms", source: https://7.url.cn/edu/teacher-client/index_ecc0a22bdfa3e92c996b.js (30)
[0509/150635:INFO:CONSOLE(30)] "%c2020-05-09T07:06:35.090Z [imlog] INFO: POST //pull.ke.qq.com/base_pull?bkn=354888392&t=0.9674 200 100ms", source: https://7.url.cn/edu/teacher-client/index_ecc0a22bdfa3e92c996b.js (30)
[0509/150645:INFO:CONSOLE(30)] "%c2020-05-09T07:06:45.196Z [imlog] INFO: POST //pull.ke.qq.com/base_pull?bkn=354888392&t=0.3490 200 104ms", source: https://7.url.cn/edu/teacher-client/index_ecc0a22bdfa3e92c996b.js (30)
[0509/150649:INFO:CONSOLE(30)] "%c2020-05-09T07:06:49.453Z [imlog] INFO: post //report.edu.qq.com/data_report/web_report 200 188ms", source: https://7.url.cn/edu/teacher-client/index_ecc0a22bdfa3e92c996b.js (30)
[0509/150655:INFO:CONSOLE(30)] "%c2020-05-09T07:06:55.304Z [imlog] INFO: POST //pull.ke.qq.com/base_pull?bkn=354888392&t=0.3560 200 103ms", source: https://7.url.cn/edu/teacher-client/index_ecc0a22bdfa3e92c996b.js (30)
[0509/150705:INFO:CONSOLE(30)] "%c2020-05-09T07:07:05.408Z [imlog] INFO: POST //pull.ke.qq.com/base_pull?bkn=354888392&t=0.1320 200 100ms", source: https://7.url.cn/edu/teacher-client/index_ecc0a22bdfa3e92c996b.js (30)
[0509/150708:INFO:CONSOLE(30)] "%c2020-05-09T07:07:08.553Z [imlog] INFO: post //report.edu.qq.com/data_report/web_report 200 189ms", source: https://7.url.cn/edu/teacher-client/index_ecc0a22bdfa3e92c996b.js (30)
[0509/150715:INFO:CONSOLE(30)] "%c2020-05-09T07:07:15.509Z [imlog] INFO: POST //pull.ke.qq.com/base_pull?bkn=354888392&t=0.2999 200 98ms", source: https://7.url.cn/edu/teacher-client/index_ecc0a22bdfa3e92c996b.js (30)
[0509/150725:INFO:CONSOLE(30)] "%c2020-05-09T07:07:25.617Z [imlog] INFO: POST //pull.ke.qq.com/base_pull?bkn=354888392&t=0.6883 200 104ms", source: https://7.url.cn/edu/teacher-client/index_ecc0a22bdfa3e92c996b.js (30)
[0509/150735:INFO:CONSOLE(30)] "%c2020-05-09T07:07:35.719Z [imlog] INFO: POST //pull.ke.qq.com/base_pull?bkn=354888392&t=0.4417 200 99ms", source: https://7.url.cn/edu/teacher-client/index_ecc0a22bdfa3e92c996b.js (30)
[0509/150745:INFO:CONSOLE(30)] "%c2020-05-09T07:07:45.826Z [imlog] INFO: POST //pull.ke.qq.com/base_pull?bkn=354888392&t=0.2080 200 104ms", source: https://7.url.cn/edu/teacher-client/index_ecc0a22bdfa3e92c996b.js (30)
[0509/150755:INFO:CONSOLE(30)] "%c2020-05-09T07:07:55.931Z [imlog] INFO: POST //pull.ke.qq.com/base_pull?bkn=354888392&t=0.8947 200 102ms", source: https://7.url.cn/edu/teacher-client/index_ecc0a22bdfa3e92c996b.js (30)
[0509/150805:INFO:CONSOLE(30)] "%c2020-05-09T07:08:05.383Z [imlog] INFO: post //report.edu.qq.com/data_report/web_report 200 187ms", source: https://7.url.cn/edu/teacher-client/index_ecc0a22bdfa3e92c996b.js (30)
[0509/150806:INFO:CONSOLE(30)] "%c2020-05-09T07:08:06.032Z [imlog] INFO: POST //pull.ke.qq.com/base_pull?bkn=354888392&t=0.4192 200 97ms", source: https://7.url.cn/edu/teacher-client/index_ecc0a22bdfa3e92c996b.js (30)
[0509/150816:INFO:CONSOLE(30)] "%c2020-05-09T07:08:16.134Z [imlog] INFO: POST //pull.ke.qq.com/base_pull?bkn=354888392&t=0.6523 200 98ms", source: https://7.url.cn/edu/teacher-client/index_ecc0a22bdfa3e92c996b.js (30)
[0509/150826:INFO:CONSOLE(30)] "%c2020-05-09T07:08:26.243Z [imlog] INFO: POST //pull.ke.qq.com/base_pull?bkn=354888392&t=0.2537 200 104ms", source: https://7.url.cn/edu/teacher-client/index_ecc0a22bdfa3e92c996b.js (30)
[0509/150836:INFO:CONSOLE(30)] "%c2020-05-09T07:08:36.349Z [imlog] INFO: POST //pull.ke.qq.com/base_pull?bkn=354888392&t=0.8178 200 103ms", source: https://7.url.cn/edu/teacher-client/index_ecc0a22bdfa3e92c996b.js (30)
[0509/150845:INFO:CONSOLE(30)] "%c2020-05-09T07:08:45.502Z [impush-client] ERROR: push room_seq 丢失", source: https://7.url.cn/edu/teacher-client/index_ecc0a22bdfa3e92c996b.js (30)
[0509/150846:INFO:CONSOLE(30)] "%c2020-05-09T07:08:46.408Z [imlog] INFO: post //report.edu.qq.com/data_report/web_report 200 185ms", source: https://7.url.cn/edu/teacher-client/index_ecc0a22bdfa3e92c996b.js (30)
[0509/150846:INFO:CONSOLE(30)] "%c2020-05-09T07:08:46.454Z [imlog] INFO: POST //pull.ke.qq.com/base_pull?bkn=354888392&t=0.8811 200 101ms", source: https://7.url.cn/edu/teacher-client/index_ecc0a22bdfa3e92c996b.js (30)
[0509/150853:INFO:CONSOLE(30)] "%c2020-05-09T07:08:53.826Z [imlog] INFO: post //report.edu.qq.com/data_report/web_report 200 192ms", source: https://7.url.cn/edu/teacher-client/index_ecc0a22bdfa3e92c996b.js (30)
[0509/150856:INFO:CONSOLE(30)] "%c2020-05-09T07:08:56.561Z [imlog] INFO: POST //pull.ke.qq.com/base_pull?bkn=354888392&t=0.2373 200 103ms", source: https://7.url.cn/edu/teacher-client/index_ecc0a22bdfa3e92c996b.js (30)
[0509/150859:INFO:CONSOLE(30)] "%c2020-05-09T07:08:59.465Z [imlog] INFO: post //report.edu.qq.com/data_report/web_report 200 210ms", source: https://7.url.cn/edu/teacher-client/index_ecc0a22bdfa3e92c996b.js (30)
[0509/150906:INFO:CONSOLE(30)] "%c2020-05-09T07:09:06.663Z [imlog] INFO: POST //pull.ke.qq.com/base_pull?bkn=354888392&t=0.0712 200 99ms", source: https://7.url.cn/edu/teacher-client/index_ecc0a22bdfa3e92c996b.js (30)
[0509/150911:INFO:CONSOLE(30)] "%c2020-05-09T07:09:11.238Z [imlog] INFO: post //report.edu.qq.com/data_report/web_report 200 204ms", source: https://7.url.cn/edu/teacher-client/index_ecc0a22bdfa3e92c996b.js (30)
[0509/150916:INFO:CONSOLE(30)] "%c2020-05-09T07:09:16.774Z [imlog] INFO: POST //pull.ke.qq.com/base_pull?bkn=354888392&t=0.5697 200 106ms", source: https://7.url.cn/edu/teacher-client/index_ecc0a22bdfa3e92c996b.js (30)
[0509/150917:INFO:CONSOLE(30)] "%c2020-05-09T07:09:17.471Z [imlog] INFO: post //report.edu.qq.com/data_report/web_report 200 193ms", source: https://7.url.cn/edu/teacher-client/index_ecc0a22bdfa3e92c996b.js (30)
[0509/150926:INFO:CONSOLE(30)] "%c2020-05-09T07:09:26.878Z [imlog] INFO: POST //pull.ke.qq.com/base_pull?bkn=354888392&t=0.4012 200 103ms", source: https://7.url.cn/edu/teacher-client/index_ecc0a22bdfa3e92c996b.js (30)
[0509/150936:INFO:CONSOLE(30)] "%c2020-05-09T07:09:36.986Z [imlog] INFO: POST //pull.ke.qq.com/base_pull?bkn=354888392&t=0.2036 200 105ms", source: https://7.url.cn/edu/teacher-client/index_ecc0a22bdfa3e92c996b.js (30)
[0509/150943:INFO:CONSOLE(30)] "%c2020-05-09T07:09:43.441Z [imlog] INFO: post //report.edu.qq.com/data_report/web_report 200 194ms", source: https://7.url.cn/edu/teacher-client/index_ecc0a22bdfa3e92c996b.js (30)
[0509/150947:INFO:CONSOLE(30)] "%c2020-05-09T07:09:47.090Z [imlog] INFO: POST //pull.ke.qq.com/base_pull?bkn=354888392&t=0.8383 200 101ms", source: https://7.url.cn/edu/teacher-client/index_ecc0a22bdfa3e92c996b.js (30)
[0509/150957:INFO:CONSOLE(30)] "%c2020-05-09T07:09:57.194Z [imlog] INFO: POST //pull.ke.qq.com/base_pull?bkn=354888392&t=0.3564 200 101ms", source: https://7.url.cn/edu/teacher-client/index_ecc0a22bdfa3e92c996b.js (30)
[0509/151007:INFO:CONSOLE(30)] "%c2020-05-09T07:10:07.297Z [imlog] INFO: POST //pull.ke.qq.com/base_pull?bkn=354888392&t=0.6788 200 100ms", source: https://7.url.cn/edu/teacher-client/index_ecc0a22bdfa3e92c996b.js (30)
[0509/151010:INFO:CONSOLE(30)] "%c2020-05-09T07:10:10.605Z [imlog] INFO: post //report.edu.qq.com/data_report/web_report 200 202ms", source: https://7.url.cn/edu/teacher-client/index_ecc0a22bdfa3e92c996b.js (30)
[0509/151017:INFO:CONSOLE(30)] "%c2020-05-09T07:10:17.397Z [imlog] INFO: POST //pull.ke.qq.com/base_pull?bkn=354888392&t=0.6193 200 97ms", source: https://7.url.cn/edu/teacher-client/index_ecc0a22bdfa3e92c996b.js (30)
[0509/151025:INFO:CONSOLE(30)] "%c2020-05-09T07:10:25.135Z [imlog] INFO: post //report.edu.qq.com/data_report/web_report 200 186ms", source: https://7.url.cn/edu/teacher-client/index_ecc0a22bdfa3e92c996b.js (30)
[0509/151027:INFO:CONSOLE(30)] "%c2020-05-09T07:10:27.497Z [imlog] INFO: POST //pull.ke.qq.com/base_pull?bkn=354888392&t=0.2414 200 98ms", source: https://7.url.cn/edu/teacher-client/index_ecc0a22bdfa3e92c996b.js (30)
[0509/151037:INFO:CONSOLE(30)] "%c2020-05-09T07:10:37.600Z [imlog] INFO: POST //pull.ke.qq.com/base_pull?bkn=354888392&t=0.3405 200 100ms", source: https://7.url.cn/edu/teacher-client/index_ecc0a22bdfa3e92c996b.js (30)
[0509/151047:INFO:CONSOLE(30)] "%c2020-05-09T07:10:47.706Z [imlog] INFO: POST //pull.ke.qq.com/base_pull?bkn=354888392&t=0.6708 200 103ms", source: https://7.url.cn/edu/teacher-client/index_ecc0a22bdfa3e92c996b.js (30)
[0509/151057:INFO:CONSOLE(30)] "%c2020-05-09T07:10:57.805Z [imlog] INFO: POST //pull.ke.qq.com/base_pull?bkn=354888392&t=0.7039 200 97ms", source: https://7.url.cn/edu/teacher-client/index_ecc0a22bdfa3e92c996b.js (30)
[0509/151106:INFO:CONSOLE(30)] "%c2020-05-09T07:11:06.910Z [imlog] INFO: post //report.edu.qq.com/data_report/web_report 200 185ms", source: https://7.url.cn/edu/teacher-client/index_ecc0a22bdfa3e92c996b.js (30)
[0509/151107:INFO:CONSOLE(30)] "%c2020-05-09T07:11:07.913Z [imlog] INFO: POST //pull.ke.qq.com/base_pull?bkn=354888392&t=0.4124 200 105ms", source: https://7.url.cn/edu/teacher-client/index_ecc0a22bdfa3e92c996b.js (30)
[0509/151111:INFO:CONSOLE(30)] "%c2020-05-09T07:11:11.807Z [imlog] INFO: post //report.edu.qq.com/data_report/web_report 200 92ms", source: https://7.url.cn/edu/teacher-client/index_ecc0a22bdfa3e92c996b.js (30)
[0509/151118:INFO:CONSOLE(30)] "%c2020-05-09T07:11:18.015Z [imlog] INFO: POST //pull.ke.qq.com/base_pull?bkn=354888392&t=0.1377 200 98ms", source: https://7.url.cn/edu/teacher-client/index_ecc0a22bdfa3e92c996b.js (30)
[0509/151128:INFO:CONSOLE(30)] "%c2020-05-09T07:11:28.131Z [imlog] INFO: POST //pull.ke.qq.com/base_pull?bkn=354888392&t=0.7334 200 111ms", source: https://7.url.cn/edu/teacher-client/index_ecc0a22bdfa3e92c996b.js (30)
[0509/151138:INFO:CONSOLE(30)] "%c2020-05-09T07:11:38.234Z [imlog] INFO: POST //pull.ke.qq.com/base_pull?bkn=354888392&t=0.6753 200 100ms", source: https://7.url.cn/edu/teacher-client/index_ecc0a22bdfa3e92c996b.js (30)
[0509/151148:INFO:CONSOLE(30)] "%c2020-05-09T07:11:48.335Z [imlog] INFO: POST //pull.ke.qq.com/base_pull?bkn=354888392&t=0.7384 200 99ms", source: https://7.url.cn/edu/teacher-client/index_ecc0a22bdfa3e92c996b.js (30)
[0509/151158:INFO:CONSOLE(30)] "%c2020-05-09T07:11:58.438Z [imlog] INFO: POST //pull.ke.qq.com/base_pull?bkn=354888392&t=0.1272 200 98ms", source: https://7.url.cn/edu/teacher-client/index_ecc0a22bdfa3e92c996b.js (30)
[0509/151202:INFO:CONSOLE(30)] "%c2020-05-09T07:12:02.767Z [imlog] INFO: post //report.edu.qq.com/data_report/web_report 200 188ms", source: https://7.url.cn/edu/teacher-client/index_ecc0a22bdfa3e92c996b.js (30)
[0509/151208:INFO:CONSOLE(30)] "%c2020-05-09T07:12:08.546Z [imlog] INFO: POST //pull.ke.qq.com/base_pull?bkn=354888392&t=0.9634 200 105ms", source: https://7.url.cn/edu/teacher-client/index_ecc0a22bdfa3e92c996b.js (30)
[0509/151213:INFO:CONSOLE(30)] "%c2020-05-09T07:12:13.969Z [imlog] INFO: post //report.edu.qq.com/data_report/web_report 200 197ms", source: https://7.url.cn/edu/teacher-client/index_ecc0a22bdfa3e92c996b.js (30)
[0509/151218:INFO:CONSOLE(30)] "%c2020-05-09T07:12:18.650Z [imlog] INFO: POST //pull.ke.qq.com/base_pull?bkn=354888392&t=0.7970 200 99ms", source: https://7.url.cn/edu/teacher-client/index_ecc0a22bdfa3e92c996b.js (30)
[0509/151223:INFO:CONSOLE(30)] "%c2020-05-09T07:12:23.071Z [imlog] INFO: post //report.edu.qq.com/data_report/web_report 200 185ms", source: https://7.url.cn/edu/teacher-client/index_ecc0a22bdfa3e92c996b.js (30)
[0509/151228:INFO:CONSOLE(30)] "%c2020-05-09T07:12:28.749Z [imlog] INFO: POST //pull.ke.qq.com/base_pull?bkn=354888392&t=0.2540 200 98ms", source: https://7.url.cn/edu/teacher-client/index_ecc0a22bdfa3e92c996b.js (30)
[0509/151231:INFO:CONSOLE(30)] "%c2020-05-09T07:12:31.839Z [imlog] INFO: post //report.edu.qq.com/data_report/web_report 200 186ms", source: https://7.url.cn/edu/teacher-client/index_ecc0a22bdfa3e92c996b.js (30)
[0509/151238:INFO:CONSOLE(30)] "%c2020-05-09T07:12:38.851Z [imlog] INFO: POST //pull.ke.qq.com/base_pull?bkn=354888392&t=0.7548 200 99ms", source: https://7.url.cn/edu/teacher-client/index_ecc0a22bdfa3e92c996b.js (30)
[0509/151243:INFO:CONSOLE(30)] "%c2020-05-09T07:12:43.949Z [imlog] INFO: post //report.edu.qq.com/data_report/web_report 200 187ms", source: https://7.url.cn/edu/teacher-client/index_ecc0a22bdfa3e92c996b.js (30)
[0509/151248:INFO:CONSOLE(30)] "%c2020-05-09T07:12:48.954Z [imlog] INFO: POST //pull.ke.qq.com/base_pull?bkn=354888392&t=0.8980 200 98ms", source: https://7.url.cn/edu/teacher-client/index_ecc0a22bdfa3e92c996b.js (30)
[0509/151252:INFO:CONSOLE(30)] "%c2020-05-09T07:12:52.568Z [imlog] INFO: post //report.edu.qq.com/data_report/web_report 200 449ms", source: https://7.url.cn/edu/teacher-client/index_ecc0a22bdfa3e92c996b.js (30)
[0509/151253:INFO:CONSOLE(30)] "%c2020-05-09T07:12:53.308Z [imlog] INFO: post //report.edu.qq.com/data_report/web_report 200 98ms", source: https://7.url.cn/edu/teacher-client/index_ecc0a22bdfa3e92c996b.js (30)
[0509/151259:INFO:CONSOLE(30)] "%c2020-05-09T07:12:59.060Z [imlog] INFO: POST //pull.ke.qq.com/base_pull?bkn=354888392&t=0.1997 200 103ms", source: https://7.url.cn/edu/teacher-client/index_ecc0a22bdfa3e92c996b.js (30)
[0509/151302:INFO:CONSOLE(30)] "%c2020-05-09T07:13:02.739Z [imlog] INFO: post //report.edu.qq.com/data_report/web_report 200 206ms", source: https://7.url.cn/edu/teacher-client/index_ecc0a22bdfa3e92c996b.js (30)
[0509/151303:INFO:CONSOLE(30)] "%c2020-05-09T07:13:03.965Z [imlog] INFO: post //report.edu.qq.com/data_report/web_report 200 103ms", source: https://7.url.cn/edu/teacher-client/index_ecc0a22bdfa3e92c996b.js (30)
[0509/151307:INFO:CONSOLE(30)] "%c2020-05-09T07:13:07.546Z [imlog] INFO: post //report.edu.qq.com/data_report/web_report 200 109ms", source: https://7.url.cn/edu/teacher-client/index_ecc0a22bdfa3e92c996b.js (30)
[0509/151309:INFO:CONSOLE(30)] "%c2020-05-09T07:13:09.162Z [imlog] INFO: POST //pull.ke.qq.com/base_pull?bkn=354888392&t=0.9689 200 99ms", source: https://7.url.cn/edu/teacher-client/index_ecc0a22bdfa3e92c996b.js (30)
[0509/151314:INFO:CONSOLE(30)] "%c2020-05-09T07:13:14.077Z [imlog] INFO: post //report.edu.qq.com/data_report/web_report 200 203ms", source: https://7.url.cn/edu/teacher-client/index_ecc0a22bdfa3e92c996b.js (30)
[0509/151319:INFO:CONSOLE(30)] "%c2020-05-09T07:13:19.264Z [imlog] INFO: POST //pull.ke.qq.com/base_pull?bkn=354888392&t=0.9846 200 101ms", source: https://7.url.cn/edu/teacher-client/index_ecc0a22bdfa3e92c996b.js (30)
[0509/151329:INFO:CONSOLE(30)] "%c2020-05-09T07:13:29.367Z [imlog] INFO: POST //pull.ke.qq.com/base_pull?bkn=354888392&t=0.4169 200 98ms", source: https://7.url.cn/edu/teacher-client/index_ecc0a22bdfa3e92c996b.js (30)
[0509/151334:INFO:CONSOLE(30)] "%c2020-05-09T07:13:34.485Z [imlog] INFO: post //report.edu.qq.com/data_report/web_report 200 207ms", source: https://7.url.cn/edu/teacher-client/index_ecc0a22bdfa3e92c996b.js (30)
[0509/151339:INFO:CONSOLE(30)] "%c2020-05-09T07:13:39.478Z [imlog] INFO: POST //pull.ke.qq.com/base_pull?bkn=354888392&t=0.7206 200 107ms", source: https://7.url.cn/edu/teacher-client/index_ecc0a22bdfa3e92c996b.js (30)
[0509/151345:INFO:CONSOLE(30)] "%c2020-05-09T07:13:45.691Z [imlog] INFO: post //report.edu.qq.com/data_report/web_report 200 212ms", source: https://7.url.cn/edu/teacher-client/index_ecc0a22bdfa3e92c996b.js (30)
[0509/151349:INFO:CONSOLE(30)] "%c2020-05-09T07:13:49.588Z [imlog] INFO: POST //pull.ke.qq.com/base_pull?bkn=354888392&t=0.0702 200 106ms", source: https://7.url.cn/edu/teacher-client/index_ecc0a22bdfa3e92c996b.js (30)
[0509/151359:INFO:CONSOLE(30)] "%c2020-05-09T07:13:59.696Z [imlog] INFO: POST //pull.ke.qq.com/base_pull?bkn=354888392&t=0.1935 200 103ms", source: https://7.url.cn/edu/teacher-client/index_ecc0a22bdfa3e92c996b.js (30)
[0509/151409:INFO:CONSOLE(30)] "%c2020-05-09T07:14:09.802Z [imlog] INFO: POST //pull.ke.qq.com/base_pull?bkn=354888392&t=0.0170 200 103ms", source: https://7.url.cn/edu/teacher-client/index_ecc0a22bdfa3e92c996b.js (30)
[0509/151419:INFO:CONSOLE(30)] "%c2020-05-09T07:14:19.911Z [imlog] INFO: POST //pull.ke.qq.com/base_pull?bkn=354888392&t=0.4577 200 105ms", source: https://7.url.cn/edu/teacher-client/index_ecc0a22bdfa3e92c996b.js (30)
[0509/151430:INFO:CONSOLE(30)] "%c2020-05-09T07:14:30.015Z [imlog] INFO: POST //pull.ke.qq.com/base_pull?bkn=354888392&t=0.2008 200 102ms", source: https://7.url.cn/edu/teacher-client/index_ecc0a22bdfa3e92c996b.js (30)
[0509/151440:INFO:CONSOLE(30)] "%c2020-05-09T07:14:40.124Z [imlog] INFO: POST //pull.ke.qq.com/base_pull?bkn=354888392&t=0.7613 200 100ms", source: https://7.url.cn/edu/teacher-client/index_ecc0a22bdfa3e92c996b.js (30)
[0509/151450:INFO:CONSOLE(30)] "%c2020-05-09T07:14:50.224Z [imlog] INFO: POST //pull.ke.qq.com/base_pull?bkn=354888392&t=0.2780 200 96ms", source: https://7.url.cn/edu/teacher-client/index_ecc0a22bdfa3e92c996b.js (30)
[0509/151450:INFO:CONSOLE(30)] "%c2020-05-09T07:14:50.455Z [imlog] INFO: post //report.edu.qq.com/data_report/web_report 200 183ms", source: https://7.url.cn/edu/teacher-client/index_ecc0a22bdfa3e92c996b.js (30)
[0509/151500:INFO:CONSOLE(30)] "%c2020-05-09T07:15:00.470Z [imlog] INFO: POST //pull.ke.qq.com/base_pull?bkn=354888392&t=0.0139 200 234ms", source: https://7.url.cn/edu/teacher-client/index_ecc0a22bdfa3e92c996b.js (30)
[0509/151501:INFO:CONSOLE(30)] "%c2020-05-09T07:15:01.548Z [imlog] INFO: post //report.edu.qq.com/data_report/web_report 200 217ms", source: https://7.url.cn/edu/teacher-client/index_ecc0a22bdfa3e92c996b.js (30)
[0509/151510:INFO:CONSOLE(30)] "%c2020-05-09T07:15:10.573Z [imlog] INFO: POST //pull.ke.qq.com/base_pull?bkn=354888392&t=0.0315 200 100ms", source: https://7.url.cn/edu/teacher-client/index_ecc0a22bdfa3e92c996b.js (30)
[0509/151511:INFO:CONSOLE(30)] "%c2020-05-09T07:15:11.631Z [imlog] INFO: post //report.edu.qq.com/data_report/web_report 200 196ms", source: https://7.url.cn/edu/teacher-client/index_ecc0a22bdfa3e92c996b.js (30)
[0509/151515:INFO:CONSOLE(30)] "%c2020-05-09T07:15:15.047Z [impush-client] ERROR: push room_seq 丢失", source: https://7.url.cn/edu/teacher-client/index_ecc0a22bdfa3e92c996b.js (30)
[0509/151515:INFO:CONSOLE(30)] "%c2020-05-09T07:15:15.899Z [imlog] INFO: post //report.edu.qq.com/data_report/web_report 200 112ms", source: https://7.url.cn/edu/teacher-client/index_ecc0a22bdfa3e92c996b.js (30)
[0509/151517:INFO:CONSOLE(30)] "%c2020-05-09T07:15:17.231Z [imlog] INFO: post //report.edu.qq.com/data_report/web_report 200 208ms", source: https://7.url.cn/edu/teacher-client/index_ecc0a22bdfa3e92c996b.js (30)
[0509/151520:INFO:CONSOLE(30)] "%c2020-05-09T07:15:20.675Z [imlog] INFO: POST //pull.ke.qq.com/base_pull?bkn=354888392&t=0.3147 200 98ms", source: https://7.url.cn/edu/teacher-client/index_ecc0a22bdfa3e92c996b.js (30)
[0509/151524:INFO:CONSOLE(30)] "%c2020-05-09T07:15:24.893Z [imlog] INFO: post //report.edu.qq.com/data_report/web_report 200 219ms", source: https://7.url.cn/edu/teacher-client/index_ecc0a22bdfa3e92c996b.js (30)
[0509/151530:INFO:CONSOLE(30)] "%c2020-05-09T07:15:30.778Z [imlog] INFO: POST //pull.ke.qq.com/base_pull?bkn=354888392&t=0.7074 200 98ms", source: https://7.url.cn/edu/teacher-client/index_ecc0a22bdfa3e92c996b.js (30)
[0509/151533:INFO:CONSOLE(30)] "%c2020-05-09T07:15:33.381Z [imlog] INFO: post //report.edu.qq.com/data_report/web_report 200 196ms", source: https://7.url.cn/edu/teacher-client/index_ecc0a22bdfa3e92c996b.js (30)
[0509/151535:INFO:CONSOLE(30)] "%c2020-05-09T07:15:35.054Z [imlog] INFO: post //report.edu.qq.com/data_report/web_report 200 109ms", source: https://7.url.cn/edu/teacher-client/index_ecc0a22bdfa3e92c996b.js (30)
[0509/151540:INFO:CONSOLE(30)] "%c2020-05-09T07:15:40.882Z [imlog] INFO: POST //pull.ke.qq.com/base_pull?bkn=354888392&t=0.5328 200 100ms", source: https://7.url.cn/edu/teacher-client/index_ecc0a22bdfa3e92c996b.js (30)
[0509/151550:INFO:CONSOLE(30)] "%c2020-05-09T07:15:50.987Z [imlog] INFO: POST //pull.ke.qq.com/base_pull?bkn=354888392&t=0.8920 200 101ms", source: https://7.url.cn/edu/teacher-client/index_ecc0a22bdfa3e92c996b.js (30)
[0509/151554:INFO:CONSOLE(30)] "%c2020-05-09T07:15:54.475Z [imlog] INFO: post //report.edu.qq.com/data_report/web_report 200 207ms", source: https://7.url.cn/edu/teacher-client/index_ecc0a22bdfa3e92c996b.js (30)
[0509/151601:INFO:CONSOLE(30)] "%c2020-05-09T07:16:01.091Z [imlog] INFO: POST //pull.ke.qq.com/base_pull?bkn=354888392&t=0.3676 200 100ms", source: https://7.url.cn/edu/teacher-client/index_ecc0a22bdfa3e92c996b.js (30)
[0509/151605:INFO:CONSOLE(30)] "%c2020-05-09T07:16:05.300Z [imlog] INFO: post //report.edu.qq.com/data_report/web_report 200 182ms", source: https://7.url.cn/edu/teacher-client/index_ecc0a22bdfa3e92c996b.js (30)
[0509/151611:INFO:CONSOLE(30)] "%c2020-05-09T07:16:11.195Z [imlog] INFO: POST //pull.ke.qq.com/base_pull?bkn=354888392&t=0.4564 200 101ms", source: https://7.url.cn/edu/teacher-client/index_ecc0a22bdfa3e92c996b.js (30)
[0509/151619:INFO:CONSOLE(30)] "%c2020-05-09T07:16:19.086Z [imlog] INFO: post //report.edu.qq.com/data_report/web_report 200 201ms", source: https://7.url.cn/edu/teacher-client/index_ecc0a22bdfa3e92c996b.js (30)
[0509/151621:INFO:CONSOLE(30)] "%c2020-05-09T07:16:21.299Z [imlog] INFO: POST //pull.ke.qq.com/base_pull?bkn=354888392&t=0.7970 200 102ms", source: https://7.url.cn/edu/teacher-client/index_ecc0a22bdfa3e92c996b.js (30)
[0509/151626:INFO:CONSOLE(30)] "%c2020-05-09T07:16:26.850Z [imlog] INFO: post //report.edu.qq.com/data_report/web_report 200 184ms", source: https://7.url.cn/edu/teacher-client/index_ecc0a22bdfa3e92c996b.js (30)
[0509/151628:INFO:CONSOLE(30)] "%c2020-05-09T07:16:28.207Z [imlog] INFO: post //report.edu.qq.com/data_report/web_report 200 94ms", source: https://7.url.cn/edu/teacher-client/index_ecc0a22bdfa3e92c996b.js (30)
[0509/151629:INFO:CONSOLE(30)] "%c2020-05-09T07:16:29.359Z [imlog] INFO: post //report.edu.qq.com/data_report/web_report 200 122ms", source: https://7.url.cn/edu/teacher-client/index_ecc0a22bdfa3e92c996b.js (30)
[0509/151631:INFO:CONSOLE(30)] "%c2020-05-09T07:16:31.149Z [imlog] INFO: post //report.edu.qq.com/data_report/web_report 200 96ms", source: https://7.url.cn/edu/teacher-client/index_ecc0a22bdfa3e92c996b.js (30)
[0509/151631:INFO:CONSOLE(30)] "%c2020-05-09T07:16:31.407Z [imlog] INFO: POST //pull.ke.qq.com/base_pull?bkn=354888392&t=0.9516 200 101ms", source: https://7.url.cn/edu/teacher-client/index_ecc0a22bdfa3e92c996b.js (30)
[0509/151641:INFO:CONSOLE(30)] "%c2020-05-09T07:16:41.517Z [imlog] INFO: POST //pull.ke.qq.com/base_pull?bkn=354888392&t=0.6493 200 103ms", source: https://7.url.cn/edu/teacher-client/index_ecc0a22bdfa3e92c996b.js (30)
[0509/151651:INFO:CONSOLE(30)] "%c2020-05-09T07:16:51.622Z [imlog] INFO: POST //pull.ke.qq.com/base_pull?bkn=354888392&t=0.6805 200 104ms", source: https://7.url.cn/edu/teacher-client/index_ecc0a22bdfa3e92c996b.js (30)
[0509/151656:INFO:CONSOLE(30)] "%c2020-05-09T07:16:56.792Z [imlog] INFO: post //report.edu.qq.com/data_report/web_report 200 202ms", source: https://7.url.cn/edu/teacher-client/index_ecc0a22bdfa3e92c996b.js (30)
[0509/151701:INFO:CONSOLE(30)] "%c2020-05-09T07:17:01.730Z [imlog] INFO: POST //pull.ke.qq.com/base_pull?bkn=354888392&t=0.8848 200 106ms", source: https://7.url.cn/edu/teacher-client/index_ecc0a22bdfa3e92c996b.js (30)
[0509/151711:INFO:CONSOLE(30)] "%c2020-05-09T07:17:11.834Z [imlog] INFO: POST //pull.ke.qq.com/base_pull?bkn=354888392&t=0.7471 200 101ms", source: https://7.url.cn/edu/teacher-client/index_ecc0a22bdfa3e92c996b.js (30)
[0509/151721:INFO:CONSOLE(30)] "%c2020-05-09T07:17:21.934Z [imlog] INFO: POST //pull.ke.qq.com/base_pull?bkn=354888392&t=0.4431 200 98ms", source: https://7.url.cn/edu/teacher-client/index_ecc0a22bdfa3e92c996b.js (30)
[0509/151726:INFO:CONSOLE(30)] "%c2020-05-09T07:17:26.797Z [imlog] INFO: post //report.edu.qq.com/data_report/web_report 200 186ms", source: https://7.url.cn/edu/teacher-client/index_ecc0a22bdfa3e92c996b.js (30)
[0509/151732:INFO:CONSOLE(30)] "%c2020-05-09T07:17:32.040Z [imlog] INFO: POST //pull.ke.qq.com/base_pull?bkn=354888392&t=0.2848 200 104ms", source: https://7.url.cn/edu/teacher-client/index_ecc0a22bdfa3e92c996b.js (30)
[0509/151739:INFO:CONSOLE(0)] "XMLHttpRequest cannot load https://report.edu.qq.com/data_report/web_report. No 'Access-Control-Allow-Origin' header is present on the requested resource. Origin 'https://ke.qq.com' is therefore not allowed access. The response had HTTP status code 504.", source: https://ke.qq.com/teacher-client/index.html?cid=1656387&term_id=101756608#usertype=teacher&startTime=1589001919842 (0)
[0509/151739:INFO:CONSOLE(30)] "%c2020-05-09T07:17:39.803Z [imlog] INFO: post //report.edu.qq.com/data_report/web_report 0 7136ms", source: https://7.url.cn/edu/teacher-client/index_ecc0a22bdfa3e92c996b.js (30)
[0509/151742:INFO:CONSOLE(30)] "%c2020-05-09T07:17:42.302Z [imlog] INFO: POST //pull.ke.qq.com/base_pull?bkn=354888392&t=0.0302 200 105ms", source: https://7.url.cn/edu/teacher-client/index_ecc0a22bdfa3e92c996b.js (30)
[0509/151743:INFO:CONSOLE(30)] "%c2020-05-09T07:17:43.117Z [imlog] INFO: post //report.edu.qq.com/data_report/web_report 200 200ms", source: https://7.url.cn/edu/teacher-client/index_ecc0a22bdfa3e92c996b.js (30)
[0509/151744:INFO:CONSOLE(30)] "%c2020-05-09T07:17:44.248Z [impush-client] ERROR: push room_seq 丢失", source: https://7.url.cn/edu/teacher-client/index_ecc0a22bdfa3e92c996b.js (30)
[0509/151745:INFO:CONSOLE(30)] "%c2020-05-09T07:17:45.053Z [imlog] INFO: post //report.edu.qq.com/data_report/web_report 200 99ms", source: https://7.url.cn/edu/teacher-client/index_ecc0a22bdfa3e92c996b.js (30)
[0509/151746:INFO:CONSOLE(30)] "%c2020-05-09T07:17:46.545Z [imlog] INFO: post //report.edu.qq.com/data_report/web_report 200 111ms", source: https://7.url.cn/edu/teacher-client/index_ecc0a22bdfa3e92c996b.js (30)
[0509/151748:INFO:CONSOLE(30)] "%c2020-05-09T07:17:48.409Z [imlog] INFO: post //report.edu.qq.com/data_report/web_report 200 377ms", source: https://7.url.cn/edu/teacher-client/index_ecc0a22bdfa3e92c996b.js (30)
[0509/151749:INFO:CONSOLE(30)] "%c2020-05-09T07:17:49.615Z [imlog] INFO: post //report.edu.qq.com/data_report/web_report 200 396ms", source: https://7.url.cn/edu/teacher-client/index_ecc0a22bdfa3e92c996b.js (30)
[0509/151751:INFO:CONSOLE(30)] "%c2020-05-09T07:17:51.709Z [impush-client] ERROR: push room_seq 丢失", source: https://7.url.cn/edu/teacher-client/index_ecc0a22bdfa3e92c996b.js (30)
[0509/151751:INFO:CONSOLE(30)] "%c2020-05-09T07:17:51.919Z [imlog] INFO: post //report.edu.qq.com/data_report/web_report 200 185ms", source: https://7.url.cn/edu/teacher-client/index_ecc0a22bdfa3e92c996b.js (30)
[0509/151753:INFO:CONSOLE(30)] "%c2020-05-09T07:17:53.692Z [imlog] INFO: POST //pull.ke.qq.com/base_pull?bkn=354888392&t=0.9153 200 841ms", source: https://7.url.cn/edu/teacher-client/index_ecc0a22bdfa3e92c996b.js (30)
[0509/151755:INFO:CONSOLE(30)] "%c2020-05-09T07:17:55.079Z [imlog] INFO: post //report.edu.qq.com/data_report/web_report 200 4443ms", source: https://7.url.cn/edu/teacher-client/index_ecc0a22bdfa3e92c996b.js (30)
[0509/151755:INFO:CONSOLE(30)] "%c2020-05-09T07:17:55.780Z [imlog] INFO: post //report.edu.qq.com/data_report/web_report 200 697ms", source: https://7.url.cn/edu/teacher-client/index_ecc0a22bdfa3e92c996b.js (30)
[0509/151757:INFO:CONSOLE(30)] "%c2020-05-09T07:17:57.111Z [imlog] INFO: post //report.edu.qq.com/data_report/web_report 200 648ms", source: https://7.url.cn/edu/teacher-client/index_ecc0a22bdfa3e92c996b.js (30)
[0509/151757:INFO:CONSOLE(30)] "%c2020-05-09T07:17:57.920Z [imlog] INFO: post //report.edu.qq.com/data_report/web_report 200 4205ms", source: https://7.url.cn/edu/teacher-client/index_ecc0a22bdfa3e92c996b.js (30)
[0509/151758:INFO:CONSOLE(30)] "%c2020-05-09T07:17:58.455Z [imlog] INFO: post //report.edu.qq.com/data_report/web_report 200 532ms", source: https://7.url.cn/edu/teacher-client/index_ecc0a22bdfa3e92c996b.js (30)
[0509/151800:INFO:CONSOLE(30)] "%c2020-05-09T07:18:00.443Z [impush-client] ERROR: push room_seq 丢失", source: https://7.url.cn/edu/teacher-client/index_ecc0a22bdfa3e92c996b.js (30)
[0509/151800:INFO:CONSOLE(30)] "%c2020-05-09T07:18:00.585Z [imlog] INFO: post //report.edu.qq.com/data_report/web_report 200 647ms", source: https://7.url.cn/edu/teacher-client/index_ecc0a22bdfa3e92c996b.js (30)
[0509/151801:INFO:CONSOLE(30)] "%c2020-05-09T07:18:01.074Z [imlog] INFO: post //report.edu.qq.com/data_report/web_report 200 120ms", source: https://7.url.cn/edu/teacher-client/index_ecc0a22bdfa3e92c996b.js (30)
[0509/151803:INFO:CONSOLE(30)] "%c2020-05-09T07:18:03.912Z [imlog] INFO: POST //pull.ke.qq.com/base_pull?bkn=354888392&t=0.6569 200 214ms", source: https://7.url.cn/edu/teacher-client/index_ecc0a22bdfa3e92c996b.js (30)
[0520/103135:INFO:CONSOLE(30)] "%c2020-05-20T02:31:35.571Z [imlog] INFO: POST //pull.ke.qq.com/base_pull?bkn=354888392&t=0.0520 200 109ms", source: https://7.url.cn/edu/teacher-client/index_d22db46b07f71cfb53d0.js (30)
[0520/103137:INFO:CONSOLE(30)] "%c2020-05-20T02:31:37.287Z [imlog] INFO: post //report.edu.qq.com/data_report/web_report 200 183ms", source: https://7.url.cn/edu/teacher-client/index_d22db46b07f71cfb53d0.js (30)
[0520/103138:INFO:CONSOLE(30)] "%c2020-05-20T02:31:38.257Z [imlog] INFO: post //report.edu.qq.com/data_report/web_report 200 111ms", source: https://7.url.cn/edu/teacher-client/index_d22db46b07f71cfb53d0.js (30)
[0520/103140:INFO:CONSOLE(30)] "%c2020-05-20T02:31:40.327Z [imlog] INFO: post //report.edu.qq.com/data_report/web_report 200 95ms", source: https://7.url.cn/edu/teacher-client/index_d22db46b07f71cfb53d0.js (30)
[0520/103155:INFO:CONSOLE(30)] "%c2020-05-20T02:31:55.684Z [imlog] INFO: POST //pull.ke.qq.com/base_pull?bkn=354888392&t=0.9238 200 108ms", source: https://7.url.cn/edu/teacher-client/index_d22db46b07f71cfb53d0.js (30)
[0520/103215:INFO:CONSOLE(30)] "%c2020-05-20T02:32:15.787Z [imlog] INFO: POST //pull.ke.qq.com/base_pull?bkn=354888392&t=0.3123 200 102ms", source: https://7.url.cn/edu/teacher-client/index_d22db46b07f71cfb53d0.js (30)
[0520/103218:INFO:CONSOLE(30)] "%c2020-05-20T02:32:18.548Z [imlog] INFO: post //report.edu.qq.com/data_report/web_report 200 183ms", source: https://7.url.cn/edu/teacher-client/index_d22db46b07f71cfb53d0.js (30)
[0520/103219:INFO:CONSOLE(30)] "%c2020-05-20T02:32:19.535Z [imlog] INFO: post //report.edu.qq.com/data_report/web_report 200 88ms", source: https://7.url.cn/edu/teacher-client/index_d22db46b07f71cfb53d0.js (30)
[0520/103235:INFO:CONSOLE(30)] "%c2020-05-20T02:32:35.897Z [imlog] INFO: POST //pull.ke.qq.com/base_pull?bkn=354888392&t=0.4152 200 106ms", source: https://7.url.cn/edu/teacher-client/index_d22db46b07f71cfb53d0.js (30)
[0520/103255:INFO:CONSOLE(30)] "%c2020-05-20T02:32:55.997Z [imlog] INFO: POST //pull.ke.qq.com/base_pull?bkn=354888392&t=0.3090 200 99ms", source: https://7.url.cn/edu/teacher-client/index_d22db46b07f71cfb53d0.js (30)
[0520/103316:INFO:CONSOLE(30)] "%c2020-05-20T02:33:16.104Z [imlog] INFO: POST //pull.ke.qq.com/base_pull?bkn=354888392&t=0.2872 200 104ms", source: https://7.url.cn/edu/teacher-client/index_d22db46b07f71cfb53d0.js (30)
[0520/103316:INFO:CONSOLE(30)] "%c2020-05-20T02:33:16.371Z [imlog] INFO: post //report.edu.qq.com/data_report/web_report 200 185ms", source: https://7.url.cn/edu/teacher-client/index_d22db46b07f71cfb53d0.js (30)
[0520/103336:INFO:CONSOLE(30)] "%c2020-05-20T02:33:36.210Z [imlog] INFO: POST //pull.ke.qq.com/base_pull?bkn=354888392&t=0.1639 200 103ms", source: https://7.url.cn/edu/teacher-client/index_d22db46b07f71cfb53d0.js (30)
[0520/103341:INFO:CONSOLE(30)] "%c2020-05-20T02:33:41.010Z [imlog] INFO: post //report.edu.qq.com/data_report/web_report 200 188ms", source: https://7.url.cn/edu/teacher-client/index_d22db46b07f71cfb53d0.js (30)
[0520/103356:INFO:CONSOLE(30)] "%c2020-05-20T02:33:56.317Z [imlog] INFO: POST //pull.ke.qq.com/base_pull?bkn=354888392&t=0.3886 200 105ms", source: https://7.url.cn/edu/teacher-client/index_d22db46b07f71cfb53d0.js (30)
[0520/103416:INFO:CONSOLE(30)] "%c2020-05-20T02:34:16.423Z [imlog] INFO: POST //pull.ke.qq.com/base_pull?bkn=354888392&t=0.0836 200 101ms", source: https://7.url.cn/edu/teacher-client/index_d22db46b07f71cfb53d0.js (30)
[0520/103436:INFO:CONSOLE(30)] "%c2020-05-20T02:34:36.531Z [imlog] INFO: POST //pull.ke.qq.com/base_pull?bkn=354888392&t=0.9352 200 106ms", source: https://7.url.cn/edu/teacher-client/index_d22db46b07f71cfb53d0.js (30)
[0520/103440:INFO:CONSOLE(30)] "%c2020-05-20T02:34:40.780Z [imlog] INFO: post //report.edu.qq.com/data_report/web_report 200 191ms", source: https://7.url.cn/edu/teacher-client/index_d22db46b07f71cfb53d0.js (30)
[0520/103456:INFO:CONSOLE(30)] "%c2020-05-20T02:34:56.634Z [imlog] INFO: POST //pull.ke.qq.com/base_pull?bkn=354888392&t=0.4474 200 101ms", source: https://7.url.cn/edu/teacher-client/index_d22db46b07f71cfb53d0.js (30)
[0520/103516:INFO:CONSOLE(30)] "%c2020-05-20T02:35:16.740Z [imlog] INFO: POST //pull.ke.qq.com/base_pull?bkn=354888392&t=0.6648 200 102ms", source: https://7.url.cn/edu/teacher-client/index_d22db46b07f71cfb53d0.js (30)
[0520/103536:INFO:CONSOLE(30)] "%c2020-05-20T02:35:36.847Z [imlog] INFO: POST //pull.ke.qq.com/base_pull?bkn=354888392&t=0.2528 200 104ms", source: https://7.url.cn/edu/teacher-client/index_d22db46b07f71cfb53d0.js (30)
[0520/103556:INFO:CONSOLE(30)] "%c2020-05-20T02:35:56.955Z [imlog] INFO: POST //pull.ke.qq.com/base_pull?bkn=354888392&t=0.3423 200 105ms", source: https://7.url.cn/edu/teacher-client/index_d22db46b07f71cfb53d0.js (30)
[0520/103617:INFO:CONSOLE(30)] "%c2020-05-20T02:36:17.063Z [imlog] INFO: POST //pull.ke.qq.com/base_pull?bkn=354888392&t=0.3685 200 104ms", source: https://7.url.cn/edu/teacher-client/index_d22db46b07f71cfb53d0.js (30)
[0520/103637:INFO:CONSOLE(30)] "%c2020-05-20T02:36:37.170Z [imlog] INFO: POST //pull.ke.qq.com/base_pull?bkn=354888392&t=0.5013 200 104ms", source: https://7.url.cn/edu/teacher-client/index_d22db46b07f71cfb53d0.js (30)
[0520/103657:INFO:CONSOLE(30)] "%c2020-05-20T02:36:57.279Z [imlog] INFO: POST //pull.ke.qq.com/base_pull?bkn=354888392&t=0.0907 200 106ms", source: https://7.url.cn/edu/teacher-client/index_d22db46b07f71cfb53d0.js (30)
[0520/103717:INFO:CONSOLE(30)] "%c2020-05-20T02:37:17.385Z [imlog] INFO: POST //pull.ke.qq.com/base_pull?bkn=354888392&t=0.3586 200 104ms", source: https://7.url.cn/edu/teacher-client/index_d22db46b07f71cfb53d0.js (30)
[0520/103727:INFO:CONSOLE(30)] "%c2020-05-20T02:37:27.502Z [imlog] INFO: post //report.edu.qq.com/data_report/web_report 200 174ms", source: https://7.url.cn/edu/teacher-client/index_d22db46b07f71cfb53d0.js (30)
[0520/103737:INFO:CONSOLE(30)] "%c2020-05-20T02:37:37.495Z [imlog] INFO: POST //pull.ke.qq.com/base_pull?bkn=354888392&t=0.8642 200 107ms", source: https://7.url.cn/edu/teacher-client/index_d22db46b07f71cfb53d0.js (30)
[0520/103757:INFO:CONSOLE(30)] "%c2020-05-20T02:37:57.598Z [imlog] INFO: POST //pull.ke.qq.com/base_pull?bkn=354888392&t=0.8533 200 101ms", source: https://7.url.cn/edu/teacher-client/index_d22db46b07f71cfb53d0.js (30)
[0520/103805:INFO:CONSOLE(30)] "%c2020-05-20T02:38:05.408Z [imlog] INFO: post //report.edu.qq.com/data_report/web_report 200 195ms", source: https://7.url.cn/edu/teacher-client/index_d22db46b07f71cfb53d0.js (30)
[0520/103813:INFO:CONSOLE(30)] "%c2020-05-20T02:38:13.775Z [imlog] INFO: post //report.edu.qq.com/data_report/web_report 200 183ms", source: https://7.url.cn/edu/teacher-client/index_d22db46b07f71cfb53d0.js (30)
[0520/103816:INFO:CONSOLE(30)] "%c2020-05-20T02:38:16.362Z [imlog] INFO: post //report.edu.qq.com/data_report/web_report 200 97ms", source: https://7.url.cn/edu/teacher-client/index_d22db46b07f71cfb53d0.js (30)
[0520/103817:INFO:CONSOLE(30)] "%c2020-05-20T02:38:17.707Z [imlog] INFO: POST //pull.ke.qq.com/base_pull?bkn=354888392&t=0.9791 200 105ms", source: https://7.url.cn/edu/teacher-client/index_d22db46b07f71cfb53d0.js (30)
[0520/103819:INFO:CONSOLE(30)] "%c2020-05-20T02:38:19.769Z [imlog] INFO: post //report.edu.qq.com/data_report/web_report 200 209ms", source: https://7.url.cn/edu/teacher-client/index_d22db46b07f71cfb53d0.js (30)
[0520/103821:INFO:CONSOLE(30)] "%c2020-05-20T02:38:21.133Z [imlog] INFO: post //report.edu.qq.com/data_report/web_report 200 96ms", source: https://7.url.cn/edu/teacher-client/index_d22db46b07f71cfb53d0.js (30)
[0520/103837:INFO:CONSOLE(30)] "%c2020-05-20T02:38:37.814Z [imlog] INFO: POST //pull.ke.qq.com/base_pull?bkn=354888392&t=0.0148 200 103ms", source: https://7.url.cn/edu/teacher-client/index_d22db46b07f71cfb53d0.js (30)
[0520/103840:INFO:CONSOLE(30)] "%c2020-05-20T02:38:40.152Z [imlog] INFO: post //report.edu.qq.com/data_report/web_report 200 208ms", source: https://7.url.cn/edu/teacher-client/index_d22db46b07f71cfb53d0.js (30)
[0520/103857:INFO:CONSOLE(30)] "%c2020-05-20T02:38:57.915Z [imlog] INFO: POST //pull.ke.qq.com/base_pull?bkn=354888392&t=0.8023 200 99ms", source: https://7.url.cn/edu/teacher-client/index_d22db46b07f71cfb53d0.js (30)
[0520/103918:INFO:CONSOLE(30)] "%c2020-05-20T02:39:18.021Z [imlog] INFO: POST //pull.ke.qq.com/base_pull?bkn=354888392&t=0.6720 200 103ms", source: https://7.url.cn/edu/teacher-client/index_d22db46b07f71cfb53d0.js (30)
[0520/103938:INFO:CONSOLE(30)] "%c2020-05-20T02:39:38.130Z [imlog] INFO: POST //pull.ke.qq.com/base_pull?bkn=354888392&t=0.6468 200 106ms", source: https://7.url.cn/edu/teacher-client/index_d22db46b07f71cfb53d0.js (30)
[0520/103940:INFO:CONSOLE(30)] "%c2020-05-20T02:39:40.614Z [imlog] INFO: post //report.edu.qq.com/data_report/web_report 200 179ms", source: https://7.url.cn/edu/teacher-client/index_d22db46b07f71cfb53d0.js (30)
[0520/103958:INFO:CONSOLE(30)] "%c2020-05-20T02:39:58.238Z [imlog] INFO: POST //pull.ke.qq.com/base_pull?bkn=354888392&t=0.9051 200 105ms", source: https://7.url.cn/edu/teacher-client/index_d22db46b07f71cfb53d0.js (30)
[0520/104018:INFO:CONSOLE(30)] "%c2020-05-20T02:40:18.345Z [imlog] INFO: POST //pull.ke.qq.com/base_pull?bkn=354888392&t=0.7677 200 105ms", source: https://7.url.cn/edu/teacher-client/index_d22db46b07f71cfb53d0.js (30)
[0520/104038:INFO:CONSOLE(30)] "%c2020-05-20T02:40:38.456Z [imlog] INFO: POST //pull.ke.qq.com/base_pull?bkn=354888392&t=0.9845 200 107ms", source: https://7.url.cn/edu/teacher-client/index_d22db46b07f71cfb53d0.js (30)
[0520/104058:INFO:CONSOLE(30)] "%c2020-05-20T02:40:58.558Z [imlog] INFO: POST //pull.ke.qq.com/base_pull?bkn=354888392&t=0.9661 200 101ms", source: https://7.url.cn/edu/teacher-client/index_d22db46b07f71cfb53d0.js (30)
[0520/104118:INFO:CONSOLE(30)] "%c2020-05-20T02:41:18.660Z [imlog] INFO: POST //pull.ke.qq.com/base_pull?bkn=354888392&t=0.3278 200 100ms", source: https://7.url.cn/edu/teacher-client/index_d22db46b07f71cfb53d0.js (30)
[0520/104138:INFO:CONSOLE(30)] "%c2020-05-20T02:41:38.772Z [imlog] INFO: POST //pull.ke.qq.com/base_pull?bkn=354888392&t=0.8301 200 109ms", source: https://7.url.cn/edu/teacher-client/index_d22db46b07f71cfb53d0.js (30)
[0520/104158:INFO:CONSOLE(30)] "%c2020-05-20T02:41:58.878Z [imlog] INFO: POST //pull.ke.qq.com/base_pull?bkn=354888392&t=0.9329 200 104ms", source: https://7.url.cn/edu/teacher-client/index_d22db46b07f71cfb53d0.js (30)
[0520/104200:INFO:CONSOLE(30)] "%c2020-05-20T02:42:00.012Z [imlog] INFO: post //report.edu.qq.com/data_report/web_report 200 221ms", source: https://7.url.cn/edu/teacher-client/index_d22db46b07f71cfb53d0.js (30)
[0520/104204:INFO:CONSOLE(30)] "%c2020-05-20T02:42:04.118Z [imlog] INFO: post //report.edu.qq.com/data_report/web_report 200 93ms", source: https://7.url.cn/edu/teacher-client/index_d22db46b07f71cfb53d0.js (30)
[0520/104218:INFO:CONSOLE(30)] "%c2020-05-20T02:42:18.983Z [imlog] INFO: POST //pull.ke.qq.com/base_pull?bkn=354888392&t=0.8261 200 103ms", source: https://7.url.cn/edu/teacher-client/index_d22db46b07f71cfb53d0.js (30)
[0520/104239:INFO:CONSOLE(30)] "%c2020-05-20T02:42:39.094Z [imlog] INFO: POST //pull.ke.qq.com/base_pull?bkn=354888392&t=0.2492 200 107ms", source: https://7.url.cn/edu/teacher-client/index_d22db46b07f71cfb53d0.js (30)
[0520/104259:INFO:CONSOLE(30)] "%c2020-05-20T02:42:59.204Z [imlog] INFO: POST //pull.ke.qq.com/base_pull?bkn=354888392&t=0.6277 200 107ms", source: https://7.url.cn/edu/teacher-client/index_d22db46b07f71cfb53d0.js (30)
[0520/104319:INFO:CONSOLE(30)] "%c2020-05-20T02:43:19.307Z [imlog] INFO: POST //pull.ke.qq.com/base_pull?bkn=354888392&t=0.2687 200 101ms", source: https://7.url.cn/edu/teacher-client/index_d22db46b07f71cfb53d0.js (30)
[0520/104339:INFO:CONSOLE(30)] "%c2020-05-20T02:43:39.413Z [imlog] INFO: POST //pull.ke.qq.com/base_pull?bkn=354888392&t=0.9929 200 100ms", source: https://7.url.cn/edu/teacher-client/index_d22db46b07f71cfb53d0.js (30)
[0520/104359:INFO:CONSOLE(30)] "%c2020-05-20T02:43:59.519Z [imlog] INFO: POST //pull.ke.qq.com/base_pull?bkn=354888392&t=0.0062 200 104ms", source: https://7.url.cn/edu/teacher-client/index_d22db46b07f71cfb53d0.js (30)
[0520/104419:INFO:CONSOLE(30)] "%c2020-05-20T02:44:19.622Z [imlog] INFO: POST //pull.ke.qq.com/base_pull?bkn=354888392&t=0.7563 200 101ms", source: https://7.url.cn/edu/teacher-client/index_d22db46b07f71cfb53d0.js (30)
[0520/104439:INFO:CONSOLE(30)] "%c2020-05-20T02:44:39.722Z [imlog] INFO: POST //pull.ke.qq.com/base_pull?bkn=354888392&t=0.6778 200 100ms", source: https://7.url.cn/edu/teacher-client/index_d22db46b07f71cfb53d0.js (30)
[0520/104440:INFO:CONSOLE(30)] "%c2020-05-20T02:44:40.774Z [imlog] INFO: post //report.edu.qq.com/data_report/web_report 200 183ms", source: https://7.url.cn/edu/teacher-client/index_d22db46b07f71cfb53d0.js (30)
[0520/104459:INFO:CONSOLE(30)] "%c2020-05-20T02:44:59.824Z [imlog] INFO: POST //pull.ke.qq.com/base_pull?bkn=354888392&t=0.1188 200 99ms", source: https://7.url.cn/edu/teacher-client/index_d22db46b07f71cfb53d0.js (30)
[0520/104519:INFO:CONSOLE(30)] "%c2020-05-20T02:45:19.929Z [imlog] INFO: POST //pull.ke.qq.com/base_pull?bkn=354888392&t=0.1552 200 102ms", source: https://7.url.cn/edu/teacher-client/index_d22db46b07f71cfb53d0.js (30)
[0520/104540:INFO:CONSOLE(30)] "%c2020-05-20T02:45:40.033Z [imlog] INFO: POST //pull.ke.qq.com/base_pull?bkn=354888392&t=0.7017 200 102ms", source: https://7.url.cn/edu/teacher-client/index_d22db46b07f71cfb53d0.js (30)
[0520/104600:INFO:CONSOLE(30)] "%c2020-05-20T02:46:00.137Z [imlog] INFO: POST //pull.ke.qq.com/base_pull?bkn=354888392&t=0.2870 200 101ms", source: https://7.url.cn/edu/teacher-client/index_d22db46b07f71cfb53d0.js (30)
[0520/104620:INFO:CONSOLE(30)] "%c2020-05-20T02:46:20.248Z [imlog] INFO: POST //pull.ke.qq.com/base_pull?bkn=354888392&t=0.3982 200 105ms", source: https://7.url.cn/edu/teacher-client/index_d22db46b07f71cfb53d0.js (30)
[0520/104623:INFO:CONSOLE(30)] "%c2020-05-20T02:46:23.151Z [imlog] INFO: post //report.edu.qq.com/data_report/web_report 200 187ms", source: https://7.url.cn/edu/teacher-client/index_d22db46b07f71cfb53d0.js (30)
[0520/104640:INFO:CONSOLE(30)] "%c2020-05-20T02:46:40.355Z [imlog] INFO: POST //pull.ke.qq.com/base_pull?bkn=354888392&t=0.3957 200 106ms", source: https://7.url.cn/edu/teacher-client/index_d22db46b07f71cfb53d0.js (30)
[0520/104644:INFO:CONSOLE(30)] "%c2020-05-20T02:46:44.384Z [imlog] INFO: post //report.edu.qq.com/data_report/web_report 200 208ms", source: https://7.url.cn/edu/teacher-client/index_d22db46b07f71cfb53d0.js (30)
[0520/104700:INFO:CONSOLE(30)] "%c2020-05-20T02:47:00.457Z [imlog] INFO: POST //pull.ke.qq.com/base_pull?bkn=354888392&t=0.4712 200 99ms", source: https://7.url.cn/edu/teacher-client/index_d22db46b07f71cfb53d0.js (30)
[0520/104720:INFO:CONSOLE(30)] "%c2020-05-20T02:47:20.567Z [imlog] INFO: POST //pull.ke.qq.com/base_pull?bkn=354888392&t=0.5321 200 107ms", source: https://7.url.cn/edu/teacher-client/index_d22db46b07f71cfb53d0.js (30)
[0520/104740:INFO:CONSOLE(30)] "%c2020-05-20T02:47:40.671Z [imlog] INFO: POST //pull.ke.qq.com/base_pull?bkn=354888392&t=0.7569 200 101ms", source: https://7.url.cn/edu/teacher-client/index_d22db46b07f71cfb53d0.js (30)
[0520/104800:INFO:CONSOLE(30)] "%c2020-05-20T02:48:00.778Z [imlog] INFO: POST //pull.ke.qq.com/base_pull?bkn=354888392&t=0.5024 200 104ms", source: https://7.url.cn/edu/teacher-client/index_d22db46b07f71cfb53d0.js (30)
[0520/104820:INFO:CONSOLE(30)] "%c2020-05-20T02:48:20.886Z [imlog] INFO: POST //pull.ke.qq.com/base_pull?bkn=354888392&t=0.5231 200 104ms", source: https://7.url.cn/edu/teacher-client/index_d22db46b07f71cfb53d0.js (30)
[0520/104840:INFO:CONSOLE(30)] "%c2020-05-20T02:48:40.991Z [imlog] INFO: POST //pull.ke.qq.com/base_pull?bkn=354888392&t=0.1627 200 103ms", source: https://7.url.cn/edu/teacher-client/index_d22db46b07f71cfb53d0.js (30)
[0520/104901:INFO:CONSOLE(30)] "%c2020-05-20T02:49:01.101Z [imlog] INFO: POST //pull.ke.qq.com/base_pull?bkn=354888392&t=0.1542 200 108ms", source: https://7.url.cn/edu/teacher-client/index_d22db46b07f71cfb53d0.js (30)
[0520/104921:INFO:CONSOLE(30)] "%c2020-05-20T02:49:21.206Z [imlog] INFO: POST //pull.ke.qq.com/base_pull?bkn=354888392&t=0.8749 200 102ms", source: https://7.url.cn/edu/teacher-client/index_d22db46b07f71cfb53d0.js (30)
[0520/104940:INFO:CONSOLE(30)] "%c2020-05-20T02:49:40.749Z [imlog] INFO: post //report.edu.qq.com/data_report/web_report 200 188ms", source: https://7.url.cn/edu/teacher-client/index_d22db46b07f71cfb53d0.js (30)
[0520/104941:INFO:CONSOLE(30)] "%c2020-05-20T02:49:41.314Z [imlog] INFO: POST //pull.ke.qq.com/base_pull?bkn=354888392&t=0.2199 200 106ms", source: https://7.url.cn/edu/teacher-client/index_d22db46b07f71cfb53d0.js (30)
[0520/105001:INFO:CONSOLE(30)] "%c2020-05-20T02:50:01.417Z [imlog] INFO: POST //pull.ke.qq.com/base_pull?bkn=354888392&t=0.3022 200 100ms", source: https://7.url.cn/edu/teacher-client/index_d22db46b07f71cfb53d0.js (30)
[0520/105007:INFO:CONSOLE(30)] "%c2020-05-20T02:50:07.399Z [imlog] INFO: post //report.edu.qq.com/data_report/web_report 200 208ms", source: https://7.url.cn/edu/teacher-client/index_d22db46b07f71cfb53d0.js (30)
[0520/105008:INFO:CONSOLE(30)] "%c2020-05-20T02:50:08.330Z [imlog] INFO: post //report.edu.qq.com/data_report/web_report 200 106ms", source: https://7.url.cn/edu/teacher-client/index_d22db46b07f71cfb53d0.js (30)
[0520/105021:INFO:CONSOLE(30)] "%c2020-05-20T02:50:21.526Z [imlog] INFO: POST //pull.ke.qq.com/base_pull?bkn=354888392&t=0.9052 200 107ms", source: https://7.url.cn/edu/teacher-client/index_d22db46b07f71cfb53d0.js (30)
[0520/105029:INFO:CONSOLE(30)] "%c2020-05-20T02:50:29.111Z [imlog] INFO: post //report.edu.qq.com/data_report/web_report 200 194ms", source: https://7.url.cn/edu/teacher-client/index_d22db46b07f71cfb53d0.js (30)
[0520/105041:INFO:CONSOLE(30)] "%c2020-05-20T02:50:41.630Z [imlog] INFO: POST //pull.ke.qq.com/base_pull?bkn=354888392&t=0.9725 200 100ms", source: https://7.url.cn/edu/teacher-client/index_d22db46b07f71cfb53d0.js (30)
[0520/105050:INFO:CONSOLE(30)] "%c2020-05-20T02:50:50.917Z [imlog] INFO: post //report.edu.qq.com/data_report/web_report 200 198ms", source: https://7.url.cn/edu/teacher-client/index_d22db46b07f71cfb53d0.js (30)
[0520/105053:INFO:CONSOLE(30)] "%c2020-05-20T02:50:53.099Z [imlog] INFO: post //report.edu.qq.com/data_report/web_report 200 89ms", source: https://7.url.cn/edu/teacher-client/index_d22db46b07f71cfb53d0.js (30)
[0520/105101:INFO:CONSOLE(30)] "%c2020-05-20T02:51:01.737Z [imlog] INFO: POST //pull.ke.qq.com/base_pull?bkn=354888392&t=0.9322 200 104ms", source: https://7.url.cn/edu/teacher-client/index_d22db46b07f71cfb53d0.js (30)
[0520/105117:INFO:CONSOLE(30)] "%c2020-05-20T02:51:17.977Z [imlog] INFO: post //report.edu.qq.com/data_report/web_report 200 180ms", source: https://7.url.cn/edu/teacher-client/index_d22db46b07f71cfb53d0.js (30)
[0520/105121:INFO:CONSOLE(30)] "%c2020-05-20T02:51:21.844Z [imlog] INFO: POST //pull.ke.qq.com/base_pull?bkn=354888392&t=0.5118 200 104ms", source: https://7.url.cn/edu/teacher-client/index_d22db46b07f71cfb53d0.js (30)
[0520/105141:INFO:CONSOLE(30)] "%c2020-05-20T02:51:41.949Z [imlog] INFO: POST //pull.ke.qq.com/base_pull?bkn=354888392&t=0.8031 200 103ms", source: https://7.url.cn/edu/teacher-client/index_d22db46b07f71cfb53d0.js (30)
[0520/105152:INFO:CONSOLE(30)] "%c2020-05-20T02:51:52.605Z [imlog] INFO: post //report.edu.qq.com/data_report/web_report 200 219ms", source: https://7.url.cn/edu/teacher-client/index_d22db46b07f71cfb53d0.js (30)
[0520/105202:INFO:CONSOLE(30)] "%c2020-05-20T02:52:02.059Z [imlog] INFO: POST //pull.ke.qq.com/base_pull?bkn=354888392&t=0.6961 200 108ms", source: https://7.url.cn/edu/teacher-client/index_d22db46b07f71cfb53d0.js (30)
[0520/105206:INFO:CONSOLE(30)] "%c2020-05-20T02:52:06.203Z [imlog] INFO: post //report.edu.qq.com/data_report/web_report 200 181ms", source: https://7.url.cn/edu/teacher-client/index_d22db46b07f71cfb53d0.js (30)
[0520/105222:INFO:CONSOLE(30)] "%c2020-05-20T02:52:22.166Z [imlog] INFO: POST //pull.ke.qq.com/base_pull?bkn=354888392&t=0.5518 200 104ms", source: https://7.url.cn/edu/teacher-client/index_d22db46b07f71cfb53d0.js (30)
[0520/105238:INFO:CONSOLE(30)] "%c2020-05-20T02:52:38.350Z [imlog] INFO: post //report.edu.qq.com/data_report/web_report 200 194ms", source: https://7.url.cn/edu/teacher-client/index_d22db46b07f71cfb53d0.js (30)
[0520/105240:INFO:CONSOLE(30)] "%c2020-05-20T02:52:40.800Z [imlog] INFO: post //report.edu.qq.com/data_report/web_report 200 91ms", source: https://7.url.cn/edu/teacher-client/index_d22db46b07f71cfb53d0.js (30)
[0520/105242:INFO:CONSOLE(30)] "%c2020-05-20T02:52:42.273Z [imlog] INFO: POST //pull.ke.qq.com/base_pull?bkn=354888392&t=0.3270 200 104ms", source: https://7.url.cn/edu/teacher-client/index_d22db46b07f71cfb53d0.js (30)
[0520/105302:INFO:CONSOLE(30)] "%c2020-05-20T02:53:02.379Z [imlog] INFO: POST //pull.ke.qq.com/base_pull?bkn=354888392&t=0.3065 200 103ms", source: https://7.url.cn/edu/teacher-client/index_d22db46b07f71cfb53d0.js (30)
[0520/105306:INFO:CONSOLE(30)] "%c2020-05-20T02:53:06.741Z [imlog] INFO: post //report.edu.qq.com/data_report/web_report 200 201ms", source: https://7.url.cn/edu/teacher-client/index_d22db46b07f71cfb53d0.js (30)
[0520/105322:INFO:CONSOLE(30)] "%c2020-05-20T02:53:22.487Z [imlog] INFO: POST //pull.ke.qq.com/base_pull?bkn=354888392&t=0.4989 200 104ms", source: https://7.url.cn/edu/teacher-client/index_d22db46b07f71cfb53d0.js (30)
[0520/105342:INFO:CONSOLE(30)] "%c2020-05-20T02:53:42.593Z [imlog] INFO: POST //pull.ke.qq.com/base_pull?bkn=354888392&t=0.6541 200 103ms", source: https://7.url.cn/edu/teacher-client/index_d22db46b07f71cfb53d0.js (30)
[0520/105402:INFO:CONSOLE(30)] "%c2020-05-20T02:54:02.700Z [imlog] INFO: POST //pull.ke.qq.com/base_pull?bkn=354888392&t=0.5595 200 105ms", source: https://7.url.cn/edu/teacher-client/index_d22db46b07f71cfb53d0.js (30)
[0520/105422:INFO:CONSOLE(30)] "%c2020-05-20T02:54:22.809Z [imlog] INFO: POST //pull.ke.qq.com/base_pull?bkn=354888392&t=0.7068 200 107ms", source: https://7.url.cn/edu/teacher-client/index_d22db46b07f71cfb53d0.js (30)
[0520/105440:INFO:CONSOLE(30)] "%c2020-05-20T02:54:40.946Z [imlog] INFO: post //report.edu.qq.com/data_report/web_report 200 368ms", source: https://7.url.cn/edu/teacher-client/index_d22db46b07f71cfb53d0.js (30)
[0520/105442:INFO:CONSOLE(30)] "%c2020-05-20T02:54:42.919Z [imlog] INFO: POST //pull.ke.qq.com/base_pull?bkn=354888392&t=0.8143 200 108ms", source: https://7.url.cn/edu/teacher-client/index_d22db46b07f71cfb53d0.js (30)
[0520/105449:INFO:CONSOLE(30)] "%c2020-05-20T02:54:49.793Z [imlog] INFO: post //report.edu.qq.com/data_report/web_report 200 217ms", source: https://7.url.cn/edu/teacher-client/index_d22db46b07f71cfb53d0.js (30)
[0520/105503:INFO:CONSOLE(30)] "%c2020-05-20T02:55:03.030Z [imlog] INFO: POST //pull.ke.qq.com/base_pull?bkn=354888392&t=0.0344 200 106ms", source: https://7.url.cn/edu/teacher-client/index_d22db46b07f71cfb53d0.js (30)
[0520/105523:INFO:CONSOLE(30)] "%c2020-05-20T02:55:23.135Z [imlog] INFO: POST //pull.ke.qq.com/base_pull?bkn=354888392&t=0.6100 200 103ms", source: https://7.url.cn/edu/teacher-client/index_d22db46b07f71cfb53d0.js (30)
[0520/105543:INFO:CONSOLE(30)] "%c2020-05-20T02:55:43.240Z [imlog] INFO: POST //pull.ke.qq.com/base_pull?bkn=354888392&t=0.5632 200 103ms", source: https://7.url.cn/edu/teacher-client/index_d22db46b07f71cfb53d0.js (30)
[0520/105552:INFO:CONSOLE(30)] "%c2020-05-20T02:55:52.467Z [imlog] INFO: post //report.edu.qq.com/data_report/web_report 200 193ms", source: https://7.url.cn/edu/teacher-client/index_d22db46b07f71cfb53d0.js (30)
[0520/105554:INFO:CONSOLE(30)] "%c2020-05-20T02:55:54.303Z [imlog] INFO: post //report.edu.qq.com/data_report/web_report 200 85ms", source: https://7.url.cn/edu/teacher-client/index_d22db46b07f71cfb53d0.js (30)
[0520/105603:INFO:CONSOLE(30)] "%c2020-05-20T02:56:03.347Z [imlog] INFO: POST //pull.ke.qq.com/base_pull?bkn=354888392&t=0.8738 200 106ms", source: https://7.url.cn/edu/teacher-client/index_d22db46b07f71cfb53d0.js (30)
[0520/105623:INFO:CONSOLE(30)] "%c2020-05-20T02:56:23.457Z [imlog] INFO: POST //pull.ke.qq.com/base_pull?bkn=354888392&t=0.2386 200 107ms", source: https://7.url.cn/edu/teacher-client/index_d22db46b07f71cfb53d0.js (30)
[0520/105643:INFO:CONSOLE(30)] "%c2020-05-20T02:56:43.560Z [imlog] INFO: POST //pull.ke.qq.com/base_pull?bkn=354888392&t=0.8971 200 101ms", source: https://7.url.cn/edu/teacher-client/index_d22db46b07f71cfb53d0.js (30)
[0520/105703:INFO:CONSOLE(30)] "%c2020-05-20T02:57:03.661Z [imlog] INFO: POST //pull.ke.qq.com/base_pull?bkn=354888392&t=0.9638 200 100ms", source: https://7.url.cn/edu/teacher-client/index_d22db46b07f71cfb53d0.js (30)
[0520/105723:INFO:CONSOLE(30)] "%c2020-05-20T02:57:23.767Z [imlog] INFO: POST //pull.ke.qq.com/base_pull?bkn=354888392&t=0.4618 200 101ms", source: https://7.url.cn/edu/teacher-client/index_d22db46b07f71cfb53d0.js (30)
[0520/105725:INFO:CONSOLE(30)] "%c2020-05-20T02:57:25.572Z [imlog] INFO: post //report.edu.qq.com/data_report/web_report 200 194ms", source: https://7.url.cn/edu/teacher-client/index_d22db46b07f71cfb53d0.js (30)
[0520/105743:INFO:CONSOLE(30)] "%c2020-05-20T02:57:43.874Z [imlog] INFO: POST //pull.ke.qq.com/base_pull?bkn=354888392&t=0.2876 200 103ms", source: https://7.url.cn/edu/teacher-client/index_d22db46b07f71cfb53d0.js (30)
[0520/105746:INFO:CONSOLE(30)] "%c2020-05-20T02:57:46.968Z [imlog] INFO: post //report.edu.qq.com/data_report/web_report 200 200ms", source: https://7.url.cn/edu/teacher-client/index_d22db46b07f71cfb53d0.js (30)
[0520/105803:INFO:CONSOLE(30)] "%c2020-05-20T02:58:03.980Z [imlog] INFO: POST //pull.ke.qq.com/base_pull?bkn=354888392&t=0.9920 200 102ms", source: https://7.url.cn/edu/teacher-client/index_d22db46b07f71cfb53d0.js (30)
[0520/105824:INFO:CONSOLE(30)] "%c2020-05-20T02:58:24.083Z [imlog] INFO: POST //pull.ke.qq.com/base_pull?bkn=354888392&t=0.0681 200 101ms", source: https://7.url.cn/edu/teacher-client/index_d22db46b07f71cfb53d0.js (30)
[0520/105826:INFO:CONSOLE(30)] "%c2020-05-20T02:58:26.538Z [imlog] INFO: post //report.edu.qq.com/data_report/web_report 200 218ms", source: https://7.url.cn/edu/teacher-client/index_d22db46b07f71cfb53d0.js (30)
[0520/105844:INFO:CONSOLE(30)] "%c2020-05-20T02:58:44.191Z [imlog] INFO: POST //pull.ke.qq.com/base_pull?bkn=354888392&t=0.3481 200 104ms", source: https://7.url.cn/edu/teacher-client/index_d22db46b07f71cfb53d0.js (30)
[0520/105904:INFO:CONSOLE(30)] "%c2020-05-20T02:59:04.303Z [imlog] INFO: POST //pull.ke.qq.com/base_pull?bkn=354888392&t=0.0413 200 108ms", source: https://7.url.cn/edu/teacher-client/index_d22db46b07f71cfb53d0.js (30)
[0520/105924:INFO:CONSOLE(30)] "%c2020-05-20T02:59:24.410Z [imlog] INFO: POST //pull.ke.qq.com/base_pull?bkn=354888392&t=0.0899 200 106ms", source: https://7.url.cn/edu/teacher-client/index_d22db46b07f71cfb53d0.js (30)
[0520/105940:INFO:CONSOLE(30)] "%c2020-05-20T02:59:40.766Z [imlog] INFO: post //report.edu.qq.com/data_report/web_report 200 197ms", source: https://7.url.cn/edu/teacher-client/index_d22db46b07f71cfb53d0.js (30)
[0520/105944:INFO:CONSOLE(30)] "%c2020-05-20T02:59:44.517Z [imlog] INFO: POST //pull.ke.qq.com/base_pull?bkn=354888392&t=0.6167 200 104ms", source: https://7.url.cn/edu/teacher-client/index_d22db46b07f71cfb53d0.js (30)
[0520/110004:INFO:CONSOLE(30)] "%c2020-05-20T03:00:04.622Z [imlog] INFO: POST //pull.ke.qq.com/base_pull?bkn=354888392&t=0.6424 200 101ms", source: https://7.url.cn/edu/teacher-client/index_d22db46b07f71cfb53d0.js (30)
[0520/110024:INFO:CONSOLE(30)] "%c2020-05-20T03:00:24.727Z [imlog] INFO: POST //pull.ke.qq.com/base_pull?bkn=354888392&t=0.0062 200 105ms", source: https://7.url.cn/edu/teacher-client/index_d22db46b07f71cfb53d0.js (30)
[0520/110028:INFO:CONSOLE(30)] "%c2020-05-20T03:00:28.427Z [imlog] INFO: post //report.edu.qq.com/data_report/web_report 200 176ms", source: https://7.url.cn/edu/teacher-client/index_d22db46b07f71cfb53d0.js (30)
[0520/110029:INFO:CONSOLE(30)] "%c2020-05-20T03:00:29.565Z [imlog] INFO: post //report.edu.qq.com/data_report/web_report 200 91ms", source: https://7.url.cn/edu/teacher-client/index_d22db46b07f71cfb53d0.js (30)
[0520/110030:INFO:CONSOLE(30)] "%c2020-05-20T03:00:30.732Z [imlog] INFO: post //report.edu.qq.com/data_report/web_report 200 95ms", source: https://7.url.cn/edu/teacher-client/index_d22db46b07f71cfb53d0.js (30)
[0520/110044:INFO:CONSOLE(30)] "%c2020-05-20T03:00:44.836Z [imlog] INFO: POST //pull.ke.qq.com/base_pull?bkn=354888392&t=0.2480 200 105ms", source: https://7.url.cn/edu/teacher-client/index_d22db46b07f71cfb53d0.js (30)
[0520/110050:INFO:CONSOLE(30)] "%c2020-05-20T03:00:50.089Z [imlog] INFO: post //report.edu.qq.com/data_report/web_report 200 184ms", source: https://7.url.cn/edu/teacher-client/index_d22db46b07f71cfb53d0.js (30)
[0520/110104:INFO:CONSOLE(30)] "%c2020-05-20T03:01:04.943Z [imlog] INFO: POST //pull.ke.qq.com/base_pull?bkn=354888392&t=0.8580 200 104ms", source: https://7.url.cn/edu/teacher-client/index_d22db46b07f71cfb53d0.js (30)
[0520/110125:INFO:CONSOLE(30)] "%c2020-05-20T03:01:25.049Z [imlog] INFO: POST //pull.ke.qq.com/base_pull?bkn=354888392&t=0.3682 200 100ms", source: https://7.url.cn/edu/teacher-client/index_d22db46b07f71cfb53d0.js (30)
[0520/110145:INFO:CONSOLE(30)] "%c2020-05-20T03:01:45.155Z [imlog] INFO: POST //pull.ke.qq.com/base_pull?bkn=354888392&t=0.5184 200 102ms", source: https://7.url.cn/edu/teacher-client/index_d22db46b07f71cfb53d0.js (30)
[0520/110205:INFO:CONSOLE(30)] "%c2020-05-20T03:02:05.259Z [imlog] INFO: POST //pull.ke.qq.com/base_pull?bkn=354888392&t=0.8999 200 101ms", source: https://7.url.cn/edu/teacher-client/index_d22db46b07f71cfb53d0.js (30)
[0520/110210:INFO:CONSOLE(30)] "%c2020-05-20T03:02:10.908Z [imlog] INFO: post //report.edu.qq.com/data_report/web_report 200 202ms", source: https://7.url.cn/edu/teacher-client/index_d22db46b07f71cfb53d0.js (30)
[0520/110225:INFO:CONSOLE(30)] "%c2020-05-20T03:02:25.365Z [imlog] INFO: POST //pull.ke.qq.com/base_pull?bkn=354888392&t=0.7428 200 103ms", source: https://7.url.cn/edu/teacher-client/index_d22db46b07f71cfb53d0.js (30)
[0520/110227:INFO:CONSOLE(30)] "%c2020-05-20T03:02:27.560Z [imlog] INFO: post //report.edu.qq.com/data_report/web_report 200 177ms", source: https://7.url.cn/edu/teacher-client/index_d22db46b07f71cfb53d0.js (30)
[0520/110245:INFO:CONSOLE(30)] "%c2020-05-20T03:02:45.479Z [imlog] INFO: POST //pull.ke.qq.com/base_pull?bkn=354888392&t=0.3316 200 110ms", source: https://7.url.cn/edu/teacher-client/index_d22db46b07f71cfb53d0.js (30)
[0520/110305:INFO:CONSOLE(30)] "%c2020-05-20T03:03:05.585Z [imlog] INFO: POST //pull.ke.qq.com/base_pull?bkn=354888392&t=0.3313 200 104ms", source: https://7.url.cn/edu/teacher-client/index_d22db46b07f71cfb53d0.js (30)
[0520/110311:INFO:CONSOLE(30)] "%c2020-05-20T03:03:11.641Z [imlog] INFO: post //report.edu.qq.com/data_report/web_report 200 181ms", source: https://7.url.cn/edu/teacher-client/index_d22db46b07f71cfb53d0.js (30)
[0520/110325:INFO:CONSOLE(30)] "%c2020-05-20T03:03:25.695Z [imlog] INFO: POST //pull.ke.qq.com/base_pull?bkn=354888392&t=0.4518 200 107ms", source: https://7.url.cn/edu/teacher-client/index_d22db46b07f71cfb53d0.js (30)
[0520/110345:INFO:CONSOLE(30)] "%c2020-05-20T03:03:45.803Z [imlog] INFO: POST //pull.ke.qq.com/base_pull?bkn=354888392&t=0.5502 200 106ms", source: https://7.url.cn/edu/teacher-client/index_d22db46b07f71cfb53d0.js (30)
[0520/110405:INFO:CONSOLE(30)] "%c2020-05-20T03:04:05.903Z [imlog] INFO: POST //pull.ke.qq.com/base_pull?bkn=354888392&t=0.9781 200 98ms", source: https://7.url.cn/edu/teacher-client/index_d22db46b07f71cfb53d0.js (30)
[0520/110426:INFO:CONSOLE(30)] "%c2020-05-20T03:04:26.007Z [imlog] INFO: POST //pull.ke.qq.com/base_pull?bkn=354888392&t=0.5778 200 101ms", source: https://7.url.cn/edu/teacher-client/index_d22db46b07f71cfb53d0.js (30)
[0520/110440:INFO:CONSOLE(30)] "%c2020-05-20T03:04:40.792Z [imlog] INFO: post //report.edu.qq.com/data_report/web_report 200 209ms", source: https://7.url.cn/edu/teacher-client/index_d22db46b07f71cfb53d0.js (30)
[0520/110446:INFO:CONSOLE(30)] "%c2020-05-20T03:04:46.116Z [imlog] INFO: POST //pull.ke.qq.com/base_pull?bkn=354888392&t=0.2075 200 106ms", source: https://7.url.cn/edu/teacher-client/index_d22db46b07f71cfb53d0.js (30)
[0520/110506:INFO:CONSOLE(30)] "%c2020-05-20T03:05:06.220Z [imlog] INFO: POST //pull.ke.qq.com/base_pull?bkn=354888392&t=0.8649 200 100ms", source: https://7.url.cn/edu/teacher-client/index_d22db46b07f71cfb53d0.js (30)
[0520/110526:INFO:CONSOLE(30)] "%c2020-05-20T03:05:26.324Z [imlog] INFO: POST //pull.ke.qq.com/base_pull?bkn=354888392&t=0.5274 200 101ms", source: https://7.url.cn/edu/teacher-client/index_d22db46b07f71cfb53d0.js (30)
[0520/110546:INFO:CONSOLE(30)] "%c2020-05-20T03:05:46.430Z [imlog] INFO: POST //pull.ke.qq.com/base_pull?bkn=354888392&t=0.7356 200 103ms", source: https://7.url.cn/edu/teacher-client/index_d22db46b07f71cfb53d0.js (30)
[0520/110606:INFO:CONSOLE(30)] "%c2020-05-20T03:06:06.536Z [imlog] INFO: POST //pull.ke.qq.com/base_pull?bkn=354888392&t=0.7746 200 105ms", source: https://7.url.cn/edu/teacher-client/index_d22db46b07f71cfb53d0.js (30)
[0520/110620:INFO:CONSOLE(30)] "%c2020-05-20T03:06:20.937Z [imlog] INFO: post //report.edu.qq.com/data_report/web_report 200 195ms", source: https://7.url.cn/edu/teacher-client/index_d22db46b07f71cfb53d0.js (30)
[0520/110626:INFO:CONSOLE(30)] "%c2020-05-20T03:06:26.642Z [imlog] INFO: POST //pull.ke.qq.com/base_pull?bkn=354888392&t=0.5248 200 104ms", source: https://7.url.cn/edu/teacher-client/index_d22db46b07f71cfb53d0.js (30)
[0520/110641:INFO:CONSOLE(30)] "%c2020-05-20T03:06:41.395Z [imlog] INFO: post //report.edu.qq.com/data_report/web_report 200 196ms", source: https://7.url.cn/edu/teacher-client/index_d22db46b07f71cfb53d0.js (30)
[0520/110646:INFO:CONSOLE(30)] "%c2020-05-20T03:06:46.749Z [imlog] INFO: POST //pull.ke.qq.com/base_pull?bkn=354888392&t=0.3756 200 104ms", source: https://7.url.cn/edu/teacher-client/index_d22db46b07f71cfb53d0.js (30)
[0520/110655:INFO:CONSOLE(30)] "%c2020-05-20T03:06:55.512Z [imlog] INFO: post //report.edu.qq.com/data_report/web_report 200 180ms", source: https://7.url.cn/edu/teacher-client/index_d22db46b07f71cfb53d0.js (30)
[0520/110700:INFO:CONSOLE(30)] "%c2020-05-20T03:07:00.490Z [imlog] INFO: post //report.edu.qq.com/data_report/web_report 200 94ms", source: https://7.url.cn/edu/teacher-client/index_d22db46b07f71cfb53d0.js (30)
[0520/110702:INFO:CONSOLE(30)] "%c2020-05-20T03:07:02.939Z [imlog] INFO: post //report.edu.qq.com/data_report/web_report 200 199ms", source: https://7.url.cn/edu/teacher-client/index_d22db46b07f71cfb53d0.js (30)
[0520/110706:INFO:CONSOLE(30)] "%c2020-05-20T03:07:06.853Z [imlog] INFO: POST //pull.ke.qq.com/base_pull?bkn=354888392&t=0.7046 200 102ms", source: https://7.url.cn/edu/teacher-client/index_d22db46b07f71cfb53d0.js (30)
[0520/110723:INFO:CONSOLE(30)] "%c2020-05-20T03:07:23.227Z [imlog] INFO: post //report.edu.qq.com/data_report/web_report 200 185ms", source: https://7.url.cn/edu/teacher-client/index_d22db46b07f71cfb53d0.js (30)
[0520/110726:INFO:CONSOLE(30)] "%c2020-05-20T03:07:26.961Z [imlog] INFO: POST //pull.ke.qq.com/base_pull?bkn=354888392&t=0.3066 200 105ms", source: https://7.url.cn/edu/teacher-client/index_d22db46b07f71cfb53d0.js (30)
[0520/110747:INFO:CONSOLE(30)] "%c2020-05-20T03:07:47.064Z [imlog] INFO: POST //pull.ke.qq.com/base_pull?bkn=354888392&t=0.4747 200 100ms", source: https://7.url.cn/edu/teacher-client/index_d22db46b07f71cfb53d0.js (30)
[0520/110807:INFO:CONSOLE(30)] "%c2020-05-20T03:08:07.170Z [imlog] INFO: POST //pull.ke.qq.com/base_pull?bkn=354888392&t=0.9103 200 103ms", source: https://7.url.cn/edu/teacher-client/index_d22db46b07f71cfb53d0.js (30)
[0520/110827:INFO:CONSOLE(30)] "%c2020-05-20T03:08:27.272Z [imlog] INFO: POST //pull.ke.qq.com/base_pull?bkn=354888392&t=0.4850 200 100ms", source: https://7.url.cn/edu/teacher-client/index_d22db46b07f71cfb53d0.js (30)
[0520/110847:INFO:CONSOLE(30)] "%c2020-05-20T03:08:47.378Z [imlog] INFO: POST //pull.ke.qq.com/base_pull?bkn=354888392&t=0.0890 200 102ms", source: https://7.url.cn/edu/teacher-client/index_d22db46b07f71cfb53d0.js (30)
[0520/110907:INFO:CONSOLE(30)] "%c2020-05-20T03:09:07.488Z [imlog] INFO: POST //pull.ke.qq.com/base_pull?bkn=354888392&t=0.7331 200 107ms", source: https://7.url.cn/edu/teacher-client/index_d22db46b07f71cfb53d0.js (30)
[0520/110927:INFO:CONSOLE(30)] "%c2020-05-20T03:09:27.598Z [imlog] INFO: POST //pull.ke.qq.com/base_pull?bkn=354888392&t=0.6721 200 107ms", source: https://7.url.cn/edu/teacher-client/index_d22db46b07f71cfb53d0.js (30)
[0520/110940:INFO:CONSOLE(30)] "%c2020-05-20T03:09:40.776Z [imlog] INFO: post //report.edu.qq.com/data_report/web_report 200 200ms", source: https://7.url.cn/edu/teacher-client/index_d22db46b07f71cfb53d0.js (30)
[0520/110947:INFO:CONSOLE(30)] "%c2020-05-20T03:09:47.711Z [imlog] INFO: POST //pull.ke.qq.com/base_pull?bkn=354888392&t=0.7836 200 109ms", source: https://7.url.cn/edu/teacher-client/index_d22db46b07f71cfb53d0.js (30)
[0520/111007:INFO:CONSOLE(30)] "%c2020-05-20T03:10:07.813Z [imlog] INFO: POST //pull.ke.qq.com/base_pull?bkn=354888392&t=0.4104 200 100ms", source: https://7.url.cn/edu/teacher-client/index_d22db46b07f71cfb53d0.js (30)
[0520/111027:INFO:CONSOLE(30)] "%c2020-05-20T03:10:27.923Z [imlog] INFO: POST //pull.ke.qq.com/base_pull?bkn=354888392&t=0.4304 200 107ms", source: https://7.url.cn/edu/teacher-client/index_d22db46b07f71cfb53d0.js (30)
[0520/111037:INFO:CONSOLE(30)] "%c2020-05-20T03:10:37.134Z [imlog] INFO: post //report.edu.qq.com/data_report/web_report 200 196ms", source: https://7.url.cn/edu/teacher-client/index_d22db46b07f71cfb53d0.js (30)
[0520/111048:INFO:CONSOLE(30)] "%c2020-05-20T03:10:48.030Z [imlog] INFO: POST //pull.ke.qq.com/base_pull?bkn=354888392&t=0.9802 200 104ms", source: https://7.url.cn/edu/teacher-client/index_d22db46b07f71cfb53d0.js (30)
[0520/111054:INFO:CONSOLE(30)] "%c2020-05-20T03:10:54.137Z [imlog] INFO: post //report.edu.qq.com/data_report/web_report 200 194ms", source: https://7.url.cn/edu/teacher-client/index_d22db46b07f71cfb53d0.js (30)
[0520/111108:INFO:CONSOLE(30)] "%c2020-05-20T03:11:08.139Z [imlog] INFO: POST //pull.ke.qq.com/base_pull?bkn=354888392&t=0.7971 200 105ms", source: https://7.url.cn/edu/teacher-client/index_d22db46b07f71cfb53d0.js (30)
[0520/111124:INFO:CONSOLE(30)] "%c2020-05-20T03:11:24.901Z [imlog] INFO: post //report.edu.qq.com/data_report/web_report 200 184ms", source: https://7.url.cn/edu/teacher-client/index_d22db46b07f71cfb53d0.js (30)
[0520/111128:INFO:CONSOLE(30)] "%c2020-05-20T03:11:28.249Z [imlog] INFO: POST //pull.ke.qq.com/base_pull?bkn=354888392&t=0.4247 200 106ms", source: https://7.url.cn/edu/teacher-client/index_d22db46b07f71cfb53d0.js (30)
[0520/111148:INFO:CONSOLE(30)] "%c2020-05-20T03:11:48.353Z [imlog] INFO: POST //pull.ke.qq.com/base_pull?bkn=354888392&t=0.6617 200 101ms", source: https://7.url.cn/edu/teacher-client/index_d22db46b07f71cfb53d0.js (30)
[0520/111208:INFO:CONSOLE(30)] "%c2020-05-20T03:12:08.463Z [imlog] INFO: POST //pull.ke.qq.com/base_pull?bkn=354888392&t=0.7562 200 107ms", source: https://7.url.cn/edu/teacher-client/index_d22db46b07f71cfb53d0.js (30)
[0520/111228:INFO:CONSOLE(30)] "%c2020-05-20T03:12:28.573Z [imlog] INFO: POST //pull.ke.qq.com/base_pull?bkn=354888392&t=0.4707 200 105ms", source: https://7.url.cn/edu/teacher-client/index_d22db46b07f71cfb53d0.js (30)
[0520/111248:INFO:CONSOLE(30)] "%c2020-05-20T03:12:48.674Z [imlog] INFO: POST //pull.ke.qq.com/base_pull?bkn=354888392&t=0.1294 200 99ms", source: https://7.url.cn/edu/teacher-client/index_d22db46b07f71cfb53d0.js (30)
[0520/111253:INFO:CONSOLE(30)] "%c2020-05-20T03:12:53.020Z [imlog] INFO: post //report.edu.qq.com/data_report/web_report 200 228ms", source: https://7.url.cn/edu/teacher-client/index_d22db46b07f71cfb53d0.js (30)
[0520/111308:INFO:CONSOLE(30)] "%c2020-05-20T03:13:08.776Z [imlog] INFO: POST //pull.ke.qq.com/base_pull?bkn=354888392&t=0.7162 200 100ms", source: https://7.url.cn/edu/teacher-client/index_d22db46b07f71cfb53d0.js (30)
[0520/111328:INFO:CONSOLE(30)] "%c2020-05-20T03:13:28.884Z [imlog] INFO: POST //pull.ke.qq.com/base_pull?bkn=354888392&t=0.2433 200 106ms", source: https://7.url.cn/edu/teacher-client/index_d22db46b07f71cfb53d0.js (30)
[0520/111329:INFO:CONSOLE(30)] "%c2020-05-20T03:13:29.079Z [imlog] INFO: post //report.edu.qq.com/data_report/web_report 200 176ms", source: https://7.url.cn/edu/teacher-client/index_d22db46b07f71cfb53d0.js (30)
[0520/111348:INFO:CONSOLE(30)] "%c2020-05-20T03:13:48.991Z [imlog] INFO: POST //pull.ke.qq.com/base_pull?bkn=354888392&t=0.3878 200 103ms", source: https://7.url.cn/edu/teacher-client/index_d22db46b07f71cfb53d0.js (30)
[0520/111409:INFO:CONSOLE(30)] "%c2020-05-20T03:14:09.100Z [imlog] INFO: POST //pull.ke.qq.com/base_pull?bkn=354888392&t=0.7291 200 105ms", source: https://7.url.cn/edu/teacher-client/index_d22db46b07f71cfb53d0.js (30)
[0520/111420:INFO:CONSOLE(30)] "%c2020-05-20T03:14:20.204Z [imlog] INFO: post //report.edu.qq.com/data_report/web_report 200 187ms", source: https://7.url.cn/edu/teacher-client/index_d22db46b07f71cfb53d0.js (30)
[0520/111429:INFO:CONSOLE(30)] "%c2020-05-20T03:14:29.204Z [imlog] INFO: POST //pull.ke.qq.com/base_pull?bkn=354888392&t=0.5264 200 102ms", source: https://7.url.cn/edu/teacher-client/index_d22db46b07f71cfb53d0.js (30)
[0520/111433:INFO:CONSOLE(30)] "%c2020-05-20T03:14:33.688Z [imlog] INFO: post //report.edu.qq.com/data_report/web_report 200 198ms", source: https://7.url.cn/edu/teacher-client/index_d22db46b07f71cfb53d0.js (30)
[0520/111440:INFO:CONSOLE(30)] "%c2020-05-20T03:14:40.807Z [imlog] INFO: post //report.edu.qq.com/data_report/web_report 200 209ms", source: https://7.url.cn/edu/teacher-client/index_d22db46b07f71cfb53d0.js (30)
[0520/111449:INFO:CONSOLE(30)] "%c2020-05-20T03:14:49.307Z [imlog] INFO: POST //pull.ke.qq.com/base_pull?bkn=354888392&t=0.3487 200 100ms", source: https://7.url.cn/edu/teacher-client/index_d22db46b07f71cfb53d0.js (30)
[0520/111509:INFO:CONSOLE(30)] "%c2020-05-20T03:15:09.411Z [imlog] INFO: POST //pull.ke.qq.com/base_pull?bkn=354888392&t=0.4582 200 100ms", source: https://7.url.cn/edu/teacher-client/index_d22db46b07f71cfb53d0.js (30)
[0520/111529:INFO:CONSOLE(30)] "%c2020-05-20T03:15:29.515Z [imlog] INFO: POST //pull.ke.qq.com/base_pull?bkn=354888392&t=0.6072 200 101ms", source: https://7.url.cn/edu/teacher-client/index_d22db46b07f71cfb53d0.js (30)
[0520/111549:INFO:CONSOLE(30)] "%c2020-05-20T03:15:49.623Z [imlog] INFO: POST //pull.ke.qq.com/base_pull?bkn=354888392&t=0.9285 200 104ms", source: https://7.url.cn/edu/teacher-client/index_d22db46b07f71cfb53d0.js (30)
[0520/111609:INFO:CONSOLE(30)] "%c2020-05-20T03:16:09.728Z [imlog] INFO: POST //pull.ke.qq.com/base_pull?bkn=354888392&t=0.3310 200 102ms", source: https://7.url.cn/edu/teacher-client/index_d22db46b07f71cfb53d0.js (30)
[0520/111629:INFO:CONSOLE(30)] "%c2020-05-20T03:16:29.832Z [imlog] INFO: POST //pull.ke.qq.com/base_pull?bkn=354888392&t=0.4236 200 101ms", source: https://7.url.cn/edu/teacher-client/index_d22db46b07f71cfb53d0.js (30)
[0520/111633:INFO:CONSOLE(30)] "%c2020-05-20T03:16:33.769Z [imlog] INFO: post //report.edu.qq.com/data_report/web_report 200 189ms", source: https://7.url.cn/edu/teacher-client/index_d22db46b07f71cfb53d0.js (30)
[0520/111649:INFO:CONSOLE(30)] "%c2020-05-20T03:16:49.941Z [imlog] INFO: POST //pull.ke.qq.com/base_pull?bkn=354888392&t=0.0970 200 106ms", source: https://7.url.cn/edu/teacher-client/index_d22db46b07f71cfb53d0.js (30)
[0520/111710:INFO:CONSOLE(30)] "%c2020-05-20T03:17:10.048Z [imlog] INFO: POST //pull.ke.qq.com/base_pull?bkn=354888392&t=0.7800 200 105ms", source: https://7.url.cn/edu/teacher-client/index_d22db46b07f71cfb53d0.js (30)
[0520/111730:INFO:CONSOLE(30)] "%c2020-05-20T03:17:30.151Z [imlog] INFO: POST //pull.ke.qq.com/base_pull?bkn=354888392&t=0.8194 200 100ms", source: https://7.url.cn/edu/teacher-client/index_d22db46b07f71cfb53d0.js (30)
[0520/111741:INFO:CONSOLE(30)] "%c2020-05-20T03:17:41.137Z [imlog] INFO: post //report.edu.qq.com/data_report/web_report 200 191ms", source: https://7.url.cn/edu/teacher-client/index_d22db46b07f71cfb53d0.js (30)
[0520/111750:INFO:CONSOLE(30)] "%c2020-05-20T03:17:50.255Z [imlog] INFO: POST //pull.ke.qq.com/base_pull?bkn=354888392&t=0.6211 200 101ms", source: https://7.url.cn/edu/teacher-client/index_d22db46b07f71cfb53d0.js (30)
[0520/111751:INFO:CONSOLE(30)] "%c2020-05-20T03:17:51.403Z [imlog] INFO: post //report.edu.qq.com/data_report/web_report 200 192ms", source: https://7.url.cn/edu/teacher-client/index_d22db46b07f71cfb53d0.js (30)
[0520/111802:INFO:CONSOLE(30)] "%c2020-05-20T03:18:02.834Z [imlog] INFO: post //report.edu.qq.com/data_report/web_report 200 190ms", source: https://7.url.cn/edu/teacher-client/index_d22db46b07f71cfb53d0.js (30)
[0520/111804:INFO:CONSOLE(30)] "%c2020-05-20T03:18:04.137Z [imlog] INFO: post //report.edu.qq.com/data_report/web_report 200 94ms", source: https://7.url.cn/edu/teacher-client/index_d22db46b07f71cfb53d0.js (30)
[0520/111810:INFO:CONSOLE(30)] "%c2020-05-20T03:18:10.356Z [imlog] INFO: POST //pull.ke.qq.com/base_pull?bkn=354888392&t=0.4794 200 99ms", source: https://7.url.cn/edu/teacher-client/index_d22db46b07f71cfb53d0.js (30)
[0520/111830:INFO:CONSOLE(30)] "%c2020-05-20T03:18:30.462Z [imlog] INFO: POST //pull.ke.qq.com/base_pull?bkn=354888392&t=0.3102 200 101ms", source: https://7.url.cn/edu/teacher-client/index_d22db46b07f71cfb53d0.js (30)
[0520/111832:INFO:CONSOLE(30)] "%c2020-05-20T03:18:32.622Z [imlog] INFO: post //report.edu.qq.com/data_report/web_report 200 200ms", source: https://7.url.cn/edu/teacher-client/index_d22db46b07f71cfb53d0.js (30)
[0520/111850:INFO:CONSOLE(30)] "%c2020-05-20T03:18:50.566Z [imlog] INFO: POST //pull.ke.qq.com/base_pull?bkn=354888392&t=0.1283 200 103ms", source: https://7.url.cn/edu/teacher-client/index_d22db46b07f71cfb53d0.js (30)
[0520/111910:INFO:CONSOLE(30)] "%c2020-05-20T03:19:10.670Z [imlog] INFO: POST //pull.ke.qq.com/base_pull?bkn=354888392&t=0.1035 200 101ms", source: https://7.url.cn/edu/teacher-client/index_d22db46b07f71cfb53d0.js (30)
[0520/111930:INFO:CONSOLE(30)] "%c2020-05-20T03:19:30.771Z [imlog] INFO: POST //pull.ke.qq.com/base_pull?bkn=354888392&t=0.8077 200 100ms", source: https://7.url.cn/edu/teacher-client/index_d22db46b07f71cfb53d0.js (30)
[0520/111940:INFO:CONSOLE(30)] "%c2020-05-20T03:19:40.756Z [imlog] INFO: post //report.edu.qq.com/data_report/web_report 200 182ms", source: https://7.url.cn/edu/teacher-client/index_d22db46b07f71cfb53d0.js (30)
[0520/111950:INFO:CONSOLE(30)] "%c2020-05-20T03:19:50.874Z [imlog] INFO: POST //pull.ke.qq.com/base_pull?bkn=354888392&t=0.0918 200 100ms", source: https://7.url.cn/edu/teacher-client/index_d22db46b07f71cfb53d0.js (30)
[0520/112010:INFO:CONSOLE(30)] "%c2020-05-20T03:20:10.977Z [imlog] INFO: POST //pull.ke.qq.com/base_pull?bkn=354888392&t=0.7677 200 99ms", source: https://7.url.cn/edu/teacher-client/index_d22db46b07f71cfb53d0.js (30)
[0520/112013:INFO:CONSOLE(30)] "%c2020-05-20T03:20:13.768Z [imlog] INFO: post //report.edu.qq.com/data_report/web_report 200 191ms", source: https://7.url.cn/edu/teacher-client/index_d22db46b07f71cfb53d0.js (30)
[0520/112015:INFO:CONSOLE(30)] "%c2020-05-20T03:20:15.553Z [imlog] INFO: post //report.edu.qq.com/data_report/web_report 200 110ms", source: https://7.url.cn/edu/teacher-client/index_d22db46b07f71cfb53d0.js (30)
[0520/112024:INFO:CONSOLE(30)] "%c2020-05-20T03:20:24.432Z [imlog] INFO: post //report.edu.qq.com/data_report/web_report 200 181ms", source: https://7.url.cn/edu/teacher-client/index_d22db46b07f71cfb53d0.js (30)
[0520/112031:INFO:CONSOLE(30)] "%c2020-05-20T03:20:31.079Z [imlog] INFO: POST //pull.ke.qq.com/base_pull?bkn=354888392&t=0.4909 200 99ms", source: https://7.url.cn/edu/teacher-client/index_d22db46b07f71cfb53d0.js (30)
[0520/112051:INFO:CONSOLE(30)] "%c2020-05-20T03:20:51.180Z [imlog] INFO: POST //pull.ke.qq.com/base_pull?bkn=354888392&t=0.8984 200 99ms", source: https://7.url.cn/edu/teacher-client/index_d22db46b07f71cfb53d0.js (30)
[0520/112059:INFO:CONSOLE(30)] "%c2020-05-20T03:20:59.989Z [imlog] INFO: post //report.edu.qq.com/data_report/web_report 200 212ms", source: https://7.url.cn/edu/teacher-client/index_d22db46b07f71cfb53d0.js (30)
[0520/112111:INFO:CONSOLE(30)] "%c2020-05-20T03:21:11.284Z [imlog] INFO: POST //pull.ke.qq.com/base_pull?bkn=354888392&t=0.5576 200 100ms", source: https://7.url.cn/edu/teacher-client/index_d22db46b07f71cfb53d0.js (30)
[0520/112119:INFO:CONSOLE(30)] "%c2020-05-20T03:21:19.087Z [imlog] INFO: post //report.edu.qq.com/data_report/web_report 200 207ms", source: https://7.url.cn/edu/teacher-client/index_d22db46b07f71cfb53d0.js (30)
[0520/112126:INFO:CONSOLE(30)] "%c2020-05-20T03:21:26.802Z [imlog] INFO: post //report.edu.qq.com/data_report/web_report 200 190ms", source: https://7.url.cn/edu/teacher-client/index_d22db46b07f71cfb53d0.js (30)
[0520/112131:INFO:CONSOLE(30)] "%c2020-05-20T03:21:31.389Z [imlog] INFO: POST //pull.ke.qq.com/base_pull?bkn=354888392&t=0.9233 200 102ms", source: https://7.url.cn/edu/teacher-client/index_d22db46b07f71cfb53d0.js (30)
[0520/112141:INFO:CONSOLE(30)] "%c2020-05-20T03:21:41.974Z [imlog] INFO: post //report.edu.qq.com/data_report/web_report 200 221ms", source: https://7.url.cn/edu/teacher-client/index_d22db46b07f71cfb53d0.js (30)
[0520/112151:INFO:CONSOLE(30)] "%c2020-05-20T03:21:51.492Z [imlog] INFO: POST //pull.ke.qq.com/base_pull?bkn=354888392&t=0.6934 200 101ms", source: https://7.url.cn/edu/teacher-client/index_d22db46b07f71cfb53d0.js (30)
[0520/112201:INFO:CONSOLE(30)] "%c2020-05-20T03:22:01.256Z [imlog] INFO: post //report.edu.qq.com/data_report/web_report 200 175ms", source: https://7.url.cn/edu/teacher-client/index_d22db46b07f71cfb53d0.js (30)
[0520/112208:INFO:CONSOLE(30)] "%c2020-05-20T03:22:08.041Z [imlog] INFO: post //report.edu.qq.com/data_report/web_report 200 183ms", source: https://7.url.cn/edu/teacher-client/index_d22db46b07f71cfb53d0.js (30)
[0520/112211:INFO:CONSOLE(30)] "%c2020-05-20T03:22:11.613Z [imlog] INFO: POST //pull.ke.qq.com/base_pull?bkn=354888392&t=0.0668 200 103ms", source: https://7.url.cn/edu/teacher-client/index_d22db46b07f71cfb53d0.js (30)
[0520/112212:INFO:CONSOLE(30)] "%c2020-05-20T03:22:12.578Z [imlog] INFO: post //report.edu.qq.com/data_report/web_report 200 90ms", source: https://7.url.cn/edu/teacher-client/index_d22db46b07f71cfb53d0.js (30)
[0520/112231:INFO:CONSOLE(30)] "%c2020-05-20T03:22:31.718Z [imlog] INFO: POST //pull.ke.qq.com/base_pull?bkn=354888392&t=0.1050 200 101ms", source: https://7.url.cn/edu/teacher-client/index_d22db46b07f71cfb53d0.js (30)
[0520/112251:INFO:CONSOLE(30)] "%c2020-05-20T03:22:51.823Z [imlog] INFO: POST //pull.ke.qq.com/base_pull?bkn=354888392&t=0.0754 200 101ms", source: https://7.url.cn/edu/teacher-client/index_d22db46b07f71cfb53d0.js (30)
[0520/112311:INFO:CONSOLE(30)] "%c2020-05-20T03:23:11.927Z [imlog] INFO: POST //pull.ke.qq.com/base_pull?bkn=354888392&t=0.9478 200 101ms", source: https://7.url.cn/edu/teacher-client/index_d22db46b07f71cfb53d0.js (30)
[0520/112332:INFO:CONSOLE(30)] "%c2020-05-20T03:23:32.036Z [imlog] INFO: POST //pull.ke.qq.com/base_pull?bkn=354888392&t=0.6209 200 106ms", source: https://7.url.cn/edu/teacher-client/index_d22db46b07f71cfb53d0.js (30)
[0520/112352:INFO:CONSOLE(30)] "%c2020-05-20T03:23:52.137Z [imlog] INFO: POST //pull.ke.qq.com/base_pull?bkn=354888392&t=0.3122 200 98ms", source: https://7.url.cn/edu/teacher-client/index_d22db46b07f71cfb53d0.js (30)
[0520/112412:INFO:CONSOLE(30)] "%c2020-05-20T03:24:12.242Z [imlog] INFO: POST //pull.ke.qq.com/base_pull?bkn=354888392&t=0.4334 200 101ms", source: https://7.url.cn/edu/teacher-client/index_d22db46b07f71cfb53d0.js (30)
[0520/112432:INFO:CONSOLE(30)] "%c2020-05-20T03:24:32.351Z [imlog] INFO: POST //pull.ke.qq.com/base_pull?bkn=354888392&t=0.9528 200 105ms", source: https://7.url.cn/edu/teacher-client/index_d22db46b07f71cfb53d0.js (30)
[0520/112440:INFO:CONSOLE(30)] "%c2020-05-20T03:24:40.757Z [imlog] INFO: post //report.edu.qq.com/data_report/web_report 200 185ms", source: https://7.url.cn/edu/teacher-client/index_d22db46b07f71cfb53d0.js (30)
[0520/112449:INFO:CONSOLE(30)] "%c2020-05-20T03:24:49.103Z [imlog] INFO: post //report.edu.qq.com/data_report/web_report 200 180ms", source: https://7.url.cn/edu/teacher-client/index_d22db46b07f71cfb53d0.js (30)
[0520/112452:INFO:CONSOLE(30)] "%c2020-05-20T03:24:52.457Z [imlog] INFO: POST //pull.ke.qq.com/base_pull?bkn=354888392&t=0.7733 200 103ms", source: https://7.url.cn/edu/teacher-client/index_d22db46b07f71cfb53d0.js (30)
[0520/112512:INFO:CONSOLE(30)] "%c2020-05-20T03:25:12.564Z [imlog] INFO: POST //pull.ke.qq.com/base_pull?bkn=354888392&t=0.3933 200 104ms", source: https://7.url.cn/edu/teacher-client/index_d22db46b07f71cfb53d0.js (30)
[0520/112532:INFO:CONSOLE(30)] "%c2020-05-20T03:25:32.670Z [imlog] INFO: POST //pull.ke.qq.com/base_pull?bkn=354888392&t=0.0207 200 103ms", source: https://7.url.cn/edu/teacher-client/index_d22db46b07f71cfb53d0.js (30)
[0520/112552:INFO:CONSOLE(30)] "%c2020-05-20T03:25:52.780Z [imlog] INFO: POST //pull.ke.qq.com/base_pull?bkn=354888392&t=0.0415 200 106ms", source: https://7.url.cn/edu/teacher-client/index_d22db46b07f71cfb53d0.js (30)
[0520/112612:INFO:CONSOLE(30)] "%c2020-05-20T03:26:12.883Z [imlog] INFO: POST //pull.ke.qq.com/base_pull?bkn=354888392&t=0.3605 200 103ms", source: https://7.url.cn/edu/teacher-client/index_d22db46b07f71cfb53d0.js (30)
[0520/112625:INFO:CONSOLE(30)] "%c2020-05-20T03:26:25.461Z [imlog] INFO: post //report.edu.qq.com/data_report/web_report 200 211ms", source: https://7.url.cn/edu/teacher-client/index_d22db46b07f71cfb53d0.js (30)
[0520/112631:INFO:CONSOLE(30)] "%c2020-05-20T03:26:31.953Z [imlog] INFO: post //report.edu.qq.com/data_report/web_report 200 187ms", source: https://7.url.cn/edu/teacher-client/index_d22db46b07f71cfb53d0.js (30)
[0520/112632:INFO:CONSOLE(30)] "%c2020-05-20T03:26:32.987Z [imlog] INFO: POST //pull.ke.qq.com/base_pull?bkn=354888392&t=0.8116 200 101ms", source: https://7.url.cn/edu/teacher-client/index_d22db46b07f71cfb53d0.js (30)
[0520/112653:INFO:CONSOLE(30)] "%c2020-05-20T03:26:53.093Z [imlog] INFO: POST //pull.ke.qq.com/base_pull?bkn=354888392&t=0.1070 200 104ms", source: https://7.url.cn/edu/teacher-client/index_d22db46b07f71cfb53d0.js (30)
[0520/112713:INFO:CONSOLE(30)] "%c2020-05-20T03:27:13.196Z [imlog] INFO: POST //pull.ke.qq.com/base_pull?bkn=354888392&t=0.0382 200 101ms", source: https://7.url.cn/edu/teacher-client/index_d22db46b07f71cfb53d0.js (30)
[0520/112723:INFO:CONSOLE(30)] "%c2020-05-20T03:27:23.927Z [imlog] INFO: post //report.edu.qq.com/data_report/web_report 200 200ms", source: https://7.url.cn/edu/teacher-client/index_d22db46b07f71cfb53d0.js (30)
[0520/112726:INFO:CONSOLE(30)] "%c2020-05-20T03:27:26.155Z [imlog] INFO: post //report.edu.qq.com/data_report/web_report 200 101ms", source: https://7.url.cn/edu/teacher-client/index_d22db46b07f71cfb53d0.js (30)
[0520/112733:INFO:CONSOLE(30)] "%c2020-05-20T03:27:33.303Z [imlog] INFO: POST //pull.ke.qq.com/base_pull?bkn=354888392&t=0.8975 200 105ms", source: https://7.url.cn/edu/teacher-client/index_d22db46b07f71cfb53d0.js (30)
[0520/112753:INFO:CONSOLE(30)] "%c2020-05-20T03:27:53.407Z [imlog] INFO: POST //pull.ke.qq.com/base_pull?bkn=354888392&t=0.7816 200 101ms", source: https://7.url.cn/edu/teacher-client/index_d22db46b07f71cfb53d0.js (30)
[0520/112813:INFO:CONSOLE(30)] "%c2020-05-20T03:28:13.513Z [imlog] INFO: POST //pull.ke.qq.com/base_pull?bkn=354888392&t=0.6218 200 105ms", source: https://7.url.cn/edu/teacher-client/index_d22db46b07f71cfb53d0.js (30)
[0520/112833:INFO:CONSOLE(30)] "%c2020-05-20T03:28:33.621Z [imlog] INFO: POST //pull.ke.qq.com/base_pull?bkn=354888392&t=0.5508 200 105ms", source: https://7.url.cn/edu/teacher-client/index_d22db46b07f71cfb53d0.js (30)
[0520/112838:INFO:CONSOLE(30)] "%c2020-05-20T03:28:38.597Z [imlog] INFO: post //report.edu.qq.com/data_report/web_report 200 192ms", source: https://7.url.cn/edu/teacher-client/index_d22db46b07f71cfb53d0.js (30)
[0520/112853:INFO:CONSOLE(30)] "%c2020-05-20T03:28:53.729Z [imlog] INFO: POST //pull.ke.qq.com/base_pull?bkn=354888392&t=0.4706 200 104ms", source: https://7.url.cn/edu/teacher-client/index_d22db46b07f71cfb53d0.js (30)
[0520/112913:INFO:CONSOLE(30)] "%c2020-05-20T03:29:13.840Z [imlog] INFO: POST //pull.ke.qq.com/base_pull?bkn=354888392&t=0.2844 200 108ms", source: https://7.url.cn/edu/teacher-client/index_d22db46b07f71cfb53d0.js (30)
[0520/112933:INFO:CONSOLE(30)] "%c2020-05-20T03:29:33.943Z [imlog] INFO: POST //pull.ke.qq.com/base_pull?bkn=354888392&t=0.9481 200 100ms", source: https://7.url.cn/edu/teacher-client/index_d22db46b07f71cfb53d0.js (30)
[0520/112940:INFO:CONSOLE(30)] "%c2020-05-20T03:29:40.770Z [imlog] INFO: post //report.edu.qq.com/data_report/web_report 200 180ms", source: https://7.url.cn/edu/teacher-client/index_d22db46b07f71cfb53d0.js (30)
[0520/112954:INFO:CONSOLE(30)] "%c2020-05-20T03:29:54.050Z [imlog] INFO: POST //pull.ke.qq.com/base_pull?bkn=354888392&t=0.5538 200 102ms", source: https://7.url.cn/edu/teacher-client/index_d22db46b07f71cfb53d0.js (30)
[0520/113014:INFO:CONSOLE(30)] "%c2020-05-20T03:30:14.157Z [imlog] INFO: POST //pull.ke.qq.com/base_pull?bkn=354888392&t=0.9080 200 103ms", source: https://7.url.cn/edu/teacher-client/index_d22db46b07f71cfb53d0.js (30)
[0520/113034:INFO:CONSOLE(30)] "%c2020-05-20T03:30:34.259Z [imlog] INFO: POST //pull.ke.qq.com/base_pull?bkn=354888392&t=0.9496 200 100ms", source: https://7.url.cn/edu/teacher-client/index_d22db46b07f71cfb53d0.js (30)
[0520/113054:INFO:CONSOLE(30)] "%c2020-05-20T03:30:54.361Z [imlog] INFO: POST //pull.ke.qq.com/base_pull?bkn=354888392&t=0.5602 200 100ms", source: https://7.url.cn/edu/teacher-client/index_d22db46b07f71cfb53d0.js (30)
[0520/113104:INFO:CONSOLE(30)] "%c2020-05-20T03:31:04.665Z [imlog] INFO: post //report.edu.qq.com/data_report/web_report 200 194ms", source: https://7.url.cn/edu/teacher-client/index_d22db46b07f71cfb53d0.js (30)
[0520/113114:INFO:CONSOLE(30)] "%c2020-05-20T03:31:14.472Z [imlog] INFO: POST //pull.ke.qq.com/base_pull?bkn=354888392&t=0.0781 200 106ms", source: https://7.url.cn/edu/teacher-client/index_d22db46b07f71cfb53d0.js (30)
[0520/113134:INFO:CONSOLE(30)] "%c2020-05-20T03:31:34.579Z [imlog] INFO: POST //pull.ke.qq.com/base_pull?bkn=354888392&t=0.2427 200 104ms", source: https://7.url.cn/edu/teacher-client/index_d22db46b07f71cfb53d0.js (30)
[0520/113153:INFO:CONSOLE(30)] "%c2020-05-20T03:31:53.761Z [imlog] INFO: post //report.edu.qq.com/data_report/web_report 200 186ms", source: https://7.url.cn/edu/teacher-client/index_d22db46b07f71cfb53d0.js (30)
[0520/113154:INFO:CONSOLE(30)] "%c2020-05-20T03:31:54.685Z [imlog] INFO: POST //pull.ke.qq.com/base_pull?bkn=354888392&t=0.0090 200 102ms", source: https://7.url.cn/edu/teacher-client/index_d22db46b07f71cfb53d0.js (30)
[0520/113205:INFO:CONSOLE(30)] "%c2020-05-20T03:32:05.899Z [imlog] INFO: post //report.edu.qq.com/data_report/web_report 200 202ms", source: https://7.url.cn/edu/teacher-client/index_d22db46b07f71cfb53d0.js (30)
[0520/113214:INFO:CONSOLE(30)] "%c2020-05-20T03:32:14.787Z [imlog] INFO: POST //pull.ke.qq.com/base_pull?bkn=354888392&t=0.5572 200 101ms", source: https://7.url.cn/edu/teacher-client/index_d22db46b07f71cfb53d0.js (30)
[0520/113234:INFO:CONSOLE(30)] "%c2020-05-20T03:32:34.892Z [imlog] INFO: POST //pull.ke.qq.com/base_pull?bkn=354888392&t=0.4781 200 102ms", source: https://7.url.cn/edu/teacher-client/index_d22db46b07f71cfb53d0.js (30)
[0520/113255:INFO:CONSOLE(30)] "%c2020-05-20T03:32:55.000Z [imlog] INFO: POST //pull.ke.qq.com/base_pull?bkn=354888392&t=0.0277 200 105ms", source: https://7.url.cn/edu/teacher-client/index_d22db46b07f71cfb53d0.js (30)
[0520/113315:INFO:CONSOLE(30)] "%c2020-05-20T03:33:15.112Z [imlog] INFO: POST //pull.ke.qq.com/base_pull?bkn=354888392&t=0.9491 200 108ms", source: https://7.url.cn/edu/teacher-client/index_d22db46b07f71cfb53d0.js (30)
[0520/113335:INFO:CONSOLE(30)] "%c2020-05-20T03:33:35.216Z [imlog] INFO: POST //pull.ke.qq.com/base_pull?bkn=354888392&t=0.9430 200 101ms", source: https://7.url.cn/edu/teacher-client/index_d22db46b07f71cfb53d0.js (30)
[0520/113342:INFO:CONSOLE(30)] "%c2020-05-20T03:33:42.827Z [imlog] INFO: post //report.edu.qq.com/data_report/web_report 200 193ms", source: https://7.url.cn/edu/teacher-client/index_d22db46b07f71cfb53d0.js (30)
[0520/113345:INFO:CONSOLE(30)] "%c2020-05-20T03:33:45.177Z [imlog] INFO: post //report.edu.qq.com/data_report/web_report 200 98ms", source: https://7.url.cn/edu/teacher-client/index_d22db46b07f71cfb53d0.js (30)
[0520/113355:INFO:CONSOLE(30)] "%c2020-05-20T03:33:55.324Z [imlog] INFO: POST //pull.ke.qq.com/base_pull?bkn=354888392&t=0.8238 200 105ms", source: https://7.url.cn/edu/teacher-client/index_d22db46b07f71cfb53d0.js (30)
[0520/113415:INFO:CONSOLE(30)] "%c2020-05-20T03:34:15.432Z [imlog] INFO: POST //pull.ke.qq.com/base_pull?bkn=354888392&t=0.1762 200 101ms", source: https://7.url.cn/edu/teacher-client/index_d22db46b07f71cfb53d0.js (30)
[0520/113435:INFO:CONSOLE(30)] "%c2020-05-20T03:34:35.539Z [imlog] INFO: POST //pull.ke.qq.com/base_pull?bkn=354888392&t=0.9282 200 105ms", source: https://7.url.cn/edu/teacher-client/index_d22db46b07f71cfb53d0.js (30)
[0520/113440:INFO:CONSOLE(30)] "%c2020-05-20T03:34:40.739Z [imlog] INFO: post //report.edu.qq.com/data_report/web_report 200 183ms", source: https://7.url.cn/edu/teacher-client/index_d22db46b07f71cfb53d0.js (30)
[0520/113455:INFO:CONSOLE(30)] "%c2020-05-20T03:34:55.646Z [imlog] INFO: POST //pull.ke.qq.com/base_pull?bkn=354888392&t=0.9875 200 105ms", source: https://7.url.cn/edu/teacher-client/index_d22db46b07f71cfb53d0.js (30)
[0520/113515:INFO:CONSOLE(30)] "%c2020-05-20T03:35:15.752Z [imlog] INFO: POST //pull.ke.qq.com/base_pull?bkn=354888392&t=0.0127 200 103ms", source: https://7.url.cn/edu/teacher-client/index_d22db46b07f71cfb53d0.js (30)
[0520/113535:INFO:CONSOLE(30)] "%c2020-05-20T03:35:35.862Z [imlog] INFO: POST //pull.ke.qq.com/base_pull?bkn=354888392&t=0.4589 200 107ms", source: https://7.url.cn/edu/teacher-client/index_d22db46b07f71cfb53d0.js (30)
[0520/113555:INFO:CONSOLE(30)] "%c2020-05-20T03:35:55.964Z [imlog] INFO: POST //pull.ke.qq.com/base_pull?bkn=354888392&t=0.8680 200 101ms", source: https://7.url.cn/edu/teacher-client/index_d22db46b07f71cfb53d0.js (30)
[0520/113616:INFO:CONSOLE(30)] "%c2020-05-20T03:36:16.074Z [imlog] INFO: POST //pull.ke.qq.com/base_pull?bkn=354888392&t=0.4774 200 107ms", source: https://7.url.cn/edu/teacher-client/index_d22db46b07f71cfb53d0.js (30)
[0520/113617:INFO:CONSOLE(30)] "%c2020-05-20T03:36:17.018Z [imlog] INFO: post //report.edu.qq.com/data_report/web_report 200 193ms", source: https://7.url.cn/edu/teacher-client/index_d22db46b07f71cfb53d0.js (30)
[0520/113618:INFO:CONSOLE(30)] "%c2020-05-20T03:36:18.824Z [imlog] INFO: post //report.edu.qq.com/data_report/web_report 200 108ms", source: https://7.url.cn/edu/teacher-client/index_d22db46b07f71cfb53d0.js (30)
[0520/113636:INFO:CONSOLE(30)] "%c2020-05-20T03:36:36.177Z [imlog] INFO: POST //pull.ke.qq.com/base_pull?bkn=354888392&t=0.0883 200 101ms", source: https://7.url.cn/edu/teacher-client/index_d22db46b07f71cfb53d0.js (30)
[0520/113656:INFO:CONSOLE(30)] "%c2020-05-20T03:36:56.281Z [imlog] INFO: POST //pull.ke.qq.com/base_pull?bkn=354888392&t=0.2953 200 101ms", source: https://7.url.cn/edu/teacher-client/index_d22db46b07f71cfb53d0.js (30)
[0520/113716:INFO:CONSOLE(30)] "%c2020-05-20T03:37:16.390Z [imlog] INFO: POST //pull.ke.qq.com/base_pull?bkn=354888392&t=0.3451 200 105ms", source: https://7.url.cn/edu/teacher-client/index_d22db46b07f71cfb53d0.js (30)
[0520/113725:INFO:CONSOLE(30)] "%c2020-05-20T03:37:25.098Z [imlog] INFO: post //report.edu.qq.com/data_report/web_report 200 184ms", source: https://7.url.cn/edu/teacher-client/index_d22db46b07f71cfb53d0.js (30)
[0520/113728:INFO:CONSOLE(30)] "%c2020-05-20T03:37:28.028Z [imlog] INFO: post //report.edu.qq.com/data_report/web_report 200 92ms", source: https://7.url.cn/edu/teacher-client/index_d22db46b07f71cfb53d0.js (30)
[0520/113736:INFO:CONSOLE(30)] "%c2020-05-20T03:37:36.494Z [imlog] INFO: POST //pull.ke.qq.com/base_pull?bkn=354888392&t=0.2294 200 101ms", source: https://7.url.cn/edu/teacher-client/index_d22db46b07f71cfb53d0.js (30)
[0520/113756:INFO:CONSOLE(30)] "%c2020-05-20T03:37:56.603Z [imlog] INFO: POST //pull.ke.qq.com/base_pull?bkn=354888392&t=0.8400 200 105ms", source: https://7.url.cn/edu/teacher-client/index_d22db46b07f71cfb53d0.js (30)
[0520/113816:INFO:CONSOLE(30)] "%c2020-05-20T03:38:16.706Z [imlog] INFO: POST //pull.ke.qq.com/base_pull?bkn=354888392&t=0.8553 200 101ms", source: https://7.url.cn/edu/teacher-client/index_d22db46b07f71cfb53d0.js (30)
[0520/113836:INFO:CONSOLE(30)] "%c2020-05-20T03:38:36.809Z [imlog] INFO: POST //pull.ke.qq.com/base_pull?bkn=354888392&t=0.0478 200 101ms", source: https://7.url.cn/edu/teacher-client/index_d22db46b07f71cfb53d0.js (30)
[0520/113856:INFO:CONSOLE(30)] "%c2020-05-20T03:38:56.916Z [imlog] INFO: POST //pull.ke.qq.com/base_pull?bkn=354888392&t=0.1299 200 105ms", source: https://7.url.cn/edu/teacher-client/index_d22db46b07f71cfb53d0.js (30)
[0520/113917:INFO:CONSOLE(30)] "%c2020-05-20T03:39:17.022Z [imlog] INFO: POST //pull.ke.qq.com/base_pull?bkn=354888392&t=0.3453 200 104ms", source: https://7.url.cn/edu/teacher-client/index_d22db46b07f71cfb53d0.js (30)
[0520/113929:INFO:CONSOLE(30)] "%c2020-05-20T03:39:29.993Z [imlog] INFO: post //report.edu.qq.com/data_report/web_report 200 195ms", source: https://7.url.cn/edu/teacher-client/index_d22db46b07f71cfb53d0.js (30)
[0520/113937:INFO:CONSOLE(30)] "%c2020-05-20T03:39:37.129Z [imlog] INFO: POST //pull.ke.qq.com/base_pull?bkn=354888392&t=0.0221 200 104ms", source: https://7.url.cn/edu/teacher-client/index_d22db46b07f71cfb53d0.js (30)
[0520/113940:INFO:CONSOLE(30)] "%c2020-05-20T03:39:40.768Z [imlog] INFO: post //report.edu.qq.com/data_report/web_report 200 204ms", source: https://7.url.cn/edu/teacher-client/index_d22db46b07f71cfb53d0.js (30)
[0520/113957:INFO:CONSOLE(30)] "%c2020-05-20T03:39:57.230Z [imlog] INFO: POST //pull.ke.qq.com/base_pull?bkn=354888392&t=0.0986 200 100ms", source: https://7.url.cn/edu/teacher-client/index_d22db46b07f71cfb53d0.js (30)
[0520/114017:INFO:CONSOLE(30)] "%c2020-05-20T03:40:17.338Z [imlog] INFO: POST //pull.ke.qq.com/base_pull?bkn=354888392&t=0.0807 200 104ms", source: https://7.url.cn/edu/teacher-client/index_d22db46b07f71cfb53d0.js (30)
[0520/114037:INFO:CONSOLE(30)] "%c2020-05-20T03:40:37.442Z [imlog] INFO: POST //pull.ke.qq.com/base_pull?bkn=354888392&t=0.6853 200 101ms", source: https://7.url.cn/edu/teacher-client/index_d22db46b07f71cfb53d0.js (30)
[0520/114057:INFO:CONSOLE(30)] "%c2020-05-20T03:40:57.550Z [imlog] INFO: POST //pull.ke.qq.com/base_pull?bkn=354888392&t=0.6188 200 103ms", source: https://7.url.cn/edu/teacher-client/index_d22db46b07f71cfb53d0.js (30)
[0520/114117:INFO:CONSOLE(30)] "%c2020-05-20T03:41:17.660Z [imlog] INFO: POST //pull.ke.qq.com/base_pull?bkn=354888392&t=0.3703 200 104ms", source: https://7.url.cn/edu/teacher-client/index_d22db46b07f71cfb53d0.js (30)
[0520/114137:INFO:CONSOLE(30)] "%c2020-05-20T03:41:37.770Z [imlog] INFO: POST //pull.ke.qq.com/base_pull?bkn=354888392&t=0.5504 200 107ms", source: https://7.url.cn/edu/teacher-client/index_d22db46b07f71cfb53d0.js (30)
[0520/114157:INFO:CONSOLE(30)] "%c2020-05-20T03:41:57.873Z [imlog] INFO: POST //pull.ke.qq.com/base_pull?bkn=354888392&t=0.1476 200 101ms", source: https://7.url.cn/edu/teacher-client/index_d22db46b07f71cfb53d0.js (30)
[0520/114217:INFO:CONSOLE(30)] "%c2020-05-20T03:42:17.977Z [imlog] INFO: POST //pull.ke.qq.com/base_pull?bkn=354888392&t=0.0538 200 102ms", source: https://7.url.cn/edu/teacher-client/index_d22db46b07f71cfb53d0.js (30)
[0520/114238:INFO:CONSOLE(30)] "%c2020-05-20T03:42:38.082Z [imlog] INFO: POST //pull.ke.qq.com/base_pull?bkn=354888392&t=0.2955 200 104ms", source: https://7.url.cn/edu/teacher-client/index_d22db46b07f71cfb53d0.js (30)
[0520/114244:INFO:CONSOLE(30)] "%c2020-05-20T03:42:44.242Z [imlog] INFO: post //report.edu.qq.com/data_report/web_report 200 263ms", source: https://7.url.cn/edu/teacher-client/index_d22db46b07f71cfb53d0.js (30)
[0520/114257:INFO:CONSOLE(30)] "%c2020-05-20T03:42:57.616Z [imlog] INFO: post //report.edu.qq.com/data_report/web_report 200 219ms", source: https://7.url.cn/edu/teacher-client/index_d22db46b07f71cfb53d0.js (30)
[0520/114258:INFO:CONSOLE(30)] "%c2020-05-20T03:42:58.189Z [imlog] INFO: POST //pull.ke.qq.com/base_pull?bkn=354888392&t=0.6539 200 103ms", source: https://7.url.cn/edu/teacher-client/index_d22db46b07f71cfb53d0.js (30)
[0520/114300:INFO:CONSOLE(30)] "%c2020-05-20T03:43:00.648Z [imlog] INFO: post //report.edu.qq.com/data_report/web_report 200 96ms", source: https://7.url.cn/edu/teacher-client/index_d22db46b07f71cfb53d0.js (30)
[0520/114305:INFO:CONSOLE(30)] "%c2020-05-20T03:43:05.875Z [imlog] INFO: post //report.edu.qq.com/data_report/web_report 200 194ms", source: https://7.url.cn/edu/teacher-client/index_d22db46b07f71cfb53d0.js (30)
[0520/114318:INFO:CONSOLE(30)] "%c2020-05-20T03:43:18.296Z [imlog] INFO: POST //pull.ke.qq.com/base_pull?bkn=354888392&t=0.9216 200 104ms", source: https://7.url.cn/edu/teacher-client/index_d22db46b07f71cfb53d0.js (30)
[0520/114336:INFO:CONSOLE(30)] "%c2020-05-20T03:43:36.821Z [imlog] INFO: post //report.edu.qq.com/data_report/web_report 200 198ms", source: https://7.url.cn/edu/teacher-client/index_d22db46b07f71cfb53d0.js (30)
[0520/114338:INFO:CONSOLE(30)] "%c2020-05-20T03:43:38.402Z [imlog] INFO: POST //pull.ke.qq.com/base_pull?bkn=354888392&t=0.8677 200 102ms", source: https://7.url.cn/edu/teacher-client/index_d22db46b07f71cfb53d0.js (30)
[0520/114358:INFO:CONSOLE(30)] "%c2020-05-20T03:43:58.507Z [imlog] INFO: POST //pull.ke.qq.com/base_pull?bkn=354888392&t=0.5049 200 102ms", source: https://7.url.cn/edu/teacher-client/index_d22db46b07f71cfb53d0.js (30)
[0520/114418:INFO:CONSOLE(30)] "%c2020-05-20T03:44:18.613Z [imlog] INFO: POST //pull.ke.qq.com/base_pull?bkn=354888392&t=0.8204 200 104ms", source: https://7.url.cn/edu/teacher-client/index_d22db46b07f71cfb53d0.js (30)
[0520/114438:INFO:CONSOLE(30)] "%c2020-05-20T03:44:38.716Z [imlog] INFO: POST //pull.ke.qq.com/base_pull?bkn=354888392&t=0.5249 200 101ms", source: https://7.url.cn/edu/teacher-client/index_d22db46b07f71cfb53d0.js (30)
[0520/114441:INFO:CONSOLE(30)] "%c2020-05-20T03:44:41.010Z [imlog] INFO: post //report.edu.qq.com/data_report/web_report 200 427ms", source: https://7.url.cn/edu/teacher-client/index_d22db46b07f71cfb53d0.js (30)
[0520/114451:INFO:CONSOLE(30)] "%c2020-05-20T03:44:51.216Z [imlog] INFO: GET /cgi-bin/coupon/get_coupon_status_marketing?tid=101264955&bkn=354888392&t=0.0107 200 237ms", source: https://7.url.cn/edu/teacher-client/index_d22db46b07f71cfb53d0.js (30)
[0520/114451:INFO:CONSOLE(30)] "%c2020-05-20T03:44:51.254Z [imlog] INFO: GET /cgi-bin/web_ke/get_notice?tkn=101264955&uint32_course_abs_id=101264955&bkn=354888392&t=0.8027 200 276ms", source: https://7.url.cn/edu/teacher-client/index_d22db46b07f71cfb53d0.js (30)
[0520/114453:INFO:CONSOLE(30)] "%c2020-05-20T03:44:53.587Z [imlog] INFO: post //report.edu.qq.com/data_report/web_report 200 203ms", source: https://7.url.cn/edu/teacher-client/index_d22db46b07f71cfb53d0.js (30)
[0520/114454:INFO:CONSOLE(30)] "%c2020-05-20T03:44:54.825Z [imlog] INFO: post //report.edu.qq.com/data_report/web_report 200 95ms", source: https://7.url.cn/edu/teacher-client/index_d22db46b07f71cfb53d0.js (30)
[0520/114457:INFO:CONSOLE(30)] "%c2020-05-20T03:44:57.435Z [imlog] INFO: post //report.edu.qq.com/data_report/web_report 200 99ms", source: https://7.url.cn/edu/teacher-client/index_d22db46b07f71cfb53d0.js (30)
[0520/114458:INFO:CONSOLE(30)] "%c2020-05-20T03:44:58.823Z [imlog] INFO: POST //pull.ke.qq.com/base_pull?bkn=354888392&t=0.8885 200 104ms", source: https://7.url.cn/edu/teacher-client/index_d22db46b07f71cfb53d0.js (30)
[0520/114458:INFO:CONSOLE(30)] "%c2020-05-20T03:44:58.870Z [imlog] INFO: post //report.edu.qq.com/data_report/web_report 200 191ms", source: https://7.url.cn/edu/teacher-client/index_d22db46b07f71cfb53d0.js (30)
[0520/114459:INFO:CONSOLE(30)] "%c2020-05-20T03:44:59.924Z [imlog] INFO: post //report.edu.qq.com/data_report/web_report 200 91ms", source: https://7.url.cn/edu/teacher-client/index_d22db46b07f71cfb53d0.js (30)
[0520/114501:INFO:CONSOLE(30)] "%c2020-05-20T03:45:01.750Z [imlog] INFO: post //report.edu.qq.com/data_report/web_report 200 110ms", source: https://7.url.cn/edu/teacher-client/index_d22db46b07f71cfb53d0.js (30)
[0520/114502:INFO:CONSOLE(30)] "%c2020-05-20T03:45:02.973Z [imlog] INFO: post //report.edu.qq.com/data_report/web_report 200 96ms", source: https://7.url.cn/edu/teacher-client/index_d22db46b07f71cfb53d0.js (30)
