20200101,0,AQI,上海,18
20200101,0,PM2.5,上海,11
20200101,0,PM2.5_24h,上海,17
20200101,0,PM10,上海,18
20200101,0,PM10_24h,上海,31
20200101,0,SO2,上海,6
20200101,0,SO2_24h,上海,6
20200101,0,NO2,上海,33
20200101,0,NO2_24h,上海,27
20200101,0,O3,上海,47
20200101,0,O3_24h,上海,62
20200101,0,O3_8h,上海,53
20200101,0,O3_8h_24h,上海,56
20200101,0,CO,上海,0.43
20200101,0,CO_24h,上海,0.38
20200101,1,AQI,上海,18
20200101,1,PM2.5,上海,10
20200101,1,PM2.5_24h,上海,16
20200101,1,PM10,上海,18
20200101,1,PM10_24h,上海,29
20200101,1,SO2,上海,6
20200101,1,SO2_24h,上海,6
20200101,1,NO2,上海,32
20200101,1,NO2_24h,上海,28
20200101,1,O3,上海,47
20200101,1,O3_24h,上海,62
20200101,1,O3_8h,上海,47
20200101,1,O3_8h_24h,上海,47
20200101,1,CO,上海,0.42
20200101,1,CO_24h,上海,0.38
20200101,2,AQI,上海,18
20200101,2,PM2.5,上海,11
20200101,2,PM2.5_24h,上海,15
20200101,2,PM10,上海,18
20200101,2,PM10_24h,上海,28
20200101,2,SO2,上海,6
20200101,2,SO2_24h,上海,6
20200101,2,NO2,上海,34
20200101,2,NO2_24h,上海,28
20200101,2,O3,上海,43
20200101,2,O3_24h,上海,62
20200101,2,O3_8h,上海,45
20200101,2,O3_8h_24h,上海,47
20200101,2,CO,上海,0.44
20200101,2,CO_24h,上海,0.39
20200101,3,AQI,上海,18
20200101,3,PM2.5,上海,12
20200101,3,PM2.5_24h,上海,15
20200101,3,PM10,上海,18
20200101,3,PM10_24h,上海,28
20200101,3,SO2,上海,6
20200101,3,SO2_24h,上海,6
20200101,3,NO2,上海,32
20200101,3,NO2_24h,上海,29
20200101,3,O3,上海,44
20200101,3,O3_24h,上海,61
20200101,3,O3_8h,上海,44
20200101,3,O3_8h_24h,上海,47
20200101,3,CO,上海,0.43
20200101,3,CO_24h,上海,0.40
20200101,4,AQI,上海,19
20200101,4,PM2.5,上海,13
20200101,4,PM2.5_24h,上海,14
20200101,4,PM10,上海,16
20200101,4,PM10_24h,上海,27
20200101,4,SO2,上海,5
20200101,4,SO2_24h,上海,6
20200101,4,NO2,上海,34
20200101,4,NO2_24h,上海,30
20200101,4,O3,上海,41
20200101,4,O3_24h,上海,61
20200101,4,O3_8h,上海,44
20200101,4,O3_8h_24h,上海,47
20200101,4,CO,上海,0.43
20200101,4,CO_24h,上海,0.40
20200101,5,AQI,上海,20
20200101,5,PM2.5,上海,13
20200101,5,PM2.5_24h,上海,14
20200101,5,PM10,上海,19
20200101,5,PM10_24h,上海,27
20200101,5,SO2,上海,6
20200101,5,SO2_24h,上海,6
20200101,5,NO2,上海,40
20200101,5,NO2_24h,上海,31
20200101,5,O3,上海,34
20200101,5,O3_24h,上海,61
20200101,5,O3_8h,上海,42
20200101,5,O3_8h_24h,上海,48
20200101,5,CO,上海,0.47
20200101,5,CO_24h,上海,0.41
20200101,6,AQI,上海,26
20200101,6,PM2.5,上海,13
20200101,6,PM2.5_24h,上海,15
20200101,6,PM10,上海,22
20200101,6,PM10_24h,上海,26
20200101,6,SO2,上海,6
20200101,6,SO2_24h,上海,6
20200101,6,NO2,上海,52
20200101,6,NO2_24h,上海,32
20200101,6,O3,上海,21
20200101,6,O3_24h,上海,61
20200101,6,O3_8h,上海,38
20200101,6,O3_8h_24h,上海,48
20200101,6,CO,上海,0.49
20200101,6,CO_24h,上海,0.42
20200101,7,AQI,上海,33
20200101,7,PM2.5,上海,15
20200101,7,PM2.5_24h,上海,15
20200101,7,PM10,上海,25
20200101,7,PM10_24h,上海,26
20200101,7,SO2,上海,7
20200101,7,SO2_24h,上海,6
20200101,7,NO2,上海,66
20200101,7,NO2_24h,上海,34
20200101,7,O3,上海,9
20200101,7,O3_24h,上海,61
20200101,7,O3_8h,上海,34
20200101,7,O3_8h_24h,上海,48
20200101,7,CO,上海,0.52
20200101,7,CO_24h,上海,0.42
20200101,8,AQI,上海,34
20200101,8,PM2.5,上海,17
20200101,8,PM2.5_24h,上海,15
20200101,8,PM10,上海,31
20200101,8,PM10_24h,上海,26
20200101,8,SO2,上海,7
20200101,8,SO2_24h,上海,7
20200101,8,NO2,上海,68
20200101,8,NO2_24h,上海,36
20200101,8,O3,上海,12
20200101,8,O3_24h,上海,61
20200101,8,O3_8h,上海,30
20200101,8,O3_8h_24h,上海,46
20200101,8,CO,上海,0.57
20200101,8,CO_24h,上海,0.46
20200101,9,AQI,上海,30
20200101,9,PM2.5,上海,17
20200101,9,PM2.5_24h,上海,15
20200101,9,PM10,上海,30
20200101,9,PM10_24h,上海,25
20200101,9,SO2,上海,7
20200101,9,SO2_24h,上海,6
20200101,9,NO2,上海,51
20200101,9,NO2_24h,上海,35
20200101,9,O3,上海,31
20200101,9,O3_24h,上海,61
20200101,9,O3_8h,上海,30
20200101,9,O3_8h_24h,上海,48
20200101,9,CO,上海,0.48
20200101,9,CO_24h,上海,0.44
20200101,10,AQI,上海,25
20200101,10,PM2.5,上海,15
20200101,10,PM2.5_24h,上海,14
20200101,10,PM10,上海,25
20200101,10,PM10_24h,上海,24
20200101,10,SO2,上海,6
20200101,10,SO2_24h,上海,6
20200101,10,NO2,上海,34
20200101,10,NO2_24h,上海,35
20200101,10,O3,上海,48
20200101,10,O3_24h,上海,61
20200101,10,O3_8h,上海,30
20200101,10,O3_8h_24h,上海,48
20200101,10,CO,上海,0.37
20200101,10,CO_24h,上海,0.44
20200101,11,AQI,上海,22
20200101,11,PM2.5,上海,12
20200101,11,PM2.5_24h,上海,14
20200101,11,PM10,上海,22
20200101,11,PM10_24h,上海,23
20200101,11,SO2,上海,7
20200101,11,SO2_24h,上海,6
20200101,11,NO2,上海,26
20200101,11,NO2_24h,上海,35
20200101,11,O3,上海,57
20200101,11,O3_24h,上海,61
20200101,11,O3_8h,上海,32
20200101,11,O3_8h_24h,上海,48
20200101,11,CO,上海,0.34
20200101,11,CO_24h,上海,0.41
20200101,12,AQI,上海,20
20200101,12,PM2.5,上海,12
20200101,12,PM2.5_24h,上海,14
20200101,12,PM10,上海,19
20200101,12,PM10_24h,上海,22
20200101,12,SO2,上海,6
20200101,12,SO2_24h,上海,6
20200101,12,NO2,上海,21
20200101,12,NO2_24h,上海,35
20200101,12,O3,上海,64
20200101,12,O3_24h,上海,64
20200101,12,O3_8h,上海,34
20200101,12,O3_8h_24h,上海,48
20200101,12,CO,上海,0.34
20200101,12,CO_24h,上海,0.40
20200101,13,AQI,上海,20
20200101,13,PM2.5,上海,11
20200101,13,PM2.5_24h,上海,13
20200101,13,PM10,上海,19
20200101,13,PM10_24h,上海,21
20200101,13,SO2,上海,6
20200101,13,SO2_24h,上海,6
20200101,13,NO2,上海,23
20200101,13,NO2_24h,上海,35
20200101,13,O3,上海,65
20200101,13,O3_24h,上海,66
20200101,13,O3_8h,上海,38
20200101,13,O3_8h_24h,上海,48
20200101,13,CO,上海,0.33
20200101,13,CO_24h,上海,0.40
20200101,14,AQI,上海,23
20200101,14,PM2.5,上海,14
20200101,14,PM2.5_24h,上海,13
20200101,14,PM10,上海,23
20200101,14,PM10_24h,上海,21
20200101,14,SO2,上海,7
20200101,14,SO2_24h,上海,6
20200101,14,NO2,上海,24
20200101,14,NO2_24h,上海,35
20200101,14,O3,上海,66
20200101,14,O3_24h,上海,67
20200101,14,O3_8h,上海,44
20200101,14,O3_8h_24h,上海,49
20200101,14,CO,上海,0.34
20200101,14,CO_24h,上海,0.40
20200101,15,AQI,上海,26
20200101,15,PM2.5,上海,17
20200101,15,PM2.5_24h,上海,13
20200101,15,PM10,上海,26
20200101,15,PM10_24h,上海,21
20200101,15,SO2,上海,7
20200101,15,SO2_24h,上海,6
20200101,15,NO2,上海,27
20200101,15,NO2_24h,上海,35
20200101,15,O3,上海,64
20200101,15,O3_24h,上海,67
20200101,15,O3_8h,上海,51
20200101,15,O3_8h_24h,上海,53
20200101,15,CO,上海,0.35
20200101,15,CO_24h,上海,0.40
20200101,16,AQI,上海,25
20200101,16,PM2.5,上海,16
20200101,16,PM2.5_24h,上海,13
20200101,16,PM10,上海,25
20200101,16,PM10_24h,上海,21
20200101,16,SO2,上海,6
20200101,16,SO2_24h,上海,6
20200101,16,NO2,上海,30
20200101,16,NO2_24h,上海,35
20200101,16,O3,上海,61
20200101,16,O3_24h,上海,68
20200101,16,O3_8h,上海,57
20200101,16,O3_8h_24h,上海,58
20200101,16,CO,上海,0.30
20200101,16,CO_24h,上海,0.40
20200101,17,AQI,上海,28
20200101,17,PM2.5,上海,14
20200101,17,PM2.5_24h,上海,13
20200101,17,PM10,上海,28
20200101,17,PM10_24h,上海,21
20200101,17,SO2,上海,6
20200101,17,SO2_24h,上海,6
20200101,17,NO2,上海,34
20200101,17,NO2_24h,上海,35
20200101,17,O3,上海,53
20200101,17,O3_24h,上海,68
20200101,17,O3_8h,上海,60
20200101,17,O3_8h_24h,上海,60
20200101,17,CO,上海,0.32
20200101,17,CO_24h,上海,0.40
20200101,18,AQI,上海,26
20200101,18,PM2.5,上海,12
20200101,18,PM2.5_24h,上海,13
20200101,18,PM10,上海,26
20200101,18,PM10_24h,上海,22
20200101,18,SO2,上海,6
20200101,18,SO2_24h,上海,6
20200101,18,NO2,上海,38
20200101,18,NO2_24h,上海,35
20200101,18,O3,上海,50
20200101,18,O3_24h,上海,68
20200101,18,O3_8h,上海,60
20200101,18,O3_8h_24h,上海,60
20200101,18,CO,上海,0.37
20200101,18,CO_24h,上海,0.40
20200101,19,AQI,上海,26
20200101,19,PM2.5,上海,16
20200101,19,PM2.5_24h,上海,13
20200101,19,PM10,上海,26
20200101,19,PM10_24h,上海,22
20200101,19,SO2,上海,6
20200101,19,SO2_24h,上海,6
20200101,19,NO2,上海,45
20200101,19,NO2_24h,上海,36
20200101,19,O3,上海,43
20200101,19,O3_24h,上海,68
20200101,19,O3_8h,上海,58
20200101,19,O3_8h_24h,上海,60
20200101,19,CO,上海,0.40
20200101,19,CO_24h,上海,0.41
20200101,20,AQI,上海,30
20200101,20,PM2.5,上海,17
20200101,20,PM2.5_24h,上海,13
20200101,20,PM10,上海,30
20200101,20,PM10_24h,上海,22
20200101,20,SO2,上海,6
20200101,20,SO2_24h,上海,6
20200101,20,NO2,上海,58
20200101,20,NO2_24h,上海,37
20200101,20,O3,上海,29
20200101,20,O3_24h,上海,68
20200101,20,O3_8h,上海,54
20200101,20,O3_8h_24h,上海,60
20200101,20,CO,上海,0.47
20200101,20,CO_24h,上海,0.41
20200101,21,AQI,上海,34
20200101,21,PM2.5,上海,18
20200101,21,PM2.5_24h,上海,14
20200101,21,PM10,上海,32
20200101,21,PM10_24h,上海,23
20200101,21,SO2,上海,7
20200101,21,SO2_24h,上海,6
20200101,21,NO2,上海,68
20200101,21,NO2_24h,上海,39
20200101,21,O3,上海,20
20200101,21,O3_24h,上海,68
20200101,21,O3_8h,上海,48
20200101,21,O3_8h_24h,上海,60
20200101,21,CO,上海,0.49
20200101,21,CO_24h,上海,0.41
20200101,22,AQI,上海,34
20200101,22,PM2.5,上海,18
20200101,22,PM2.5_24h,上海,14
20200101,22,PM10,上海,28
20200101,22,PM10_24h,上海,23
20200101,22,SO2,上海,6
20200101,22,SO2_24h,上海,6
20200101,22,NO2,上海,68
20200101,22,NO2_24h,上海,41
20200101,22,O3,上海,22
20200101,22,O3_24h,上海,68
20200101,22,O3_8h,上海,42
20200101,22,O3_8h_24h,上海,60
20200101,22,CO,上海,0.48
20200101,22,CO_24h,上海,0.41
20200101,23,AQI,上海,31
20200101,23,PM2.5,上海,17
20200101,23,PM2.5_24h,上海,14
20200101,23,PM10,上海,24
20200101,23,PM10_24h,上海,23
20200101,23,SO2,上海,6
20200101,23,SO2_24h,上海,6
20200101,23,NO2,上海,61
20200101,23,NO2_24h,上海,42
20200101,23,O3,上海,28
20200101,23,O3_24h,上海,68
20200101,23,O3_8h,上海,38
20200101,23,O3_8h_24h,上海,60
20200101,23,CO,上海,0.46
20200101,23,CO_24h,上海,0.41
20200101,0,AQI,乌鲁木齐,150
20200101,0,PM2.5,乌鲁木齐,115
20200101,0,PM2.5_24h,乌鲁木齐,107
20200101,0,PM10,乌鲁木齐,134
20200101,0,PM10_24h,乌鲁木齐,122
20200101,0,SO2,乌鲁木齐,11
20200101,0,SO2_24h,乌鲁木齐,10
20200101,0,NO2,乌鲁木齐,72
20200101,0,NO2_24h,乌鲁木齐,72
20200101,0,O3,乌鲁木齐,19
20200101,0,O3_24h,乌鲁木齐,35
20200101,0,O3_8h,乌鲁木齐,19
20200101,0,O3_8h_24h,乌鲁木齐,26
20200101,0,CO,乌鲁木齐,1.70
20200101,0,CO_24h,乌鲁木齐,1.93
20200101,1,AQI,乌鲁木齐,133
20200101,1,PM2.5,乌鲁木齐,101
20200101,1,PM2.5_24h,乌鲁木齐,106
20200101,1,PM10,乌鲁木齐,146
20200101,1,PM10_24h,乌鲁木齐,123
20200101,1,SO2,乌鲁木齐,11
20200101,1,SO2_24h,乌鲁木齐,10
20200101,1,NO2,乌鲁木齐,72
20200101,1,NO2_24h,乌鲁木齐,72
20200101,1,O3,乌鲁木齐,17
20200101,1,O3_24h,乌鲁木齐,35
20200101,1,O3_8h,乌鲁木齐,17
20200101,1,O3_8h_24h,乌鲁木齐,17
20200101,1,CO,乌鲁木齐,1.78
20200101,1,CO_24h,乌鲁木齐,1.92
20200101,2,AQI,乌鲁木齐,180
20200101,2,PM2.5,乌鲁木齐,136
20200101,2,PM2.5_24h,乌鲁木齐,107
20200101,2,PM10,乌鲁木齐,130
20200101,2,PM10_24h,乌鲁木齐,125
20200101,2,SO2,乌鲁木齐,9
20200101,2,SO2_24h,乌鲁木齐,10
20200101,2,NO2,乌鲁木齐,73
20200101,2,NO2_24h,乌鲁木齐,71
20200101,2,O3,乌鲁木齐,15
20200101,2,O3_24h,乌鲁木齐,35
20200101,2,O3_8h,乌鲁木齐,16
20200101,2,O3_8h_24h,乌鲁木齐,17
20200101,2,CO,乌鲁木齐,1.80
20200101,2,CO_24h,乌鲁木齐,1.92
20200101,3,AQI,乌鲁木齐,170
20200101,3,PM2.5,乌鲁木齐,129
20200101,3,PM2.5_24h,乌鲁木齐,108
20200101,3,PM10,乌鲁木齐,139
20200101,3,PM10_24h,乌鲁木齐,125
20200101,3,SO2,乌鲁木齐,10
20200101,3,SO2_24h,乌鲁木齐,10
20200101,3,NO2,乌鲁木齐,73
20200101,3,NO2_24h,乌鲁木齐,71
20200101,3,O3,乌鲁木齐,16
20200101,3,O3_24h,乌鲁木齐,35
20200101,3,O3_8h,乌鲁木齐,16
20200101,3,O3_8h_24h,乌鲁木齐,17
20200101,3,CO,乌鲁木齐,2.05
20200101,3,CO_24h,乌鲁木齐,1.92
20200101,4,AQI,乌鲁木齐,181
20200101,4,PM2.5,乌鲁木齐,137
20200101,4,PM2.5_24h,乌鲁木齐,110
20200101,4,PM10,乌鲁木齐,132
20200101,4,PM10_24h,乌鲁木齐,127
20200101,4,SO2,乌鲁木齐,10
20200101,4,SO2_24h,乌鲁木齐,11
20200101,4,NO2,乌鲁木齐,73
20200101,4,NO2_24h,乌鲁木齐,72
20200101,4,O3,乌鲁木齐,15
20200101,4,O3_24h,乌鲁木齐,35
20200101,4,O3_8h,乌鲁木齐,16
20200101,4,O3_8h_24h,乌鲁木齐,17
20200101,4,CO,乌鲁木齐,2.05
20200101,4,CO_24h,乌鲁木齐,1.92
20200101,5,AQI,乌鲁木齐,177
20200101,5,PM2.5,乌鲁木齐,134
20200101,5,PM2.5_24h,乌鲁木齐,112
20200101,5,PM10,乌鲁木齐,114
20200101,5,PM10_24h,乌鲁木齐,128
20200101,5,SO2,乌鲁木齐,10
20200101,5,SO2_24h,乌鲁木齐,10
20200101,5,NO2,乌鲁木齐,72
20200101,5,NO2_24h,乌鲁木齐,72
20200101,5,O3,乌鲁木齐,15
20200101,5,O3_24h,乌鲁木齐,35
20200101,5,O3_8h,乌鲁木齐,16
20200101,5,O3_8h_24h,乌鲁木齐,17
20200101,5,CO,乌鲁木齐,2.08
20200101,5,CO_24h,乌鲁木齐,1.93
20200101,6,AQI,乌鲁木齐,164
20200101,6,PM2.5,乌鲁木齐,125
20200101,6,PM2.5_24h,乌鲁木齐,113
20200101,6,PM10,乌鲁木齐,104
20200101,6,PM10_24h,乌鲁木齐,127
20200101,6,SO2,乌鲁木齐,9
20200101,6,SO2_24h,乌鲁木齐,10
20200101,6,NO2,乌鲁木齐,71
20200101,6,NO2_24h,乌鲁木齐,72
20200101,6,O3,乌鲁木齐,16
20200101,6,O3_24h,乌鲁木齐,36
20200101,6,O3_8h,乌鲁木齐,16
20200101,6,O3_8h_24h,乌鲁木齐,18
20200101,6,CO,乌鲁木齐,2.02
20200101,6,CO_24h,乌鲁木齐,1.93
20200101,7,AQI,乌鲁木齐,139
20200101,7,PM2.5,乌鲁木齐,106
20200101,7,PM2.5_24h,乌鲁木齐,114
20200101,7,PM10,乌鲁木齐,86
20200101,7,PM10_24h,乌鲁木齐,126
20200101,7,SO2,乌鲁木齐,10
20200101,7,SO2_24h,乌鲁木齐,10
20200101,7,NO2,乌鲁木齐,69
20200101,7,NO2_24h,乌鲁木齐,73
20200101,7,O3,乌鲁木齐,15
20200101,7,O3_24h,乌鲁木齐,35
20200101,7,O3_8h,乌鲁木齐,16
20200101,7,O3_8h_24h,乌鲁木齐,18
20200101,7,CO,乌鲁木齐,1.95
20200101,7,CO_24h,乌鲁木齐,1.95
20200101,8,AQI,乌鲁木齐,123
20200101,8,PM2.5,乌鲁木齐,93
20200101,8,PM2.5_24h,乌鲁木齐,113
20200101,8,PM10,乌鲁木齐,74
20200101,8,PM10_24h,乌鲁木齐,126
20200101,8,SO2,乌鲁木齐,10
20200101,8,SO2_24h,乌鲁木齐,10
20200101,8,NO2,乌鲁木齐,68
20200101,8,NO2_24h,乌鲁木齐,73
20200101,8,O3,乌鲁木齐,15
20200101,8,O3_24h,乌鲁木齐,34
20200101,8,O3_8h,乌鲁木齐,16
20200101,8,O3_8h_24h,乌鲁木齐,18
20200101,8,CO,乌鲁木齐,1.92
20200101,8,CO_24h,乌鲁木齐,1.97
20200101,9,AQI,乌鲁木齐,120
20200101,9,PM2.5,乌鲁木齐,91
20200101,9,PM2.5_24h,乌鲁木齐,113
20200101,9,PM10,乌鲁木齐,79
20200101,9,PM10_24h,乌鲁木齐,125
20200101,9,SO2,乌鲁木齐,10
20200101,9,SO2_24h,乌鲁木齐,10
20200101,9,NO2,乌鲁木齐,69
20200101,9,NO2_24h,乌鲁木齐,73
20200101,9,O3,乌鲁木齐,16
20200101,9,O3_24h,乌鲁木齐,34
20200101,9,O3_8h,乌鲁木齐,16
20200101,9,O3_8h_24h,乌鲁木齐,18
20200101,9,CO,乌鲁木齐,1.97
20200101,9,CO_24h,乌鲁木齐,1.97
20200101,10,AQI,乌鲁木齐,124
20200101,10,PM2.5,乌鲁木齐,94
20200101,10,PM2.5_24h,乌鲁木齐,113
20200101,10,PM10,乌鲁木齐,85
20200101,10,PM10_24h,乌鲁木齐,125
20200101,10,SO2,乌鲁木齐,11
20200101,10,SO2_24h,乌鲁木齐,11
20200101,10,NO2,乌鲁木齐,71
20200101,10,NO2_24h,乌鲁木齐,73
20200101,10,O3,乌鲁木齐,15
20200101,10,O3_24h,乌鲁木齐,34
20200101,10,O3_8h,乌鲁木齐,16
20200101,10,O3_8h_24h,乌鲁木齐,18
20200101,10,CO,乌鲁木齐,1.95
20200101,10,CO_24h,乌鲁木齐,1.97
20200101,11,AQI,乌鲁木齐,128
20200101,11,PM2.5,乌鲁木齐,97
20200101,11,PM2.5_24h,乌鲁木齐,112
20200101,11,PM10,乌鲁木齐,83
20200101,11,PM10_24h,乌鲁木齐,124
20200101,11,SO2,乌鲁木齐,11
20200101,11,SO2_24h,乌鲁木齐,11
20200101,11,NO2,乌鲁木齐,69
20200101,11,NO2_24h,乌鲁木齐,73
20200101,11,O3,乌鲁木齐,16
20200101,11,O3_24h,乌鲁木齐,34
20200101,11,O3_8h,乌鲁木齐,16
20200101,11,O3_8h_24h,乌鲁木齐,18
20200101,11,CO,乌鲁木齐,1.93
20200101,11,CO_24h,乌鲁木齐,1.97
20200101,12,AQI,乌鲁木齐,133
20200101,12,PM2.5,乌鲁木齐,101
20200101,12,PM2.5_24h,乌鲁木齐,112
20200101,12,PM10,乌鲁木齐,81
20200101,12,PM10_24h,乌鲁木齐,122
20200101,12,SO2,乌鲁木齐,11
20200101,12,SO2_24h,乌鲁木齐,11
20200101,12,NO2,乌鲁木齐,66
20200101,12,NO2_24h,乌鲁木齐,73
20200101,12,O3,乌鲁木齐,20
20200101,12,O3_24h,乌鲁木齐,34
20200101,12,O3_8h,乌鲁木齐,16
20200101,12,O3_8h_24h,乌鲁木齐,18
20200101,12,CO,乌鲁木齐,1.85
20200101,12,CO_24h,乌鲁木齐,1.92
20200101,13,AQI,乌鲁木齐,134
20200101,13,PM2.5,乌鲁木齐,102
20200101,13,PM2.5_24h,乌鲁木齐,112
20200101,13,PM10,乌鲁木齐,80
20200101,13,PM10_24h,乌鲁木齐,121
20200101,13,SO2,乌鲁木齐,10
20200101,13,SO2_24h,乌鲁木齐,11
20200101,13,NO2,乌鲁木齐,58
20200101,13,NO2_24h,乌鲁木齐,72
20200101,13,O3,乌鲁木齐,30
20200101,13,O3_24h,乌鲁木齐,34
20200101,13,O3_8h,乌鲁木齐,18
20200101,13,O3_8h_24h,乌鲁木齐,20
20200101,13,CO,乌鲁木齐,1.67
20200101,13,CO_24h,乌鲁木齐,1.92
20200101,14,AQI,乌鲁木齐,119
20200101,14,PM2.5,乌鲁木齐,90
20200101,14,PM2.5_24h,乌鲁木齐,111
20200101,14,PM10,乌鲁木齐,67
20200101,14,PM10_24h,乌鲁木齐,118
20200101,14,SO2,乌鲁木齐,10
20200101,14,SO2_24h,乌鲁木齐,11
20200101,14,NO2,乌鲁木齐,48
20200101,14,NO2_24h,乌鲁木齐,71
20200101,14,O3,乌鲁木齐,43
20200101,14,O3_24h,乌鲁木齐,46
20200101,14,O3_8h,乌鲁木齐,22
20200101,14,O3_8h_24h,乌鲁木齐,22
20200101,14,CO,乌鲁木齐,1.48
20200101,14,CO_24h,乌鲁木齐,1.90
20200101,15,AQI,乌鲁木齐,121
20200101,15,PM2.5,乌鲁木齐,92
20200101,15,PM2.5_24h,乌鲁木齐,110
20200101,15,PM10,乌鲁木齐,74
20200101,15,PM10_24h,乌鲁木齐,115
20200101,15,SO2,乌鲁木齐,10
20200101,15,SO2_24h,乌鲁木齐,11
20200101,15,NO2,乌鲁木齐,51
20200101,15,NO2_24h,乌鲁木齐,71
20200101,15,O3,乌鲁木齐,42
20200101,15,O3_24h,乌鲁木齐,48
20200101,15,O3_8h,乌鲁木齐,25
20200101,15,O3_8h_24h,乌鲁木齐,25
20200101,15,CO,乌鲁木齐,1.53
20200101,15,CO_24h,乌鲁木齐,1.88
20200101,16,AQI,乌鲁木齐,139
20200101,16,PM2.5,乌鲁木齐,106
20200101,16,PM2.5_24h,乌鲁木齐,109
20200101,16,PM10,乌鲁木齐,99
20200101,16,PM10_24h,乌鲁木齐,113
20200101,16,SO2,乌鲁木齐,9
20200101,16,SO2_24h,乌鲁木齐,10
20200101,16,NO2,乌鲁木齐,65
20200101,16,NO2_24h,乌鲁木齐,71
20200101,16,O3,乌鲁木齐,31
20200101,16,O3_24h,乌鲁木齐,47
20200101,16,O3_8h,乌鲁木齐,27
20200101,16,O3_8h_24h,乌鲁木齐,27
20200101,16,CO,乌鲁木齐,1.80
20200101,16,CO_24h,乌鲁木齐,1.88
20200101,17,AQI,乌鲁木齐,181
20200101,17,PM2.5,乌鲁木齐,137
20200101,17,PM2.5_24h,乌鲁木齐,110
20200101,17,PM10,乌鲁木齐,127
20200101,17,PM10_24h,乌鲁木齐,113
20200101,17,SO2,乌鲁木齐,8
20200101,17,SO2_24h,乌鲁木齐,10
20200101,17,NO2,乌鲁木齐,68
20200101,17,NO2_24h,乌鲁木齐,71
20200101,17,O3,乌鲁木齐,29
20200101,17,O3_24h,乌鲁木齐,48
20200101,17,O3_8h,乌鲁木齐,28
20200101,17,O3_8h_24h,乌鲁木齐,28
20200101,17,CO,乌鲁木齐,1.95
20200101,17,CO_24h,乌鲁木齐,1.87
20200101,18,AQI,乌鲁木齐,205
20200101,18,PM2.5,乌鲁木齐,155
20200101,18,PM2.5_24h,乌鲁木齐,111
20200101,18,PM10,乌鲁木齐,135
20200101,18,PM10_24h,乌鲁木齐,114
20200101,18,SO2,乌鲁木齐,8
20200101,18,SO2_24h,乌鲁木齐,10
20200101,18,NO2,乌鲁木齐,73
20200101,18,NO2_24h,乌鲁木齐,70
20200101,18,O3,乌鲁木齐,26
20200101,18,O3_24h,乌鲁木齐,48
20200101,18,O3_8h,乌鲁木齐,30
20200101,18,O3_8h_24h,乌鲁木齐,30
20200101,18,CO,乌鲁木齐,1.97
20200101,18,CO_24h,乌鲁木齐,1.90
20200101,19,AQI,乌鲁木齐,200
20200101,19,PM2.5,乌鲁木齐,150
20200101,19,PM2.5_24h,乌鲁木齐,113
20200101,19,PM10,乌鲁木齐,137
20200101,19,PM10_24h,乌鲁木齐,114
20200101,19,SO2,乌鲁木齐,8
20200101,19,SO2_24h,乌鲁木齐,10
20200101,19,NO2,乌鲁木齐,74
20200101,19,NO2_24h,乌鲁木齐,70
20200101,19,O3,乌鲁木齐,23
20200101,19,O3_24h,乌鲁木齐,49
20200101,19,O3_8h,乌鲁木齐,30
20200101,19,O3_8h_24h,乌鲁木齐,31
20200101,19,CO,乌鲁木齐,2.03
20200101,19,CO_24h,乌鲁木齐,1.90
20200101,20,AQI,乌鲁木齐,203
20200101,20,PM2.5,乌鲁木齐,153
20200101,20,PM2.5_24h,乌鲁木齐,115
20200101,20,PM10,乌鲁木齐,128
20200101,20,PM10_24h,乌鲁木齐,113
20200101,20,SO2,乌鲁木齐,8
20200101,20,SO2_24h,乌鲁木齐,10
20200101,20,NO2,乌鲁木齐,69
20200101,20,NO2_24h,乌鲁木齐,69
20200101,20,O3,乌鲁木齐,26
20200101,20,O3_24h,乌鲁木齐,49
20200101,20,O3_8h,乌鲁木齐,31
20200101,20,O3_8h_24h,乌鲁木齐,32
20200101,20,CO,乌鲁木齐,1.83
20200101,20,CO_24h,乌鲁木齐,1.90
20200101,21,AQI,乌鲁木齐,181
20200101,21,PM2.5,乌鲁木齐,137
20200101,21,PM2.5_24h,乌鲁木齐,116
20200101,21,PM10,乌鲁木齐,117
20200101,21,PM10_24h,乌鲁木齐,111
20200101,21,SO2,乌鲁木齐,8
20200101,21,SO2_24h,乌鲁木齐,10
20200101,21,NO2,乌鲁木齐,66
20200101,21,NO2_24h,乌鲁木齐,69
20200101,21,O3,乌鲁木齐,28
20200101,21,O3_24h,乌鲁木齐,49
20200101,21,O3_8h,乌鲁木齐,31
20200101,21,O3_8h_24h,乌鲁木齐,32
20200101,21,CO,乌鲁木齐,1.78
20200101,21,CO_24h,乌鲁木齐,1.87
20200101,22,AQI,乌鲁木齐,184
20200101,22,PM2.5,乌鲁木齐,139
20200101,22,PM2.5_24h,乌鲁木齐,117
20200101,22,PM10,乌鲁木齐,115
20200101,22,PM10_24h,乌鲁木齐,109
20200101,22,SO2,乌鲁木齐,8
20200101,22,SO2_24h,乌鲁木齐,10
20200101,22,NO2,乌鲁木齐,71
20200101,22,NO2_24h,乌鲁木齐,68
20200101,22,O3,乌鲁木齐,24
20200101,22,O3_24h,乌鲁木齐,49
20200101,22,O3_8h,乌鲁木齐,29
20200101,22,O3_8h_24h,乌鲁木齐,33
20200101,22,CO,乌鲁木齐,1.85
20200101,22,CO_24h,乌鲁木齐,1.87
20200101,23,AQI,乌鲁木齐,170
20200101,23,PM2.5,乌鲁木齐,129
20200101,23,PM2.5_24h,乌鲁木齐,118
20200101,23,PM10,乌鲁木齐,112
20200101,23,PM10_24h,乌鲁木齐,108
20200101,23,SO2,乌鲁木齐,8
20200101,23,SO2_24h,乌鲁木齐,10
20200101,23,NO2,乌鲁木齐,72
20200101,23,NO2_24h,乌鲁木齐,68
20200101,23,O3,乌鲁木齐,23
20200101,23,O3_24h,乌鲁木齐,49
20200101,23,O3_8h,乌鲁木齐,26
20200101,23,O3_8h_24h,乌鲁木齐,33
20200101,23,CO,乌鲁木齐,1.98
20200101,23,CO_24h,乌鲁木齐,1.87
20200101,0,AQI,北京,54
20200101,0,PM2.5,北京,31
20200101,0,PM2.5_24h,北京,21
20200101,0,PM10,北京,57
20200101,0,PM10_24h,北京,36
20200101,0,SO2,北京,5
20200101,0,SO2_24h,北京,5
20200101,0,NO2,北京,53
20200101,0,NO2_24h,北京,38
20200101,0,O3,北京,5
20200101,0,O3_24h,北京,40
20200101,0,O3_8h,北京,8
20200101,0,O3_8h_24h,北京,31
20200101,0,CO,北京,0.73
20200101,0,CO_24h,北京,0.54
20200101,1,AQI,北京,50
20200101,1,PM2.5,北京,29
20200101,1,PM2.5_24h,北京,22
20200101,1,PM10,北京,50
20200101,1,PM10_24h,北京,37
20200101,1,SO2,北京,4
20200101,1,SO2_24h,北京,5
20200101,1,NO2,北京,51
20200101,1,NO2_24h,北京,40
20200101,1,O3,北京,6
20200101,1,O3_24h,北京,31
20200101,1,O3_8h,北京,6
20200101,1,O3_8h_24h,北京,16
20200101,1,CO,北京,0.71
20200101,1,CO_24h,北京,0.55
20200101,2,AQI,北京,43
20200101,2,PM2.5,北京,26
20200101,2,PM2.5_24h,北京,22
20200101,2,PM10,北京,43
20200101,2,PM10_24h,北京,39
20200101,2,SO2,北京,4
20200101,2,SO2_24h,北京,6
20200101,2,NO2,北京,49
20200101,2,NO2_24h,北京,41
20200101,2,O3,北京,5
20200101,2,O3_24h,北京,36
20200101,2,O3_8h,北京,6
20200101,2,O3_8h_24h,北京,6
20200101,2,CO,北京,0.61
20200101,2,CO_24h,北京,0.56
20200101,3,AQI,北京,38
20200101,3,PM2.5,北京,24
20200101,3,PM2.5_24h,北京,22
20200101,3,PM10,北京,38
20200101,3,PM10_24h,北京,40
20200101,3,SO2,北京,3
20200101,3,SO2_24h,北京,5
20200101,3,NO2,北京,46
20200101,3,NO2_24h,北京,41
20200101,3,O3,北京,4
20200101,3,O3_24h,北京,36
20200101,3,O3_8h,北京,5
20200101,3,O3_8h_24h,北京,6
20200101,3,CO,北京,0.60
20200101,3,CO_24h,北京,0.57
20200101,4,AQI,北京,41
20200101,4,PM2.5,北京,24
20200101,4,PM2.5_24h,北京,23
20200101,4,PM10,北京,41
20200101,4,PM10_24h,北京,41
20200101,4,SO2,北京,5
20200101,4,SO2_24h,北京,6
20200101,4,NO2,北京,48
20200101,4,NO2_24h,北京,42
20200101,4,O3,北京,5
20200101,4,O3_24h,北京,36
20200101,4,O3_8h,北京,5
20200101,4,O3_8h_24h,北京,6
20200101,4,CO,北京,0.64
20200101,4,CO_24h,北京,0.59
20200101,5,AQI,北京,45
20200101,5,PM2.5,北京,27
20200101,5,PM2.5_24h,北京,24
20200101,5,PM10,北京,45
20200101,5,PM10_24h,北京,42
20200101,5,SO2,北京,5
20200101,5,SO2_24h,北京,6
20200101,5,NO2,北京,50
20200101,5,NO2_24h,北京,43
20200101,5,O3,北京,5
20200101,5,O3_24h,北京,36
20200101,5,O3_8h,北京,4
20200101,5,O3_8h_24h,北京,6
20200101,5,CO,北京,0.76
20200101,5,CO_24h,北京,0.59
20200101,6,AQI,北京,45
20200101,6,PM2.5,北京,26
20200101,6,PM2.5_24h,北京,25
20200101,6,PM10,北京,45
20200101,6,PM10_24h,北京,42
20200101,6,SO2,北京,5
20200101,6,SO2_24h,北京,6
20200101,6,NO2,北京,50
20200101,6,NO2_24h,北京,43
20200101,6,O3,北京,7
20200101,6,O3_24h,北京,37
20200101,6,O3_8h,北京,7
20200101,6,O3_8h_24h,北京,8
20200101,6,CO,北京,0.78
20200101,6,CO_24h,北京,0.59
20200101,7,AQI,北京,48
20200101,7,PM2.5,北京,27
20200101,7,PM2.5_24h,北京,26
20200101,7,PM10,北京,48
20200101,7,PM10_24h,北京,44
20200101,7,SO2,北京,4
20200101,7,SO2_24h,北京,6
20200101,7,NO2,北京,49
20200101,7,NO2_24h,北京,43
20200101,7,O3,北京,7
20200101,7,O3_24h,北京,37
20200101,7,O3_8h,北京,6
20200101,7,O3_8h_24h,北京,7
20200101,7,CO,北京,0.80
20200101,7,CO_24h,北京,0.61
20200101,8,AQI,北京,45
20200101,8,PM2.5,北京,25
20200101,8,PM2.5_24h,北京,27
20200101,8,PM10,北京,45
20200101,8,PM10_24h,北京,45
20200101,8,SO2,北京,4
20200101,8,SO2_24h,北京,6
20200101,8,NO2,北京,47
20200101,8,NO2_24h,北京,44
20200101,8,O3,北京,6
20200101,8,O3_24h,北京,37
20200101,8,O3_8h,北京,6
20200101,8,O3_8h_24h,北京,7
20200101,8,CO,北京,0.79
20200101,8,CO_24h,北京,0.63
20200101,9,AQI,北京,49
20200101,9,PM2.5,北京,28
20200101,9,PM2.5_24h,北京,27
20200101,9,PM10,北京,49
20200101,9,PM10_24h,北京,46
20200101,9,SO2,北京,5
20200101,9,SO2_24h,北京,6
20200101,9,NO2,北京,45
20200101,9,NO2_24h,北京,44
20200101,9,O3,北京,9
20200101,9,O3_24h,北京,37
20200101,9,O3_8h,北京,6
20200101,9,O3_8h_24h,北京,7
20200101,9,CO,北京,0.83
20200101,9,CO_24h,北京,0.65
20200101,10,AQI,北京,44
20200101,10,PM2.5,北京,27
20200101,10,PM2.5_24h,北京,28
20200101,10,PM10,北京,44
20200101,10,PM10_24h,北京,47
20200101,10,SO2,北京,6
20200101,10,SO2_24h,北京,6
20200101,10,NO2,北京,39
20200101,10,NO2_24h,北京,44
20200101,10,O3,北京,15
20200101,10,O3_24h,北京,36
20200101,10,O3_8h,北京,7
20200101,10,O3_8h_24h,北京,7
20200101,10,CO,北京,0.77
20200101,10,CO_24h,北京,0.65
20200101,11,AQI,北京,47
20200101,11,PM2.5,北京,29
20200101,11,PM2.5_24h,北京,29
20200101,11,PM10,北京,47
20200101,11,PM10_24h,北京,48
20200101,11,SO2,北京,6
20200101,11,SO2_24h,北京,6
20200101,11,NO2,北京,37
20200101,11,NO2_24h,北京,44
20200101,11,O3,北京,19
20200101,11,O3_24h,北京,36
20200101,11,O3_8h,北京,9
20200101,11,O3_8h_24h,北京,9
20200101,11,CO,北京,0.75
20200101,11,CO_24h,北京,0.65
20200101,12,AQI,北京,47
20200101,12,PM2.5,北京,33
20200101,12,PM2.5_24h,北京,29
20200101,12,PM10,北京,44
20200101,12,PM10_24h,北京,48
20200101,12,SO2,北京,8
20200101,12,SO2_24h,北京,6
20200101,12,NO2,北京,36
20200101,12,NO2_24h,北京,44
20200101,12,O3,北京,23
20200101,12,O3_24h,北京,36
20200101,12,O3_8h,北京,10
20200101,12,O3_8h_24h,北京,10
20200101,12,CO,北京,0.77
20200101,12,CO_24h,北京,0.67
20200101,13,AQI,北京,51
20200101,13,PM2.5,北京,36
20200101,13,PM2.5_24h,北京,30
20200101,13,PM10,北京,49
20200101,13,PM10_24h,北京,50
20200101,13,SO2,北京,10
20200101,13,SO2_24h,北京,6
20200101,13,NO2,北京,38
20200101,13,NO2_24h,北京,45
20200101,13,O3,北京,24
20200101,13,O3_24h,北京,36
20200101,13,O3_8h,北京,13
20200101,13,O3_8h_24h,北京,13
20200101,13,CO,北京,0.83
20200101,13,CO_24h,北京,0.68
20200101,14,AQI,北京,55
20200101,14,PM2.5,北京,39
20200101,14,PM2.5_24h,北京,30
20200101,14,PM10,北京,48
20200101,14,PM10_24h,北京,50
20200101,14,SO2,北京,12
20200101,14,SO2_24h,北京,6
20200101,14,NO2,北京,40
20200101,14,NO2_24h,北京,46
20200101,14,O3,北京,25
20200101,14,O3_24h,北京,36
20200101,14,O3_8h,北京,15
20200101,14,O3_8h_24h,北京,15
20200101,14,CO,北京,0.84
20200101,14,CO_24h,北京,0.71
20200101,15,AQI,北京,55
20200101,15,PM2.5,北京,39
20200101,15,PM2.5_24h,北京,32
20200101,15,PM10,北京,53
20200101,15,PM10_24h,北京,52
20200101,15,SO2,北京,11
20200101,15,SO2_24h,北京,6
20200101,15,NO2,北京,42
20200101,15,NO2_24h,北京,46
20200101,15,O3,北京,22
20200101,15,O3_24h,北京,34
20200101,15,O3_8h,北京,17
20200101,15,O3_8h_24h,北京,18
20200101,15,CO,北京,0.80
20200101,15,CO_24h,北京,0.73
20200101,16,AQI,北京,54
20200101,16,PM2.5,北京,38
20200101,16,PM2.5_24h,北京,32
20200101,16,PM10,北京,55
20200101,16,PM10_24h,北京,51
20200101,16,SO2,北京,10
20200101,16,SO2_24h,北京,7
20200101,16,NO2,北京,45
20200101,16,NO2_24h,北京,46
20200101,16,O3,北京,19
20200101,16,O3_24h,北京,29
20200101,16,O3_8h,北京,19
20200101,16,O3_8h_24h,北京,19
20200101,16,CO,北京,0.74
20200101,16,CO_24h,北京,0.73
20200101,17,AQI,北京,53
20200101,17,PM2.5,北京,37
20200101,17,PM2.5_24h,北京,33
20200101,17,PM10,北京,56
20200101,17,PM10_24h,北京,53
20200101,17,SO2,北京,10
20200101,17,SO2_24h,北京,7
20200101,17,NO2,北京,50
20200101,17,NO2_24h,北京,48
20200101,17,O3,北京,10
20200101,17,O3_24h,北京,25
20200101,17,O3_8h,北京,19
20200101,17,O3_8h_24h,北京,20
20200101,17,CO,北京,0.79
20200101,17,CO_24h,北京,0.75
20200101,18,AQI,北京,58
20200101,18,PM2.5,北京,39
20200101,18,PM2.5_24h,北京,33
20200101,18,PM10,北京,65
20200101,18,PM10_24h,北京,54
20200101,18,SO2,北京,8
20200101,18,SO2_24h,北京,6
20200101,18,NO2,北京,59
20200101,18,NO2_24h,北京,47
20200101,18,O3,北京,5
20200101,18,O3_24h,北京,25
20200101,18,O3_8h,北京,18
20200101,18,O3_8h_24h,北京,20
20200101,18,CO,北京,0.82
20200101,18,CO_24h,北京,0.76
20200101,19,AQI,北京,60
20200101,19,PM2.5,北京,41
20200101,19,PM2.5_24h,北京,33
20200101,19,PM10,北京,70
20200101,19,PM10_24h,北京,53
20200101,19,SO2,北京,7
20200101,19,SO2_24h,北京,6
20200101,19,NO2,北京,60
20200101,19,NO2_24h,北京,47
20200101,19,O3,北京,5
20200101,19,O3_24h,北京,25
20200101,19,O3_8h,北京,16
20200101,19,O3_8h_24h,北京,20
20200101,19,CO,北京,0.83
20200101,19,CO_24h,北京,0.76
20200101,20,AQI,北京,63
20200101,20,PM2.5,北京,43
20200101,20,PM2.5_24h,北京,33
20200101,20,PM10,北京,76
20200101,20,PM10_24h,北京,53
20200101,20,SO2,北京,7
20200101,20,SO2_24h,北京,7
20200101,20,NO2,北京,60
20200101,20,NO2_24h,北京,49
20200101,20,O3,北京,6
20200101,20,O3_24h,北京,25
20200101,20,O3_8h,北京,13
20200101,20,O3_8h_24h,北京,20
20200101,20,CO,北京,0.89
20200101,20,CO_24h,北京,0.78
20200101,21,AQI,北京,67
20200101,21,PM2.5,北京,46
20200101,21,PM2.5_24h,北京,33
20200101,21,PM10,北京,83
20200101,21,PM10_24h,北京,54
20200101,21,SO2,北京,7
20200101,21,SO2_24h,北京,7
20200101,21,NO2,北京,59
20200101,21,NO2_24h,北京,48
20200101,21,O3,北京,5
20200101,21,O3_24h,北京,26
20200101,21,O3_8h,北京,12
20200101,21,O3_8h_24h,北京,20
20200101,21,CO,北京,0.89
20200101,21,CO_24h,北京,0.78
20200101,22,AQI,北京,68
20200101,22,PM2.5,北京,47
20200101,22,PM2.5_24h,北京,34
20200101,22,PM10,北京,86
20200101,22,PM10_24h,北京,55
20200101,22,SO2,北京,7
20200101,22,SO2_24h,北京,7
20200101,22,NO2,北京,58
20200101,22,NO2_24h,北京,48
20200101,22,O3,北京,5
20200101,22,O3_24h,北京,25
20200101,22,O3_8h,北京,9
20200101,22,O3_8h_24h,北京,20
20200101,22,CO,北京,0.97
20200101,22,CO_24h,北京,0.79
20200101,23,AQI,北京,67
20200101,23,PM2.5,北京,48
20200101,23,PM2.5_24h,北京,34
20200101,23,PM10,北京,83
20200101,23,PM10_24h,北京,55
20200101,23,SO2,北京,8
20200101,23,SO2_24h,北京,7
20200101,23,NO2,北京,62
20200101,23,NO2_24h,北京,49
20200101,23,O3,北京,5
20200101,23,O3_24h,北京,25
20200101,23,O3_8h,北京,6
20200101,23,O3_8h_24h,北京,20
20200101,23,CO,北京,1.09
20200101,23,CO_24h,北京,0.79
20200101,0,AQI,广州,55
20200101,0,PM2.5,广州,36
20200101,0,PM2.5_24h,广州,42
20200101,0,PM10,广州,60
20200101,0,PM10_24h,广州,75
20200101,0,SO2,广州,9
20200101,0,SO2_24h,广州,10
20200101,0,NO2,广州,36
20200101,0,NO2_24h,广州,46
20200101,0,O3,广州,43
20200101,0,O3_24h,广州,98
20200101,0,O3_8h,广州,52
20200101,0,O3_8h_24h,广州,80
20200101,0,CO,广州,0.89
20200101,0,CO_24h,广州,1.04
20200101,1,AQI,广州,55
20200101,1,PM2.5,广州,36
20200101,1,PM2.5_24h,广州,42
20200101,1,PM10,广州,59
20200101,1,PM10_24h,广州,74
20200101,1,SO2,广州,9
20200101,1,SO2_24h,广州,10
20200101,1,NO2,广州,36
20200101,1,NO2_24h,广州,44
20200101,1,O3,广州,38
20200101,1,O3_24h,广州,98
20200101,1,O3_8h,广州,38
20200101,1,O3_8h_24h,广州,38
20200101,1,CO,广州,0.91
20200101,1,CO_24h,广州,1.04
20200101,2,AQI,广州,54
20200101,2,PM2.5,广州,36
20200101,2,PM2.5_24h,广州,42
20200101,2,PM10,广州,58
20200101,2,PM10_24h,广州,72
20200101,2,SO2,广州,8
20200101,2,SO2_24h,广州,10
20200101,2,NO2,广州,36
20200101,2,NO2_24h,广州,42
20200101,2,O3,广州,35
20200101,2,O3_24h,广州,98
20200101,2,O3_8h,广州,36
20200101,2,O3_8h_24h,广州,39
20200101,2,CO,广州,0.91
20200101,2,CO_24h,广州,1.04
20200101,3,AQI,广州,54
20200101,3,PM2.5,广州,37
20200101,3,PM2.5_24h,广州,42
20200101,3,PM10,广州,58
20200101,3,PM10_24h,广州,72
20200101,3,SO2,广州,7
20200101,3,SO2_24h,广州,10
20200101,3,NO2,广州,37
20200101,3,NO2_24h,广州,40
20200101,3,O3,广州,32
20200101,3,O3_24h,广州,98
20200101,3,O3_8h,广州,35
20200101,3,O3_8h_24h,广州,39
20200101,3,CO,广州,0.91
20200101,3,CO_24h,广州,1.02
20200101,4,AQI,广州,155
20200101,4,PM2.5,广州,39
20200101,4,PM2.5_24h,广州,42
20200101,4,PM10,广州,60
20200101,4,PM10_24h,广州,71
20200101,4,SO2,广州,7
20200101,4,SO2_24h,广州,10
20200101,4,NO2,广州,38
20200101,4,NO2_24h,广州,39
20200101,4,O3,广州,29
20200101,4,O3_24h,广州,98
20200101,4,O3_8h,广州,33
20200101,4,O3_8h_24h,广州,39
20200101,4,CO,广州,0.93
20200101,4,CO_24h,广州,1.00
20200101,5,AQI,广州,55
20200101,5,PM2.5,广州,39
20200101,5,PM2.5_24h,广州,42
20200101,5,PM10,广州,59
20200101,5,PM10_24h,广州,70
20200101,5,SO2,广州,6
20200101,5,SO2_24h,广州,10
20200101,5,NO2,广州,37
20200101,5,NO2_24h,广州,38
20200101,5,O3,广州,29
20200101,5,O3_24h,广州,98
20200101,5,O3_8h,广州,33
20200101,5,O3_8h_24h,广州,39
20200101,5,CO,广州,0.92
20200101,5,CO_24h,广州,1.00
20200101,6,AQI,广州,58
20200101,6,PM2.5,广州,41
20200101,6,PM2.5_24h,广州,41
20200101,6,PM10,广州,60
20200101,6,PM10_24h,广州,69
20200101,6,SO2,广州,7
20200101,6,SO2_24h,广州,9
20200101,6,NO2,广州,39
20200101,6,NO2_24h,广州,38
20200101,6,O3,广州,25
20200101,6,O3_24h,广州,98
20200101,6,O3_8h,广州,31
20200101,6,O3_8h_24h,广州,39
20200101,6,CO,广州,0.93
20200101,6,CO_24h,广州,0.99
20200101,7,AQI,广州,159
20200101,7,PM2.5,广州,42
20200101,7,PM2.5_24h,广州,41
20200101,7,PM10,广州,62
20200101,7,PM10_24h,广州,68
20200101,7,SO2,广州,7
20200101,7,SO2_24h,广州,9
20200101,7,NO2,广州,42
20200101,7,NO2_24h,广州,38
20200101,7,O3,广州,19
20200101,7,O3_24h,广州,98
20200101,7,O3_8h,广州,30
20200101,7,O3_8h_24h,广州,39
20200101,7,CO,广州,0.96
20200101,7,CO_24h,广州,0.98
20200101,8,AQI,广州,163
20200101,8,PM2.5,广州,45
20200101,8,PM2.5_24h,广州,41
20200101,8,PM10,广州,66
20200101,8,PM10_24h,广州,67
20200101,8,SO2,广州,8
20200101,8,SO2_24h,广州,9
20200101,8,NO2,广州,41
20200101,8,NO2_24h,广州,37
20200101,8,O3,广州,17
20200101,8,O3_24h,广州,98
20200101,8,O3_8h,广州,28
20200101,8,O3_8h_24h,广州,39
20200101,8,CO,广州,0.96
20200101,8,CO_24h,广州,0.98
20200101,9,AQI,广州,68
20200101,9,PM2.5,广州,49
20200101,9,PM2.5_24h,广州,41
20200101,9,PM10,广州,72
20200101,9,PM10_24h,广州,66
20200101,9,SO2,广州,10
20200101,9,SO2_24h,广州,9
20200101,9,NO2,广州,41
20200101,9,NO2_24h,广州,37
20200101,9,O3,广州,16
20200101,9,O3_24h,广州,98
20200101,9,O3_8h,广州,25
20200101,9,O3_8h_24h,广州,39
20200101,9,CO,广州,1.01
20200101,9,CO_24h,广州,0.97
20200101,10,AQI,广州,70
20200101,10,PM2.5,广州,51
20200101,10,PM2.5_24h,广州,41
20200101,10,PM10,广州,75
20200101,10,PM10_24h,广州,66
20200101,10,SO2,广州,11
20200101,10,SO2_24h,广州,9
20200101,10,NO2,广州,39
20200101,10,NO2_24h,广州,38
20200101,10,O3,广州,18
20200101,10,O3_24h,广州,98
20200101,10,O3_8h,广州,23
20200101,10,O3_8h_24h,广州,39
20200101,10,CO,广州,1.03
20200101,10,CO_24h,广州,0.97
20200101,11,AQI,广州,66
20200101,11,PM2.5,广州,48
20200101,11,PM2.5_24h,广州,40
20200101,11,PM10,广州,72
20200101,11,PM10_24h,广州,65
20200101,11,SO2,广州,11
20200101,11,SO2_24h,广州,9
20200101,11,NO2,广州,37
20200101,11,NO2_24h,广州,38
20200101,11,O3,广州,22
20200101,11,O3_24h,广州,98
20200101,11,O3_8h,广州,22
20200101,11,O3_8h_24h,广州,39
20200101,11,CO,广州,1.00
20200101,11,CO_24h,广州,0.97
20200101,12,AQI,广州,63
20200101,12,PM2.5,广州,45
20200101,12,PM2.5_24h,广州,40
20200101,12,PM10,广州,67
20200101,12,PM10_24h,广州,64
20200101,12,SO2,广州,10
20200101,12,SO2_24h,广州,9
20200101,12,NO2,广州,32
20200101,12,NO2_24h,广州,38
20200101,12,O3,广州,31
20200101,12,O3_24h,广州,98
20200101,12,O3_8h,广州,22
20200101,12,O3_8h_24h,广州,39
20200101,12,CO,广州,0.97
20200101,12,CO_24h,广州,0.97
20200101,13,AQI,广州,63
20200101,13,PM2.5,广州,45
20200101,13,PM2.5_24h,广州,40
20200101,13,PM10,广州,68
20200101,13,PM10_24h,广州,64
20200101,13,SO2,广州,10
20200101,13,SO2_24h,广州,9
20200101,13,NO2,广州,32
20200101,13,NO2_24h,广州,38
20200101,13,O3,广州,37
20200101,13,O3_24h,广州,98
20200101,13,O3_8h,广州,23
20200101,13,O3_8h_24h,广州,39
20200101,13,CO,广州,0.95
20200101,13,CO_24h,广州,0.97
20200101,14,AQI,广州,60
20200101,14,PM2.5,广州,43
20200101,14,PM2.5_24h,广州,40
20200101,14,PM10,广州,65
20200101,14,PM10_24h,广州,64
20200101,14,SO2,广州,9
20200101,14,SO2_24h,广州,9
20200101,14,NO2,广州,29
20200101,14,NO2_24h,广州,38
20200101,14,O3,广州,48
20200101,14,O3_24h,广州,98
20200101,14,O3_8h,广州,26
20200101,14,O3_8h_24h,广州,39
20200101,14,CO,广州,0.93
20200101,14,CO_24h,广州,0.97
20200101,15,AQI,广州,56
20200101,15,PM2.5,广州,40
20200101,15,PM2.5_24h,广州,40
20200101,15,PM10,广州,61
20200101,15,PM10_24h,广州,64
20200101,15,SO2,广州,8
20200101,15,SO2_24h,广州,9
20200101,15,NO2,广州,27
20200101,15,NO2_24h,广州,38
20200101,15,O3,广州,60
20200101,15,O3_24h,广州,98
20200101,15,O3_8h,广州,31
20200101,15,O3_8h_24h,广州,39
20200101,15,CO,广州,0.92
20200101,15,CO_24h,广州,0.96
20200101,16,AQI,广州,54
20200101,16,PM2.5,广州,37
20200101,16,PM2.5_24h,广州,40
20200101,16,PM10,广州,57
20200101,16,PM10_24h,广州,64
20200101,16,SO2,广州,7
20200101,16,SO2_24h,广州,9
20200101,16,NO2,广州,27
20200101,16,NO2_24h,广州,38
20200101,16,O3,广州,69
20200101,16,O3_24h,广州,89
20200101,16,O3_8h,广州,37
20200101,16,O3_8h_24h,广州,41
20200101,16,CO,广州,0.86
20200101,16,CO_24h,广州,0.95
20200101,17,AQI,广州,54
20200101,17,PM2.5,广州,36
20200101,17,PM2.5_24h,广州,41
20200101,17,PM10,广州,57
20200101,17,PM10_24h,广州,64
20200101,17,SO2,广州,7
20200101,17,SO2_24h,广州,9
20200101,17,NO2,广州,32
20200101,17,NO2_24h,广州,39
20200101,17,O3,广州,68
20200101,17,O3_24h,广州,80
20200101,17,O3_8h,广州,43
20200101,17,O3_8h_24h,广州,45
20200101,17,CO,广州,0.84
20200101,17,CO_24h,广州,0.96
20200101,18,AQI,广州,55
20200101,18,PM2.5,广州,38
20200101,18,PM2.5_24h,广州,41
20200101,18,PM10,广州,60
20200101,18,PM10_24h,广州,64
20200101,18,SO2,广州,8
20200101,18,SO2_24h,广州,9
20200101,18,NO2,广州,40
20200101,18,NO2_24h,广州,39
20200101,18,O3,广州,57
20200101,18,O3_24h,广州,71
20200101,18,O3_8h,广州,48
20200101,18,O3_8h_24h,广州,49
20200101,18,CO,广州,0.88
20200101,18,CO_24h,广州,0.96
20200101,19,AQI,广州,58
20200101,19,PM2.5,广州,41
20200101,19,PM2.5_24h,广州,41
20200101,19,PM10,广州,65
20200101,19,PM10_24h,广州,64
20200101,19,SO2,广州,7
20200101,19,SO2_24h,广州,9
20200101,19,NO2,广州,44
20200101,19,NO2_24h,广州,39
20200101,19,O3,广州,45
20200101,19,O3_24h,广州,71
20200101,19,O3_8h,广州,51
20200101,19,O3_8h_24h,广州,51
20200101,19,CO,广州,0.94
20200101,19,CO_24h,广州,0.96
20200101,20,AQI,广州,60
20200101,20,PM2.5,广州,43
20200101,20,PM2.5_24h,广州,41
20200101,20,PM10,广州,68
20200101,20,PM10_24h,广州,64
20200101,20,SO2,广州,7
20200101,20,SO2_24h,广州,8
20200101,20,NO2,广州,47
20200101,20,NO2_24h,广州,38
20200101,20,O3,广州,35
20200101,20,O3_24h,广州,71
20200101,20,O3_8h,广州,52
20200101,20,O3_8h_24h,广州,52
20200101,20,CO,广州,0.97
20200101,20,CO_24h,广州,0.95
20200101,21,AQI,广州,61
20200101,21,PM2.5,广州,44
20200101,21,PM2.5_24h,广州,41
20200101,21,PM10,广州,72
20200101,21,PM10_24h,广州,64
20200101,21,SO2,广州,6
20200101,21,SO2_24h,广州,8
20200101,21,NO2,广州,56
20200101,21,NO2_24h,广州,38
20200101,21,O3,广州,22
20200101,21,O3_24h,广州,71
20200101,21,O3_8h,广州,50
20200101,21,O3_8h_24h,广州,52
20200101,21,CO,广州,0.96
20200101,21,CO_24h,广州,0.95
20200101,22,AQI,广州,64
20200101,22,PM2.5,广州,46
20200101,22,PM2.5_24h,广州,41
20200101,22,PM10,广州,75
20200101,22,PM10_24h,广州,64
20200101,22,SO2,广州,7
20200101,22,SO2_24h,广州,8
20200101,22,NO2,广州,60
20200101,22,NO2_24h,广州,39
20200101,22,O3,广州,13
20200101,22,O3_24h,广州,71
20200101,22,O3_8h,广州,45
20200101,22,O3_8h_24h,广州,52
20200101,22,CO,广州,0.99
20200101,22,CO_24h,广州,0.94
20200101,23,AQI,广州,65
20200101,23,PM2.5,广州,47
20200101,23,PM2.5_24h,广州,42
20200101,23,PM10,广州,79
20200101,23,PM10_24h,广州,65
20200101,23,SO2,广州,7
20200101,23,SO2_24h,广州,8
20200101,23,NO2,广州,62
20200101,23,NO2_24h,广州,40
20200101,23,O3,广州,8
20200101,23,O3_24h,广州,71
20200101,23,O3_8h,广州,39
20200101,23,O3_8h_24h,广州,52
20200101,23,CO,广州,1.04
20200101,23,CO_24h,广州,0.94
20200101,0,AQI,成都,153
20200101,0,PM2.5,成都,117
20200101,0,PM2.5_24h,成都,111
20200101,0,PM10,成都,143
20200101,0,PM10_24h,成都,148
20200101,0,SO2,成都,5
20200101,0,SO2_24h,成都,7
20200101,0,NO2,成都,49
20200101,0,NO2_24h,成都,61
20200101,0,O3,成都,18
20200101,0,O3_24h,成都,28
20200101,0,O3_8h,成都,14
20200101,0,O3_8h_24h,成都,19
20200101,0,CO,成都,0.89
20200101,0,CO_24h,成都,1.01
20200101,1,AQI,成都,149
20200101,1,PM2.5,成都,114
20200101,1,PM2.5_24h,成都,112
20200101,1,PM10,成都,139
20200101,1,PM10_24h,成都,148
20200101,1,SO2,成都,5
20200101,1,SO2_24h,成都,7
20200101,1,NO2,成都,45
20200101,1,NO2_24h,成都,60
20200101,1,O3,成都,18
20200101,1,O3_24h,成都,28
20200101,1,O3_8h,成都,18
20200101,1,O3_8h_24h,成都,18
20200101,1,CO,成都,0.87
20200101,1,CO_24h,成都,1.01
20200101,2,AQI,成都,146
20200101,2,PM2.5,成都,112
20200101,2,PM2.5_24h,成都,113
20200101,2,PM10,成都,137
20200101,2,PM10_24h,成都,149
20200101,2,SO2,成都,5
20200101,2,SO2_24h,成都,7
20200101,2,NO2,成都,40
20200101,2,NO2_24h,成都,59
20200101,2,O3,成都,20
20200101,2,O3_24h,成都,31
20200101,2,O3_8h,成都,19
20200101,2,O3_8h_24h,成都,20
20200101,2,CO,成都,0.87
20200101,2,CO_24h,成都,1.00
20200101,3,AQI,成都,151
20200101,3,PM2.5,成都,116
20200101,3,PM2.5_24h,成都,114
20200101,3,PM10,成都,137
20200101,3,PM10_24h,成都,149
20200101,3,SO2,成都,5
20200101,3,SO2_24h,成都,7
20200101,3,NO2,成都,33
20200101,3,NO2_24h,成都,58
20200101,3,O3,成都,24
20200101,3,O3_24h,成都,32
20200101,3,O3_8h,成都,21
20200101,3,O3_8h_24h,成都,21
20200101,3,CO,成都,0.86
20200101,3,CO_24h,成都,1.00
20200101,4,AQI,成都,141
20200101,4,PM2.5,成都,108
20200101,4,PM2.5_24h,成都,115
20200101,4,PM10,成都,126
20200101,4,PM10_24h,成都,149
20200101,4,SO2,成都,5
20200101,4,SO2_24h,成都,7
20200101,4,NO2,成都,30
20200101,4,NO2_24h,成都,57
20200101,4,O3,成都,27
20200101,4,O3_24h,成都,35
20200101,4,O3_8h,成都,22
20200101,4,O3_8h_24h,成都,23
20200101,4,CO,成都,0.81
20200101,4,CO_24h,成都,0.99
20200101,5,AQI,成都,141
20200101,5,PM2.5,成都,108
20200101,5,PM2.5_24h,成都,115
20200101,5,PM10,成都,126
20200101,5,PM10_24h,成都,149
20200101,5,SO2,成都,5
20200101,5,SO2_24h,成都,7
20200101,5,NO2,成都,31
20200101,5,NO2_24h,成都,56
20200101,5,O3,成都,26
20200101,5,O3_24h,成都,36
20200101,5,O3_8h,成都,23
20200101,5,O3_8h_24h,成都,24
20200101,5,CO,成都,0.83
20200101,5,CO_24h,成都,0.99
20200101,6,AQI,成都,141
20200101,6,PM2.5,成都,108
20200101,6,PM2.5_24h,成都,115
20200101,6,PM10,成都,129
20200101,6,PM10_24h,成都,149
20200101,6,SO2,成都,5
20200101,6,SO2_24h,成都,7
20200101,6,NO2,成都,34
20200101,6,NO2_24h,成都,54
20200101,6,O3,成都,19
20200101,6,O3_24h,成都,34
20200101,6,O3_8h,成都,21
20200101,6,O3_8h_24h,成都,22
20200101,6,CO,成都,0.85
20200101,6,CO_24h,成都,1.00
20200101,7,AQI,成都,124
20200101,7,PM2.5,成都,94
20200101,7,PM2.5_24h,成都,115
20200101,7,PM10,成都,110
20200101,7,PM10_24h,成都,147
20200101,7,SO2,成都,5
20200101,7,SO2_24h,成都,7
20200101,7,NO2,成都,31
20200101,7,NO2_24h,成都,54
20200101,7,O3,成都,26
20200101,7,O3_24h,成都,36
20200101,7,O3_8h,成都,22
20200101,7,O3_8h_24h,成都,23
20200101,7,CO,成都,0.87
20200101,7,CO_24h,成都,0.98
20200101,8,AQI,成都,35
20200101,8,PM2.5,成都,87
20200101,8,PM2.5_24h,成都,114
20200101,8,PM10,成都,101
20200101,8,PM10_24h,成都,146
20200101,8,SO2,成都,5
20200101,8,SO2_24h,成都,7
20200101,8,NO2,成都,38
20200101,8,NO2_24h,成都,53
20200101,8,O3,成都,20
20200101,8,O3_24h,成都,36
20200101,8,O3_8h,成都,21
20200101,8,O3_8h_24h,成都,23
20200101,8,CO,成都,0.90
20200101,8,CO_24h,成都,0.98
20200101,9,AQI,成都,111
20200101,9,PM2.5,成都,84
20200101,9,PM2.5_24h,成都,113
20200101,9,PM10,成都,98
20200101,9,PM10_24h,成都,144
20200101,9,SO2,成都,5
20200101,9,SO2_24h,成都,6
20200101,9,NO2,成都,41
20200101,9,NO2_24h,成都,52
20200101,9,O3,成都,14
20200101,9,O3_24h,成都,36
20200101,9,O3_8h,成都,21
20200101,9,O3_8h_24h,成都,24
20200101,9,CO,成都,0.92
20200101,9,CO_24h,成都,0.98
20200101,10,AQI,成都,111
20200101,10,PM2.5,成都,84
20200101,10,PM2.5_24h,成都,113
20200101,10,PM10,成都,99
20200101,10,PM10_24h,成都,143
20200101,10,SO2,成都,5
20200101,10,SO2_24h,成都,6
20200101,10,NO2,成都,47
20200101,10,NO2_24h,成都,52
20200101,10,O3,成都,9
20200101,10,O3_24h,成都,36
20200101,10,O3_8h,成都,20
20200101,10,O3_8h_24h,成都,24
20200101,10,CO,成都,1.00
20200101,10,CO_24h,成都,0.98
20200101,11,AQI,成都,38
20200101,11,PM2.5,成都,89
20200101,11,PM2.5_24h,成都,112
20200101,11,PM10,成都,107
20200101,11,PM10_24h,成都,141
20200101,11,SO2,成都,4
20200101,11,SO2_24h,成都,6
20200101,11,NO2,成都,45
20200101,11,NO2_24h,成都,51
20200101,11,O3,成都,10
20200101,11,O3_24h,成都,36
20200101,11,O3_8h,成都,18
20200101,11,O3_8h_24h,成都,24
20200101,11,CO,成都,1.00
20200101,11,CO_24h,成都,0.98
20200101,12,AQI,成都,35
20200101,12,PM2.5,成都,95
20200101,12,PM2.5_24h,成都,113
20200101,12,PM10,成都,114
20200101,12,PM10_24h,成都,141
20200101,12,SO2,成都,33
20200101,12,SO2_24h,成都,7
20200101,12,NO2,成都,45
20200101,12,NO2_24h,成都,51
20200101,12,O3,成都,14
20200101,12,O3_24h,成都,37
20200101,12,O3_8h,成都,21
20200101,12,O3_8h_24h,成都,27
20200101,12,CO,成都,1.00
20200101,12,CO_24h,成都,0.96
20200101,13,AQI,成都,59
20200101,13,PM2.5,成都,98
20200101,13,PM2.5_24h,成都,112
20200101,13,PM10,成都,112
20200101,13,PM10_24h,成都,139
20200101,13,SO2,成都,5
20200101,13,SO2_24h,成都,7
20200101,13,NO2,成都,45
20200101,13,NO2_24h,成都,50
20200101,13,O3,成都,18
20200101,13,O3_24h,成都,37
20200101,13,O3_8h,成都,16
20200101,13,O3_8h_24h,成都,27
20200101,13,CO,成都,0.97
20200101,13,CO_24h,成都,0.93
20200101,14,AQI,成都,130
20200101,14,PM2.5,成都,99
20200101,14,PM2.5_24h,成都,111
20200101,14,PM10,成都,118
20200101,14,PM10_24h,成都,137
20200101,14,SO2,成都,5
20200101,14,SO2_24h,成都,7
20200101,14,NO2,成都,45
20200101,14,NO2_24h,成都,49
20200101,14,O3,成都,20
20200101,14,O3_24h,成都,37
20200101,14,O3_8h,成都,17
20200101,14,O3_8h_24h,成都,27
20200101,14,CO,成都,0.92
20200101,14,CO_24h,成都,0.94
20200101,15,AQI,成都,88
20200101,15,PM2.5,成都,105
20200101,15,PM2.5_24h,成都,110
20200101,15,PM10,成都,125
20200101,15,PM10_24h,成都,135
20200101,15,SO2,成都,5
20200101,15,SO2_24h,成都,6
20200101,15,NO2,成都,45
20200101,15,NO2_24h,成都,48
20200101,15,O3,成都,22
20200101,15,O3_24h,成都,37
20200101,15,O3_8h,成都,16
20200101,15,O3_8h_24h,成都,27
20200101,15,CO,成都,1.11
20200101,15,CO_24h,成都,0.94
20200101,16,AQI,成都,39
20200101,16,PM2.5,成都,106
20200101,16,PM2.5_24h,成都,109
20200101,16,PM10,成都,131
20200101,16,PM10_24h,成都,134
20200101,16,SO2,成都,5
20200101,16,SO2_24h,成都,6
20200101,16,NO2,成都,47
20200101,16,NO2_24h,成都,47
20200101,16,O3,成都,19
20200101,16,O3_24h,成都,37
20200101,16,O3_8h,成都,16
20200101,16,O3_8h_24h,成都,27
20200101,16,CO,成都,0.90
20200101,16,CO_24h,成都,0.94
20200101,17,AQI,成都,144
20200101,17,PM2.5,成都,110
20200101,17,PM2.5_24h,成都,109
20200101,17,PM10,成都,137
20200101,17,PM10_24h,成都,133
20200101,17,SO2,成都,6
20200101,17,SO2_24h,成都,6
20200101,17,NO2,成都,51
20200101,17,NO2_24h,成都,46
20200101,17,O3,成都,16
20200101,17,O3_24h,成都,37
20200101,17,O3_8h,成都,15
20200101,17,O3_8h_24h,成都,27
20200101,17,CO,成都,0.91
20200101,17,CO_24h,成都,0.91
20200101,18,AQI,成都,149
20200101,18,PM2.5,成都,114
20200101,18,PM2.5_24h,成都,108
20200101,18,PM10,成都,141
20200101,18,PM10_24h,成都,132
20200101,18,SO2,成都,5
20200101,18,SO2_24h,成都,6
20200101,18,NO2,成都,55
20200101,18,NO2_24h,成都,46
20200101,18,O3,成都,12
20200101,18,O3_24h,成都,37
20200101,18,O3_8h,成都,16
20200101,18,O3_8h_24h,成都,27
20200101,18,CO,成都,0.93
20200101,18,CO_24h,成都,0.93
20200101,19,AQI,成都,145
20200101,19,PM2.5,成都,111
20200101,19,PM2.5_24h,成都,108
20200101,19,PM10,成都,136
20200101,19,PM10_24h,成都,131
20200101,19,SO2,成都,5
20200101,19,SO2_24h,成都,6
20200101,19,NO2,成都,54
20200101,19,NO2_24h,成都,45
20200101,19,O3,成都,10
20200101,19,O3_24h,成都,37
20200101,19,O3_8h,成都,15
20200101,19,O3_8h_24h,成都,27
20200101,19,CO,成都,0.91
20200101,19,CO_24h,成都,0.91
20200101,20,AQI,成都,96
20200101,20,PM2.5,成都,104
20200101,20,PM2.5_24h,成都,107
20200101,20,PM10,成都,130
20200101,20,PM10_24h,成都,129
20200101,20,SO2,成都,5
20200101,20,SO2_24h,成都,6
20200101,20,NO2,成都,56
20200101,20,NO2_24h,成都,45
20200101,20,O3,成都,8
20200101,20,O3_24h,成都,37
20200101,20,O3_8h,成都,15
20200101,20,O3_8h_24h,成都,27
20200101,20,CO,成都,0.93
20200101,20,CO_24h,成都,0.93
20200101,21,AQI,成都,134
20200101,21,PM2.5,成都,102
20200101,21,PM2.5_24h,成都,105
20200101,21,PM10,成都,128
20200101,21,PM10_24h,成都,127
20200101,21,SO2,成都,5
20200101,21,SO2_24h,成都,6
20200101,21,NO2,成都,55
20200101,21,NO2_24h,成都,45
20200101,21,O3,成都,6
20200101,21,O3_24h,成都,37
20200101,21,O3_8h,成都,13
20200101,21,O3_8h_24h,成都,27
20200101,21,CO,成都,0.96
20200101,21,CO_24h,成都,0.90
20200101,22,AQI,成都,133
20200101,22,PM2.5,成都,101
20200101,22,PM2.5_24h,成都,104
20200101,22,PM10,成都,129
20200101,22,PM10_24h,成都,126
20200101,22,SO2,成都,6
20200101,22,SO2_24h,成都,6
20200101,22,NO2,成都,55
20200101,22,NO2_24h,成都,45
20200101,22,O3,成都,5
20200101,22,O3_24h,成都,37
20200101,22,O3_8h,成都,11
20200101,22,O3_8h_24h,成都,27
20200101,22,CO,成都,0.96
20200101,22,CO_24h,成都,0.90
20200101,23,AQI,成都,133
20200101,23,PM2.5,成都,101
20200101,23,PM2.5_24h,成都,104
20200101,23,PM10,成都,128
20200101,23,PM10_24h,成都,125
20200101,23,SO2,成都,7
20200101,23,SO2_24h,成都,6
20200101,23,NO2,成都,54
20200101,23,NO2_24h,成都,45
20200101,23,O3,成都,5
20200101,23,O3_24h,成都,36
20200101,23,O3_8h,成都,10
20200101,23,O3_8h_24h,成都,27
20200101,23,CO,成都,0.94
20200101,23,CO_24h,成都,0.90
20200101,0,AQI,拉萨,40
20200101,0,PM2.5,拉萨,15
20200101,0,PM2.5_24h,拉萨,26
20200101,0,PM10,拉萨,40
20200101,0,PM10_24h,拉萨,54
20200101,0,SO2,拉萨,6
20200101,0,SO2_24h,拉萨,7
20200101,0,NO2,拉萨,14
20200101,0,NO2_24h,拉萨,39
20200101,0,O3,拉萨,64
20200101,0,O3_24h,拉萨,77
20200101,0,O3_8h,拉萨,50
20200101,0,O3_8h_24h,拉萨,60
20200101,0,CO,拉萨,0.52
20200101,0,CO_24h,拉萨,1.04
20200101,1,AQI,拉萨,29
20200101,1,PM2.5,拉萨,9
20200101,1,PM2.5_24h,拉萨,25
20200101,1,PM10,拉萨,29
20200101,1,PM10_24h,拉萨,52
20200101,1,SO2,拉萨,6
20200101,1,SO2_24h,拉萨,7
20200101,1,NO2,拉萨,10
20200101,1,NO2_24h,拉萨,37
20200101,1,O3,拉萨,68
20200101,1,O3_24h,拉萨,77
20200101,1,O3_8h,拉萨,68
20200101,1,O3_8h_24h,拉萨,68
20200101,1,CO,拉萨,0.44
20200101,1,CO_24h,拉萨,1.00
20200101,2,AQI,拉萨,37
20200101,2,PM2.5,拉萨,8
20200101,2,PM2.5_24h,拉萨,23
20200101,2,PM10,拉萨,37
20200101,2,PM10_24h,拉萨,50
20200101,2,SO2,拉萨,6
20200101,2,SO2_24h,拉萨,7
20200101,2,NO2,拉萨,8
20200101,2,NO2_24h,拉萨,35
20200101,2,O3,拉萨,70
20200101,2,O3_24h,拉萨,77
20200101,2,O3_8h,拉萨,69
20200101,2,O3_8h_24h,拉萨,69
20200101,2,CO,拉萨,0.44
20200101,2,CO_24h,拉萨,0.96
20200101,3,AQI,拉萨,29
20200101,3,PM2.5,拉萨,6
20200101,3,PM2.5_24h,拉萨,23
20200101,3,PM10,拉萨,29
20200101,3,PM10_24h,拉萨,49
20200101,3,SO2,拉萨,5
20200101,3,SO2_24h,拉萨,7
20200101,3,NO2,拉萨,11
20200101,3,NO2_24h,拉萨,33
20200101,3,O3,拉萨,66
20200101,3,O3_24h,拉萨,77
20200101,3,O3_8h,拉萨,68
20200101,3,O3_8h_24h,拉萨,69
20200101,3,CO,拉萨,0.46
20200101,3,CO_24h,拉萨,0.92
20200101,4,AQI,拉萨,24
20200101,4,PM2.5,拉萨,7
20200101,4,PM2.5_24h,拉萨,22
20200101,4,PM10,拉萨,24
20200101,4,PM10_24h,拉萨,47
20200101,4,SO2,拉萨,4
20200101,4,SO2_24h,拉萨,7
20200101,4,NO2,拉萨,17
20200101,4,NO2_24h,拉萨,32
20200101,4,O3,拉萨,58
20200101,4,O3_24h,拉萨,77
20200101,4,O3_8h,拉萨,66
20200101,4,O3_8h_24h,拉萨,69
20200101,4,CO,拉萨,0.56
20200101,4,CO_24h,拉萨,0.90
20200101,5,AQI,拉萨,21
20200101,5,PM2.5,拉萨,6
20200101,5,PM2.5_24h,拉萨,21
20200101,5,PM10,拉萨,21
20200101,5,PM10_24h,拉萨,46
20200101,5,SO2,拉萨,4
20200101,5,SO2_24h,拉萨,7
20200101,5,NO2,拉萨,18
20200101,5,NO2_24h,拉萨,31
20200101,5,O3,拉萨,54
20200101,5,O3_24h,拉萨,77
20200101,5,O3_8h,拉萨,63
20200101,5,O3_8h_24h,拉萨,69
20200101,5,CO,拉萨,0.54
20200101,5,CO_24h,拉萨,0.88
20200101,6,AQI,拉萨,16
20200101,6,PM2.5,拉萨,7
20200101,6,PM2.5_24h,拉萨,21
20200101,6,PM10,拉萨,16
20200101,6,PM10_24h,拉萨,45
20200101,6,SO2,拉萨,5
20200101,6,SO2_24h,拉萨,7
20200101,6,NO2,拉萨,19
20200101,6,NO2_24h,拉萨,31
20200101,6,O3,拉萨,51
20200101,6,O3_24h,拉萨,77
20200101,6,O3_8h,拉萨,61
20200101,6,O3_8h_24h,拉萨,69
20200101,6,CO,拉萨,0.66
20200101,6,CO_24h,拉萨,0.84
20200101,7,AQI,拉萨,21
20200101,7,PM2.5,拉萨,8
20200101,7,PM2.5_24h,拉萨,20
20200101,7,PM10,拉萨,21
20200101,7,PM10_24h,拉萨,44
20200101,7,SO2,拉萨,5
20200101,7,SO2_24h,拉萨,7
20200101,7,NO2,拉萨,27
20200101,7,NO2_24h,拉萨,30
20200101,7,O3,拉萨,40
20200101,7,O3_24h,拉萨,77
20200101,7,O3_8h,拉萨,58
20200101,7,O3_8h_24h,拉萨,69
20200101,7,CO,拉萨,0.74
20200101,7,CO_24h,拉萨,0.84
20200101,8,AQI,拉萨,18
20200101,8,PM2.5,拉萨,10
20200101,8,PM2.5_24h,拉萨,20
20200101,8,PM10,拉萨,18
20200101,8,PM10_24h,拉萨,43
20200101,8,SO2,拉萨,5
20200101,8,SO2_24h,拉萨,6
20200101,8,NO2,拉萨,33
20200101,8,NO2_24h,拉萨,30
20200101,8,O3,拉萨,34
20200101,8,O3_24h,拉萨,77
20200101,8,O3_8h,拉萨,55
20200101,8,O3_8h_24h,拉萨,69
20200101,8,CO,拉萨,0.80
20200101,8,CO_24h,拉萨,0.84
20200101,9,AQI,拉萨,27
20200101,9,PM2.5,拉萨,14
20200101,9,PM2.5_24h,拉萨,19
20200101,9,PM10,拉萨,27
20200101,9,PM10_24h,拉萨,42
20200101,9,SO2,拉萨,5
20200101,9,SO2_24h,拉萨,6
20200101,9,NO2,拉萨,45
20200101,9,NO2_24h,拉萨,30
20200101,9,O3,拉萨,26
20200101,9,O3_24h,拉萨,77
20200101,9,O3_8h,拉萨,50
20200101,9,O3_8h_24h,拉萨,69
20200101,9,CO,拉萨,0.94
20200101,9,CO_24h,拉萨,0.82
20200101,10,AQI,拉萨,51
20200101,10,PM2.5,拉萨,30
20200101,10,PM2.5_24h,拉萨,19
20200101,10,PM10,拉萨,52
20200101,10,PM10_24h,拉萨,41
20200101,10,SO2,拉萨,8
20200101,10,SO2_24h,拉萨,6
20200101,10,NO2,拉萨,57
20200101,10,NO2_24h,拉萨,30
20200101,10,O3,拉萨,20
20200101,10,O3_24h,拉萨,77
20200101,10,O3_8h,拉萨,44
20200101,10,O3_8h_24h,拉萨,69
20200101,10,CO,拉萨,1.24
20200101,10,CO_24h,拉萨,0.82
20200101,11,AQI,拉萨,55
20200101,11,PM2.5,拉萨,35
20200101,11,PM2.5_24h,拉萨,19
20200101,11,PM10,拉萨,59
20200101,11,PM10_24h,拉萨,40
20200101,11,SO2,拉萨,7
20200101,11,SO2_24h,拉萨,6
20200101,11,NO2,拉萨,54
20200101,11,NO2_24h,拉萨,31
20200101,11,O3,拉萨,24
20200101,11,O3_24h,拉萨,77
20200101,11,O3_8h,拉萨,38
20200101,11,O3_8h_24h,拉萨,69
20200101,11,CO,拉萨,1.12
20200101,11,CO_24h,拉萨,0.80
20200101,12,AQI,拉萨,64
20200101,12,PM2.5,拉萨,42
20200101,12,PM2.5_24h,拉萨,20
20200101,12,PM10,拉萨,78
20200101,12,PM10_24h,拉萨,41
20200101,12,SO2,拉萨,7
20200101,12,SO2_24h,拉萨,6
20200101,12,NO2,拉萨,42
20200101,12,NO2_24h,拉萨,31
20200101,12,O3,拉萨,39
20200101,12,O3_24h,拉萨,77
20200101,12,O3_8h,拉萨,36
20200101,12,O3_8h_24h,拉萨,69
20200101,12,CO,拉萨,0.80
20200101,12,CO_24h,拉萨,0.80
20200101,13,AQI,拉萨,54
20200101,13,PM2.5,拉萨,26
20200101,13,PM2.5_24h,拉萨,20
20200101,13,PM10,拉萨,57
20200101,13,PM10_24h,拉萨,41
20200101,13,SO2,拉萨,6
20200101,13,SO2_24h,拉萨,6
20200101,13,NO2,拉萨,31
20200101,13,NO2_24h,拉萨,31
20200101,13,O3,拉萨,51
20200101,13,O3_24h,拉萨,77
20200101,13,O3_8h,拉萨,36
20200101,13,O3_8h_24h,拉萨,69
20200101,13,CO,拉萨,0.70
20200101,13,CO_24h,拉萨,0.80
20200101,14,AQI,拉萨,36
20200101,14,PM2.5,拉萨,16
20200101,14,PM2.5_24h,拉萨,20
20200101,14,PM10,拉萨,36
20200101,14,PM10_24h,拉萨,40
20200101,14,SO2,拉萨,5
20200101,14,SO2_24h,拉萨,6
20200101,14,NO2,拉萨,15
20200101,14,NO2_24h,拉萨,31
20200101,14,O3,拉萨,66
20200101,14,O3_24h,拉萨,77
20200101,14,O3_8h,拉萨,37
20200101,14,O3_8h_24h,拉萨,69
20200101,14,CO,拉萨,0.52
20200101,14,CO_24h,拉萨,0.78
20200101,15,AQI,拉萨,23
20200101,15,PM2.5,拉萨,9
20200101,15,PM2.5_24h,拉萨,19
20200101,15,PM10,拉萨,23
20200101,15,PM10_24h,拉萨,40
20200101,15,SO2,拉萨,5
20200101,15,SO2_24h,拉萨,6
20200101,15,NO2,拉萨,9
20200101,15,NO2_24h,拉萨,31
20200101,15,O3,拉萨,72
20200101,15,O3_24h,拉萨,77
20200101,15,O3_8h,拉萨,42
20200101,15,O3_8h_24h,拉萨,69
20200101,15,CO,拉萨,0.50
20200101,15,CO_24h,拉萨,0.78
20200101,16,AQI,拉萨,22
20200101,16,PM2.5,拉萨,14
20200101,16,PM2.5_24h,拉萨,19
20200101,16,PM10,拉萨,22
20200101,16,PM10_24h,拉萨,40
20200101,16,SO2,拉萨,5
20200101,16,SO2_24h,拉萨,6
20200101,16,NO2,拉萨,11
20200101,16,NO2_24h,拉萨,30
20200101,16,O3,拉萨,71
20200101,16,O3_24h,拉萨,77
20200101,16,O3_8h,拉萨,46
20200101,16,O3_8h_24h,拉萨,69
20200101,16,CO,拉萨,0.50
20200101,16,CO_24h,拉萨,0.78
20200101,17,AQI,拉萨,24
20200101,17,PM2.5,拉萨,11
20200101,17,PM2.5_24h,拉萨,19
20200101,17,PM10,拉萨,24
20200101,17,PM10_24h,拉萨,40
20200101,17,SO2,拉萨,5
20200101,17,SO2_24h,拉萨,6
20200101,17,NO2,拉萨,11
20200101,17,NO2_24h,拉萨,30
20200101,17,O3,拉萨,70
20200101,17,O3_24h,拉萨,76
20200101,17,O3_8h,拉萨,52
20200101,17,O3_8h_24h,拉萨,69
20200101,17,CO,拉萨,0.46
20200101,17,CO_24h,拉萨,0.78
20200101,18,AQI,拉萨,23
20200101,18,PM2.5,拉萨,10
20200101,18,PM2.5_24h,拉萨,19
20200101,18,PM10,拉萨,23
20200101,18,PM10_24h,拉萨,41
20200101,18,SO2,拉萨,5
20200101,18,SO2_24h,拉萨,6
20200101,18,NO2,拉萨,15
20200101,18,NO2_24h,拉萨,30
20200101,18,O3,拉萨,67
20200101,18,O3_24h,拉萨,76
20200101,18,O3_8h,拉萨,58
20200101,18,O3_8h_24h,拉萨,70
20200101,18,CO,拉萨,0.46
20200101,18,CO_24h,拉萨,0.78
20200101,19,AQI,拉萨,32
20200101,19,PM2.5,拉萨,15
20200101,19,PM2.5_24h,拉萨,19
20200101,19,PM10,拉萨,32
20200101,19,PM10_24h,拉萨,41
20200101,19,SO2,拉萨,6
20200101,19,SO2_24h,拉萨,6
20200101,19,NO2,拉萨,31
20200101,19,NO2_24h,拉萨,30
20200101,19,O3,拉萨,53
20200101,19,O3_24h,拉萨,75
20200101,19,O3_8h,拉萨,61
20200101,19,O3_8h_24h,拉萨,70
20200101,19,CO,拉萨,0.66
20200101,19,CO_24h,拉萨,0.78
20200101,20,AQI,拉萨,53
20200101,20,PM2.5,拉萨,27
20200101,20,PM2.5_24h,拉萨,19
20200101,20,PM10,拉萨,55
20200101,20,PM10_24h,拉萨,42
20200101,20,SO2,拉萨,9
20200101,20,SO2_24h,拉萨,6
20200101,20,NO2,拉萨,53
20200101,20,NO2_24h,拉萨,29
20200101,20,O3,拉萨,29
20200101,20,O3_24h,拉萨,75
20200101,20,O3_8h,拉萨,60
20200101,20,O3_8h_24h,拉萨,70
20200101,20,CO,拉萨,1.00
20200101,20,CO_24h,拉萨,0.78
20200101,21,AQI,拉萨,63
20200101,21,PM2.5,拉萨,24
20200101,21,PM2.5_24h,拉萨,18
20200101,21,PM10,拉萨,75
20200101,21,PM10_24h,拉萨,41
20200101,21,SO2,拉萨,10
20200101,21,SO2_24h,拉萨,6
20200101,21,NO2,拉萨,58
20200101,21,NO2_24h,拉萨,28
20200101,21,O3,拉萨,28
20200101,21,O3_24h,拉萨,75
20200101,21,O3_8h,拉萨,57
20200101,21,O3_8h_24h,拉萨,70
20200101,21,CO,拉萨,1.30
20200101,21,CO_24h,拉萨,0.76
20200101,22,AQI,拉萨,73
20200101,22,PM2.5,拉萨,31
20200101,22,PM2.5_24h,拉萨,17
20200101,22,PM10,拉萨,95
20200101,22,PM10_24h,拉萨,41
20200101,22,SO2,拉萨,10
20200101,22,SO2_24h,拉萨,6
20200101,22,NO2,拉萨,64
20200101,22,NO2_24h,拉萨,28
20200101,22,O3,拉萨,21
20200101,22,O3_24h,拉萨,75
20200101,22,O3_8h,拉萨,51
20200101,22,O3_8h_24h,拉萨,70
20200101,22,CO,拉萨,1.66
20200101,22,CO_24h,拉萨,0.76
20200101,23,AQI,拉萨,85
20200101,23,PM2.5,拉萨,63
20200101,23,PM2.5_24h,拉萨,18
20200101,23,PM10,拉萨,118
20200101,23,PM10_24h,拉萨,42
20200101,23,SO2,拉萨,9
20200101,23,SO2_24h,拉萨,6
20200101,23,NO2,拉萨,69
20200101,23,NO2_24h,拉萨,30
20200101,23,O3,拉萨,12
20200101,23,O3_24h,拉萨,75
20200101,23,O3_8h,拉萨,44
20200101,23,O3_8h_24h,拉萨,70
20200101,23,CO,拉萨,1.66
20200101,23,CO_24h,拉萨,0.78
20200101,0,AQI,昆明,35
20200101,0,PM2.5,昆明,24
20200101,0,PM2.5_24h,昆明,32
20200101,0,PM10,昆明,35
20200101,0,PM10_24h,昆明,66
20200101,0,SO2,昆明,12
20200101,0,SO2_24h,昆明,12
20200101,0,NO2,昆明,31
20200101,0,NO2_24h,昆明,37
20200101,0,O3,昆明,31
20200101,0,O3_24h,昆明,67
20200101,0,O3_8h,昆明,43
20200101,0,O3_8h_24h,昆明,56
20200101,0,CO,昆明,0.82
20200101,0,CO_24h,昆明,0.95
20200101,1,AQI,昆明,40
20200101,1,PM2.5,昆明,21
20200101,1,PM2.5_24h,昆明,30
20200101,1,PM10,昆明,40
20200101,1,PM10_24h,昆明,62
20200101,1,SO2,昆明,11
20200101,1,SO2_24h,昆明,12
20200101,1,NO2,昆明,27
20200101,1,NO2_24h,昆明,36
20200101,1,O3,昆明,34
20200101,1,O3_24h,昆明,67
20200101,1,O3_8h,昆明,34
20200101,1,O3_8h_24h,昆明,34
20200101,1,CO,昆明,0.70
20200101,1,CO_24h,昆明,0.92
20200101,2,AQI,昆明,30
20200101,2,PM2.5,昆明,21
20200101,2,PM2.5_24h,昆明,28
20200101,2,PM10,昆明,28
20200101,2,PM10_24h,昆明,57
20200101,2,SO2,昆明,10
20200101,2,SO2_24h,昆明,11
20200101,2,NO2,昆明,28
20200101,2,NO2_24h,昆明,35
20200101,2,O3,昆明,30
20200101,2,O3_24h,昆明,67
20200101,2,O3_8h,昆明,32
20200101,2,O3_8h_24h,昆明,34
20200101,2,CO,昆明,0.73
20200101,2,CO_24h,昆明,0.90
20200101,3,AQI,昆明,30
20200101,3,PM2.5,昆明,18
20200101,3,PM2.5_24h,昆明,27
20200101,3,PM10,昆明,30
20200101,3,PM10_24h,昆明,54
20200101,3,SO2,昆明,10
20200101,3,SO2_24h,昆明,11
20200101,3,NO2,昆明,26
20200101,3,NO2_24h,昆明,33
20200101,3,O3,昆明,32
20200101,3,O3_24h,昆明,67
20200101,3,O3_8h,昆明,32
20200101,3,O3_8h_24h,昆明,34
20200101,3,CO,昆明,0.75
20200101,3,CO_24h,昆明,0.87
20200101,4,AQI,昆明,21
20200101,4,PM2.5,昆明,12
20200101,4,PM2.5_24h,昆明,26
20200101,4,PM10,昆明,21
20200101,4,PM10_24h,昆明,50
20200101,4,SO2,昆明,8
20200101,4,SO2_24h,昆明,11
20200101,4,NO2,昆明,18
20200101,4,NO2_24h,昆明,32
20200101,4,O3,昆明,41
20200101,4,O3_24h,昆明,67
20200101,4,O3_8h,昆明,34
20200101,4,O3_8h_24h,昆明,35
20200101,4,CO,昆明,0.58
20200101,4,CO_24h,昆明,0.87
20200101,5,AQI,昆明,20
20200101,5,PM2.5,昆明,14
20200101,5,PM2.5_24h,昆明,25
20200101,5,PM10,昆明,18
20200101,5,PM10_24h,昆明,48
20200101,5,SO2,昆明,10
20200101,5,SO2_24h,昆明,11
20200101,5,NO2,昆明,24
20200101,5,NO2_24h,昆明,31
20200101,5,O3,昆明,35
20200101,5,O3_24h,昆明,67
20200101,5,O3_8h,昆明,34
20200101,5,O3_8h_24h,昆明,36
20200101,5,CO,昆明,0.68
20200101,5,CO_24h,昆明,0.83
20200101,6,AQI,昆明,26
20200101,6,PM2.5,昆明,18
20200101,6,PM2.5_24h,昆明,24
20200101,6,PM10,昆明,20
20200101,6,PM10_24h,昆明,45
20200101,6,SO2,昆明,10
20200101,6,SO2_24h,昆明,11
20200101,6,NO2,昆明,27
20200101,6,NO2_24h,昆明,30
20200101,6,O3,昆明,30
20200101,6,O3_24h,昆明,67
20200101,6,O3_8h,昆明,34
20200101,6,O3_8h_24h,昆明,36
20200101,6,CO,昆明,0.77
20200101,6,CO_24h,昆明,0.83
20200101,7,AQI,昆明,30
20200101,7,PM2.5,昆明,21
20200101,7,PM2.5_24h,昆明,23
20200101,7,PM10,昆明,27
20200101,7,PM10_24h,昆明,44
20200101,7,SO2,昆明,10
20200101,7,SO2_24h,昆明,11
20200101,7,NO2,昆明,36
20200101,7,NO2_24h,昆明,30
20200101,7,O3,昆明,17
20200101,7,O3_24h,昆明,67
20200101,7,O3_8h,昆明,31
20200101,7,O3_8h_24h,昆明,36
20200101,7,CO,昆明,0.80
20200101,7,CO_24h,昆明,0.82
20200101,8,AQI,昆明,40
20200101,8,PM2.5,昆明,25
20200101,8,PM2.5_24h,昆明,23
20200101,8,PM10,昆明,40
20200101,8,PM10_24h,昆明,42
20200101,8,SO2,昆明,11
20200101,8,SO2_24h,昆明,10
20200101,8,NO2,昆明,44
20200101,8,NO2_24h,昆明,30
20200101,8,O3,昆明,9
20200101,8,O3_24h,昆明,67
20200101,8,O3_8h,昆明,28
20200101,8,O3_8h_24h,昆明,36
20200101,8,CO,昆明,0.95
20200101,8,CO_24h,昆明,0.80
20200101,9,AQI,昆明,50
20200101,9,PM2.5,昆明,35
20200101,9,PM2.5_24h,昆明,22
20200101,9,PM10,昆明,42
20200101,9,PM10_24h,昆明,41
20200101,9,SO2,昆明,15
20200101,9,SO2_24h,昆明,11
20200101,9,NO2,昆明,43
20200101,9,NO2_24h,昆明,30
20200101,9,O3,昆明,8
20200101,9,O3_24h,昆明,67
20200101,9,O3_8h,昆明,25
20200101,9,O3_8h_24h,昆明,36
20200101,9,CO,昆明,1.05
20200101,9,CO_24h,昆明,0.78
20200101,10,AQI,昆明,54
20200101,10,PM2.5,昆明,35
20200101,10,PM2.5_24h,昆明,22
20200101,10,PM10,昆明,58
20200101,10,PM10_24h,昆明,39
20200101,10,SO2,昆明,12
20200101,10,SO2_24h,昆明,11
20200101,10,NO2,昆明,35
20200101,10,NO2_24h,昆明,29
20200101,10,O3,昆明,23
20200101,10,O3_24h,昆明,67
20200101,10,O3_8h,昆明,25
20200101,10,O3_8h_24h,昆明,36
20200101,10,CO,昆明,1.03
20200101,10,CO_24h,昆明,0.75
20200101,11,AQI,昆明,42
20200101,11,PM2.5,昆明,28
20200101,11,PM2.5_24h,昆明,21
20200101,11,PM10,昆明,42
20200101,11,PM10_24h,昆明,36
20200101,11,SO2,昆明,11
20200101,11,SO2_24h,昆明,10
20200101,11,NO2,昆明,27
20200101,11,NO2_24h,昆明,28
20200101,11,O3,昆明,35
20200101,11,O3_24h,昆明,67
20200101,11,O3_8h,昆明,25
20200101,11,O3_8h_24h,昆明,36
20200101,11,CO,昆明,0.83
20200101,11,CO_24h,昆明,0.73
20200101,12,AQI,昆明,46
20200101,12,PM2.5,昆明,32
20200101,12,PM2.5_24h,昆明,21
20200101,12,PM10,昆明,44
20200101,12,PM10_24h,昆明,34
20200101,12,SO2,昆明,11
20200101,12,SO2_24h,昆明,10
20200101,12,NO2,昆明,32
20200101,12,NO2_24h,昆明,27
20200101,12,O3,昆明,30
20200101,12,O3_24h,昆明,67
20200101,12,O3_8h,昆明,23
20200101,12,O3_8h_24h,昆明,36
20200101,12,CO,昆明,0.80
20200101,12,CO_24h,昆明,0.73
20200101,13,AQI,昆明,39
20200101,13,PM2.5,昆明,27
20200101,13,PM2.5_24h,昆明,21
20200101,13,PM10,昆明,36
20200101,13,PM10_24h,昆明,33
20200101,13,SO2,昆明,10
20200101,13,SO2_24h,昆明,10
20200101,13,NO2,昆明,27
20200101,13,NO2_24h,昆明,27
20200101,13,O3,昆明,38
20200101,13,O3_24h,昆明,67
20200101,13,O3_8h,昆明,24
20200101,13,O3_8h_24h,昆明,36
20200101,13,CO,昆明,0.72
20200101,13,CO_24h,昆明,0.73
20200101,14,AQI,昆明,23
20200101,14,PM2.5,昆明,15
20200101,14,PM2.5_24h,昆明,21
20200101,14,PM10,昆明,23
20200101,14,PM10_24h,昆明,34
20200101,14,SO2,昆明,8
20200101,14,SO2_24h,昆明,10
20200101,14,NO2,昆明,14
20200101,14,NO2_24h,昆明,27
20200101,14,O3,昆明,59
20200101,14,O3_24h,昆明,67
20200101,14,O3_8h,昆明,26
20200101,14,O3_8h_24h,昆明,36
20200101,14,CO,昆明,0.57
20200101,14,CO_24h,昆明,0.72
20200101,15,AQI,昆明,21
20200101,15,PM2.5,昆明,9
20200101,15,PM2.5_24h,昆明,21
20200101,15,PM10,昆明,15
20200101,15,PM10_24h,昆明,33
20200101,15,SO2,昆明,7
20200101,15,SO2_24h,昆明,10
20200101,15,NO2,昆明,13
20200101,15,NO2_24h,昆明,27
20200101,15,O3,昆明,66
20200101,15,O3_24h,昆明,68
20200101,15,O3_8h,昆明,33
20200101,15,O3_8h_24h,昆明,38
20200101,15,CO,昆明,0.48
20200101,15,CO_24h,昆明,0.72
20200101,16,AQI,昆明,26
20200101,16,PM2.5,昆明,7
20200101,16,PM2.5_24h,昆明,21
20200101,16,PM10,昆明,26
20200101,16,PM10_24h,昆明,34
20200101,16,SO2,昆明,7
20200101,16,SO2_24h,昆明,10
20200101,16,NO2,昆明,14
20200101,16,NO2_24h,昆明,27
20200101,16,O3,昆明,66
20200101,16,O3_24h,昆明,67
20200101,16,O3_8h,昆明,40
20200101,16,O3_8h_24h,昆明,41
20200101,16,CO,昆明,0.48
20200101,16,CO_24h,昆明,0.72
20200101,17,AQI,昆明,21
20200101,17,PM2.5,昆明,6
20200101,17,PM2.5_24h,昆明,21
20200101,17,PM10,昆明,21
20200101,17,PM10_24h,昆明,33
20200101,17,SO2,昆明,7
20200101,17,SO2_24h,昆明,10
20200101,17,NO2,昆明,14
20200101,17,NO2_24h,昆明,27
20200101,17,O3,昆明,65
20200101,17,O3_24h,昆明,67
20200101,17,O3_8h,昆明,47
20200101,17,O3_8h_24h,昆明,47
20200101,17,CO,昆明,0.48
20200101,17,CO_24h,昆明,0.72
20200101,18,AQI,昆明,29
20200101,18,PM2.5,昆明,7
20200101,18,PM2.5_24h,昆明,20
20200101,18,PM10,昆明,29
20200101,18,PM10_24h,昆明,33
20200101,18,SO2,昆明,7
20200101,18,SO2_24h,昆明,10
20200101,18,NO2,昆明,18
20200101,18,NO2_24h,昆明,27
20200101,18,O3,昆明,59
20200101,18,O3_24h,昆明,67
20200101,18,O3_8h,昆明,52
20200101,18,O3_8h_24h,昆明,52
20200101,18,CO,昆明,0.52
20200101,18,CO_24h,昆明,0.72
20200101,19,AQI,昆明,31
20200101,19,PM2.5,昆明,12
20200101,19,PM2.5_24h,昆明,20
20200101,19,PM10,昆明,31
20200101,19,PM10_24h,昆明,33
20200101,19,SO2,昆明,8
20200101,19,SO2_24h,昆明,10
20200101,19,NO2,昆明,25
20200101,19,NO2_24h,昆明,26
20200101,19,O3,昆明,49
20200101,19,O3_24h,昆明,67
20200101,19,O3_8h,昆明,54
20200101,19,O3_8h_24h,昆明,54
20200101,19,CO,昆明,0.58
20200101,19,CO_24h,昆明,0.72
20200101,20,AQI,昆明,36
20200101,20,PM2.5,昆明,16
20200101,20,PM2.5_24h,昆明,20
20200101,20,PM10,昆明,36
20200101,20,PM10_24h,昆明,32
20200101,20,SO2,昆明,8
20200101,20,SO2_24h,昆明,10
20200101,20,NO2,昆明,34
20200101,20,NO2_24h,昆明,27
20200101,20,O3,昆明,36
20200101,20,O3_24h,昆明,67
20200101,20,O3_8h,昆明,54
20200101,20,O3_8h_24h,昆明,55
20200101,20,CO,昆明,0.68
20200101,20,CO_24h,昆明,0.72
20200101,21,AQI,昆明,39
20200101,21,PM2.5,昆明,19
20200101,21,PM2.5_24h,昆明,20
20200101,21,PM10,昆明,39
20200101,21,PM10_24h,昆明,32
20200101,21,SO2,昆明,10
20200101,21,SO2_24h,昆明,10
20200101,21,NO2,昆明,37
20200101,21,NO2_24h,昆明,27
20200101,21,O3,昆明,30
20200101,21,O3_24h,昆明,67
20200101,21,O3_8h,昆明,54
20200101,21,O3_8h_24h,昆明,55
20200101,21,CO,昆明,0.72
20200101,21,CO_24h,昆明,0.72
20200101,22,AQI,昆明,41
20200101,22,PM2.5,昆明,21
20200101,22,PM2.5_24h,昆明,20
20200101,22,PM10,昆明,41
20200101,22,PM10_24h,昆明,33
20200101,22,SO2,昆明,13
20200101,22,SO2_24h,昆明,10
20200101,22,NO2,昆明,43
20200101,22,NO2_24h,昆明,28
20200101,22,O3,昆明,23
20200101,22,O3_24h,昆明,67
20200101,22,O3_8h,昆明,49
20200101,22,O3_8h_24h,昆明,55
20200101,22,CO,昆明,0.80
20200101,22,CO_24h,昆明,0.73
20200101,23,AQI,昆明,42
20200101,23,PM2.5,昆明,22
20200101,23,PM2.5_24h,昆明,19
20200101,23,PM10,昆明,42
20200101,23,PM10_24h,昆明,33
20200101,23,SO2,昆明,12
20200101,23,SO2_24h,昆明,10
20200101,23,NO2,昆明,47
20200101,23,NO2_24h,昆明,28
20200101,23,O3,昆明,17
20200101,23,O3_24h,昆明,67
20200101,23,O3_8h,昆明,43
20200101,23,O3_8h_24h,昆明,55
20200101,23,CO,昆明,0.88
20200101,23,CO_24h,昆明,0.75
20200101,0,AQI,武汉,65
20200101,0,PM2.5,武汉,41
20200101,0,PM2.5_24h,武汉,72
20200101,0,PM10,武汉,79
20200101,0,PM10_24h,武汉,108
20200101,0,SO2,武汉,9
20200101,0,SO2_24h,武汉,10
20200101,0,NO2,武汉,62
20200101,0,NO2_24h,武汉,48
20200101,0,O3,武汉,8
20200101,0,O3_24h,武汉,36
20200101,0,O3_8h,武汉,15
20200101,0,O3_8h_24h,武汉,29
20200101,0,CO,武汉,0.79
20200101,0,CO_24h,武汉,1.10
20200101,1,AQI,武汉,61
20200101,1,PM2.5,武汉,40
20200101,1,PM2.5_24h,武汉,67
20200101,1,PM10,武汉,71
20200101,1,PM10_24h,武汉,103
20200101,1,SO2,武汉,9
20200101,1,SO2_24h,武汉,10
20200101,1,NO2,武汉,60
20200101,1,NO2_24h,武汉,48
20200101,1,O3,武汉,9
20200101,1,O3_24h,武汉,36
20200101,1,O3_8h,武汉,9
20200101,1,O3_8h_24h,武汉,9
20200101,1,CO,武汉,0.77
20200101,1,CO_24h,武汉,1.07
20200101,2,AQI,武汉,61
20200101,2,PM2.5,武汉,41
20200101,2,PM2.5_24h,武汉,62
20200101,2,PM10,武汉,71
20200101,2,PM10_24h,武汉,98
20200101,2,SO2,武汉,11
20200101,2,SO2_24h,武汉,10
20200101,2,NO2,武汉,60
20200101,2,NO2_24h,武汉,49
20200101,2,O3,武汉,9
20200101,2,O3_24h,武汉,36
20200101,2,O3_8h,武汉,9
20200101,2,O3_8h_24h,武汉,10
20200101,2,CO,武汉,0.77
20200101,2,CO_24h,武汉,1.01
20200101,3,AQI,武汉,63
20200101,3,PM2.5,武汉,43
20200101,3,PM2.5_24h,武汉,58
20200101,3,PM10,武汉,75
20200101,3,PM10_24h,武汉,94
20200101,3,SO2,武汉,12
20200101,3,SO2_24h,武汉,10
20200101,3,NO2,武汉,59
20200101,3,NO2_24h,武汉,49
20200101,3,O3,武汉,9
20200101,3,O3_24h,武汉,36
20200101,3,O3_8h,武汉,9
20200101,3,O3_8h_24h,武汉,10
20200101,3,CO,武汉,0.78
20200101,3,CO_24h,武汉,1.00
20200101,4,AQI,武汉,63
20200101,4,PM2.5,武汉,41
20200101,4,PM2.5_24h,武汉,55
20200101,4,PM10,武汉,76
20200101,4,PM10_24h,武汉,90
20200101,4,SO2,武汉,11
20200101,4,SO2_24h,武汉,10
20200101,4,NO2,武汉,61
20200101,4,NO2_24h,武汉,50
20200101,4,O3,武汉,6
20200101,4,O3_24h,武汉,36
20200101,4,O3_8h,武汉,8
20200101,4,O3_8h_24h,武汉,10
20200101,4,CO,武汉,0.79
20200101,4,CO_24h,武汉,0.97
20200101,5,AQI,武汉,65
20200101,5,PM2.5,武汉,40
20200101,5,PM2.5_24h,武汉,52
20200101,5,PM10,武汉,80
20200101,5,PM10_24h,武汉,88
20200101,5,SO2,武汉,10
20200101,5,SO2_24h,武汉,10
20200101,5,NO2,武汉,60
20200101,5,NO2_24h,武汉,51
20200101,5,O3,武汉,6
20200101,5,O3_24h,武汉,36
20200101,5,O3_8h,武汉,8
20200101,5,O3_8h_24h,武汉,10
20200101,5,CO,武汉,0.76
20200101,5,CO_24h,武汉,0.96
20200101,6,AQI,武汉,66
20200101,6,PM2.5,武汉,41
20200101,6,PM2.5_24h,武汉,50
20200101,6,PM10,武汉,82
20200101,6,PM10_24h,武汉,86
20200101,6,SO2,武汉,11
20200101,6,SO2_24h,武汉,10
20200101,6,NO2,武汉,58
20200101,6,NO2_24h,武汉,52
20200101,6,O3,武汉,5
20200101,6,O3_24h,武汉,36
20200101,6,O3_8h,武汉,7
20200101,6,O3_8h_24h,武汉,10
20200101,6,CO,武汉,0.84
20200101,6,CO_24h,武汉,0.96
20200101,7,AQI,武汉,66
20200101,7,PM2.5,武汉,41
20200101,7,PM2.5_24h,武汉,49
20200101,7,PM10,武汉,82
20200101,7,PM10_24h,武汉,84
20200101,7,SO2,武汉,12
20200101,7,SO2_24h,武汉,11
20200101,7,NO2,武汉,59
20200101,7,NO2_24h,武汉,53
20200101,7,O3,武汉,6
20200101,7,O3_24h,武汉,36
20200101,7,O3_8h,武汉,7
20200101,7,O3_8h_24h,武汉,10
20200101,7,CO,武汉,0.99
20200101,7,CO_24h,武汉,0.96
20200101,8,AQI,武汉,64
20200101,8,PM2.5,武汉,34
20200101,8,PM2.5_24h,武汉,48
20200101,8,PM10,武汉,78
20200101,8,PM10_24h,武汉,83
20200101,8,SO2,武汉,13
20200101,8,SO2_24h,武汉,11
20200101,8,NO2,武汉,57
20200101,8,NO2_24h,武汉,54
20200101,8,O3,武汉,8
20200101,8,O3_24h,武汉,36
20200101,8,O3_8h,武汉,7
20200101,8,O3_8h_24h,武汉,10
20200101,8,CO,武汉,1.04
20200101,8,CO_24h,武汉,0.96
20200101,9,AQI,武汉,60
20200101,9,PM2.5,武汉,31
20200101,9,PM2.5_24h,武汉,48
20200101,9,PM10,武汉,70
20200101,9,PM10_24h,武汉,83
20200101,9,SO2,武汉,13
20200101,9,SO2_24h,武汉,11
20200101,9,NO2,武汉,54
20200101,9,NO2_24h,武汉,55
20200101,9,O3,武汉,10
20200101,9,O3_24h,武汉,36
20200101,9,O3_8h,武汉,7
20200101,9,O3_8h_24h,武汉,10
20200101,9,CO,武汉,1.08
20200101,9,CO_24h,武汉,0.96
20200101,10,AQI,武汉,58
20200101,10,PM2.5,武汉,32
20200101,10,PM2.5_24h,武汉,48
20200101,10,PM10,武汉,66
20200101,10,PM10_24h,武汉,81
20200101,10,SO2,武汉,12
20200101,10,SO2_24h,武汉,11
20200101,10,NO2,武汉,56
20200101,10,NO2_24h,武汉,56
20200101,10,O3,武汉,12
20200101,10,O3_24h,武汉,38
20200101,10,O3_8h,武汉,7
20200101,10,O3_8h_24h,武汉,10
20200101,10,CO,武汉,1.10
20200101,10,CO_24h,武汉,0.97
20200101,11,AQI,武汉,58
20200101,11,PM2.5,武汉,32
20200101,11,PM2.5_24h,武汉,47
20200101,11,PM10,武汉,65
20200101,11,PM10_24h,武汉,82
20200101,11,SO2,武汉,13
20200101,11,SO2_24h,武汉,11
20200101,11,NO2,武汉,52
20200101,11,NO2_24h,武汉,56
20200101,11,O3,武汉,14
20200101,11,O3_24h,武汉,36
20200101,11,O3_8h,武汉,8
20200101,11,O3_8h_24h,武汉,11
20200101,11,CO,武汉,1.11
20200101,11,CO_24h,武汉,0.96
20200101,12,AQI,武汉,58
20200101,12,PM2.5,武汉,34
20200101,12,PM2.5_24h,武汉,47
20200101,12,PM10,武汉,65
20200101,12,PM10_24h,武汉,81
20200101,12,SO2,武汉,13
20200101,12,SO2_24h,武汉,11
20200101,12,NO2,武汉,53
20200101,12,NO2_24h,武汉,57
20200101,12,O3,武汉,14
20200101,12,O3_24h,武汉,36
20200101,12,O3_8h,武汉,9
20200101,12,O3_8h_24h,武汉,11
20200101,12,CO,武汉,1.02
20200101,12,CO_24h,武汉,0.97
20200101,13,AQI,武汉,58
20200101,13,PM2.5,武汉,37
20200101,13,PM2.5_24h,武汉,46
20200101,13,PM10,武汉,66
20200101,13,PM10_24h,武汉,81
20200101,13,SO2,武汉,13
20200101,13,SO2_24h,武汉,11
20200101,13,NO2,武汉,52
20200101,13,NO2_24h,武汉,58
20200101,13,O3,武汉,15
20200101,13,O3_24h,武汉,36
20200101,13,O3_8h,武汉,11
20200101,13,O3_8h_24h,武汉,12
20200101,13,CO,武汉,1.02
20200101,13,CO_24h,武汉,0.97
20200101,14,AQI,武汉,57
20200101,14,PM2.5,武汉,40
20200101,14,PM2.5_24h,武汉,46
20200101,14,PM10,武汉,64
20200101,14,PM10_24h,武汉,81
20200101,14,SO2,武汉,12
20200101,14,SO2_24h,武汉,11
20200101,14,NO2,武汉,53
20200101,14,NO2_24h,武汉,58
20200101,14,O3,武汉,14
20200101,14,O3_24h,武汉,36
20200101,14,O3_8h,武汉,11
20200101,14,O3_8h_24h,武汉,12
20200101,14,CO,武汉,1.07
20200101,14,CO_24h,武汉,0.94
20200101,15,AQI,武汉,60
20200101,15,PM2.5,武汉,43
20200101,15,PM2.5_24h,武汉,45
20200101,15,PM10,武汉,64
20200101,15,PM10_24h,武汉,80
20200101,15,SO2,武汉,12
20200101,15,SO2_24h,武汉,11
20200101,15,NO2,武汉,60
20200101,15,NO2_24h,武汉,59
20200101,15,O3,武汉,10
20200101,15,O3_24h,武汉,36
20200101,15,O3_8h,武汉,12
20200101,15,O3_8h_24h,武汉,13
20200101,15,CO,武汉,1.24
20200101,15,CO_24h,武汉,0.94
20200101,16,AQI,武汉,70
20200101,16,PM2.5,武汉,51
20200101,16,PM2.5_24h,武汉,45
20200101,16,PM10,武汉,78
20200101,16,PM10_24h,武汉,79
20200101,16,SO2,武汉,14
20200101,16,SO2_24h,武汉,11
20200101,16,NO2,武汉,63
20200101,16,NO2_24h,武汉,59
20200101,16,O3,武汉,8
20200101,16,O3_24h,武汉,33
20200101,16,O3_8h,武汉,12
20200101,16,O3_8h_24h,武汉,13
20200101,16,CO,武汉,1.38
20200101,16,CO_24h,武汉,0.98
20200101,17,AQI,武汉,71
20200101,17,PM2.5,武汉,52
20200101,17,PM2.5_24h,武汉,44
20200101,17,PM10,武汉,77
20200101,17,PM10_24h,武汉,78
20200101,17,SO2,武汉,14
20200101,17,SO2_24h,武汉,11
20200101,17,NO2,武汉,64
20200101,17,NO2_24h,武汉,60
20200101,17,O3,武汉,7
20200101,17,O3_24h,武汉,26
20200101,17,O3_8h,武汉,12
20200101,17,O3_8h_24h,武汉,13
20200101,17,CO,武汉,1.19
20200101,17,CO_24h,武汉,0.99
20200101,18,AQI,武汉,71
20200101,18,PM2.5,武汉,52
20200101,18,PM2.5_24h,武汉,44
20200101,18,PM10,武汉,82
20200101,18,PM10_24h,武汉,78
20200101,18,SO2,武汉,14
20200101,18,SO2_24h,武汉,11
20200101,18,NO2,武汉,64
20200101,18,NO2_24h,武汉,60
20200101,18,O3,武汉,5
20200101,18,O3_24h,武汉,23
20200101,18,O3_8h,武汉,11
20200101,18,O3_8h_24h,武汉,13
20200101,18,CO,武汉,1.09
20200101,18,CO_24h,武汉,0.99
20200101,19,AQI,武汉,75
20200101,19,PM2.5,武汉,55
20200101,19,PM2.5_24h,武汉,43
20200101,19,PM10,武汉,85
20200101,19,PM10_24h,武汉,77
20200101,19,SO2,武汉,13
20200101,19,SO2_24h,武汉,11
20200101,19,NO2,武汉,62
20200101,19,NO2_24h,武汉,60
20200101,19,O3,武汉,5
20200101,19,O3_24h,武汉,20
20200101,19,O3_8h,武汉,10
20200101,19,O3_8h_24h,武汉,13
20200101,19,CO,武汉,1.01
20200101,19,CO_24h,武汉,1.00
20200101,20,AQI,武汉,81
20200101,20,PM2.5,武汉,60
20200101,20,PM2.5_24h,武汉,43
20200101,20,PM10,武汉,86
20200101,20,PM10_24h,武汉,77
20200101,20,SO2,武汉,11
20200101,20,SO2_24h,武汉,11
20200101,20,NO2,武汉,58
20200101,20,NO2_24h,武汉,59
20200101,20,O3,武汉,6
20200101,20,O3_24h,武汉,18
20200101,20,O3_8h,武汉,9
20200101,20,O3_8h_24h,武汉,13
20200101,20,CO,武汉,0.97
20200101,20,CO_24h,武汉,0.99
20200101,21,AQI,武汉,85
20200101,21,PM2.5,武汉,63
20200101,21,PM2.5_24h,武汉,43
20200101,21,PM10,武汉,86
20200101,21,PM10_24h,武汉,76
20200101,21,SO2,武汉,10
20200101,21,SO2_24h,武汉,12
20200101,21,NO2,武汉,55
20200101,21,NO2_24h,武汉,59
20200101,21,O3,武汉,6
20200101,21,O3_24h,武汉,17
20200101,21,O3_8h,武汉,8
20200101,21,O3_8h_24h,武汉,13
20200101,21,CO,武汉,0.98
20200101,21,CO_24h,武汉,1.00
20200101,22,AQI,武汉,91
20200101,22,PM2.5,武汉,68
20200101,22,PM2.5_24h,武汉,44
20200101,22,PM10,武汉,86
20200101,22,PM10_24h,武汉,76
20200101,22,SO2,武汉,9
20200101,22,SO2_24h,武汉,12
20200101,22,NO2,武汉,54
20200101,22,NO2_24h,武汉,58
20200101,22,O3,武汉,6
20200101,22,O3_24h,武汉,18
20200101,22,O3_8h,武汉,7
20200101,22,O3_8h_24h,武汉,13
20200101,22,CO,武汉,1.01
20200101,22,CO_24h,武汉,0.99
20200101,23,AQI,武汉,94
20200101,23,PM2.5,武汉,70
20200101,23,PM2.5_24h,武汉,45
20200101,23,PM10,武汉,87
20200101,23,PM10_24h,武汉,76
20200101,23,SO2,武汉,8
20200101,23,SO2_24h,武汉,11
20200101,23,NO2,武汉,55
20200101,23,NO2_24h,武汉,58
20200101,23,O3,武汉,5
20200101,23,O3_24h,武汉,18
20200101,23,O3_8h,武汉,6
20200101,23,O3_8h_24h,武汉,13
20200101,23,CO,武汉,1.16
20200101,23,CO_24h,武汉,0.98
20200101,0,AQI,沈阳,65
20200101,0,PM2.5,沈阳,47
20200101,0,PM2.5_24h,沈阳,38
20200101,0,PM10,沈阳,74
20200101,0,PM10_24h,沈阳,57
20200101,0,SO2,沈阳,29
20200101,0,SO2_24h,沈阳,32
20200101,0,NO2,沈阳,59
20200101,0,NO2_24h,沈阳,47
20200101,0,O3,沈阳,8
20200101,0,O3_24h,沈阳,48
20200101,0,O3_8h,沈阳,13
20200101,0,O3_8h_24h,沈阳,35
20200101,0,CO,沈阳,1.76
20200101,0,CO_24h,沈阳,1.27
20200101,1,AQI,沈阳,71
20200101,1,PM2.5,沈阳,52
20200101,1,PM2.5_24h,沈阳,39
20200101,1,PM10,沈阳,79
20200101,1,PM10_24h,沈阳,59
20200101,1,SO2,沈阳,27
20200101,1,SO2_24h,沈阳,32
20200101,1,NO2,沈阳,60
20200101,1,NO2_24h,沈阳,48
20200101,1,O3,沈阳,7
20200101,1,O3_24h,沈阳,48
20200101,1,O3_8h,沈阳,7
20200101,1,O3_8h_24h,沈阳,7
20200101,1,CO,沈阳,1.87
20200101,1,CO_24h,沈阳,1.29
20200101,2,AQI,沈阳,85
20200101,2,PM2.5,沈阳,63
20200101,2,PM2.5_24h,沈阳,40
20200101,2,PM10,沈阳,94
20200101,2,PM10_24h,沈阳,61
20200101,2,SO2,沈阳,28
20200101,2,SO2_24h,沈阳,33
20200101,2,NO2,沈阳,60
20200101,2,NO2_24h,沈阳,49
20200101,2,O3,沈阳,7
20200101,2,O3_24h,沈阳,48
20200101,2,O3_8h,沈阳,7
20200101,2,O3_8h_24h,沈阳,7
20200101,2,CO,沈阳,1.94
20200101,2,CO_24h,沈阳,1.36
20200101,3,AQI,沈阳,99
20200101,3,PM2.5,沈阳,74
20200101,3,PM2.5_24h,沈阳,42
20200101,3,PM10,沈阳,109
20200101,3,PM10_24h,沈阳,63
20200101,3,SO2,沈阳,29
20200101,3,SO2_24h,沈阳,33
20200101,3,NO2,沈阳,60
20200101,3,NO2_24h,沈阳,49
20200101,3,O3,沈阳,8
20200101,3,O3_24h,沈阳,48
20200101,3,O3_8h,沈阳,7
20200101,3,O3_8h_24h,沈阳,7
20200101,3,CO,沈阳,1.92
20200101,3,CO_24h,沈阳,1.40
20200101,4,AQI,沈阳,105
20200101,4,PM2.5,沈阳,79
20200101,4,PM2.5_24h,沈阳,43
20200101,4,PM10,沈阳,113
20200101,4,PM10_24h,沈阳,65
20200101,4,SO2,沈阳,33
20200101,4,SO2_24h,沈阳,34
20200101,4,NO2,沈阳,59
20200101,4,NO2_24h,沈阳,50
20200101,4,O3,沈阳,8
20200101,4,O3_24h,沈阳,48
20200101,4,O3_8h,沈阳,8
20200101,4,O3_8h_24h,沈阳,8
20200101,4,CO,沈阳,2.01
20200101,4,CO_24h,沈阳,1.43
20200101,5,AQI,沈阳,104
20200101,5,PM2.5,沈阳,78
20200101,5,PM2.5_24h,沈阳,45
20200101,5,PM10,沈阳,112
20200101,5,PM10_24h,沈阳,67
20200101,5,SO2,沈阳,32
20200101,5,SO2_24h,沈阳,34
20200101,5,NO2,沈阳,59
20200101,5,NO2_24h,沈阳,50
20200101,5,O3,沈阳,8
20200101,5,O3_24h,沈阳,48
20200101,5,O3_8h,沈阳,8
20200101,5,O3_8h_24h,沈阳,8
20200101,5,CO,沈阳,1.94
20200101,5,CO_24h,沈阳,1.47
20200101,6,AQI,沈阳,110
20200101,6,PM2.5,沈阳,83
20200101,6,PM2.5_24h,沈阳,46
20200101,6,PM10,沈阳,120
20200101,6,PM10_24h,沈阳,70
20200101,6,SO2,沈阳,35
20200101,6,SO2_24h,沈阳,35
20200101,6,NO2,沈阳,58
20200101,6,NO2_24h,沈阳,51
20200101,6,O3,沈阳,8
20200101,6,O3_24h,沈阳,48
20200101,6,O3_8h,沈阳,8
20200101,6,O3_8h_24h,沈阳,8
20200101,6,CO,沈阳,1.99
20200101,6,CO_24h,沈阳,1.50
20200101,7,AQI,沈阳,110
20200101,7,PM2.5,沈阳,83
20200101,7,PM2.5_24h,沈阳,47
20200101,7,PM10,沈阳,119
20200101,7,PM10_24h,沈阳,71
20200101,7,SO2,沈阳,40
20200101,7,SO2_24h,沈阳,35
20200101,7,NO2,沈阳,58
20200101,7,NO2_24h,沈阳,51
20200101,7,O3,沈阳,9
20200101,7,O3_24h,沈阳,48
20200101,7,O3_8h,沈阳,8
20200101,7,O3_8h_24h,沈阳,8
20200101,7,CO,沈阳,1.89
20200101,7,CO_24h,沈阳,1.53
20200101,8,AQI,沈阳,114
20200101,8,PM2.5,沈阳,86
20200101,8,PM2.5_24h,沈阳,48
20200101,8,PM10,沈阳,123
20200101,8,PM10_24h,沈阳,73
20200101,8,SO2,沈阳,46
20200101,8,SO2_24h,沈阳,35
20200101,8,NO2,沈阳,57
20200101,8,NO2_24h,沈阳,51
20200101,8,O3,沈阳,10
20200101,8,O3_24h,沈阳,48
20200101,8,O3_8h,沈阳,8
20200101,8,O3_8h_24h,沈阳,8
20200101,8,CO,沈阳,2.22
20200101,8,CO_24h,沈阳,1.54
20200101,9,AQI,沈阳,128
20200101,9,PM2.5,沈阳,97
20200101,9,PM2.5_24h,沈阳,50
20200101,9,PM10,沈阳,131
20200101,9,PM10_24h,沈阳,74
20200101,9,SO2,沈阳,56
20200101,9,SO2_24h,沈阳,34
20200101,9,NO2,沈阳,54
20200101,9,NO2_24h,沈阳,51
20200101,9,O3,沈阳,13
20200101,9,O3_24h,沈阳,48
20200101,9,O3_8h,沈阳,9
20200101,9,O3_8h_24h,沈阳,9
20200101,9,CO,沈阳,2.43
20200101,9,CO_24h,沈阳,1.53
20200101,10,AQI,沈阳,164
20200101,10,PM2.5,沈阳,125
20200101,10,PM2.5_24h,沈阳,53
20200101,10,PM10,沈阳,170
20200101,10,PM10_24h,沈阳,78
20200101,10,SO2,沈阳,59
20200101,10,SO2_24h,沈阳,34
20200101,10,NO2,沈阳,59
20200101,10,NO2_24h,沈阳,52
20200101,10,O3,沈阳,16
20200101,10,O3_24h,沈阳,48
20200101,10,O3_8h,沈阳,10
20200101,10,O3_8h_24h,沈阳,10
20200101,10,CO,沈阳,2.71
20200101,10,CO_24h,沈阳,1.58
20200101,11,AQI,沈阳,208
20200101,11,PM2.5,沈阳,158
20200101,11,PM2.5_24h,沈阳,57
20200101,11,PM10,沈阳,211
20200101,11,PM10_24h,沈阳,84
20200101,11,SO2,沈阳,51
20200101,11,SO2_24h,沈阳,34
20200101,11,NO2,沈阳,63
20200101,11,NO2_24h,沈阳,53
20200101,11,O3,沈阳,21
20200101,11,O3_24h,沈阳,48
20200101,11,O3_8h,沈阳,12
20200101,11,O3_8h_24h,沈阳,12
20200101,11,CO,沈阳,2.51
20200101,11,CO_24h,沈阳,1.62
20200101,12,AQI,沈阳,161
20200101,12,PM2.5,沈阳,123
20200101,12,PM2.5_24h,沈阳,60
20200101,12,PM10,沈阳,171
20200101,12,PM10_24h,沈阳,88
20200101,12,SO2,沈阳,43
20200101,12,SO2_24h,沈阳,34
20200101,12,NO2,沈阳,59
20200101,12,NO2_24h,沈阳,54
20200101,12,O3,沈阳,28
20200101,12,O3_24h,沈阳,48
20200101,12,O3_8h,沈阳,14
20200101,12,O3_8h_24h,沈阳,14
20200101,12,CO,沈阳,1.61
20200101,12,CO_24h,沈阳,1.61
20200101,13,AQI,沈阳,118
20200101,13,PM2.5,沈阳,89
20200101,13,PM2.5_24h,沈阳,63
20200101,13,PM10,沈阳,129
20200101,13,PM10_24h,沈阳,92
20200101,13,SO2,沈阳,39
20200101,13,SO2_24h,沈阳,34
20200101,13,NO2,沈阳,54
20200101,13,NO2_24h,沈阳,55
20200101,13,O3,沈阳,35
20200101,13,O3_24h,沈阳,48
20200101,13,O3_8h,沈阳,17
20200101,13,O3_8h_24h,沈阳,17
20200101,13,CO,沈阳,1.24
20200101,13,CO_24h,沈阳,1.62
20200101,14,AQI,沈阳,94
20200101,14,PM2.5,沈阳,70
20200101,14,PM2.5_24h,沈阳,65
20200101,14,PM10,沈阳,108
20200101,14,PM10_24h,沈阳,95
20200101,14,SO2,沈阳,32
20200101,14,SO2_24h,沈阳,34
20200101,14,NO2,沈阳,48
20200101,14,NO2_24h,沈阳,56
20200101,14,O3,沈阳,40
20200101,14,O3_24h,沈阳,50
20200101,14,O3_8h,沈阳,21
20200101,14,O3_8h_24h,沈阳,21
20200101,14,CO,沈阳,0.97
20200101,14,CO_24h,沈阳,1.61
20200101,15,AQI,沈阳,85
20200101,15,PM2.5,沈阳,63
20200101,15,PM2.5_24h,沈阳,67
20200101,15,PM10,沈阳,101
20200101,15,PM10_24h,沈阳,98
20200101,15,SO2,沈阳,31
20200101,15,SO2_24h,沈阳,34
20200101,15,NO2,沈阳,49
20200101,15,NO2_24h,沈阳,56
20200101,15,O3,沈阳,38
20200101,15,O3_24h,沈阳,45
20200101,15,O3_8h,沈阳,25
20200101,15,O3_8h_24h,沈阳,25
20200101,15,CO,沈阳,0.87
20200101,15,CO_24h,沈阳,1.60
20200101,16,AQI,沈阳,66
20200101,16,PM2.5,沈阳,48
20200101,16,PM2.5_24h,沈阳,68
20200101,16,PM10,沈阳,80
20200101,16,PM10_24h,沈阳,100
20200101,16,SO2,沈阳,24
20200101,16,SO2_24h,沈阳,34
20200101,16,NO2,沈阳,48
20200101,16,NO2_24h,沈阳,57
20200101,16,O3,沈阳,34
20200101,16,O3_24h,沈阳,41
20200101,16,O3_8h,沈阳,28
20200101,16,O3_8h_24h,沈阳,28
20200101,16,CO,沈阳,0.71
20200101,16,CO_24h,沈阳,1.61
20200101,17,AQI,沈阳,60
20200101,17,PM2.5,沈阳,43
20200101,17,PM2.5_24h,沈阳,69
20200101,17,PM10,沈阳,67
20200101,17,PM10_24h,沈阳,101
20200101,17,SO2,沈阳,20
20200101,17,SO2_24h,沈阳,34
20200101,17,NO2,沈阳,56
20200101,17,NO2_24h,沈阳,57
20200101,17,O3,沈阳,25
20200101,17,O3_24h,沈阳,41
20200101,17,O3_8h,沈阳,30
20200101,17,O3_8h_24h,沈阳,30
20200101,17,CO,沈阳,0.64
20200101,17,CO_24h,沈阳,1.61
20200101,18,AQI,沈阳,71
20200101,18,PM2.5,沈阳,52
20200101,18,PM2.5_24h,沈阳,70
20200101,18,PM10,沈阳,76
20200101,18,PM10_24h,沈阳,102
20200101,18,SO2,沈阳,25
20200101,18,SO2_24h,沈阳,34
20200101,18,NO2,沈阳,70
20200101,18,NO2_24h,沈阳,57
20200101,18,O3,沈阳,12
20200101,18,O3_24h,沈阳,41
20200101,18,O3_8h,沈阳,29
20200101,18,O3_8h_24h,沈阳,30
20200101,18,CO,沈阳,0.73
20200101,18,CO_24h,沈阳,1.58
20200101,19,AQI,沈阳,83
20200101,19,PM2.5,沈阳,61
20200101,19,PM2.5_24h,沈阳,71
20200101,19,PM10,沈阳,85
20200101,19,PM10_24h,沈阳,104
20200101,19,SO2,沈阳,27
20200101,19,SO2_24h,沈阳,34
20200101,19,NO2,沈阳,72
20200101,19,NO2_24h,沈阳,58
20200101,19,O3,沈阳,11
20200101,19,O3_24h,沈阳,41
20200101,19,O3_8h,沈阳,28
20200101,19,O3_8h_24h,沈阳,30
20200101,19,CO,沈阳,0.86
20200101,19,CO_24h,沈阳,1.61
20200101,20,AQI,沈阳,93
20200101,20,PM2.5,沈阳,69
20200101,20,PM2.5_24h,沈阳,73
20200101,20,PM10,沈阳,96
20200101,20,PM10_24h,沈阳,106
20200101,20,SO2,沈阳,29
20200101,20,SO2_24h,沈阳,34
20200101,20,NO2,沈阳,72
20200101,20,NO2_24h,沈阳,59
20200101,20,O3,沈阳,10
20200101,20,O3_24h,沈阳,41
20200101,20,O3_8h,沈阳,25
20200101,20,O3_8h_24h,沈阳,30
20200101,20,CO,沈阳,0.87
20200101,20,CO_24h,沈阳,1.59
20200101,21,AQI,沈阳,106
20200101,21,PM2.5,沈阳,80
20200101,21,PM2.5_24h,沈阳,75
20200101,21,PM10,沈阳,110
20200101,21,PM10_24h,沈阳,108
20200101,21,SO2,沈阳,30
20200101,21,SO2_24h,沈阳,34
20200101,21,NO2,沈阳,74
20200101,21,NO2_24h,沈阳,59
20200101,21,O3,沈阳,9
20200101,21,O3_24h,沈阳,41
20200101,21,O3_8h,沈阳,22
20200101,21,O3_8h_24h,沈阳,30
20200101,21,CO,沈阳,0.98
20200101,21,CO_24h,沈阳,1.59
20200101,22,AQI,沈阳,113
20200101,22,PM2.5,沈阳,85
20200101,22,PM2.5_24h,沈阳,77
20200101,22,PM10,沈阳,120
20200101,22,PM10_24h,沈阳,111
20200101,22,SO2,沈阳,28
20200101,22,SO2_24h,沈阳,34
20200101,22,NO2,沈阳,73
20200101,22,NO2_24h,沈阳,60
20200101,22,O3,沈阳,10
20200101,22,O3_24h,沈阳,41
20200101,22,O3_8h,沈阳,19
20200101,22,O3_8h_24h,沈阳,30
20200101,22,CO,沈阳,1.13
20200101,22,CO_24h,沈阳,1.57
20200101,23,AQI,沈阳,125
20200101,23,PM2.5,沈阳,95
20200101,23,PM2.5_24h,沈阳,79
20200101,23,PM10,沈阳,129
20200101,23,PM10_24h,沈阳,113
20200101,23,SO2,沈阳,24
20200101,23,SO2_24h,沈阳,34
20200101,23,NO2,沈阳,70
20200101,23,NO2_24h,沈阳,61
20200101,23,O3,沈阳,10
20200101,23,O3_24h,沈阳,41
20200101,23,O3_8h,沈阳,15
20200101,23,O3_8h_24h,沈阳,30
20200101,23,CO,沈阳,1.38
20200101,23,CO_24h,沈阳,1.55
20200101,0,AQI,深圳,64
20200101,0,PM2.5,深圳,46
20200101,0,PM2.5_24h,深圳,37
20200101,0,PM10,深圳,78
20200101,0,PM10_24h,深圳,58
20200101,0,SO2,深圳,6
20200101,0,SO2_24h,深圳,7
20200101,0,NO2,深圳,26
20200101,0,NO2_24h,深圳,35
20200101,0,O3,深圳,52
20200101,0,O3_24h,深圳,70
20200101,0,O3_8h,深圳,48
20200101,0,O3_8h_24h,深圳,52
20200101,0,CO,深圳,0.78
20200101,0,CO_24h,深圳,0.70
20200101,1,AQI,深圳,64
20200101,1,PM2.5,深圳,45
20200101,1,PM2.5_24h,深圳,38
20200101,1,PM10,深圳,77
20200101,1,PM10_24h,深圳,60
20200101,1,SO2,深圳,6
20200101,1,SO2_24h,深圳,7
20200101,1,NO2,深圳,21
20200101,1,NO2_24h,深圳,34
20200101,1,O3,深圳,54
20200101,1,O3_24h,深圳,71
20200101,1,O3_8h,深圳,54
20200101,1,O3_8h_24h,深圳,54
20200101,1,CO,深圳,0.76
20200101,1,CO_24h,深圳,0.70
20200101,2,AQI,深圳,64
20200101,2,PM2.5,深圳,46
20200101,2,PM2.5_24h,深圳,40
20200101,2,PM10,深圳,78
20200101,2,PM10_24h,深圳,63
20200101,2,SO2,深圳,6
20200101,2,SO2_24h,深圳,7
20200101,2,NO2,深圳,21
20200101,2,NO2_24h,深圳,34
20200101,2,O3,深圳,46
20200101,2,O3_24h,深圳,71
20200101,2,O3_8h,深圳,50
20200101,2,O3_8h_24h,深圳,55
20200101,2,CO,深圳,0.75
20200101,2,CO_24h,深圳,0.72
20200101,3,AQI,深圳,64
20200101,3,PM2.5,深圳,46
20200101,3,PM2.5_24h,深圳,41
20200101,3,PM10,深圳,76
20200101,3,PM10_24h,深圳,65
20200101,3,SO2,深圳,6
20200101,3,SO2_24h,深圳,7
20200101,3,NO2,深圳,24
20200101,3,NO2_24h,深圳,34
20200101,3,O3,深圳,38
20200101,3,O3_24h,深圳,71
20200101,3,O3_8h,深圳,46
20200101,3,O3_8h_24h,深圳,55
20200101,3,CO,深圳,0.76
20200101,3,CO_24h,深圳,0.73
20200101,4,AQI,深圳,61
20200101,4,PM2.5,深圳,43
20200101,4,PM2.5_24h,深圳,42
20200101,4,PM10,深圳,71
20200101,4,PM10_24h,深圳,67
20200101,4,SO2,深圳,6
20200101,4,SO2_24h,深圳,7
20200101,4,NO2,深圳,23
20200101,4,NO2_24h,深圳,33
20200101,4,O3,深圳,39
20200101,4,O3_24h,深圳,71
20200101,4,O3_8h,深圳,44
20200101,4,O3_8h_24h,深圳,55
20200101,4,CO,深圳,0.75
20200101,4,CO_24h,深圳,0.74
20200101,5,AQI,深圳,60
20200101,5,PM2.5,深圳,43
20200101,5,PM2.5_24h,深圳,43
20200101,5,PM10,深圳,70
20200101,5,PM10_24h,深圳,69
20200101,5,SO2,深圳,6
20200101,5,SO2_24h,深圳,7
20200101,5,NO2,深圳,23
20200101,5,NO2_24h,深圳,33
20200101,5,O3,深圳,35
20200101,5,O3_24h,深圳,71
20200101,5,O3_8h,深圳,43
20200101,5,O3_8h_24h,深圳,55
20200101,5,CO,深圳,0.74
20200101,5,CO_24h,深圳,0.75
20200101,6,AQI,深圳,60
20200101,6,PM2.5,深圳,42
20200101,6,PM2.5_24h,深圳,45
20200101,6,PM10,深圳,70
20200101,6,PM10_24h,深圳,71
20200101,6,SO2,深圳,6
20200101,6,SO2_24h,深圳,7
20200101,6,NO2,深圳,25
20200101,6,NO2_24h,深圳,33
20200101,6,O3,深圳,28
20200101,6,O3_24h,深圳,71
20200101,6,O3_8h,深圳,40
20200101,6,O3_8h_24h,深圳,55
20200101,6,CO,深圳,0.76
20200101,6,CO_24h,深圳,0.75
20200101,7,AQI,深圳,60
20200101,7,PM2.5,深圳,42
20200101,7,PM2.5_24h,深圳,46
20200101,7,PM10,深圳,69
20200101,7,PM10_24h,深圳,73
20200101,7,SO2,深圳,6
20200101,7,SO2_24h,深圳,7
20200101,7,NO2,深圳,27
20200101,7,NO2_24h,深圳,32
20200101,7,O3,深圳,24
20200101,7,O3_24h,深圳,71
20200101,7,O3_8h,深圳,38
20200101,7,O3_8h_24h,深圳,55
20200101,7,CO,深圳,0.75
20200101,7,CO_24h,深圳,0.78
20200101,8,AQI,深圳,60
20200101,8,PM2.5,深圳,43
20200101,8,PM2.5_24h,深圳,46
20200101,8,PM10,深圳,69
20200101,8,PM10_24h,深圳,74
20200101,8,SO2,深圳,6
20200101,8,SO2_24h,深圳,7
20200101,8,NO2,深圳,28
20200101,8,NO2_24h,深圳,32
20200101,8,O3,深圳,20
20200101,8,O3_24h,深圳,71
20200101,8,O3_8h,深圳,36
20200101,8,O3_8h_24h,深圳,55
20200101,8,CO,深圳,0.75
20200101,8,CO_24h,深圳,0.78
20200101,9,AQI,深圳,60
20200101,9,PM2.5,深圳,43
20200101,9,PM2.5_24h,深圳,48
20200101,9,PM10,深圳,69
20200101,9,PM10_24h,深圳,76
20200101,9,SO2,深圳,6
20200101,9,SO2_24h,深圳,7
20200101,9,NO2,深圳,28
20200101,9,NO2_24h,深圳,31
20200101,9,O3,深圳,24
20200101,9,O3_24h,深圳,71
20200101,9,O3_8h,深圳,32
20200101,9,O3_8h_24h,深圳,55
20200101,9,CO,深圳,0.76
20200101,9,CO_24h,深圳,0.78
20200101,10,AQI,深圳,58
20200101,10,PM2.5,深圳,41
20200101,10,PM2.5_24h,深圳,48
20200101,10,PM10,深圳,66
20200101,10,PM10_24h,深圳,76
20200101,10,SO2,深圳,6
20200101,10,SO2_24h,深圳,7
20200101,10,NO2,深圳,26
20200101,10,NO2_24h,深圳,31
20200101,10,O3,深圳,30
20200101,10,O3_24h,深圳,71
20200101,10,O3_8h,深圳,30
20200101,10,O3_8h_24h,深圳,55
20200101,10,CO,深圳,0.74
20200101,10,CO_24h,深圳,0.78
20200101,11,AQI,深圳,56
20200101,11,PM2.5,深圳,39
20200101,11,PM2.5_24h,深圳,47
20200101,11,PM10,深圳,62
20200101,11,PM10_24h,深圳,76
20200101,11,SO2,深圳,6
20200101,11,SO2_24h,深圳,7
20200101,11,NO2,深圳,26
20200101,11,NO2_24h,深圳,30
20200101,11,O3,深圳,35
20200101,11,O3_24h,深圳,71
20200101,11,O3_8h,深圳,29
20200101,11,O3_8h_24h,深圳,55
20200101,11,CO,深圳,0.74
20200101,11,CO_24h,深圳,0.78
20200101,12,AQI,深圳,56
20200101,12,PM2.5,深圳,39
20200101,12,PM2.5_24h,深圳,47
20200101,12,PM10,深圳,62
20200101,12,PM10_24h,深圳,75
20200101,12,SO2,深圳,6
20200101,12,SO2_24h,深圳,7
20200101,12,NO2,深圳,24
20200101,12,NO2_24h,深圳,29
20200101,12,O3,深圳,40
20200101,12,O3_24h,深圳,71
20200101,12,O3_8h,深圳,29
20200101,12,O3_8h_24h,深圳,55
20200101,12,CO,深圳,0.73
20200101,12,CO_24h,深圳,0.78
20200101,13,AQI,深圳,61
20200101,13,PM2.5,深圳,44
20200101,13,PM2.5_24h,深圳,47
20200101,13,PM10,深圳,69
20200101,13,PM10_24h,深圳,75
20200101,13,SO2,深圳,5
20200101,13,SO2_24h,深圳,7
20200101,13,NO2,深圳,26
20200101,13,NO2_24h,深圳,29
20200101,13,O3,深圳,40
20200101,13,O3_24h,深圳,71
20200101,13,O3_8h,深圳,30
20200101,13,O3_8h_24h,深圳,55
20200101,13,CO,深圳,0.75
20200101,13,CO_24h,深圳,0.78
20200101,14,AQI,深圳,66
20200101,14,PM2.5,深圳,48
20200101,14,PM2.5_24h,深圳,46
20200101,14,PM10,深圳,77
20200101,14,PM10_24h,深圳,74
20200101,14,SO2,深圳,5
20200101,14,SO2_24h,深圳,7
20200101,14,NO2,深圳,31
20200101,14,NO2_24h,深圳,28
20200101,14,O3,深圳,39
20200101,14,O3_24h,深圳,71
20200101,14,O3_8h,深圳,31
20200101,14,O3_8h_24h,深圳,55
20200101,14,CO,深圳,0.75
20200101,14,CO_24h,深圳,0.78
20200101,15,AQI,深圳,70
20200101,15,PM2.5,深圳,51
20200101,15,PM2.5_24h,深圳,46
20200101,15,PM10,深圳,81
20200101,15,PM10_24h,深圳,74
20200101,15,SO2,深圳,5
20200101,15,SO2_24h,深圳,7
20200101,15,NO2,深圳,31
20200101,15,NO2_24h,深圳,28
20200101,15,O3,深圳,41
20200101,15,O3_24h,深圳,71
20200101,15,O3_8h,深圳,34
20200101,15,O3_8h_24h,深圳,55
20200101,15,CO,深圳,0.76
20200101,15,CO_24h,深圳,0.78
20200101,16,AQI,深圳,68
20200101,16,PM2.5,深圳,49
20200101,16,PM2.5_24h,深圳,46
20200101,16,PM10,深圳,78
20200101,16,PM10_24h,深圳,74
20200101,16,SO2,深圳,5
20200101,16,SO2_24h,深圳,6
20200101,16,NO2,深圳,31
20200101,16,NO2_24h,深圳,28
20200101,16,O3,深圳,43
20200101,16,O3_24h,深圳,69
20200101,16,O3_8h,深圳,36
20200101,16,O3_8h_24h,深圳,56
20200101,16,CO,深圳,0.75
20200101,16,CO_24h,深圳,0.78
20200101,17,AQI,深圳,63
20200101,17,PM2.5,深圳,45
20200101,17,PM2.5_24h,深圳,45
20200101,17,PM10,深圳,72
20200101,17,PM10_24h,深圳,73
20200101,17,SO2,深圳,5
20200101,17,SO2_24h,深圳,6
20200101,17,NO2,深圳,31
20200101,17,NO2_24h,深圳,27
20200101,17,O3,深圳,42
20200101,17,O3_24h,深圳,68
20200101,17,O3_8h,深圳,39
20200101,17,O3_8h_24h,深圳,57
20200101,17,CO,深圳,0.75
20200101,17,CO_24h,深圳,0.76
20200101,18,AQI,深圳,61
20200101,18,PM2.5,深圳,44
20200101,18,PM2.5_24h,深圳,45
20200101,18,PM10,深圳,69
20200101,18,PM10_24h,深圳,73
20200101,18,SO2,深圳,5
20200101,18,SO2_24h,深圳,6
20200101,18,NO2,深圳,33
20200101,18,NO2_24h,深圳,27
20200101,18,O3,深圳,38
20200101,18,O3_24h,深圳,68
20200101,18,O3_8h,深圳,39
20200101,18,O3_8h_24h,深圳,57
20200101,18,CO,深圳,0.74
20200101,18,CO_24h,深圳,0.75
20200101,19,AQI,深圳,60
20200101,19,PM2.5,深圳,43
20200101,19,PM2.5_24h,深圳,44
20200101,19,PM10,深圳,67
20200101,19,PM10_24h,深圳,72
20200101,19,SO2,深圳,5
20200101,19,SO2_24h,深圳,6
20200101,19,NO2,深圳,31
20200101,19,NO2_24h,深圳,27
20200101,19,O3,深圳,40
20200101,19,O3_24h,深圳,68
20200101,19,O3_8h,深圳,41
20200101,19,O3_8h_24h,深圳,57
20200101,19,CO,深圳,0.73
20200101,19,CO_24h,深圳,0.75
20200101,20,AQI,深圳,55
20200101,20,PM2.5,深圳,39
20200101,20,PM2.5_24h,深圳,44
20200101,20,PM10,深圳,60
20200101,20,PM10_24h,深圳,71
20200101,20,SO2,深圳,5
20200101,20,SO2_24h,深圳,6
20200101,20,NO2,深圳,23
20200101,20,NO2_24h,深圳,26
20200101,20,O3,深圳,53
20200101,20,O3_24h,深圳,68
20200101,20,O3_8h,深圳,42
20200101,20,O3_8h_24h,深圳,58
20200101,20,CO,深圳,0.70
20200101,20,CO_24h,深圳,0.74
20200101,21,AQI,深圳,53
20200101,21,PM2.5,深圳,36
20200101,21,PM2.5_24h,深圳,44
20200101,21,PM10,深圳,55
20200101,21,PM10_24h,深圳,71
20200101,21,SO2,深圳,5
20200101,21,SO2_24h,深圳,6
20200101,21,NO2,深圳,19
20200101,21,NO2_24h,深圳,26
20200101,21,O3,深圳,62
20200101,21,O3_24h,深圳,71
20200101,21,O3_8h,深圳,45
20200101,21,O3_8h_24h,深圳,58
20200101,21,CO,深圳,0.66
20200101,21,CO_24h,深圳,0.74
20200101,22,AQI,深圳,47
20200101,22,PM2.5,深圳,30
20200101,22,PM2.5_24h,深圳,43
20200101,22,PM10,深圳,47
20200101,22,PM10_24h,深圳,69
20200101,22,SO2,深圳,5
20200101,22,SO2_24h,深圳,6
20200101,22,NO2,深圳,16
20200101,22,NO2_24h,深圳,26
20200101,22,O3,深圳,71
20200101,22,O3_24h,深圳,76
20200101,22,O3_8h,深圳,49
20200101,22,O3_8h_24h,深圳,59
20200101,22,CO,深圳,0.61
20200101,22,CO_24h,深圳,0.74
20200101,23,AQI,深圳,42
20200101,23,PM2.5,深圳,26
20200101,23,PM2.5_24h,深圳,42
20200101,23,PM10,深圳,42
20200101,23,PM10_24h,深圳,68
20200101,23,SO2,深圳,5
20200101,23,SO2_24h,深圳,6
20200101,23,NO2,深圳,15
20200101,23,NO2_24h,深圳,25
20200101,23,O3,深圳,74
20200101,23,O3_24h,深圳,77
20200101,23,O3_8h,深圳,53
20200101,23,O3_8h_24h,深圳,59
20200101,23,CO,深圳,0.57
20200101,23,CO_24h,深圳,0.73
20200101,0,AQI,上海,18
20200101,0,PM2.5,上海,11
20200101,0,PM2.5_24h,上海,17
20200101,0,PM10,上海,18
20200101,0,PM10_24h,上海,31
20200101,0,SO2,上海,6
20200101,0,SO2_24h,上海,6
20200101,0,NO2,上海,33
20200101,0,NO2_24h,上海,27
20200101,0,O3,上海,47
20200101,0,O3_24h,上海,62
20200101,0,O3_8h,上海,53
20200101,0,O3_8h_24h,上海,56
20200101,0,CO,上海,0.43
20200101,0,CO_24h,上海,0.38
20200101,1,AQI,上海,18
20200101,1,PM2.5,上海,10
20200101,1,PM2.5_24h,上海,16
20200101,1,PM10,上海,18
20200101,1,PM10_24h,上海,29
20200101,1,SO2,上海,6
20200101,1,SO2_24h,上海,6
20200101,1,NO2,上海,32
20200101,1,NO2_24h,上海,28
20200101,1,O3,上海,47
20200101,1,O3_24h,上海,62
20200101,1,O3_8h,上海,47
20200101,1,O3_8h_24h,上海,47
20200101,1,CO,上海,0.42
20200101,1,CO_24h,上海,0.38
20200101,2,AQI,上海,18
20200101,2,PM2.5,上海,11
20200101,2,PM2.5_24h,上海,15
20200101,2,PM10,上海,18
20200101,2,PM10_24h,上海,28
20200101,2,SO2,上海,6
20200101,2,SO2_24h,上海,6
20200101,2,NO2,上海,34
20200101,2,NO2_24h,上海,28
20200101,2,O3,上海,43
20200101,2,O3_24h,上海,62
20200101,2,O3_8h,上海,45
20200101,2,O3_8h_24h,上海,47
20200101,2,CO,上海,0.44
20200101,2,CO_24h,上海,0.39
20200101,3,AQI,上海,18
20200101,3,PM2.5,上海,12
20200101,3,PM2.5_24h,上海,15
20200101,3,PM10,上海,18
20200101,3,PM10_24h,上海,28
20200101,3,SO2,上海,6
20200101,3,SO2_24h,上海,6
20200101,3,NO2,上海,32
20200101,3,NO2_24h,上海,29
20200101,3,O3,上海,44
20200101,3,O3_24h,上海,61
20200101,3,O3_8h,上海,44
20200101,3,O3_8h_24h,上海,47
20200101,3,CO,上海,0.43
20200101,3,CO_24h,上海,0.40
20200101,4,AQI,上海,19
20200101,4,PM2.5,上海,13
20200101,4,PM2.5_24h,上海,14
20200101,4,PM10,上海,16
20200101,4,PM10_24h,上海,27
20200101,4,SO2,上海,5
20200101,4,SO2_24h,上海,6
20200101,4,NO2,上海,34
20200101,4,NO2_24h,上海,30
20200101,4,O3,上海,41
20200101,4,O3_24h,上海,61
20200101,4,O3_8h,上海,44
20200101,4,O3_8h_24h,上海,47
20200101,4,CO,上海,0.43
20200101,4,CO_24h,上海,0.40
20200101,5,AQI,上海,20
20200101,5,PM2.5,上海,13
20200101,5,PM2.5_24h,上海,14
20200101,5,PM10,上海,19
20200101,5,PM10_24h,上海,27
20200101,5,SO2,上海,6
20200101,5,SO2_24h,上海,6
20200101,5,NO2,上海,40
20200101,5,NO2_24h,上海,31
20200101,5,O3,上海,34
20200101,5,O3_24h,上海,61
20200101,5,O3_8h,上海,42
20200101,5,O3_8h_24h,上海,48
20200101,5,CO,上海,0.47
20200101,5,CO_24h,上海,0.41
20200101,6,AQI,上海,26
20200101,6,PM2.5,上海,13
20200101,6,PM2.5_24h,上海,15
20200101,6,PM10,上海,22
20200101,6,PM10_24h,上海,26
20200101,6,SO2,上海,6
20200101,6,SO2_24h,上海,6
20200101,6,NO2,上海,52
20200101,6,NO2_24h,上海,32
20200101,6,O3,上海,21
20200101,6,O3_24h,上海,61
20200101,6,O3_8h,上海,38
20200101,6,O3_8h_24h,上海,48
20200101,6,CO,上海,0.49
20200101,6,CO_24h,上海,0.42
20200101,7,AQI,上海,33
20200101,7,PM2.5,上海,15
20200101,7,PM2.5_24h,上海,15
20200101,7,PM10,上海,25
20200101,7,PM10_24h,上海,26
20200101,7,SO2,上海,7
20200101,7,SO2_24h,上海,6
20200101,7,NO2,上海,66
20200101,7,NO2_24h,上海,34
20200101,7,O3,上海,9
20200101,7,O3_24h,上海,61
20200101,7,O3_8h,上海,34
20200101,7,O3_8h_24h,上海,48
20200101,7,CO,上海,0.52
20200101,7,CO_24h,上海,0.42
20200101,8,AQI,上海,34
20200101,8,PM2.5,上海,17
20200101,8,PM2.5_24h,上海,15
20200101,8,PM10,上海,31
20200101,8,PM10_24h,上海,26
20200101,8,SO2,上海,7
20200101,8,SO2_24h,上海,7
20200101,8,NO2,上海,68
20200101,8,NO2_24h,上海,36
20200101,8,O3,上海,12
20200101,8,O3_24h,上海,61
20200101,8,O3_8h,上海,30
20200101,8,O3_8h_24h,上海,46
20200101,8,CO,上海,0.57
20200101,8,CO_24h,上海,0.46
20200101,9,AQI,上海,30
20200101,9,PM2.5,上海,17
20200101,9,PM2.5_24h,上海,15
20200101,9,PM10,上海,30
20200101,9,PM10_24h,上海,25
20200101,9,SO2,上海,7
20200101,9,SO2_24h,上海,6
20200101,9,NO2,上海,51
20200101,9,NO2_24h,上海,35
20200101,9,O3,上海,31
20200101,9,O3_24h,上海,61
20200101,9,O3_8h,上海,30
20200101,9,O3_8h_24h,上海,48
20200101,9,CO,上海,0.48
20200101,9,CO_24h,上海,0.44
20200101,10,AQI,上海,25
20200101,10,PM2.5,上海,15
20200101,10,PM2.5_24h,上海,14
20200101,10,PM10,上海,25
20200101,10,PM10_24h,上海,24
20200101,10,SO2,上海,6
20200101,10,SO2_24h,上海,6
20200101,10,NO2,上海,34
20200101,10,NO2_24h,上海,35
20200101,10,O3,上海,48
20200101,10,O3_24h,上海,61
20200101,10,O3_8h,上海,30
20200101,10,O3_8h_24h,上海,48
20200101,10,CO,上海,0.37
20200101,10,CO_24h,上海,0.44
20200101,11,AQI,上海,22
20200101,11,PM2.5,上海,12
20200101,11,PM2.5_24h,上海,14
20200101,11,PM10,上海,22
20200101,11,PM10_24h,上海,23
20200101,11,SO2,上海,7
20200101,11,SO2_24h,上海,6
20200101,11,NO2,上海,26
20200101,11,NO2_24h,上海,35
20200101,11,O3,上海,57
20200101,11,O3_24h,上海,61
20200101,11,O3_8h,上海,32
20200101,11,O3_8h_24h,上海,48
20200101,11,CO,上海,0.34
20200101,11,CO_24h,上海,0.41
20200101,12,AQI,上海,20
20200101,12,PM2.5,上海,12
20200101,12,PM2.5_24h,上海,14
20200101,12,PM10,上海,19
20200101,12,PM10_24h,上海,22
20200101,12,SO2,上海,6
20200101,12,SO2_24h,上海,6
20200101,12,NO2,上海,21
20200101,12,NO2_24h,上海,35
20200101,12,O3,上海,64
20200101,12,O3_24h,上海,64
20200101,12,O3_8h,上海,34
20200101,12,O3_8h_24h,上海,48
20200101,12,CO,上海,0.34
20200101,12,CO_24h,上海,0.40
20200101,13,AQI,上海,20
20200101,13,PM2.5,上海,11
20200101,13,PM2.5_24h,上海,13
20200101,13,PM10,上海,19
20200101,13,PM10_24h,上海,21
20200101,13,SO2,上海,6
20200101,13,SO2_24h,上海,6
20200101,13,NO2,上海,23
20200101,13,NO2_24h,上海,35
20200101,13,O3,上海,65
20200101,13,O3_24h,上海,66
20200101,13,O3_8h,上海,38
20200101,13,O3_8h_24h,上海,48
20200101,13,CO,上海,0.33
20200101,13,CO_24h,上海,0.40
20200101,14,AQI,上海,23
20200101,14,PM2.5,上海,14
20200101,14,PM2.5_24h,上海,13
20200101,14,PM10,上海,23
20200101,14,PM10_24h,上海,21
20200101,14,SO2,上海,7
20200101,14,SO2_24h,上海,6
20200101,14,NO2,上海,24
20200101,14,NO2_24h,上海,35
20200101,14,O3,上海,66
20200101,14,O3_24h,上海,67
20200101,14,O3_8h,上海,44
20200101,14,O3_8h_24h,上海,49
20200101,14,CO,上海,0.34
20200101,14,CO_24h,上海,0.40
20200101,15,AQI,上海,26
20200101,15,PM2.5,上海,17
20200101,15,PM2.5_24h,上海,13
20200101,15,PM10,上海,26
20200101,15,PM10_24h,上海,21
20200101,15,SO2,上海,7
20200101,15,SO2_24h,上海,6
20200101,15,NO2,上海,27
20200101,15,NO2_24h,上海,35
20200101,15,O3,上海,64
20200101,15,O3_24h,上海,67
20200101,15,O3_8h,上海,51
20200101,15,O3_8h_24h,上海,53
20200101,15,CO,上海,0.35
20200101,15,CO_24h,上海,0.40
20200101,16,AQI,上海,25
20200101,16,PM2.5,上海,16
20200101,16,PM2.5_24h,上海,13
20200101,16,PM10,上海,25
20200101,16,PM10_24h,上海,21
20200101,16,SO2,上海,6
20200101,16,SO2_24h,上海,6
20200101,16,NO2,上海,30
20200101,16,NO2_24h,上海,35
20200101,16,O3,上海,61
20200101,16,O3_24h,上海,68
20200101,16,O3_8h,上海,57
20200101,16,O3_8h_24h,上海,58
20200101,16,CO,上海,0.30
20200101,16,CO_24h,上海,0.40
20200101,17,AQI,上海,28
20200101,17,PM2.5,上海,14
20200101,17,PM2.5_24h,上海,13
20200101,17,PM10,上海,28
20200101,17,PM10_24h,上海,21
20200101,17,SO2,上海,6
20200101,17,SO2_24h,上海,6
20200101,17,NO2,上海,34
20200101,17,NO2_24h,上海,35
20200101,17,O3,上海,53
20200101,17,O3_24h,上海,68
20200101,17,O3_8h,上海,60
20200101,17,O3_8h_24h,上海,60
20200101,17,CO,上海,0.32
20200101,17,CO_24h,上海,0.40
20200101,18,AQI,上海,26
20200101,18,PM2.5,上海,12
20200101,18,PM2.5_24h,上海,13
20200101,18,PM10,上海,26
20200101,18,PM10_24h,上海,22
20200101,18,SO2,上海,6
20200101,18,SO2_24h,上海,6
20200101,18,NO2,上海,38
20200101,18,NO2_24h,上海,35
20200101,18,O3,上海,50
20200101,18,O3_24h,上海,68
20200101,18,O3_8h,上海,60
20200101,18,O3_8h_24h,上海,60
20200101,18,CO,上海,0.37
20200101,18,CO_24h,上海,0.40
20200101,19,AQI,上海,26
20200101,19,PM2.5,上海,16
20200101,19,PM2.5_24h,上海,13
20200101,19,PM10,上海,26
20200101,19,PM10_24h,上海,22
20200101,19,SO2,上海,6
20200101,19,SO2_24h,上海,6
20200101,19,NO2,上海,45
20200101,19,NO2_24h,上海,36
20200101,19,O3,上海,43
20200101,19,O3_24h,上海,68
20200101,19,O3_8h,上海,58
20200101,19,O3_8h_24h,上海,60
20200101,19,CO,上海,0.40
20200101,19,CO_24h,上海,0.41
20200101,20,AQI,上海,30
20200101,20,PM2.5,上海,17
20200101,20,PM2.5_24h,上海,13
20200101,20,PM10,上海,30
20200101,20,PM10_24h,上海,22
20200101,20,SO2,上海,6
20200101,20,SO2_24h,上海,6
20200101,20,NO2,上海,58
20200101,20,NO2_24h,上海,37
20200101,20,O3,上海,29
20200101,20,O3_24h,上海,68
20200101,20,O3_8h,上海,54
20200101,20,O3_8h_24h,上海,60
20200101,20,CO,上海,0.47
20200101,20,CO_24h,上海,0.41
20200101,21,AQI,上海,34
20200101,21,PM2.5,上海,18
20200101,21,PM2.5_24h,上海,14
20200101,21,PM10,上海,32
20200101,21,PM10_24h,上海,23
20200101,21,SO2,上海,7
20200101,21,SO2_24h,上海,6
20200101,21,NO2,上海,68
20200101,21,NO2_24h,上海,39
20200101,21,O3,上海,20
20200101,21,O3_24h,上海,68
20200101,21,O3_8h,上海,48
20200101,21,O3_8h_24h,上海,60
20200101,21,CO,上海,0.49
20200101,21,CO_24h,上海,0.41
20200101,22,AQI,上海,34
20200101,22,PM2.5,上海,18
20200101,22,PM2.5_24h,上海,14
20200101,22,PM10,上海,28
20200101,22,PM10_24h,上海,23
20200101,22,SO2,上海,6
20200101,22,SO2_24h,上海,6
20200101,22,NO2,上海,68
20200101,22,NO2_24h,上海,41
20200101,22,O3,上海,22
20200101,22,O3_24h,上海,68
20200101,22,O3_8h,上海,42
20200101,22,O3_8h_24h,上海,60
20200101,22,CO,上海,0.48
20200101,22,CO_24h,上海,0.41
20200101,23,AQI,上海,31
20200101,23,PM2.5,上海,17
20200101,23,PM2.5_24h,上海,14
20200101,23,PM10,上海,24
20200101,23,PM10_24h,上海,23
20200101,23,SO2,上海,6
20200101,23,SO2_24h,上海,6
20200101,23,NO2,上海,61
20200101,23,NO2_24h,上海,42
20200101,23,O3,上海,28
20200101,23,O3_24h,上海,68
20200101,23,O3_8h,上海,38
20200101,23,O3_8h_24h,上海,60
20200101,23,CO,上海,0.46
20200101,23,CO_24h,上海,0.41
20200101,0,AQI,乌鲁木齐,150
20200101,0,PM2.5,乌鲁木齐,115
20200101,0,PM2.5_24h,乌鲁木齐,107
20200101,0,PM10,乌鲁木齐,134
20200101,0,PM10_24h,乌鲁木齐,122
20200101,0,SO2,乌鲁木齐,11
20200101,0,SO2_24h,乌鲁木齐,10
20200101,0,NO2,乌鲁木齐,72
20200101,0,NO2_24h,乌鲁木齐,72
20200101,0,O3,乌鲁木齐,19
20200101,0,O3_24h,乌鲁木齐,35
20200101,0,O3_8h,乌鲁木齐,19
20200101,0,O3_8h_24h,乌鲁木齐,26
20200101,0,CO,乌鲁木齐,1.70
20200101,0,CO_24h,乌鲁木齐,1.93
20200101,1,AQI,乌鲁木齐,133
20200101,1,PM2.5,乌鲁木齐,101
20200101,1,PM2.5_24h,乌鲁木齐,106
20200101,1,PM10,乌鲁木齐,146
20200101,1,PM10_24h,乌鲁木齐,123
20200101,1,SO2,乌鲁木齐,11
20200101,1,SO2_24h,乌鲁木齐,10
20200101,1,NO2,乌鲁木齐,72
20200101,1,NO2_24h,乌鲁木齐,72
20200101,1,O3,乌鲁木齐,17
20200101,1,O3_24h,乌鲁木齐,35
20200101,1,O3_8h,乌鲁木齐,17
20200101,1,O3_8h_24h,乌鲁木齐,17
20200101,1,CO,乌鲁木齐,1.78
20200101,1,CO_24h,乌鲁木齐,1.92
20200101,2,AQI,乌鲁木齐,180
20200101,2,PM2.5,乌鲁木齐,136
20200101,2,PM2.5_24h,乌鲁木齐,107
20200101,2,PM10,乌鲁木齐,130
20200101,2,PM10_24h,乌鲁木齐,125
20200101,2,SO2,乌鲁木齐,9
20200101,2,SO2_24h,乌鲁木齐,10
20200101,2,NO2,乌鲁木齐,73
20200101,2,NO2_24h,乌鲁木齐,71
20200101,2,O3,乌鲁木齐,15
20200101,2,O3_24h,乌鲁木齐,35
20200101,2,O3_8h,乌鲁木齐,16
20200101,2,O3_8h_24h,乌鲁木齐,17
20200101,2,CO,乌鲁木齐,1.80
20200101,2,CO_24h,乌鲁木齐,1.92
20200101,3,AQI,乌鲁木齐,170
20200101,3,PM2.5,乌鲁木齐,129
20200101,3,PM2.5_24h,乌鲁木齐,108
20200101,3,PM10,乌鲁木齐,139
20200101,3,PM10_24h,乌鲁木齐,125
20200101,3,SO2,乌鲁木齐,10
20200101,3,SO2_24h,乌鲁木齐,10
20200101,3,NO2,乌鲁木齐,73
20200101,3,NO2_24h,乌鲁木齐,71
20200101,3,O3,乌鲁木齐,16
20200101,3,O3_24h,乌鲁木齐,35
20200101,3,O3_8h,乌鲁木齐,16
20200101,3,O3_8h_24h,乌鲁木齐,17
20200101,3,CO,乌鲁木齐,2.05
20200101,3,CO_24h,乌鲁木齐,1.92
20200101,4,AQI,乌鲁木齐,181
20200101,4,PM2.5,乌鲁木齐,137
20200101,4,PM2.5_24h,乌鲁木齐,110
20200101,4,PM10,乌鲁木齐,132
20200101,4,PM10_24h,乌鲁木齐,127
20200101,4,SO2,乌鲁木齐,10
20200101,4,SO2_24h,乌鲁木齐,11
20200101,4,NO2,乌鲁木齐,73
20200101,4,NO2_24h,乌鲁木齐,72
20200101,4,O3,乌鲁木齐,15
20200101,4,O3_24h,乌鲁木齐,35
20200101,4,O3_8h,乌鲁木齐,16
20200101,4,O3_8h_24h,乌鲁木齐,17
20200101,4,CO,乌鲁木齐,2.05
20200101,4,CO_24h,乌鲁木齐,1.92
20200101,5,AQI,乌鲁木齐,177
20200101,5,PM2.5,乌鲁木齐,134
20200101,5,PM2.5_24h,乌鲁木齐,112
20200101,5,PM10,乌鲁木齐,114
20200101,5,PM10_24h,乌鲁木齐,128
20200101,5,SO2,乌鲁木齐,10
20200101,5,SO2_24h,乌鲁木齐,10
20200101,5,NO2,乌鲁木齐,72
20200101,5,NO2_24h,乌鲁木齐,72
20200101,5,O3,乌鲁木齐,15
20200101,5,O3_24h,乌鲁木齐,35
20200101,5,O3_8h,乌鲁木齐,16
20200101,5,O3_8h_24h,乌鲁木齐,17
20200101,5,CO,乌鲁木齐,2.08
20200101,5,CO_24h,乌鲁木齐,1.93
20200101,6,AQI,乌鲁木齐,164
20200101,6,PM2.5,乌鲁木齐,125
20200101,6,PM2.5_24h,乌鲁木齐,113
20200101,6,PM10,乌鲁木齐,104
20200101,6,PM10_24h,乌鲁木齐,127
20200101,6,SO2,乌鲁木齐,9
20200101,6,SO2_24h,乌鲁木齐,10
20200101,6,NO2,乌鲁木齐,71
20200101,6,NO2_24h,乌鲁木齐,72
20200101,6,O3,乌鲁木齐,16
20200101,6,O3_24h,乌鲁木齐,36
20200101,6,O3_8h,乌鲁木齐,16
20200101,6,O3_8h_24h,乌鲁木齐,18
20200101,6,CO,乌鲁木齐,2.02
20200101,6,CO_24h,乌鲁木齐,1.93
20200101,7,AQI,乌鲁木齐,139
20200101,7,PM2.5,乌鲁木齐,106
20200101,7,PM2.5_24h,乌鲁木齐,114
20200101,7,PM10,乌鲁木齐,86
20200101,7,PM10_24h,乌鲁木齐,126
20200101,7,SO2,乌鲁木齐,10
20200101,7,SO2_24h,乌鲁木齐,10
20200101,7,NO2,乌鲁木齐,69
20200101,7,NO2_24h,乌鲁木齐,73
20200101,7,O3,乌鲁木齐,15
20200101,7,O3_24h,乌鲁木齐,35
20200101,7,O3_8h,乌鲁木齐,16
20200101,7,O3_8h_24h,乌鲁木齐,18
20200101,7,CO,乌鲁木齐,1.95
20200101,7,CO_24h,乌鲁木齐,1.95
20200101,8,AQI,乌鲁木齐,123
20200101,8,PM2.5,乌鲁木齐,93
20200101,8,PM2.5_24h,乌鲁木齐,113
20200101,8,PM10,乌鲁木齐,74
20200101,8,PM10_24h,乌鲁木齐,126
20200101,8,SO2,乌鲁木齐,10
20200101,8,SO2_24h,乌鲁木齐,10
20200101,8,NO2,乌鲁木齐,68
20200101,8,NO2_24h,乌鲁木齐,73
20200101,8,O3,乌鲁木齐,15
20200101,8,O3_24h,乌鲁木齐,34
20200101,8,O3_8h,乌鲁木齐,16
20200101,8,O3_8h_24h,乌鲁木齐,18
20200101,8,CO,乌鲁木齐,1.92
20200101,8,CO_24h,乌鲁木齐,1.97
20200101,9,AQI,乌鲁木齐,120
20200101,9,PM2.5,乌鲁木齐,91
20200101,9,PM2.5_24h,乌鲁木齐,113
20200101,9,PM10,乌鲁木齐,79
20200101,9,PM10_24h,乌鲁木齐,125
20200101,9,SO2,乌鲁木齐,10
20200101,9,SO2_24h,乌鲁木齐,10
20200101,9,NO2,乌鲁木齐,69
20200101,9,NO2_24h,乌鲁木齐,73
20200101,9,O3,乌鲁木齐,16
20200101,9,O3_24h,乌鲁木齐,34
20200101,9,O3_8h,乌鲁木齐,16
20200101,9,O3_8h_24h,乌鲁木齐,18
20200101,9,CO,乌鲁木齐,1.97
20200101,9,CO_24h,乌鲁木齐,1.97
20200101,10,AQI,乌鲁木齐,124
20200101,10,PM2.5,乌鲁木齐,94
20200101,10,PM2.5_24h,乌鲁木齐,113
20200101,10,PM10,乌鲁木齐,85
20200101,10,PM10_24h,乌鲁木齐,125
20200101,10,SO2,乌鲁木齐,11
20200101,10,SO2_24h,乌鲁木齐,11
20200101,10,NO2,乌鲁木齐,71
20200101,10,NO2_24h,乌鲁木齐,73
20200101,10,O3,乌鲁木齐,15
20200101,10,O3_24h,乌鲁木齐,34
20200101,10,O3_8h,乌鲁木齐,16
20200101,10,O3_8h_24h,乌鲁木齐,18
20200101,10,CO,乌鲁木齐,1.95
20200101,10,CO_24h,乌鲁木齐,1.97
20200101,11,AQI,乌鲁木齐,128
20200101,11,PM2.5,乌鲁木齐,97
20200101,11,PM2.5_24h,乌鲁木齐,112
20200101,11,PM10,乌鲁木齐,83
20200101,11,PM10_24h,乌鲁木齐,124
20200101,11,SO2,乌鲁木齐,11
20200101,11,SO2_24h,乌鲁木齐,11
20200101,11,NO2,乌鲁木齐,69
20200101,11,NO2_24h,乌鲁木齐,73
20200101,11,O3,乌鲁木齐,16
20200101,11,O3_24h,乌鲁木齐,34
20200101,11,O3_8h,乌鲁木齐,16
20200101,11,O3_8h_24h,乌鲁木齐,18
20200101,11,CO,乌鲁木齐,1.93
20200101,11,CO_24h,乌鲁木齐,1.97
20200101,12,AQI,乌鲁木齐,133
20200101,12,PM2.5,乌鲁木齐,101
20200101,12,PM2.5_24h,乌鲁木齐,112
20200101,12,PM10,乌鲁木齐,81
20200101,12,PM10_24h,乌鲁木齐,122
20200101,12,SO2,乌鲁木齐,11
20200101,12,SO2_24h,乌鲁木齐,11
20200101,12,NO2,乌鲁木齐,66
20200101,12,NO2_24h,乌鲁木齐,73
20200101,12,O3,乌鲁木齐,20
20200101,12,O3_24h,乌鲁木齐,34
20200101,12,O3_8h,乌鲁木齐,16
20200101,12,O3_8h_24h,乌鲁木齐,18
20200101,12,CO,乌鲁木齐,1.85
20200101,12,CO_24h,乌鲁木齐,1.92
20200101,13,AQI,乌鲁木齐,134
20200101,13,PM2.5,乌鲁木齐,102
20200101,13,PM2.5_24h,乌鲁木齐,112
20200101,13,PM10,乌鲁木齐,80
20200101,13,PM10_24h,乌鲁木齐,121
20200101,13,SO2,乌鲁木齐,10
20200101,13,SO2_24h,乌鲁木齐,11
20200101,13,NO2,乌鲁木齐,58
20200101,13,NO2_24h,乌鲁木齐,72
20200101,13,O3,乌鲁木齐,30
20200101,13,O3_24h,乌鲁木齐,34
20200101,13,O3_8h,乌鲁木齐,18
20200101,13,O3_8h_24h,乌鲁木齐,20
20200101,13,CO,乌鲁木齐,1.67
20200101,13,CO_24h,乌鲁木齐,1.92
20200101,14,AQI,乌鲁木齐,119
20200101,14,PM2.5,乌鲁木齐,90
20200101,14,PM2.5_24h,乌鲁木齐,111
20200101,14,PM10,乌鲁木齐,67
20200101,14,PM10_24h,乌鲁木齐,118
20200101,14,SO2,乌鲁木齐,10
20200101,14,SO2_24h,乌鲁木齐,11
20200101,14,NO2,乌鲁木齐,48
20200101,14,NO2_24h,乌鲁木齐,71
20200101,14,O3,乌鲁木齐,43
20200101,14,O3_24h,乌鲁木齐,46
20200101,14,O3_8h,乌鲁木齐,22
20200101,14,O3_8h_24h,乌鲁木齐,22
20200101,14,CO,乌鲁木齐,1.48
20200101,14,CO_24h,乌鲁木齐,1.90
20200101,15,AQI,乌鲁木齐,121
20200101,15,PM2.5,乌鲁木齐,92
20200101,15,PM2.5_24h,乌鲁木齐,110
20200101,15,PM10,乌鲁木齐,74
20200101,15,PM10_24h,乌鲁木齐,115
20200101,15,SO2,乌鲁木齐,10
20200101,15,SO2_24h,乌鲁木齐,11
20200101,15,NO2,乌鲁木齐,51
20200101,15,NO2_24h,乌鲁木齐,71
20200101,15,O3,乌鲁木齐,42
20200101,15,O3_24h,乌鲁木齐,48
20200101,15,O3_8h,乌鲁木齐,25
20200101,15,O3_8h_24h,乌鲁木齐,25
20200101,15,CO,乌鲁木齐,1.53
20200101,15,CO_24h,乌鲁木齐,1.88
20200101,16,AQI,乌鲁木齐,139
20200101,16,PM2.5,乌鲁木齐,106
20200101,16,PM2.5_24h,乌鲁木齐,109
20200101,16,PM10,乌鲁木齐,99
20200101,16,PM10_24h,乌鲁木齐,113
20200101,16,SO2,乌鲁木齐,9
20200101,16,SO2_24h,乌鲁木齐,10
20200101,16,NO2,乌鲁木齐,65
20200101,16,NO2_24h,乌鲁木齐,71
20200101,16,O3,乌鲁木齐,31
20200101,16,O3_24h,乌鲁木齐,47
20200101,16,O3_8h,乌鲁木齐,27
20200101,16,O3_8h_24h,乌鲁木齐,27
20200101,16,CO,乌鲁木齐,1.80
20200101,16,CO_24h,乌鲁木齐,1.88
20200101,17,AQI,乌鲁木齐,181
20200101,17,PM2.5,乌鲁木齐,137
20200101,17,PM2.5_24h,乌鲁木齐,110
20200101,17,PM10,乌鲁木齐,127
20200101,17,PM10_24h,乌鲁木齐,113
20200101,17,SO2,乌鲁木齐,8
20200101,17,SO2_24h,乌鲁木齐,10
20200101,17,NO2,乌鲁木齐,68
20200101,17,NO2_24h,乌鲁木齐,71
20200101,17,O3,乌鲁木齐,29
20200101,17,O3_24h,乌鲁木齐,48
20200101,17,O3_8h,乌鲁木齐,28
20200101,17,O3_8h_24h,乌鲁木齐,28
20200101,17,CO,乌鲁木齐,1.95
20200101,17,CO_24h,乌鲁木齐,1.87
20200101,18,AQI,乌鲁木齐,205
20200101,18,PM2.5,乌鲁木齐,155
20200101,18,PM2.5_24h,乌鲁木齐,111
20200101,18,PM10,乌鲁木齐,135
20200101,18,PM10_24h,乌鲁木齐,114
20200101,18,SO2,乌鲁木齐,8
20200101,18,SO2_24h,乌鲁木齐,10
20200101,18,NO2,乌鲁木齐,73
20200101,18,NO2_24h,乌鲁木齐,70
20200101,18,O3,乌鲁木齐,26
20200101,18,O3_24h,乌鲁木齐,48
20200101,18,O3_8h,乌鲁木齐,30
20200101,18,O3_8h_24h,乌鲁木齐,30
20200101,18,CO,乌鲁木齐,1.97
20200101,18,CO_24h,乌鲁木齐,1.90
20200101,19,AQI,乌鲁木齐,200
20200101,19,PM2.5,乌鲁木齐,150
20200101,19,PM2.5_24h,乌鲁木齐,113
20200101,19,PM10,乌鲁木齐,137
20200101,19,PM10_24h,乌鲁木齐,114
20200101,19,SO2,乌鲁木齐,8
20200101,19,SO2_24h,乌鲁木齐,10
20200101,19,NO2,乌鲁木齐,74
20200101,19,NO2_24h,乌鲁木齐,70
20200101,19,O3,乌鲁木齐,23
20200101,19,O3_24h,乌鲁木齐,49
20200101,19,O3_8h,乌鲁木齐,30
20200101,19,O3_8h_24h,乌鲁木齐,31
20200101,19,CO,乌鲁木齐,2.03
20200101,19,CO_24h,乌鲁木齐,1.90
20200101,20,AQI,乌鲁木齐,203
20200101,20,PM2.5,乌鲁木齐,153
20200101,20,PM2.5_24h,乌鲁木齐,115
20200101,20,PM10,乌鲁木齐,128
20200101,20,PM10_24h,乌鲁木齐,113
20200101,20,SO2,乌鲁木齐,8
20200101,20,SO2_24h,乌鲁木齐,10
20200101,20,NO2,乌鲁木齐,69
20200101,20,NO2_24h,乌鲁木齐,69
20200101,20,O3,乌鲁木齐,26
20200101,20,O3_24h,乌鲁木齐,49
20200101,20,O3_8h,乌鲁木齐,31
20200101,20,O3_8h_24h,乌鲁木齐,32
20200101,20,CO,乌鲁木齐,1.83
20200101,20,CO_24h,乌鲁木齐,1.90
20200101,21,AQI,乌鲁木齐,181
20200101,21,PM2.5,乌鲁木齐,137
20200101,21,PM2.5_24h,乌鲁木齐,116
20200101,21,PM10,乌鲁木齐,117
20200101,21,PM10_24h,乌鲁木齐,111
20200101,21,SO2,乌鲁木齐,8
20200101,21,SO2_24h,乌鲁木齐,10
20200101,21,NO2,乌鲁木齐,66
20200101,21,NO2_24h,乌鲁木齐,69
20200101,21,O3,乌鲁木齐,28
20200101,21,O3_24h,乌鲁木齐,49
20200101,21,O3_8h,乌鲁木齐,31
20200101,21,O3_8h_24h,乌鲁木齐,32
20200101,21,CO,乌鲁木齐,1.78
20200101,21,CO_24h,乌鲁木齐,1.87
20200101,22,AQI,乌鲁木齐,184
20200101,22,PM2.5,乌鲁木齐,139
20200101,22,PM2.5_24h,乌鲁木齐,117
20200101,22,PM10,乌鲁木齐,115
20200101,22,PM10_24h,乌鲁木齐,109
20200101,22,SO2,乌鲁木齐,8
20200101,22,SO2_24h,乌鲁木齐,10
20200101,22,NO2,乌鲁木齐,71
20200101,22,NO2_24h,乌鲁木齐,68
20200101,22,O3,乌鲁木齐,24
20200101,22,O3_24h,乌鲁木齐,49
20200101,22,O3_8h,乌鲁木齐,29
20200101,22,O3_8h_24h,乌鲁木齐,33
20200101,22,CO,乌鲁木齐,1.85
20200101,22,CO_24h,乌鲁木齐,1.87
20200101,23,AQI,乌鲁木齐,170
20200101,23,PM2.5,乌鲁木齐,129
20200101,23,PM2.5_24h,乌鲁木齐,118
20200101,23,PM10,乌鲁木齐,112
20200101,23,PM10_24h,乌鲁木齐,108
20200101,23,SO2,乌鲁木齐,8
20200101,23,SO2_24h,乌鲁木齐,10
20200101,23,NO2,乌鲁木齐,72
20200101,23,NO2_24h,乌鲁木齐,68
20200101,23,O3,乌鲁木齐,23
20200101,23,O3_24h,乌鲁木齐,49
20200101,23,O3_8h,乌鲁木齐,26
20200101,23,O3_8h_24h,乌鲁木齐,33
20200101,23,CO,乌鲁木齐,1.98
20200101,23,CO_24h,乌鲁木齐,1.87
20200101,0,AQI,北京,54
20200101,0,PM2.5,北京,31
20200101,0,PM2.5_24h,北京,21
20200101,0,PM10,北京,57
20200101,0,PM10_24h,北京,36
20200101,0,SO2,北京,5
20200101,0,SO2_24h,北京,5
20200101,0,NO2,北京,53
20200101,0,NO2_24h,北京,38
20200101,0,O3,北京,5
20200101,0,O3_24h,北京,40
20200101,0,O3_8h,北京,8
20200101,0,O3_8h_24h,北京,31
20200101,0,CO,北京,0.73
20200101,0,CO_24h,北京,0.54
20200101,1,AQI,北京,50
20200101,1,PM2.5,北京,29
20200101,1,PM2.5_24h,北京,22
20200101,1,PM10,北京,50
20200101,1,PM10_24h,北京,37
20200101,1,SO2,北京,4
20200101,1,SO2_24h,北京,5
20200101,1,NO2,北京,51
20200101,1,NO2_24h,北京,40
20200101,1,O3,北京,6
20200101,1,O3_24h,北京,31
20200101,1,O3_8h,北京,6
20200101,1,O3_8h_24h,北京,16
20200101,1,CO,北京,0.71
20200101,1,CO_24h,北京,0.55
20200101,2,AQI,北京,43
20200101,2,PM2.5,北京,26
20200101,2,PM2.5_24h,北京,22
20200101,2,PM10,北京,43
20200101,2,PM10_24h,北京,39
20200101,2,SO2,北京,4
20200101,2,SO2_24h,北京,6
20200101,2,NO2,北京,49
20200101,2,NO2_24h,北京,41
20200101,2,O3,北京,5
20200101,2,O3_24h,北京,36
20200101,2,O3_8h,北京,6
20200101,2,O3_8h_24h,北京,6
20200101,2,CO,北京,0.61
20200101,2,CO_24h,北京,0.56
20200101,3,AQI,北京,38
20200101,3,PM2.5,北京,24
20200101,3,PM2.5_24h,北京,22
20200101,3,PM10,北京,38
20200101,3,PM10_24h,北京,40
20200101,3,SO2,北京,3
20200101,3,SO2_24h,北京,5
20200101,3,NO2,北京,46
20200101,3,NO2_24h,北京,41
20200101,3,O3,北京,4
20200101,3,O3_24h,北京,36
20200101,3,O3_8h,北京,5
20200101,3,O3_8h_24h,北京,6
20200101,3,CO,北京,0.60
20200101,3,CO_24h,北京,0.57
20200101,4,AQI,北京,41
20200101,4,PM2.5,北京,24
20200101,4,PM2.5_24h,北京,23
20200101,4,PM10,北京,41
20200101,4,PM10_24h,北京,41
20200101,4,SO2,北京,5
20200101,4,SO2_24h,北京,6
20200101,4,NO2,北京,48
20200101,4,NO2_24h,北京,42
20200101,4,O3,北京,5
20200101,4,O3_24h,北京,36
20200101,4,O3_8h,北京,5
20200101,4,O3_8h_24h,北京,6
20200101,4,CO,北京,0.64
20200101,4,CO_24h,北京,0.59
20200101,5,AQI,北京,45
20200101,5,PM2.5,北京,27
20200101,5,PM2.5_24h,北京,24
20200101,5,PM10,北京,45
20200101,5,PM10_24h,北京,42
20200101,5,SO2,北京,5
20200101,5,SO2_24h,北京,6
20200101,5,NO2,北京,50
20200101,5,NO2_24h,北京,43
20200101,5,O3,北京,5
20200101,5,O3_24h,北京,36
20200101,5,O3_8h,北京,4
20200101,5,O3_8h_24h,北京,6
20200101,5,CO,北京,0.76
20200101,5,CO_24h,北京,0.59
20200101,6,AQI,北京,45
20200101,6,PM2.5,北京,26
20200101,6,PM2.5_24h,北京,25
20200101,6,PM10,北京,45
20200101,6,PM10_24h,北京,42
20200101,6,SO2,北京,5
20200101,6,SO2_24h,北京,6
20200101,6,NO2,北京,50
20200101,6,NO2_24h,北京,43
20200101,6,O3,北京,7
20200101,6,O3_24h,北京,37
20200101,6,O3_8h,北京,7
20200101,6,O3_8h_24h,北京,8
20200101,6,CO,北京,0.78
20200101,6,CO_24h,北京,0.59
20200101,7,AQI,北京,48
20200101,7,PM2.5,北京,27
20200101,7,PM2.5_24h,北京,26
20200101,7,PM10,北京,48
20200101,7,PM10_24h,北京,44
20200101,7,SO2,北京,4
20200101,7,SO2_24h,北京,6
20200101,7,NO2,北京,49
20200101,7,NO2_24h,北京,43
20200101,7,O3,北京,7
20200101,7,O3_24h,北京,37
20200101,7,O3_8h,北京,6
20200101,7,O3_8h_24h,北京,7
20200101,7,CO,北京,0.80
20200101,7,CO_24h,北京,0.61
20200101,8,AQI,北京,45
20200101,8,PM2.5,北京,25
20200101,8,PM2.5_24h,北京,27
20200101,8,PM10,北京,45
20200101,8,PM10_24h,北京,45
20200101,8,SO2,北京,4
20200101,8,SO2_24h,北京,6
20200101,8,NO2,北京,47
20200101,8,NO2_24h,北京,44
20200101,8,O3,北京,6
20200101,8,O3_24h,北京,37
20200101,8,O3_8h,北京,6
20200101,8,O3_8h_24h,北京,7
20200101,8,CO,北京,0.79
20200101,8,CO_24h,北京,0.63
20200101,9,AQI,北京,49
20200101,9,PM2.5,北京,28
20200101,9,PM2.5_24h,北京,27
20200101,9,PM10,北京,49
20200101,9,PM10_24h,北京,46
20200101,9,SO2,北京,5
20200101,9,SO2_24h,北京,6
20200101,9,NO2,北京,45
20200101,9,NO2_24h,北京,44
20200101,9,O3,北京,9
20200101,9,O3_24h,北京,37
20200101,9,O3_8h,北京,6
20200101,9,O3_8h_24h,北京,7
20200101,9,CO,北京,0.83
20200101,9,CO_24h,北京,0.65
20200101,10,AQI,北京,44
20200101,10,PM2.5,北京,27
20200101,10,PM2.5_24h,北京,28
20200101,10,PM10,北京,44
20200101,10,PM10_24h,北京,47
20200101,10,SO2,北京,6
20200101,10,SO2_24h,北京,6
20200101,10,NO2,北京,39
20200101,10,NO2_24h,北京,44
20200101,10,O3,北京,15
20200101,10,O3_24h,北京,36
20200101,10,O3_8h,北京,7
20200101,10,O3_8h_24h,北京,7
20200101,10,CO,北京,0.77
20200101,10,CO_24h,北京,0.65
20200101,11,AQI,北京,47
20200101,11,PM2.5,北京,29
20200101,11,PM2.5_24h,北京,29
20200101,11,PM10,北京,47
20200101,11,PM10_24h,北京,48
20200101,11,SO2,北京,6
20200101,11,SO2_24h,北京,6
20200101,11,NO2,北京,37
20200101,11,NO2_24h,北京,44
20200101,11,O3,北京,19
20200101,11,O3_24h,北京,36
20200101,11,O3_8h,北京,9
20200101,11,O3_8h_24h,北京,9
20200101,11,CO,北京,0.75
20200101,11,CO_24h,北京,0.65
20200101,12,AQI,北京,47
20200101,12,PM2.5,北京,33
20200101,12,PM2.5_24h,北京,29
20200101,12,PM10,北京,44
20200101,12,PM10_24h,北京,48
20200101,12,SO2,北京,8
20200101,12,SO2_24h,北京,6
20200101,12,NO2,北京,36
20200101,12,NO2_24h,北京,44
20200101,12,O3,北京,23
20200101,12,O3_24h,北京,36
20200101,12,O3_8h,北京,10
20200101,12,O3_8h_24h,北京,10
20200101,12,CO,北京,0.77
20200101,12,CO_24h,北京,0.67
20200101,13,AQI,北京,51
20200101,13,PM2.5,北京,36
20200101,13,PM2.5_24h,北京,30
20200101,13,PM10,北京,49
20200101,13,PM10_24h,北京,50
20200101,13,SO2,北京,10
20200101,13,SO2_24h,北京,6
20200101,13,NO2,北京,38
20200101,13,NO2_24h,北京,45
20200101,13,O3,北京,24
20200101,13,O3_24h,北京,36
20200101,13,O3_8h,北京,13
20200101,13,O3_8h_24h,北京,13
20200101,13,CO,北京,0.83
20200101,13,CO_24h,北京,0.68
20200101,14,AQI,北京,55
20200101,14,PM2.5,北京,39
20200101,14,PM2.5_24h,北京,30
20200101,14,PM10,北京,48
20200101,14,PM10_24h,北京,50
20200101,14,SO2,北京,12
20200101,14,SO2_24h,北京,6
20200101,14,NO2,北京,40
20200101,14,NO2_24h,北京,46
20200101,14,O3,北京,25
20200101,14,O3_24h,北京,36
20200101,14,O3_8h,北京,15
20200101,14,O3_8h_24h,北京,15
20200101,14,CO,北京,0.84
20200101,14,CO_24h,北京,0.71
20200101,15,AQI,北京,55
20200101,15,PM2.5,北京,39
20200101,15,PM2.5_24h,北京,32
20200101,15,PM10,北京,53
20200101,15,PM10_24h,北京,52
20200101,15,SO2,北京,11
20200101,15,SO2_24h,北京,6
20200101,15,NO2,北京,42
20200101,15,NO2_24h,北京,46
20200101,15,O3,北京,22
20200101,15,O3_24h,北京,34
20200101,15,O3_8h,北京,17
20200101,15,O3_8h_24h,北京,18
20200101,15,CO,北京,0.80
20200101,15,CO_24h,北京,0.73
20200101,16,AQI,北京,54
20200101,16,PM2.5,北京,38
20200101,16,PM2.5_24h,北京,32
20200101,16,PM10,北京,55
20200101,16,PM10_24h,北京,51
20200101,16,SO2,北京,10
20200101,16,SO2_24h,北京,7
20200101,16,NO2,北京,45
20200101,16,NO2_24h,北京,46
20200101,16,O3,北京,19
20200101,16,O3_24h,北京,29
20200101,16,O3_8h,北京,19
20200101,16,O3_8h_24h,北京,19
20200101,16,CO,北京,0.74
20200101,16,CO_24h,北京,0.73
20200101,17,AQI,北京,53
20200101,17,PM2.5,北京,37
20200101,17,PM2.5_24h,北京,33
20200101,17,PM10,北京,56
20200101,17,PM10_24h,北京,53
20200101,17,SO2,北京,10
20200101,17,SO2_24h,北京,7
20200101,17,NO2,北京,50
20200101,17,NO2_24h,北京,48
20200101,17,O3,北京,10
20200101,17,O3_24h,北京,25
20200101,17,O3_8h,北京,19
20200101,17,O3_8h_24h,北京,20
20200101,17,CO,北京,0.79
20200101,17,CO_24h,北京,0.75
20200101,18,AQI,北京,58
20200101,18,PM2.5,北京,39
20200101,18,PM2.5_24h,北京,33
20200101,18,PM10,北京,65
20200101,18,PM10_24h,北京,54
20200101,18,SO2,北京,8
20200101,18,SO2_24h,北京,6
20200101,18,NO2,北京,59
20200101,18,NO2_24h,北京,47
20200101,18,O3,北京,5
20200101,18,O3_24h,北京,25
20200101,18,O3_8h,北京,18
20200101,18,O3_8h_24h,北京,20
20200101,18,CO,北京,0.82
20200101,18,CO_24h,北京,0.76
20200101,19,AQI,北京,60
20200101,19,PM2.5,北京,41
20200101,19,PM2.5_24h,北京,33
20200101,19,PM10,北京,70
20200101,19,PM10_24h,北京,53
20200101,19,SO2,北京,7
20200101,19,SO2_24h,北京,6
20200101,19,NO2,北京,60
20200101,19,NO2_24h,北京,47
20200101,19,O3,北京,5
20200101,19,O3_24h,北京,25
20200101,19,O3_8h,北京,16
20200101,19,O3_8h_24h,北京,20
20200101,19,CO,北京,0.83
20200101,19,CO_24h,北京,0.76
20200101,20,AQI,北京,63
20200101,20,PM2.5,北京,43
20200101,20,PM2.5_24h,北京,33
20200101,20,PM10,北京,76
20200101,20,PM10_24h,北京,53
20200101,20,SO2,北京,7
20200101,20,SO2_24h,北京,7
20200101,20,NO2,北京,60
20200101,20,NO2_24h,北京,49
20200101,20,O3,北京,6
20200101,20,O3_24h,北京,25
20200101,20,O3_8h,北京,13
20200101,20,O3_8h_24h,北京,20
20200101,20,CO,北京,0.89
20200101,20,CO_24h,北京,0.78
20200101,21,AQI,北京,67
20200101,21,PM2.5,北京,46
20200101,21,PM2.5_24h,北京,33
20200101,21,PM10,北京,83
20200101,21,PM10_24h,北京,54
20200101,21,SO2,北京,7
20200101,21,SO2_24h,北京,7
20200101,21,NO2,北京,59
20200101,21,NO2_24h,北京,48
20200101,21,O3,北京,5
20200101,21,O3_24h,北京,26
20200101,21,O3_8h,北京,12
20200101,21,O3_8h_24h,北京,20
20200101,21,CO,北京,0.89
20200101,21,CO_24h,北京,0.78
20200101,22,AQI,北京,68
20200101,22,PM2.5,北京,47
20200101,22,PM2.5_24h,北京,34
20200101,22,PM10,北京,86
20200101,22,PM10_24h,北京,55
20200101,22,SO2,北京,7
20200101,22,SO2_24h,北京,7
20200101,22,NO2,北京,58
20200101,22,NO2_24h,北京,48
20200101,22,O3,北京,5
20200101,22,O3_24h,北京,25
20200101,22,O3_8h,北京,9
20200101,22,O3_8h_24h,北京,20
20200101,22,CO,北京,0.97
20200101,22,CO_24h,北京,0.79
20200101,23,AQI,北京,67
20200101,23,PM2.5,北京,48
20200101,23,PM2.5_24h,北京,34
20200101,23,PM10,北京,83
20200101,23,PM10_24h,北京,55
20200101,23,SO2,北京,8
20200101,23,SO2_24h,北京,7
20200101,23,NO2,北京,62
20200101,23,NO2_24h,北京,49
20200101,23,O3,北京,5
20200101,23,O3_24h,北京,25
20200101,23,O3_8h,北京,6
20200101,23,O3_8h_24h,北京,20
20200101,23,CO,北京,1.09
20200101,23,CO_24h,北京,0.79
20200101,0,AQI,广州,55
20200101,0,PM2.5,广州,36
20200101,0,PM2.5_24h,广州,42
20200101,0,PM10,广州,60
20200101,0,PM10_24h,广州,75
20200101,0,SO2,广州,9
20200101,0,SO2_24h,广州,10
20200101,0,NO2,广州,36
20200101,0,NO2_24h,广州,46
20200101,0,O3,广州,43
20200101,0,O3_24h,广州,98
20200101,0,O3_8h,广州,52
20200101,0,O3_8h_24h,广州,80
20200101,0,CO,广州,0.89
20200101,0,CO_24h,广州,1.04
20200101,1,AQI,广州,55
20200101,1,PM2.5,广州,36
20200101,1,PM2.5_24h,广州,42
20200101,1,PM10,广州,59
20200101,1,PM10_24h,广州,74
20200101,1,SO2,广州,9
20200101,1,SO2_24h,广州,10
20200101,1,NO2,广州,36
20200101,1,NO2_24h,广州,44
20200101,1,O3,广州,38
20200101,1,O3_24h,广州,98
20200101,1,O3_8h,广州,38
20200101,1,O3_8h_24h,广州,38
20200101,1,CO,广州,0.91
20200101,1,CO_24h,广州,1.04
20200101,2,AQI,广州,54
20200101,2,PM2.5,广州,36
20200101,2,PM2.5_24h,广州,42
20200101,2,PM10,广州,58
20200101,2,PM10_24h,广州,72
20200101,2,SO2,广州,8
20200101,2,SO2_24h,广州,10
20200101,2,NO2,广州,36
20200101,2,NO2_24h,广州,42
20200101,2,O3,广州,35
20200101,2,O3_24h,广州,98
20200101,2,O3_8h,广州,36
20200101,2,O3_8h_24h,广州,39
20200101,2,CO,广州,0.91
20200101,2,CO_24h,广州,1.04
20200101,3,AQI,广州,154
20200101,3,PM2.5,广州,37
20200101,3,PM2.5_24h,广州,42
20200101,3,PM10,广州,58
20200101,3,PM10_24h,广州,72
20200101,3,SO2,广州,7
20200101,3,SO2_24h,广州,10
20200101,3,NO2,广州,37
20200101,3,NO2_24h,广州,40
20200101,3,O3,广州,32
20200101,3,O3_24h,广州,98
20200101,3,O3_8h,广州,35
20200101,3,O3_8h_24h,广州,39
20200101,3,CO,广州,0.91
20200101,3,CO_24h,广州,1.02
20200101,4,AQI,广州,55
20200101,4,PM2.5,广州,39
20200101,4,PM2.5_24h,广州,42
20200101,4,PM10,广州,60
20200101,4,PM10_24h,广州,71
20200101,4,SO2,广州,7
20200101,4,SO2_24h,广州,10
20200101,4,NO2,广州,38
20200101,4,NO2_24h,广州,39
20200101,4,O3,广州,29
20200101,4,O3_24h,广州,98
20200101,4,O3_8h,广州,33
20200101,4,O3_8h_24h,广州,39
20200101,4,CO,广州,0.93
20200101,4,CO_24h,广州,1.00
20200101,5,AQI,广州,55
20200101,5,PM2.5,广州,39
20200101,5,PM2.5_24h,广州,42
20200101,5,PM10,广州,59
20200101,5,PM10_24h,广州,70
20200101,5,SO2,广州,6
20200101,5,SO2_24h,广州,10
20200101,5,NO2,广州,37
20200101,5,NO2_24h,广州,38
20200101,5,O3,广州,29
20200101,5,O3_24h,广州,98
20200101,5,O3_8h,广州,33
20200101,5,O3_8h_24h,广州,39
20200101,5,CO,广州,0.92
20200101,5,CO_24h,广州,1.00
20200101,6,AQI,广州,58
20200101,6,PM2.5,广州,41
20200101,6,PM2.5_24h,广州,41
20200101,6,PM10,广州,60
20200101,6,PM10_24h,广州,69
20200101,6,SO2,广州,7
20200101,6,SO2_24h,广州,9
20200101,6,NO2,广州,39
20200101,6,NO2_24h,广州,38
20200101,6,O3,广州,25
20200101,6,O3_24h,广州,98
20200101,6,O3_8h,广州,31
20200101,6,O3_8h_24h,广州,39
20200101,6,CO,广州,0.93
20200101,6,CO_24h,广州,0.99
20200101,7,AQI,广州,59
20200101,7,PM2.5,广州,42
20200101,7,PM2.5_24h,广州,41
20200101,7,PM10,广州,62
20200101,7,PM10_24h,广州,68
20200101,7,SO2,广州,7
20200101,7,SO2_24h,广州,9
20200101,7,NO2,广州,42
20200101,7,NO2_24h,广州,38
20200101,7,O3,广州,19
20200101,7,O3_24h,广州,98
20200101,7,O3_8h,广州,30
20200101,7,O3_8h_24h,广州,39
20200101,7,CO,广州,0.96
20200101,7,CO_24h,广州,0.98
20200101,8,AQI,广州,63
20200101,8,PM2.5,广州,45
20200101,8,PM2.5_24h,广州,41
20200101,8,PM10,广州,66
20200101,8,PM10_24h,广州,67
20200101,8,SO2,广州,8
20200101,8,SO2_24h,广州,9
20200101,8,NO2,广州,41
20200101,8,NO2_24h,广州,37
20200101,8,O3,广州,17
20200101,8,O3_24h,广州,98
20200101,8,O3_8h,广州,28
20200101,8,O3_8h_24h,广州,39
20200101,8,CO,广州,0.96
20200101,8,CO_24h,广州,0.98
20200101,9,AQI,广州,68
20200101,9,PM2.5,广州,49
20200101,9,PM2.5_24h,广州,41
20200101,9,PM10,广州,72
20200101,9,PM10_24h,广州,66
20200101,9,SO2,广州,10
20200101,9,SO2_24h,广州,9
20200101,9,NO2,广州,41
20200101,9,NO2_24h,广州,37
20200101,9,O3,广州,16
20200101,9,O3_24h,广州,98
20200101,9,O3_8h,广州,25
20200101,9,O3_8h_24h,广州,39
20200101,9,CO,广州,1.01
20200101,9,CO_24h,广州,0.97
20200101,10,AQI,广州,70
20200101,10,PM2.5,广州,51
20200101,10,PM2.5_24h,广州,41
20200101,10,PM10,广州,75
20200101,10,PM10_24h,广州,66
20200101,10,SO2,广州,11
20200101,10,SO2_24h,广州,9
20200101,10,NO2,广州,39
20200101,10,NO2_24h,广州,38
20200101,10,O3,广州,18
20200101,10,O3_24h,广州,98
20200101,10,O3_8h,广州,23
20200101,10,O3_8h_24h,广州,39
20200101,10,CO,广州,1.03
20200101,10,CO_24h,广州,0.97
20200101,11,AQI,广州,66
20200101,11,PM2.5,广州,48
20200101,11,PM2.5_24h,广州,40
20200101,11,PM10,广州,72
20200101,11,PM10_24h,广州,65
20200101,11,SO2,广州,11
20200101,11,SO2_24h,广州,9
20200101,11,NO2,广州,37
20200101,11,NO2_24h,广州,38
20200101,11,O3,广州,22
20200101,11,O3_24h,广州,98
20200101,11,O3_8h,广州,22
20200101,11,O3_8h_24h,广州,39
20200101,11,CO,广州,1.00
20200101,11,CO_24h,广州,0.97
20200101,12,AQI,广州,63
20200101,12,PM2.5,广州,45
20200101,12,PM2.5_24h,广州,40
20200101,12,PM10,广州,67
20200101,12,PM10_24h,广州,64
20200101,12,SO2,广州,10
20200101,12,SO2_24h,广州,9
20200101,12,NO2,广州,32
20200101,12,NO2_24h,广州,38
20200101,12,O3,广州,31
20200101,12,O3_24h,广州,98
20200101,12,O3_8h,广州,22
20200101,12,O3_8h_24h,广州,39
20200101,12,CO,广州,0.97
20200101,12,CO_24h,广州,0.97
20200101,13,AQI,广州,63
20200101,13,PM2.5,广州,45
20200101,13,PM2.5_24h,广州,40
20200101,13,PM10,广州,68
20200101,13,PM10_24h,广州,64
20200101,13,SO2,广州,10
20200101,13,SO2_24h,广州,9
20200101,13,NO2,广州,32
20200101,13,NO2_24h,广州,38
20200101,13,O3,广州,37
20200101,13,O3_24h,广州,98
20200101,13,O3_8h,广州,23
20200101,13,O3_8h_24h,广州,39
20200101,13,CO,广州,0.95
20200101,13,CO_24h,广州,0.97
20200101,14,AQI,广州,60
20200101,14,PM2.5,广州,43
20200101,14,PM2.5_24h,广州,40
20200101,14,PM10,广州,65
20200101,14,PM10_24h,广州,64
20200101,14,SO2,广州,9
20200101,14,SO2_24h,广州,9
20200101,14,NO2,广州,29
20200101,14,NO2_24h,广州,38
20200101,14,O3,广州,48
20200101,14,O3_24h,广州,98
20200101,14,O3_8h,广州,26
20200101,14,O3_8h_24h,广州,39
20200101,14,CO,广州,0.93
20200101,14,CO_24h,广州,0.97
20200101,15,AQI,广州,56
20200101,15,PM2.5,广州,40
20200101,15,PM2.5_24h,广州,40
20200101,15,PM10,广州,61
20200101,15,PM10_24h,广州,64
20200101,15,SO2,广州,8
20200101,15,SO2_24h,广州,9
20200101,15,NO2,广州,27
20200101,15,NO2_24h,广州,38
20200101,15,O3,广州,60
20200101,15,O3_24h,广州,98
20200101,15,O3_8h,广州,31
20200101,15,O3_8h_24h,广州,39
20200101,15,CO,广州,0.92
20200101,15,CO_24h,广州,0.96
20200101,16,AQI,广州,54
20200101,16,PM2.5,广州,37
20200101,16,PM2.5_24h,广州,40
20200101,16,PM10,广州,57
20200101,16,PM10_24h,广州,64
20200101,16,SO2,广州,7
20200101,16,SO2_24h,广州,9
20200101,16,NO2,广州,27
20200101,16,NO2_24h,广州,38
20200101,16,O3,广州,69
20200101,16,O3_24h,广州,89
20200101,16,O3_8h,广州,37
20200101,16,O3_8h_24h,广州,41
20200101,16,CO,广州,0.86
20200101,16,CO_24h,广州,0.95
20200101,17,AQI,广州,54
20200101,17,PM2.5,广州,36
20200101,17,PM2.5_24h,广州,41
20200101,17,PM10,广州,57
20200101,17,PM10_24h,广州,64
20200101,17,SO2,广州,7
20200101,17,SO2_24h,广州,9
20200101,17,NO2,广州,32
20200101,17,NO2_24h,广州,39
20200101,17,O3,广州,68
20200101,17,O3_24h,广州,80
20200101,17,O3_8h,广州,43
20200101,17,O3_8h_24h,广州,45
20200101,17,CO,广州,0.84
20200101,17,CO_24h,广州,0.96
20200101,18,AQI,广州,55
20200101,18,PM2.5,广州,38
20200101,18,PM2.5_24h,广州,41
20200101,18,PM10,广州,60
20200101,18,PM10_24h,广州,64
20200101,18,SO2,广州,8
20200101,18,SO2_24h,广州,9
20200101,18,NO2,广州,40
20200101,18,NO2_24h,广州,39
20200101,18,O3,广州,57
20200101,18,O3_24h,广州,71
20200101,18,O3_8h,广州,48
20200101,18,O3_8h_24h,广州,49
20200101,18,CO,广州,0.88
20200101,18,CO_24h,广州,0.96
20200101,19,AQI,广州,58
20200101,19,PM2.5,广州,41
20200101,19,PM2.5_24h,广州,41
20200101,19,PM10,广州,65
20200101,19,PM10_24h,广州,64
20200101,19,SO2,广州,7
20200101,19,SO2_24h,广州,9
20200101,19,NO2,广州,44
20200101,19,NO2_24h,广州,39
20200101,19,O3,广州,45
20200101,19,O3_24h,广州,71
20200101,19,O3_8h,广州,51
20200101,19,O3_8h_24h,广州,51
20200101,19,CO,广州,0.94
20200101,19,CO_24h,广州,0.96
20200101,20,AQI,广州,60
20200101,20,PM2.5,广州,43
20200101,20,PM2.5_24h,广州,41
20200101,20,PM10,广州,68
20200101,20,PM10_24h,广州,64
20200101,20,SO2,广州,7
20200101,20,SO2_24h,广州,8
20200101,20,NO2,广州,47
20200101,20,NO2_24h,广州,38
20200101,20,O3,广州,35
20200101,20,O3_24h,广州,71
20200101,20,O3_8h,广州,52
20200101,20,O3_8h_24h,广州,52
20200101,20,CO,广州,0.97
20200101,20,CO_24h,广州,0.95
20200101,21,AQI,广州,61
20200101,21,PM2.5,广州,44
20200101,21,PM2.5_24h,广州,41
20200101,21,PM10,广州,72
20200101,21,PM10_24h,广州,64
20200101,21,SO2,广州,6
20200101,21,SO2_24h,广州,8
20200101,21,NO2,广州,56
20200101,21,NO2_24h,广州,38
20200101,21,O3,广州,22
20200101,21,O3_24h,广州,71
20200101,21,O3_8h,广州,50
20200101,21,O3_8h_24h,广州,52
20200101,21,CO,广州,0.96
20200101,21,CO_24h,广州,0.95
20200101,22,AQI,广州,64
20200101,22,PM2.5,广州,46
20200101,22,PM2.5_24h,广州,41
20200101,22,PM10,广州,75
20200101,22,PM10_24h,广州,64
20200101,22,SO2,广州,7
20200101,22,SO2_24h,广州,8
20200101,22,NO2,广州,60
20200101,22,NO2_24h,广州,39
20200101,22,O3,广州,13
20200101,22,O3_24h,广州,71
20200101,22,O3_8h,广州,45
20200101,22,O3_8h_24h,广州,52
20200101,22,CO,广州,0.99
20200101,22,CO_24h,广州,0.94
20200101,23,AQI,广州,65
20200101,23,PM2.5,广州,47
20200101,23,PM2.5_24h,广州,42
20200101,23,PM10,广州,79
20200101,23,PM10_24h,广州,65
20200101,23,SO2,广州,7
20200101,23,SO2_24h,广州,8
20200101,23,NO2,广州,62
20200101,23,NO2_24h,广州,40
20200101,23,O3,广州,8
20200101,23,O3_24h,广州,71
20200101,23,O3_8h,广州,39
20200101,23,O3_8h_24h,广州,52
20200101,23,CO,广州,1.04
20200101,23,CO_24h,广州,0.94
20200101,0,AQI,成都,153
20200101,0,PM2.5,成都,117
20200101,0,PM2.5_24h,成都,111
20200101,0,PM10,成都,143
20200101,0,PM10_24h,成都,148
20200101,0,SO2,成都,5
20200101,0,SO2_24h,成都,7
20200101,0,NO2,成都,49
20200101,0,NO2_24h,成都,61
20200101,0,O3,成都,18
20200101,0,O3_24h,成都,28
20200101,0,O3_8h,成都,14
20200101,0,O3_8h_24h,成都,19
20200101,0,CO,成都,0.89
20200101,0,CO_24h,成都,1.01
20200101,1,AQI,成都,149
20200101,1,PM2.5,成都,114
20200101,1,PM2.5_24h,成都,112
20200101,1,PM10,成都,139
20200101,1,PM10_24h,成都,148
20200101,1,SO2,成都,5
20200101,1,SO2_24h,成都,7
20200101,1,NO2,成都,45
20200101,1,NO2_24h,成都,60
20200101,1,O3,成都,18
20200101,1,O3_24h,成都,28
20200101,1,O3_8h,成都,18
20200101,1,O3_8h_24h,成都,18
20200101,1,CO,成都,0.87
20200101,1,CO_24h,成都,1.01
20200101,2,AQI,成都,146
20200101,2,PM2.5,成都,112
20200101,2,PM2.5_24h,成都,113
20200101,2,PM10,成都,137
20200101,2,PM10_24h,成都,149
20200101,2,SO2,成都,5
20200101,2,SO2_24h,成都,7
20200101,2,NO2,成都,40
20200101,2,NO2_24h,成都,59
20200101,2,O3,成都,20
20200101,2,O3_24h,成都,31
20200101,2,O3_8h,成都,19
20200101,2,O3_8h_24h,成都,20
20200101,2,CO,成都,0.87
20200101,2,CO_24h,成都,1.00
20200101,3,AQI,成都,151
20200101,3,PM2.5,成都,116
20200101,3,PM2.5_24h,成都,114
20200101,3,PM10,成都,137
20200101,3,PM10_24h,成都,149
20200101,3,SO2,成都,5
20200101,3,SO2_24h,成都,7
20200101,3,NO2,成都,33
20200101,3,NO2_24h,成都,58
20200101,3,O3,成都,24
20200101,3,O3_24h,成都,32
20200101,3,O3_8h,成都,21
20200101,3,O3_8h_24h,成都,21
20200101,3,CO,成都,0.86
20200101,3,CO_24h,成都,1.00
20200101,4,AQI,成都,141
20200101,4,PM2.5,成都,108
20200101,4,PM2.5_24h,成都,115
20200101,4,PM10,成都,126
20200101,4,PM10_24h,成都,149
20200101,4,SO2,成都,5
20200101,4,SO2_24h,成都,7
20200101,4,NO2,成都,30
20200101,4,NO2_24h,成都,57
20200101,4,O3,成都,27
20200101,4,O3_24h,成都,35
20200101,4,O3_8h,成都,22
20200101,4,O3_8h_24h,成都,23
20200101,4,CO,成都,0.81
20200101,4,CO_24h,成都,0.99
20200101,5,AQI,成都,141
20200101,5,PM2.5,成都,108
20200101,5,PM2.5_24h,成都,115
20200101,5,PM10,成都,126
20200101,5,PM10_24h,成都,149
20200101,5,SO2,成都,5
20200101,5,SO2_24h,成都,7
20200101,5,NO2,成都,31
20200101,5,NO2_24h,成都,56
20200101,5,O3,成都,26
20200101,5,O3_24h,成都,36
20200101,5,O3_8h,成都,23
20200101,5,O3_8h_24h,成都,24
20200101,5,CO,成都,0.83
20200101,5,CO_24h,成都,0.99
20200101,6,AQI,成都,141
20200101,6,PM2.5,成都,108
20200101,6,PM2.5_24h,成都,115
20200101,6,PM10,成都,129
20200101,6,PM10_24h,成都,149
20200101,6,SO2,成都,5
20200101,6,SO2_24h,成都,7
20200101,6,NO2,成都,34
20200101,6,NO2_24h,成都,54
20200101,6,O3,成都,19
20200101,6,O3_24h,成都,34
20200101,6,O3_8h,成都,21
20200101,6,O3_8h_24h,成都,22
20200101,6,CO,成都,0.85
20200101,6,CO_24h,成都,1.00
20200101,7,AQI,成都,124
20200101,7,PM2.5,成都,94
20200101,7,PM2.5_24h,成都,115
20200101,7,PM10,成都,110
20200101,7,PM10_24h,成都,147
20200101,7,SO2,成都,5
20200101,7,SO2_24h,成都,7
20200101,7,NO2,成都,31
20200101,7,NO2_24h,成都,54
20200101,7,O3,成都,26
20200101,7,O3_24h,成都,36
20200101,7,O3_8h,成都,22
20200101,7,O3_8h_24h,成都,23
20200101,7,CO,成都,0.87
20200101,7,CO_24h,成都,0.98
20200101,8,AQI,成都,115
20200101,8,PM2.5,成都,87
20200101,8,PM2.5_24h,成都,114
20200101,8,PM10,成都,101
20200101,8,PM10_24h,成都,146
20200101,8,SO2,成都,5
20200101,8,SO2_24h,成都,7
20200101,8,NO2,成都,38
20200101,8,NO2_24h,成都,53
20200101,8,O3,成都,20
20200101,8,O3_24h,成都,36
20200101,8,O3_8h,成都,21
20200101,8,O3_8h_24h,成都,23
20200101,8,CO,成都,0.90
20200101,8,CO_24h,成都,0.98
20200101,9,AQI,成都,111
20200101,9,PM2.5,成都,84
20200101,9,PM2.5_24h,成都,113
20200101,9,PM10,成都,98
20200101,9,PM10_24h,成都,144
20200101,9,SO2,成都,5
20200101,9,SO2_24h,成都,6
20200101,9,NO2,成都,41
20200101,9,NO2_24h,成都,52
20200101,9,O3,成都,14
20200101,9,O3_24h,成都,36
20200101,9,O3_8h,成都,21
20200101,9,O3_8h_24h,成都,24
20200101,9,CO,成都,0.92
20200101,9,CO_24h,成都,0.98
20200101,10,AQI,成都,111
20200101,10,PM2.5,成都,84
20200101,10,PM2.5_24h,成都,113
20200101,10,PM10,成都,99
20200101,10,PM10_24h,成都,143
20200101,10,SO2,成都,5
20200101,10,SO2_24h,成都,6
20200101,10,NO2,成都,47
20200101,10,NO2_24h,成都,52
20200101,10,O3,成都,9
20200101,10,O3_24h,成都,36
20200101,10,O3_8h,成都,20
20200101,10,O3_8h_24h,成都,24
20200101,10,CO,成都,1.00
20200101,10,CO_24h,成都,0.98
20200101,11,AQI,成都,118
20200101,11,PM2.5,成都,89
20200101,11,PM2.5_24h,成都,112
20200101,11,PM10,成都,107
20200101,11,PM10_24h,成都,141
20200101,11,SO2,成都,4
20200101,11,SO2_24h,成都,6
20200101,11,NO2,成都,45
20200101,11,NO2_24h,成都,51
20200101,11,O3,成都,10
20200101,11,O3_24h,成都,36
20200101,11,O3_8h,成都,18
20200101,11,O3_8h_24h,成都,24
20200101,11,CO,成都,1.00
20200101,11,CO_24h,成都,0.98
20200101,12,AQI,成都,125
20200101,12,PM2.5,成都,95
20200101,12,PM2.5_24h,成都,113
20200101,12,PM10,成都,114
20200101,12,PM10_24h,成都,141
20200101,12,SO2,成都,33
20200101,12,SO2_24h,成都,7
20200101,12,NO2,成都,45
20200101,12,NO2_24h,成都,51
20200101,12,O3,成都,14
20200101,12,O3_24h,成都,37
20200101,12,O3_8h,成都,21
20200101,12,O3_8h_24h,成都,27
20200101,12,CO,成都,1.00
20200101,12,CO_24h,成都,0.96
20200101,13,AQI,成都,129
20200101,13,PM2.5,成都,98
20200101,13,PM2.5_24h,成都,112
20200101,13,PM10,成都,112
20200101,13,PM10_24h,成都,139
20200101,13,SO2,成都,5
20200101,13,SO2_24h,成都,7
20200101,13,NO2,成都,45
20200101,13,NO2_24h,成都,50
20200101,13,O3,成都,18
20200101,13,O3_24h,成都,37
20200101,13,O3_8h,成都,16
20200101,13,O3_8h_24h,成都,27
20200101,13,CO,成都,0.97
20200101,13,CO_24h,成都,0.93
20200101,14,AQI,成都,130
20200101,14,PM2.5,成都,99
20200101,14,PM2.5_24h,成都,111
20200101,14,PM10,成都,118
20200101,14,PM10_24h,成都,137
20200101,14,SO2,成都,5
20200101,14,SO2_24h,成都,7
20200101,14,NO2,成都,45
20200101,14,NO2_24h,成都,49
20200101,14,O3,成都,20
20200101,14,O3_24h,成都,37
20200101,14,O3_8h,成都,17
20200101,14,O3_8h_24h,成都,27
20200101,14,CO,成都,0.92
20200101,14,CO_24h,成都,0.94
20200101,15,AQI,成都,138
20200101,15,PM2.5,成都,105
20200101,15,PM2.5_24h,成都,110
20200101,15,PM10,成都,125
20200101,15,PM10_24h,成都,135
20200101,15,SO2,成都,5
20200101,15,SO2_24h,成都,6
20200101,15,NO2,成都,45
20200101,15,NO2_24h,成都,48
20200101,15,O3,成都,22
20200101,15,O3_24h,成都,37
20200101,15,O3_8h,成都,16
20200101,15,O3_8h_24h,成都,27
20200101,15,CO,成都,1.11
20200101,15,CO_24h,成都,0.94
20200101,16,AQI,成都,139
20200101,16,PM2.5,成都,106
20200101,16,PM2.5_24h,成都,109
20200101,16,PM10,成都,131
20200101,16,PM10_24h,成都,134
20200101,16,SO2,成都,5
20200101,16,SO2_24h,成都,6
20200101,16,NO2,成都,47
20200101,16,NO2_24h,成都,47
20200101,16,O3,成都,19
20200101,16,O3_24h,成都,37
20200101,16,O3_8h,成都,16
20200101,16,O3_8h_24h,成都,27
20200101,16,CO,成都,0.90
20200101,16,CO_24h,成都,0.94
20200101,17,AQI,成都,144
20200101,17,PM2.5,成都,110
20200101,17,PM2.5_24h,成都,109
20200101,17,PM10,成都,137
20200101,17,PM10_24h,成都,133
20200101,17,SO2,成都,6
20200101,17,SO2_24h,成都,6
20200101,17,NO2,成都,51
20200101,17,NO2_24h,成都,46
20200101,17,O3,成都,16
20200101,17,O3_24h,成都,37
20200101,17,O3_8h,成都,15
20200101,17,O3_8h_24h,成都,27
20200101,17,CO,成都,0.91
20200101,17,CO_24h,成都,0.91
20200101,18,AQI,成都,149
20200101,18,PM2.5,成都,114
20200101,18,PM2.5_24h,成都,108
20200101,18,PM10,成都,141
20200101,18,PM10_24h,成都,132
20200101,18,SO2,成都,5
20200101,18,SO2_24h,成都,6
20200101,18,NO2,成都,55
20200101,18,NO2_24h,成都,46
20200101,18,O3,成都,12
20200101,18,O3_24h,成都,37
20200101,18,O3_8h,成都,16
20200101,18,O3_8h_24h,成都,27
20200101,18,CO,成都,0.93
20200101,18,CO_24h,成都,0.93
20200101,19,AQI,成都,145
20200101,19,PM2.5,成都,111
20200101,19,PM2.5_24h,成都,108
20200101,19,PM10,成都,136
20200101,19,PM10_24h,成都,131
20200101,19,SO2,成都,5
20200101,19,SO2_24h,成都,6
20200101,19,NO2,成都,54
20200101,19,NO2_24h,成都,45
20200101,19,O3,成都,10
20200101,19,O3_24h,成都,37
20200101,19,O3_8h,成都,15
20200101,19,O3_8h_24h,成都,27
20200101,19,CO,成都,0.91
20200101,19,CO_24h,成都,0.91
20200101,20,AQI,成都,136
20200101,20,PM2.5,成都,104
20200101,20,PM2.5_24h,成都,107
20200101,20,PM10,成都,130
20200101,20,PM10_24h,成都,129
20200101,20,SO2,成都,5
20200101,20,SO2_24h,成都,6
20200101,20,NO2,成都,56
20200101,20,NO2_24h,成都,45
20200101,20,O3,成都,8
20200101,20,O3_24h,成都,37
20200101,20,O3_8h,成都,15
20200101,20,O3_8h_24h,成都,27
20200101,20,CO,成都,0.93
20200101,20,CO_24h,成都,0.93
20200101,21,AQI,成都,134
20200101,21,PM2.5,成都,102
20200101,21,PM2.5_24h,成都,105
20200101,21,PM10,成都,128
20200101,21,PM10_24h,成都,127
20200101,21,SO2,成都,5
20200101,21,SO2_24h,成都,6
20200101,21,NO2,成都,55
20200101,21,NO2_24h,成都,45
20200101,21,O3,成都,6
20200101,21,O3_24h,成都,37
20200101,21,O3_8h,成都,13
20200101,21,O3_8h_24h,成都,27
20200101,21,CO,成都,0.96
20200101,21,CO_24h,成都,0.90
20200101,22,AQI,成都,133
20200101,22,PM2.5,成都,101
20200101,22,PM2.5_24h,成都,104
20200101,22,PM10,成都,129
20200101,22,PM10_24h,成都,126
20200101,22,SO2,成都,6
20200101,22,SO2_24h,成都,6
20200101,22,NO2,成都,55
20200101,22,NO2_24h,成都,45
20200101,22,O3,成都,5
20200101,22,O3_24h,成都,37
20200101,22,O3_8h,成都,11
20200101,22,O3_8h_24h,成都,27
20200101,22,CO,成都,0.96
20200101,22,CO_24h,成都,0.90
20200101,23,AQI,成都,133
20200101,23,PM2.5,成都,101
20200101,23,PM2.5_24h,成都,104
20200101,23,PM10,成都,128
20200101,23,PM10_24h,成都,125
20200101,23,SO2,成都,7
20200101,23,SO2_24h,成都,6
20200101,23,NO2,成都,54
20200101,23,NO2_24h,成都,45
20200101,23,O3,成都,5
20200101,23,O3_24h,成都,36
20200101,23,O3_8h,成都,10
20200101,23,O3_8h_24h,成都,27
20200101,23,CO,成都,0.94
20200101,23,CO_24h,成都,0.90
20200101,0,AQI,拉萨,40
20200101,0,PM2.5,拉萨,15
20200101,0,PM2.5_24h,拉萨,26
20200101,0,PM10,拉萨,40
20200101,0,PM10_24h,拉萨,54
20200101,0,SO2,拉萨,6
20200101,0,SO2_24h,拉萨,7
20200101,0,NO2,拉萨,14
20200101,0,NO2_24h,拉萨,39
20200101,0,O3,拉萨,64
20200101,0,O3_24h,拉萨,77
20200101,0,O3_8h,拉萨,50
20200101,0,O3_8h_24h,拉萨,60
20200101,0,CO,拉萨,0.52
20200101,0,CO_24h,拉萨,1.04
20200101,1,AQI,拉萨,29
20200101,1,PM2.5,拉萨,9
20200101,1,PM2.5_24h,拉萨,25
20200101,1,PM10,拉萨,29
20200101,1,PM10_24h,拉萨,52
20200101,1,SO2,拉萨,6
20200101,1,SO2_24h,拉萨,7
20200101,1,NO2,拉萨,10
20200101,1,NO2_24h,拉萨,37
20200101,1,O3,拉萨,68
20200101,1,O3_24h,拉萨,77
20200101,1,O3_8h,拉萨,68
20200101,1,O3_8h_24h,拉萨,68
20200101,1,CO,拉萨,0.44
20200101,1,CO_24h,拉萨,1.00
20200101,2,AQI,拉萨,37
20200101,2,PM2.5,拉萨,8
20200101,2,PM2.5_24h,拉萨,23
20200101,2,PM10,拉萨,37
20200101,2,PM10_24h,拉萨,50
20200101,2,SO2,拉萨,6
20200101,2,SO2_24h,拉萨,7
20200101,2,NO2,拉萨,8
20200101,2,NO2_24h,拉萨,35
20200101,2,O3,拉萨,70
20200101,2,O3_24h,拉萨,77
20200101,2,O3_8h,拉萨,69
20200101,2,O3_8h_24h,拉萨,69
20200101,2,CO,拉萨,0.44
20200101,2,CO_24h,拉萨,0.96
20200101,3,AQI,拉萨,29
20200101,3,PM2.5,拉萨,6
20200101,3,PM2.5_24h,拉萨,23
20200101,3,PM10,拉萨,29
20200101,3,PM10_24h,拉萨,49
20200101,3,SO2,拉萨,5
20200101,3,SO2_24h,拉萨,7
20200101,3,NO2,拉萨,11
20200101,3,NO2_24h,拉萨,33
20200101,3,O3,拉萨,66
20200101,3,O3_24h,拉萨,77
20200101,3,O3_8h,拉萨,68
20200101,3,O3_8h_24h,拉萨,69
20200101,3,CO,拉萨,0.46
20200101,3,CO_24h,拉萨,0.92
20200101,4,AQI,拉萨,24
20200101,4,PM2.5,拉萨,7
20200101,4,PM2.5_24h,拉萨,22
20200101,4,PM10,拉萨,24
20200101,4,PM10_24h,拉萨,47
20200101,4,SO2,拉萨,4
20200101,4,SO2_24h,拉萨,7
20200101,4,NO2,拉萨,17
20200101,4,NO2_24h,拉萨,32
20200101,4,O3,拉萨,58
20200101,4,O3_24h,拉萨,77
20200101,4,O3_8h,拉萨,66
20200101,4,O3_8h_24h,拉萨,69
20200101,4,CO,拉萨,0.56
20200101,4,CO_24h,拉萨,0.90
20200101,5,AQI,拉萨,21
20200101,5,PM2.5,拉萨,6
20200101,5,PM2.5_24h,拉萨,21
20200101,5,PM10,拉萨,21
20200101,5,PM10_24h,拉萨,46
20200101,5,SO2,拉萨,4
20200101,5,SO2_24h,拉萨,7
20200101,5,NO2,拉萨,18
20200101,5,NO2_24h,拉萨,31
20200101,5,O3,拉萨,54
20200101,5,O3_24h,拉萨,77
20200101,5,O3_8h,拉萨,63
20200101,5,O3_8h_24h,拉萨,69
20200101,5,CO,拉萨,0.54
20200101,5,CO_24h,拉萨,0.88
20200101,6,AQI,拉萨,16
20200101,6,PM2.5,拉萨,7
20200101,6,PM2.5_24h,拉萨,21
20200101,6,PM10,拉萨,16
20200101,6,PM10_24h,拉萨,45
20200101,6,SO2,拉萨,5
20200101,6,SO2_24h,拉萨,7
20200101,6,NO2,拉萨,19
20200101,6,NO2_24h,拉萨,31
20200101,6,O3,拉萨,51
20200101,6,O3_24h,拉萨,77
20200101,6,O3_8h,拉萨,61
20200101,6,O3_8h_24h,拉萨,69
20200101,6,CO,拉萨,0.66
20200101,6,CO_24h,拉萨,0.84
20200101,7,AQI,拉萨,21
20200101,7,PM2.5,拉萨,8
20200101,7,PM2.5_24h,拉萨,20
20200101,7,PM10,拉萨,21
20200101,7,PM10_24h,拉萨,44
20200101,7,SO2,拉萨,5
20200101,7,SO2_24h,拉萨,7
20200101,7,NO2,拉萨,27
20200101,7,NO2_24h,拉萨,30
20200101,7,O3,拉萨,40
20200101,7,O3_24h,拉萨,77
20200101,7,O3_8h,拉萨,58
20200101,7,O3_8h_24h,拉萨,69
20200101,7,CO,拉萨,0.74
20200101,7,CO_24h,拉萨,0.84
20200101,8,AQI,拉萨,18
20200101,8,PM2.5,拉萨,10
20200101,8,PM2.5_24h,拉萨,20
20200101,8,PM10,拉萨,18
20200101,8,PM10_24h,拉萨,43
20200101,8,SO2,拉萨,5
20200101,8,SO2_24h,拉萨,6
20200101,8,NO2,拉萨,33
20200101,8,NO2_24h,拉萨,30
20200101,8,O3,拉萨,34
20200101,8,O3_24h,拉萨,77
20200101,8,O3_8h,拉萨,55
20200101,8,O3_8h_24h,拉萨,69
20200101,8,CO,拉萨,0.80
20200101,8,CO_24h,拉萨,0.84
20200101,9,AQI,拉萨,27
20200101,9,PM2.5,拉萨,14
20200101,9,PM2.5_24h,拉萨,19
20200101,9,PM10,拉萨,27
20200101,9,PM10_24h,拉萨,42
20200101,9,SO2,拉萨,5
20200101,9,SO2_24h,拉萨,6
20200101,9,NO2,拉萨,45
20200101,9,NO2_24h,拉萨,30
20200101,9,O3,拉萨,26
20200101,9,O3_24h,拉萨,77
20200101,9,O3_8h,拉萨,50
20200101,9,O3_8h_24h,拉萨,69
20200101,9,CO,拉萨,0.94
20200101,9,CO_24h,拉萨,0.82
20200101,10,AQI,拉萨,51
20200101,10,PM2.5,拉萨,30
20200101,10,PM2.5_24h,拉萨,19
20200101,10,PM10,拉萨,52
20200101,10,PM10_24h,拉萨,41
20200101,10,SO2,拉萨,8
20200101,10,SO2_24h,拉萨,6
20200101,10,NO2,拉萨,57
20200101,10,NO2_24h,拉萨,30
20200101,10,O3,拉萨,20
20200101,10,O3_24h,拉萨,77
20200101,10,O3_8h,拉萨,44
20200101,10,O3_8h_24h,拉萨,69
20200101,10,CO,拉萨,1.24
20200101,10,CO_24h,拉萨,0.82
20200101,11,AQI,拉萨,55
20200101,11,PM2.5,拉萨,35
20200101,11,PM2.5_24h,拉萨,19
20200101,11,PM10,拉萨,59
20200101,11,PM10_24h,拉萨,40
20200101,11,SO2,拉萨,7
20200101,11,SO2_24h,拉萨,6
20200101,11,NO2,拉萨,54
20200101,11,NO2_24h,拉萨,31
20200101,11,O3,拉萨,24
20200101,11,O3_24h,拉萨,77
20200101,11,O3_8h,拉萨,38
20200101,11,O3_8h_24h,拉萨,69
20200101,11,CO,拉萨,1.12
20200101,11,CO_24h,拉萨,0.80
20200101,12,AQI,拉萨,64
20200101,12,PM2.5,拉萨,42
20200101,12,PM2.5_24h,拉萨,20
20200101,12,PM10,拉萨,78
20200101,12,PM10_24h,拉萨,41
20200101,12,SO2,拉萨,7
20200101,12,SO2_24h,拉萨,6
20200101,12,NO2,拉萨,42
20200101,12,NO2_24h,拉萨,31
20200101,12,O3,拉萨,39
20200101,12,O3_24h,拉萨,77
20200101,12,O3_8h,拉萨,36
20200101,12,O3_8h_24h,拉萨,69
20200101,12,CO,拉萨,0.80
20200101,12,CO_24h,拉萨,0.80
20200101,13,AQI,拉萨,54
20200101,13,PM2.5,拉萨,26
20200101,13,PM2.5_24h,拉萨,20
20200101,13,PM10,拉萨,57
20200101,13,PM10_24h,拉萨,41
20200101,13,SO2,拉萨,6
20200101,13,SO2_24h,拉萨,6
20200101,13,NO2,拉萨,31
20200101,13,NO2_24h,拉萨,31
20200101,13,O3,拉萨,51
20200101,13,O3_24h,拉萨,77
20200101,13,O3_8h,拉萨,36
20200101,13,O3_8h_24h,拉萨,69
20200101,13,CO,拉萨,0.70
20200101,13,CO_24h,拉萨,0.80
20200101,14,AQI,拉萨,36
20200101,14,PM2.5,拉萨,16
20200101,14,PM2.5_24h,拉萨,20
20200101,14,PM10,拉萨,36
20200101,14,PM10_24h,拉萨,40
20200101,14,SO2,拉萨,5
20200101,14,SO2_24h,拉萨,6
20200101,14,NO2,拉萨,15
20200101,14,NO2_24h,拉萨,31
20200101,14,O3,拉萨,66
20200101,14,O3_24h,拉萨,77
20200101,14,O3_8h,拉萨,37
20200101,14,O3_8h_24h,拉萨,69
20200101,14,CO,拉萨,0.52
20200101,14,CO_24h,拉萨,0.78
20200101,15,AQI,拉萨,23
20200101,15,PM2.5,拉萨,9
20200101,15,PM2.5_24h,拉萨,19
20200101,15,PM10,拉萨,23
20200101,15,PM10_24h,拉萨,40
20200101,15,SO2,拉萨,5
20200101,15,SO2_24h,拉萨,6
20200101,15,NO2,拉萨,9
20200101,15,NO2_24h,拉萨,31
20200101,15,O3,拉萨,72
20200101,15,O3_24h,拉萨,77
20200101,15,O3_8h,拉萨,42
20200101,15,O3_8h_24h,拉萨,69
20200101,15,CO,拉萨,0.50
20200101,15,CO_24h,拉萨,0.78
20200101,16,AQI,拉萨,22
20200101,16,PM2.5,拉萨,14
20200101,16,PM2.5_24h,拉萨,19
20200101,16,PM10,拉萨,22
20200101,16,PM10_24h,拉萨,40
20200101,16,SO2,拉萨,5
20200101,16,SO2_24h,拉萨,6
20200101,16,NO2,拉萨,11
20200101,16,NO2_24h,拉萨,30
20200101,16,O3,拉萨,71
20200101,16,O3_24h,拉萨,77
20200101,16,O3_8h,拉萨,46
20200101,16,O3_8h_24h,拉萨,69
20200101,16,CO,拉萨,0.50
20200101,16,CO_24h,拉萨,0.78
20200101,17,AQI,拉萨,24
20200101,17,PM2.5,拉萨,11
20200101,17,PM2.5_24h,拉萨,19
20200101,17,PM10,拉萨,24
20200101,17,PM10_24h,拉萨,40
20200101,17,SO2,拉萨,5
20200101,17,SO2_24h,拉萨,6
20200101,17,NO2,拉萨,11
20200101,17,NO2_24h,拉萨,30
20200101,17,O3,拉萨,70
20200101,17,O3_24h,拉萨,76
20200101,17,O3_8h,拉萨,52
20200101,17,O3_8h_24h,拉萨,69
20200101,17,CO,拉萨,0.46
20200101,17,CO_24h,拉萨,0.78
20200101,18,AQI,拉萨,23
20200101,18,PM2.5,拉萨,10
20200101,18,PM2.5_24h,拉萨,19
20200101,18,PM10,拉萨,23
20200101,18,PM10_24h,拉萨,41
20200101,18,SO2,拉萨,5
20200101,18,SO2_24h,拉萨,6
20200101,18,NO2,拉萨,15
20200101,18,NO2_24h,拉萨,30
20200101,18,O3,拉萨,67
20200101,18,O3_24h,拉萨,76
20200101,18,O3_8h,拉萨,58
20200101,18,O3_8h_24h,拉萨,70
20200101,18,CO,拉萨,0.46
20200101,18,CO_24h,拉萨,0.78
20200101,19,AQI,拉萨,32
20200101,19,PM2.5,拉萨,15
20200101,19,PM2.5_24h,拉萨,19
20200101,19,PM10,拉萨,32
20200101,19,PM10_24h,拉萨,41
20200101,19,SO2,拉萨,6
20200101,19,SO2_24h,拉萨,6
20200101,19,NO2,拉萨,31
20200101,19,NO2_24h,拉萨,30
20200101,19,O3,拉萨,53
20200101,19,O3_24h,拉萨,75
20200101,19,O3_8h,拉萨,61
20200101,19,O3_8h_24h,拉萨,70
20200101,19,CO,拉萨,0.66
20200101,19,CO_24h,拉萨,0.78
20200101,20,AQI,拉萨,53
20200101,20,PM2.5,拉萨,27
20200101,20,PM2.5_24h,拉萨,19
20200101,20,PM10,拉萨,55
20200101,20,PM10_24h,拉萨,42
20200101,20,SO2,拉萨,9
20200101,20,SO2_24h,拉萨,6
20200101,20,NO2,拉萨,53
20200101,20,NO2_24h,拉萨,29
20200101,20,O3,拉萨,29
20200101,20,O3_24h,拉萨,75
20200101,20,O3_8h,拉萨,60
20200101,20,O3_8h_24h,拉萨,70
20200101,20,CO,拉萨,1.00
20200101,20,CO_24h,拉萨,0.78
20200101,21,AQI,拉萨,63
20200101,21,PM2.5,拉萨,24
20200101,21,PM2.5_24h,拉萨,18
20200101,21,PM10,拉萨,75
20200101,21,PM10_24h,拉萨,41
20200101,21,SO2,拉萨,10
20200101,21,SO2_24h,拉萨,6
20200101,21,NO2,拉萨,58
20200101,21,NO2_24h,拉萨,28
20200101,21,O3,拉萨,28
20200101,21,O3_24h,拉萨,75
20200101,21,O3_8h,拉萨,57
20200101,21,O3_8h_24h,拉萨,70
20200101,21,CO,拉萨,1.30
20200101,21,CO_24h,拉萨,0.76
20200101,22,AQI,拉萨,73
20200101,22,PM2.5,拉萨,31
20200101,22,PM2.5_24h,拉萨,17
20200101,22,PM10,拉萨,95
20200101,22,PM10_24h,拉萨,41
20200101,22,SO2,拉萨,10
20200101,22,SO2_24h,拉萨,6
20200101,22,NO2,拉萨,64
20200101,22,NO2_24h,拉萨,28
20200101,22,O3,拉萨,21
20200101,22,O3_24h,拉萨,75
20200101,22,O3_8h,拉萨,51
20200101,22,O3_8h_24h,拉萨,70
20200101,22,CO,拉萨,1.66
20200101,22,CO_24h,拉萨,0.76
20200101,23,AQI,拉萨,85
20200101,23,PM2.5,拉萨,63
20200101,23,PM2.5_24h,拉萨,18
20200101,23,PM10,拉萨,118
20200101,23,PM10_24h,拉萨,42
20200101,23,SO2,拉萨,9
20200101,23,SO2_24h,拉萨,6
20200101,23,NO2,拉萨,69
20200101,23,NO2_24h,拉萨,30
20200101,23,O3,拉萨,12
20200101,23,O3_24h,拉萨,75
20200101,23,O3_8h,拉萨,44
20200101,23,O3_8h_24h,拉萨,70
20200101,23,CO,拉萨,1.66
20200101,23,CO_24h,拉萨,0.78
20200101,0,AQI,昆明,35
20200101,0,PM2.5,昆明,24
20200101,0,PM2.5_24h,昆明,32
20200101,0,PM10,昆明,35
20200101,0,PM10_24h,昆明,66
20200101,0,SO2,昆明,12
20200101,0,SO2_24h,昆明,12
20200101,0,NO2,昆明,31
20200101,0,NO2_24h,昆明,37
20200101,0,O3,昆明,31
20200101,0,O3_24h,昆明,67
20200101,0,O3_8h,昆明,43
20200101,0,O3_8h_24h,昆明,56
20200101,0,CO,昆明,0.82
20200101,0,CO_24h,昆明,0.95
20200101,1,AQI,昆明,40
20200101,1,PM2.5,昆明,21
20200101,1,PM2.5_24h,昆明,30
20200101,1,PM10,昆明,40
20200101,1,PM10_24h,昆明,62
20200101,1,SO2,昆明,11
20200101,1,SO2_24h,昆明,12
20200101,1,NO2,昆明,27
20200101,1,NO2_24h,昆明,36
20200101,1,O3,昆明,34
20200101,1,O3_24h,昆明,67
20200101,1,O3_8h,昆明,34
20200101,1,O3_8h_24h,昆明,34
20200101,1,CO,昆明,0.70
20200101,1,CO_24h,昆明,0.92
20200101,2,AQI,昆明,30
20200101,2,PM2.5,昆明,21
20200101,2,PM2.5_24h,昆明,28
20200101,2,PM10,昆明,28
20200101,2,PM10_24h,昆明,57
20200101,2,SO2,昆明,10
20200101,2,SO2_24h,昆明,11
20200101,2,NO2,昆明,28
20200101,2,NO2_24h,昆明,35
20200101,2,O3,昆明,30
20200101,2,O3_24h,昆明,67
20200101,2,O3_8h,昆明,32
20200101,2,O3_8h_24h,昆明,34
20200101,2,CO,昆明,0.73
20200101,2,CO_24h,昆明,0.90
20200101,3,AQI,昆明,30
20200101,3,PM2.5,昆明,18
20200101,3,PM2.5_24h,昆明,27
20200101,3,PM10,昆明,30
20200101,3,PM10_24h,昆明,54
20200101,3,SO2,昆明,10
20200101,3,SO2_24h,昆明,11
20200101,3,NO2,昆明,26
20200101,3,NO2_24h,昆明,33
20200101,3,O3,昆明,32
20200101,3,O3_24h,昆明,67
20200101,3,O3_8h,昆明,32
20200101,3,O3_8h_24h,昆明,34
20200101,3,CO,昆明,0.75
20200101,3,CO_24h,昆明,0.87
20200101,4,AQI,昆明,21
20200101,4,PM2.5,昆明,12
20200101,4,PM2.5_24h,昆明,26
20200101,4,PM10,昆明,21
20200101,4,PM10_24h,昆明,50
20200101,4,SO2,昆明,8
20200101,4,SO2_24h,昆明,11
20200101,4,NO2,昆明,18
20200101,4,NO2_24h,昆明,32
20200101,4,O3,昆明,41
20200101,4,O3_24h,昆明,67
20200101,4,O3_8h,昆明,34
20200101,4,O3_8h_24h,昆明,35
20200101,4,CO,昆明,0.58
20200101,4,CO_24h,昆明,0.87
20200101,5,AQI,昆明,20
20200101,5,PM2.5,昆明,14
20200101,5,PM2.5_24h,昆明,25
20200101,5,PM10,昆明,18
20200101,5,PM10_24h,昆明,48
20200101,5,SO2,昆明,10
20200101,5,SO2_24h,昆明,11
20200101,5,NO2,昆明,24
20200101,5,NO2_24h,昆明,31
20200101,5,O3,昆明,35
20200101,5,O3_24h,昆明,67
20200101,5,O3_8h,昆明,34
20200101,5,O3_8h_24h,昆明,36
20200101,5,CO,昆明,0.68
20200101,5,CO_24h,昆明,0.83
20200101,6,AQI,昆明,26
20200101,6,PM2.5,昆明,18
20200101,6,PM2.5_24h,昆明,24
20200101,6,PM10,昆明,20
20200101,6,PM10_24h,昆明,45
20200101,6,SO2,昆明,10
20200101,6,SO2_24h,昆明,11
20200101,6,NO2,昆明,27
20200101,6,NO2_24h,昆明,30
20200101,6,O3,昆明,30
20200101,6,O3_24h,昆明,67
20200101,6,O3_8h,昆明,34
20200101,6,O3_8h_24h,昆明,36
20200101,6,CO,昆明,0.77
20200101,6,CO_24h,昆明,0.83
20200101,7,AQI,昆明,30
20200101,7,PM2.5,昆明,21
20200101,7,PM2.5_24h,昆明,23
20200101,7,PM10,昆明,27
20200101,7,PM10_24h,昆明,44
20200101,7,SO2,昆明,10
20200101,7,SO2_24h,昆明,11
20200101,7,NO2,昆明,36
20200101,7,NO2_24h,昆明,30
20200101,7,O3,昆明,17
20200101,7,O3_24h,昆明,67
20200101,7,O3_8h,昆明,31
20200101,7,O3_8h_24h,昆明,36
20200101,7,CO,昆明,0.80
20200101,7,CO_24h,昆明,0.82
20200101,8,AQI,昆明,40
20200101,8,PM2.5,昆明,25
20200101,8,PM2.5_24h,昆明,23
20200101,8,PM10,昆明,40
20200101,8,PM10_24h,昆明,42
20200101,8,SO2,昆明,11
20200101,8,SO2_24h,昆明,10
20200101,8,NO2,昆明,44
20200101,8,NO2_24h,昆明,30
20200101,8,O3,昆明,9
20200101,8,O3_24h,昆明,67
20200101,8,O3_8h,昆明,28
20200101,8,O3_8h_24h,昆明,36
20200101,8,CO,昆明,0.95
20200101,8,CO_24h,昆明,0.80
20200101,9,AQI,昆明,50
20200101,9,PM2.5,昆明,35
20200101,9,PM2.5_24h,昆明,22
20200101,9,PM10,昆明,42
20200101,9,PM10_24h,昆明,41
20200101,9,SO2,昆明,15
20200101,9,SO2_24h,昆明,11
20200101,9,NO2,昆明,43
20200101,9,NO2_24h,昆明,30
20200101,9,O3,昆明,8
20200101,9,O3_24h,昆明,67
20200101,9,O3_8h,昆明,25
20200101,9,O3_8h_24h,昆明,36
20200101,9,CO,昆明,1.05
20200101,9,CO_24h,昆明,0.78
20200101,10,AQI,昆明,54
20200101,10,PM2.5,昆明,35
20200101,10,PM2.5_24h,昆明,22
20200101,10,PM10,昆明,58
20200101,10,PM10_24h,昆明,39
20200101,10,SO2,昆明,12
20200101,10,SO2_24h,昆明,11
20200101,10,NO2,昆明,35
20200101,10,NO2_24h,昆明,29
20200101,10,O3,昆明,23
20200101,10,O3_24h,昆明,67
20200101,10,O3_8h,昆明,25
20200101,10,O3_8h_24h,昆明,36
20200101,10,CO,昆明,1.03
20200101,10,CO_24h,昆明,0.75
20200101,11,AQI,昆明,42
20200101,11,PM2.5,昆明,28
20200101,11,PM2.5_24h,昆明,21
20200101,11,PM10,昆明,42
20200101,11,PM10_24h,昆明,36
20200101,11,SO2,昆明,11
20200101,11,SO2_24h,昆明,10
20200101,11,NO2,昆明,27
20200101,11,NO2_24h,昆明,28
20200101,11,O3,昆明,35
20200101,11,O3_24h,昆明,67
20200101,11,O3_8h,昆明,25
20200101,11,O3_8h_24h,昆明,36
20200101,11,CO,昆明,0.83
20200101,11,CO_24h,昆明,0.73
20200101,12,AQI,昆明,46
20200101,12,PM2.5,昆明,32
20200101,12,PM2.5_24h,昆明,21
20200101,12,PM10,昆明,44
20200101,12,PM10_24h,昆明,34
20200101,12,SO2,昆明,11
20200101,12,SO2_24h,昆明,10
20200101,12,NO2,昆明,32
20200101,12,NO2_24h,昆明,27
20200101,12,O3,昆明,30
20200101,12,O3_24h,昆明,67
20200101,12,O3_8h,昆明,23
20200101,12,O3_8h_24h,昆明,36
20200101,12,CO,昆明,0.80
20200101,12,CO_24h,昆明,0.73
20200101,13,AQI,昆明,39
20200101,13,PM2.5,昆明,27
20200101,13,PM2.5_24h,昆明,21
20200101,13,PM10,昆明,36
20200101,13,PM10_24h,昆明,33
20200101,13,SO2,昆明,10
20200101,13,SO2_24h,昆明,10
20200101,13,NO2,昆明,27
20200101,13,NO2_24h,昆明,27
20200101,13,O3,昆明,38
20200101,13,O3_24h,昆明,67
20200101,13,O3_8h,昆明,24
20200101,13,O3_8h_24h,昆明,36
20200101,13,CO,昆明,0.72
20200101,13,CO_24h,昆明,0.73
20200101,14,AQI,昆明,23
20200101,14,PM2.5,昆明,15
20200101,14,PM2.5_24h,昆明,21
20200101,14,PM10,昆明,23
20200101,14,PM10_24h,昆明,34
20200101,14,SO2,昆明,8
20200101,14,SO2_24h,昆明,10
20200101,14,NO2,昆明,14
20200101,14,NO2_24h,昆明,27
20200101,14,O3,昆明,59
20200101,14,O3_24h,昆明,67
20200101,14,O3_8h,昆明,26
20200101,14,O3_8h_24h,昆明,36
20200101,14,CO,昆明,0.57
20200101,14,CO_24h,昆明,0.72
20200101,15,AQI,昆明,21
20200101,15,PM2.5,昆明,9
20200101,15,PM2.5_24h,昆明,21
20200101,15,PM10,昆明,15
20200101,15,PM10_24h,昆明,33
20200101,15,SO2,昆明,7
20200101,15,SO2_24h,昆明,10
20200101,15,NO2,昆明,13
20200101,15,NO2_24h,昆明,27
20200101,15,O3,昆明,66
20200101,15,O3_24h,昆明,68
20200101,15,O3_8h,昆明,33
20200101,15,O3_8h_24h,昆明,38
20200101,15,CO,昆明,0.48
20200101,15,CO_24h,昆明,0.72
20200101,16,AQI,昆明,26
20200101,16,PM2.5,昆明,7
20200101,16,PM2.5_24h,昆明,21
20200101,16,PM10,昆明,26
20200101,16,PM10_24h,昆明,34
20200101,16,SO2,昆明,7
20200101,16,SO2_24h,昆明,10
20200101,16,NO2,昆明,14
20200101,16,NO2_24h,昆明,27
20200101,16,O3,昆明,66
20200101,16,O3_24h,昆明,67
20200101,16,O3_8h,昆明,40
20200101,16,O3_8h_24h,昆明,41
20200101,16,CO,昆明,0.48
20200101,16,CO_24h,昆明,0.72
20200101,17,AQI,昆明,21
20200101,17,PM2.5,昆明,6
20200101,17,PM2.5_24h,昆明,21
20200101,17,PM10,昆明,21
20200101,17,PM10_24h,昆明,33
20200101,17,SO2,昆明,7
20200101,17,SO2_24h,昆明,10
20200101,17,NO2,昆明,14
20200101,17,NO2_24h,昆明,27
20200101,17,O3,昆明,65
20200101,17,O3_24h,昆明,67
20200101,17,O3_8h,昆明,47
20200101,17,O3_8h_24h,昆明,47
20200101,17,CO,昆明,0.48
20200101,17,CO_24h,昆明,0.72
20200101,18,AQI,昆明,29
20200101,18,PM2.5,昆明,7
20200101,18,PM2.5_24h,昆明,20
20200101,18,PM10,昆明,29
20200101,18,PM10_24h,昆明,33
20200101,18,SO2,昆明,7
20200101,18,SO2_24h,昆明,10
20200101,18,NO2,昆明,18
20200101,18,NO2_24h,昆明,27
20200101,18,O3,昆明,59
20200101,18,O3_24h,昆明,67
20200101,18,O3_8h,昆明,52
20200101,18,O3_8h_24h,昆明,52
20200101,18,CO,昆明,0.52
20200101,18,CO_24h,昆明,0.72
20200101,19,AQI,昆明,31
20200101,19,PM2.5,昆明,12
20200101,19,PM2.5_24h,昆明,20
20200101,19,PM10,昆明,31
20200101,19,PM10_24h,昆明,33
20200101,19,SO2,昆明,8
20200101,19,SO2_24h,昆明,10
20200101,19,NO2,昆明,25
20200101,19,NO2_24h,昆明,26
20200101,19,O3,昆明,49
20200101,19,O3_24h,昆明,67
20200101,19,O3_8h,昆明,54
20200101,19,O3_8h_24h,昆明,54
20200101,19,CO,昆明,0.58
20200101,19,CO_24h,昆明,0.72
20200101,20,AQI,昆明,36
20200101,20,PM2.5,昆明,16
20200101,20,PM2.5_24h,昆明,20
20200101,20,PM10,昆明,36
20200101,20,PM10_24h,昆明,32
20200101,20,SO2,昆明,8
20200101,20,SO2_24h,昆明,10
20200101,20,NO2,昆明,34
20200101,20,NO2_24h,昆明,27
20200101,20,O3,昆明,36
20200101,20,O3_24h,昆明,67
20200101,20,O3_8h,昆明,54
20200101,20,O3_8h_24h,昆明,55
20200101,20,CO,昆明,0.68
20200101,20,CO_24h,昆明,0.72
20200101,21,AQI,昆明,39
20200101,21,PM2.5,昆明,19
20200101,21,PM2.5_24h,昆明,20
20200101,21,PM10,昆明,39
20200101,21,PM10_24h,昆明,32
20200101,21,SO2,昆明,10
20200101,21,SO2_24h,昆明,10
20200101,21,NO2,昆明,37
20200101,21,NO2_24h,昆明,27
20200101,21,O3,昆明,30
20200101,21,O3_24h,昆明,67
20200101,21,O3_8h,昆明,54
20200101,21,O3_8h_24h,昆明,55
20200101,21,CO,昆明,0.72
20200101,21,CO_24h,昆明,0.72
20200101,22,AQI,昆明,41
20200101,22,PM2.5,昆明,21
20200101,22,PM2.5_24h,昆明,20
20200101,22,PM10,昆明,41
20200101,22,PM10_24h,昆明,33
20200101,22,SO2,昆明,13
20200101,22,SO2_24h,昆明,10
20200101,22,NO2,昆明,43
20200101,22,NO2_24h,昆明,28
20200101,22,O3,昆明,23
20200101,22,O3_24h,昆明,67
20200101,22,O3_8h,昆明,49
20200101,22,O3_8h_24h,昆明,55
20200101,22,CO,昆明,0.80
20200101,22,CO_24h,昆明,0.73
20200101,23,AQI,昆明,42
20200101,23,PM2.5,昆明,22
20200101,23,PM2.5_24h,昆明,19
20200101,23,PM10,昆明,42
20200101,23,PM10_24h,昆明,33
20200101,23,SO2,昆明,12
20200101,23,SO2_24h,昆明,10
20200101,23,NO2,昆明,47
20200101,23,NO2_24h,昆明,28
20200101,23,O3,昆明,17
20200101,23,O3_24h,昆明,67
20200101,23,O3_8h,昆明,43
20200101,23,O3_8h_24h,昆明,55
20200101,23,CO,昆明,0.88
20200101,23,CO_24h,昆明,0.75
20200101,0,AQI,武汉,65
20200101,0,PM2.5,武汉,41
20200101,0,PM2.5_24h,武汉,72
20200101,0,PM10,武汉,79
20200101,0,PM10_24h,武汉,108
20200101,0,SO2,武汉,9
20200101,0,SO2_24h,武汉,10
20200101,0,NO2,武汉,62
20200101,0,NO2_24h,武汉,48
20200101,0,O3,武汉,8
20200101,0,O3_24h,武汉,36
20200101,0,O3_8h,武汉,15
20200101,0,O3_8h_24h,武汉,29
20200101,0,CO,武汉,0.79
20200101,0,CO_24h,武汉,1.10
20200101,1,AQI,武汉,61
20200101,1,PM2.5,武汉,40
20200101,1,PM2.5_24h,武汉,67
20200101,1,PM10,武汉,71
20200101,1,PM10_24h,武汉,103
20200101,1,SO2,武汉,9
20200101,1,SO2_24h,武汉,10
20200101,1,NO2,武汉,60
20200101,1,NO2_24h,武汉,48
20200101,1,O3,武汉,9
20200101,1,O3_24h,武汉,36
20200101,1,O3_8h,武汉,9
20200101,1,O3_8h_24h,武汉,9
20200101,1,CO,武汉,0.77
20200101,1,CO_24h,武汉,1.07
20200101,2,AQI,武汉,61
20200101,2,PM2.5,武汉,41
20200101,2,PM2.5_24h,武汉,62
20200101,2,PM10,武汉,71
20200101,2,PM10_24h,武汉,98
20200101,2,SO2,武汉,11
20200101,2,SO2_24h,武汉,10
20200101,2,NO2,武汉,60
20200101,2,NO2_24h,武汉,49
20200101,2,O3,武汉,9
20200101,2,O3_24h,武汉,36
20200101,2,O3_8h,武汉,9
20200101,2,O3_8h_24h,武汉,10
20200101,2,CO,武汉,0.77
20200101,2,CO_24h,武汉,1.01
20200101,3,AQI,武汉,63
20200101,3,PM2.5,武汉,43
20200101,3,PM2.5_24h,武汉,58
20200101,3,PM10,武汉,75
20200101,3,PM10_24h,武汉,94
20200101,3,SO2,武汉,12
20200101,3,SO2_24h,武汉,10
20200101,3,NO2,武汉,59
20200101,3,NO2_24h,武汉,49
20200101,3,O3,武汉,9
20200101,3,O3_24h,武汉,36
20200101,3,O3_8h,武汉,9
20200101,3,O3_8h_24h,武汉,10
20200101,3,CO,武汉,0.78
20200101,3,CO_24h,武汉,1.00
20200101,4,AQI,武汉,63
20200101,4,PM2.5,武汉,41
20200101,4,PM2.5_24h,武汉,55
20200101,4,PM10,武汉,76
20200101,4,PM10_24h,武汉,90
20200101,4,SO2,武汉,11
20200101,4,SO2_24h,武汉,10
20200101,4,NO2,武汉,61
20200101,4,NO2_24h,武汉,50
20200101,4,O3,武汉,6
20200101,4,O3_24h,武汉,36
20200101,4,O3_8h,武汉,8
20200101,4,O3_8h_24h,武汉,10
20200101,4,CO,武汉,0.79
20200101,4,CO_24h,武汉,0.97
20200101,5,AQI,武汉,65
20200101,5,PM2.5,武汉,40
20200101,5,PM2.5_24h,武汉,52
20200101,5,PM10,武汉,80
20200101,5,PM10_24h,武汉,88
20200101,5,SO2,武汉,10
20200101,5,SO2_24h,武汉,10
20200101,5,NO2,武汉,60
20200101,5,NO2_24h,武汉,51
20200101,5,O3,武汉,6
20200101,5,O3_24h,武汉,36
20200101,5,O3_8h,武汉,8
20200101,5,O3_8h_24h,武汉,10
20200101,5,CO,武汉,0.76
20200101,5,CO_24h,武汉,0.96
20200101,6,AQI,武汉,66
20200101,6,PM2.5,武汉,41
20200101,6,PM2.5_24h,武汉,50
20200101,6,PM10,武汉,82
20200101,6,PM10_24h,武汉,86
20200101,6,SO2,武汉,11
20200101,6,SO2_24h,武汉,10
20200101,6,NO2,武汉,58
20200101,6,NO2_24h,武汉,52
20200101,6,O3,武汉,5
20200101,6,O3_24h,武汉,36
20200101,6,O3_8h,武汉,7
20200101,6,O3_8h_24h,武汉,10
20200101,6,CO,武汉,0.84
20200101,6,CO_24h,武汉,0.96
20200101,7,AQI,武汉,66
20200101,7,PM2.5,武汉,41
20200101,7,PM2.5_24h,武汉,49
20200101,7,PM10,武汉,82
20200101,7,PM10_24h,武汉,84
20200101,7,SO2,武汉,12
20200101,7,SO2_24h,武汉,11
20200101,7,NO2,武汉,59
20200101,7,NO2_24h,武汉,53
20200101,7,O3,武汉,6
20200101,7,O3_24h,武汉,36
20200101,7,O3_8h,武汉,7
20200101,7,O3_8h_24h,武汉,10
20200101,7,CO,武汉,0.99
20200101,7,CO_24h,武汉,0.96
20200101,8,AQI,武汉,64
20200101,8,PM2.5,武汉,34
20200101,8,PM2.5_24h,武汉,48
20200101,8,PM10,武汉,78
20200101,8,PM10_24h,武汉,83
20200101,8,SO2,武汉,13
20200101,8,SO2_24h,武汉,11
20200101,8,NO2,武汉,57
20200101,8,NO2_24h,武汉,54
20200101,8,O3,武汉,8
20200101,8,O3_24h,武汉,36
20200101,8,O3_8h,武汉,7
20200101,8,O3_8h_24h,武汉,10
20200101,8,CO,武汉,1.04
20200101,8,CO_24h,武汉,0.96
20200101,9,AQI,武汉,60
20200101,9,PM2.5,武汉,31
20200101,9,PM2.5_24h,武汉,48
20200101,9,PM10,武汉,70
20200101,9,PM10_24h,武汉,83
20200101,9,SO2,武汉,13
20200101,9,SO2_24h,武汉,11
20200101,9,NO2,武汉,54
20200101,9,NO2_24h,武汉,55
20200101,9,O3,武汉,10
20200101,9,O3_24h,武汉,36
20200101,9,O3_8h,武汉,7
20200101,9,O3_8h_24h,武汉,10
20200101,9,CO,武汉,1.08
20200101,9,CO_24h,武汉,0.96
20200101,10,AQI,武汉,58
20200101,10,PM2.5,武汉,32
20200101,10,PM2.5_24h,武汉,48
20200101,10,PM10,武汉,66
20200101,10,PM10_24h,武汉,81
20200101,10,SO2,武汉,12
20200101,10,SO2_24h,武汉,11
20200101,10,NO2,武汉,56
20200101,10,NO2_24h,武汉,56
20200101,10,O3,武汉,12
20200101,10,O3_24h,武汉,38
20200101,10,O3_8h,武汉,7
20200101,10,O3_8h_24h,武汉,10
20200101,10,CO,武汉,1.10
20200101,10,CO_24h,武汉,0.97
20200101,11,AQI,武汉,58
20200101,11,PM2.5,武汉,32
20200101,11,PM2.5_24h,武汉,47
20200101,11,PM10,武汉,65
20200101,11,PM10_24h,武汉,82
20200101,11,SO2,武汉,13
20200101,11,SO2_24h,武汉,11
20200101,11,NO2,武汉,52
20200101,11,NO2_24h,武汉,56
20200101,11,O3,武汉,14
20200101,11,O3_24h,武汉,36
20200101,11,O3_8h,武汉,8
20200101,11,O3_8h_24h,武汉,11
20200101,11,CO,武汉,1.11
20200101,11,CO_24h,武汉,0.96
20200101,12,AQI,武汉,58
20200101,12,PM2.5,武汉,34
20200101,12,PM2.5_24h,武汉,47
20200101,12,PM10,武汉,65
20200101,12,PM10_24h,武汉,81
20200101,12,SO2,武汉,13
20200101,12,SO2_24h,武汉,11
20200101,12,NO2,武汉,53
20200101,12,NO2_24h,武汉,57
20200101,12,O3,武汉,14
20200101,12,O3_24h,武汉,36
20200101,12,O3_8h,武汉,9
20200101,12,O3_8h_24h,武汉,11
20200101,12,CO,武汉,1.02
20200101,12,CO_24h,武汉,0.97
20200101,13,AQI,武汉,58
20200101,13,PM2.5,武汉,37
20200101,13,PM2.5_24h,武汉,46
20200101,13,PM10,武汉,66
20200101,13,PM10_24h,武汉,81
20200101,13,SO2,武汉,13
20200101,13,SO2_24h,武汉,11
20200101,13,NO2,武汉,52
20200101,13,NO2_24h,武汉,58
20200101,13,O3,武汉,15
20200101,13,O3_24h,武汉,36
20200101,13,O3_8h,武汉,11
20200101,13,O3_8h_24h,武汉,12
20200101,13,CO,武汉,1.02
20200101,13,CO_24h,武汉,0.97
20200101,14,AQI,武汉,57
20200101,14,PM2.5,武汉,40
20200101,14,PM2.5_24h,武汉,46
20200101,14,PM10,武汉,64
20200101,14,PM10_24h,武汉,81
20200101,14,SO2,武汉,12
20200101,14,SO2_24h,武汉,11
20200101,14,NO2,武汉,53
20200101,14,NO2_24h,武汉,58
20200101,14,O3,武汉,14
20200101,14,O3_24h,武汉,36
20200101,14,O3_8h,武汉,11
20200101,14,O3_8h_24h,武汉,12
20200101,14,CO,武汉,1.07
20200101,14,CO_24h,武汉,0.94
20200101,15,AQI,武汉,60
20200101,15,PM2.5,武汉,43
20200101,15,PM2.5_24h,武汉,45
20200101,15,PM10,武汉,64
20200101,15,PM10_24h,武汉,80
20200101,15,SO2,武汉,12
20200101,15,SO2_24h,武汉,11
20200101,15,NO2,武汉,60
20200101,15,NO2_24h,武汉,59
20200101,15,O3,武汉,10
20200101,15,O3_24h,武汉,36
20200101,15,O3_8h,武汉,12
20200101,15,O3_8h_24h,武汉,13
20200101,15,CO,武汉,1.24
20200101,15,CO_24h,武汉,0.94
20200101,16,AQI,武汉,70
20200101,16,PM2.5,武汉,51
20200101,16,PM2.5_24h,武汉,45
20200101,16,PM10,武汉,78
20200101,16,PM10_24h,武汉,79
20200101,16,SO2,武汉,14
20200101,16,SO2_24h,武汉,11
20200101,16,NO2,武汉,63
20200101,16,NO2_24h,武汉,59
20200101,16,O3,武汉,8
20200101,16,O3_24h,武汉,33
20200101,16,O3_8h,武汉,12
20200101,16,O3_8h_24h,武汉,13
20200101,16,CO,武汉,1.38
20200101,16,CO_24h,武汉,0.98
20200101,17,AQI,武汉,71
20200101,17,PM2.5,武汉,52
20200101,17,PM2.5_24h,武汉,44
20200101,17,PM10,武汉,77
20200101,17,PM10_24h,武汉,78
20200101,17,SO2,武汉,14
20200101,17,SO2_24h,武汉,11
20200101,17,NO2,武汉,64
20200101,17,NO2_24h,武汉,60
20200101,17,O3,武汉,7
20200101,17,O3_24h,武汉,26
20200101,17,O3_8h,武汉,12
20200101,17,O3_8h_24h,武汉,13
20200101,17,CO,武汉,1.19
20200101,17,CO_24h,武汉,0.99
20200101,18,AQI,武汉,71
20200101,18,PM2.5,武汉,52
20200101,18,PM2.5_24h,武汉,44
20200101,18,PM10,武汉,82
20200101,18,PM10_24h,武汉,78
20200101,18,SO2,武汉,14
20200101,18,SO2_24h,武汉,11
20200101,18,NO2,武汉,64
20200101,18,NO2_24h,武汉,60
20200101,18,O3,武汉,5
20200101,18,O3_24h,武汉,23
20200101,18,O3_8h,武汉,11
20200101,18,O3_8h_24h,武汉,13
20200101,18,CO,武汉,1.09
20200101,18,CO_24h,武汉,0.99
20200101,19,AQI,武汉,75
20200101,19,PM2.5,武汉,55
20200101,19,PM2.5_24h,武汉,43
20200101,19,PM10,武汉,85
20200101,19,PM10_24h,武汉,77
20200101,19,SO2,武汉,13
20200101,19,SO2_24h,武汉,11
20200101,19,NO2,武汉,62
20200101,19,NO2_24h,武汉,60
20200101,19,O3,武汉,5
20200101,19,O3_24h,武汉,20
20200101,19,O3_8h,武汉,10
20200101,19,O3_8h_24h,武汉,13
20200101,19,CO,武汉,1.01
20200101,19,CO_24h,武汉,1.00
20200101,20,AQI,武汉,81
20200101,20,PM2.5,武汉,60
20200101,20,PM2.5_24h,武汉,43
20200101,20,PM10,武汉,86
20200101,20,PM10_24h,武汉,77
20200101,20,SO2,武汉,11
20200101,20,SO2_24h,武汉,11
20200101,20,NO2,武汉,58
20200101,20,NO2_24h,武汉,59
20200101,20,O3,武汉,6
20200101,20,O3_24h,武汉,18
20200101,20,O3_8h,武汉,9
20200101,20,O3_8h_24h,武汉,13
20200101,20,CO,武汉,0.97
20200101,20,CO_24h,武汉,0.99
20200101,21,AQI,武汉,85
20200101,21,PM2.5,武汉,63
20200101,21,PM2.5_24h,武汉,43
20200101,21,PM10,武汉,86
20200101,21,PM10_24h,武汉,76
20200101,21,SO2,武汉,10
20200101,21,SO2_24h,武汉,12
20200101,21,NO2,武汉,55
20200101,21,NO2_24h,武汉,59
20200101,21,O3,武汉,6
20200101,21,O3_24h,武汉,17
20200101,21,O3_8h,武汉,8
20200101,21,O3_8h_24h,武汉,13
20200101,21,CO,武汉,0.98
20200101,21,CO_24h,武汉,1.00
20200101,22,AQI,武汉,91
20200101,22,PM2.5,武汉,68
20200101,22,PM2.5_24h,武汉,44
20200101,22,PM10,武汉,86
20200101,22,PM10_24h,武汉,76
20200101,22,SO2,武汉,9
20200101,22,SO2_24h,武汉,12
20200101,22,NO2,武汉,54
20200101,22,NO2_24h,武汉,58
20200101,22,O3,武汉,6
20200101,22,O3_24h,武汉,18
20200101,22,O3_8h,武汉,7
20200101,22,O3_8h_24h,武汉,13
20200101,22,CO,武汉,1.01
20200101,22,CO_24h,武汉,0.99
20200101,23,AQI,武汉,94
20200101,23,PM2.5,武汉,70
20200101,23,PM2.5_24h,武汉,45
20200101,23,PM10,武汉,87
20200101,23,PM10_24h,武汉,76
20200101,23,SO2,武汉,8
20200101,23,SO2_24h,武汉,11
20200101,23,NO2,武汉,55
20200101,23,NO2_24h,武汉,58
20200101,23,O3,武汉,5
20200101,23,O3_24h,武汉,18
20200101,23,O3_8h,武汉,6
20200101,23,O3_8h_24h,武汉,13
20200101,23,CO,武汉,1.16
20200101,23,CO_24h,武汉,0.98
20200101,0,AQI,沈阳,65
20200101,0,PM2.5,沈阳,47
20200101,0,PM2.5_24h,沈阳,38
20200101,0,PM10,沈阳,74
20200101,0,PM10_24h,沈阳,57
20200101,0,SO2,沈阳,29
20200101,0,SO2_24h,沈阳,32
20200101,0,NO2,沈阳,59
20200101,0,NO2_24h,沈阳,47
20200101,0,O3,沈阳,8
20200101,0,O3_24h,沈阳,48
20200101,0,O3_8h,沈阳,13
20200101,0,O3_8h_24h,沈阳,35
20200101,0,CO,沈阳,1.76
20200101,0,CO_24h,沈阳,1.27
20200101,1,AQI,沈阳,71
20200101,1,PM2.5,沈阳,52
20200101,1,PM2.5_24h,沈阳,39
20200101,1,PM10,沈阳,79
20200101,1,PM10_24h,沈阳,59
20200101,1,SO2,沈阳,27
20200101,1,SO2_24h,沈阳,32
20200101,1,NO2,沈阳,60
20200101,1,NO2_24h,沈阳,48
20200101,1,O3,沈阳,7
20200101,1,O3_24h,沈阳,48
20200101,1,O3_8h,沈阳,7
20200101,1,O3_8h_24h,沈阳,7
20200101,1,CO,沈阳,1.87
20200101,1,CO_24h,沈阳,1.29
20200101,2,AQI,沈阳,85
20200101,2,PM2.5,沈阳,63
20200101,2,PM2.5_24h,沈阳,40
20200101,2,PM10,沈阳,94
20200101,2,PM10_24h,沈阳,61
20200101,2,SO2,沈阳,28
20200101,2,SO2_24h,沈阳,33
20200101,2,NO2,沈阳,60
20200101,2,NO2_24h,沈阳,49
20200101,2,O3,沈阳,7
20200101,2,O3_24h,沈阳,48
20200101,2,O3_8h,沈阳,7
20200101,2,O3_8h_24h,沈阳,7
20200101,2,CO,沈阳,1.94
20200101,2,CO_24h,沈阳,1.36
20200101,3,AQI,沈阳,99
20200101,3,PM2.5,沈阳,74
20200101,3,PM2.5_24h,沈阳,42
20200101,3,PM10,沈阳,109
20200101,3,PM10_24h,沈阳,63
20200101,3,SO2,沈阳,29
20200101,3,SO2_24h,沈阳,33
20200101,3,NO2,沈阳,60
20200101,3,NO2_24h,沈阳,49
20200101,3,O3,沈阳,8
20200101,3,O3_24h,沈阳,48
20200101,3,O3_8h,沈阳,7
20200101,3,O3_8h_24h,沈阳,7
20200101,3,CO,沈阳,1.92
20200101,3,CO_24h,沈阳,1.40
20200101,4,AQI,沈阳,105
20200101,4,PM2.5,沈阳,79
20200101,4,PM2.5_24h,沈阳,43
20200101,4,PM10,沈阳,113
20200101,4,PM10_24h,沈阳,65
20200101,4,SO2,沈阳,33
20200101,4,SO2_24h,沈阳,34
20200101,4,NO2,沈阳,59
20200101,4,NO2_24h,沈阳,50
20200101,4,O3,沈阳,8
20200101,4,O3_24h,沈阳,48
20200101,4,O3_8h,沈阳,8
20200101,4,O3_8h_24h,沈阳,8
20200101,4,CO,沈阳,2.01
20200101,4,CO_24h,沈阳,1.43
20200101,5,AQI,沈阳,104
20200101,5,PM2.5,沈阳,78
20200101,5,PM2.5_24h,沈阳,45
20200101,5,PM10,沈阳,112
20200101,5,PM10_24h,沈阳,67
20200101,5,SO2,沈阳,32
20200101,5,SO2_24h,沈阳,34
20200101,5,NO2,沈阳,59
20200101,5,NO2_24h,沈阳,50
20200101,5,O3,沈阳,8
20200101,5,O3_24h,沈阳,48
20200101,5,O3_8h,沈阳,8
20200101,5,O3_8h_24h,沈阳,8
20200101,5,CO,沈阳,1.94
20200101,5,CO_24h,沈阳,1.47
20200101,6,AQI,沈阳,110
20200101,6,PM2.5,沈阳,83
20200101,6,PM2.5_24h,沈阳,46
20200101,6,PM10,沈阳,120
20200101,6,PM10_24h,沈阳,70
20200101,6,SO2,沈阳,35
20200101,6,SO2_24h,沈阳,35
20200101,6,NO2,沈阳,58
20200101,6,NO2_24h,沈阳,51
20200101,6,O3,沈阳,8
20200101,6,O3_24h,沈阳,48
20200101,6,O3_8h,沈阳,8
20200101,6,O3_8h_24h,沈阳,8
20200101,6,CO,沈阳,1.99
20200101,6,CO_24h,沈阳,1.50
20200101,7,AQI,沈阳,110
20200101,7,PM2.5,沈阳,83
20200101,7,PM2.5_24h,沈阳,47
20200101,7,PM10,沈阳,119
20200101,7,PM10_24h,沈阳,71
20200101,7,SO2,沈阳,40
20200101,7,SO2_24h,沈阳,35
20200101,7,NO2,沈阳,58
20200101,7,NO2_24h,沈阳,51
20200101,7,O3,沈阳,9
20200101,7,O3_24h,沈阳,48
20200101,7,O3_8h,沈阳,8
20200101,7,O3_8h_24h,沈阳,8
20200101,7,CO,沈阳,1.89
20200101,7,CO_24h,沈阳,1.53
20200101,8,AQI,沈阳,114
20200101,8,PM2.5,沈阳,86
20200101,8,PM2.5_24h,沈阳,48
20200101,8,PM10,沈阳,123
20200101,8,PM10_24h,沈阳,73
20200101,8,SO2,沈阳,46
20200101,8,SO2_24h,沈阳,35
20200101,8,NO2,沈阳,57
20200101,8,NO2_24h,沈阳,51
20200101,8,O3,沈阳,10
20200101,8,O3_24h,沈阳,48
20200101,8,O3_8h,沈阳,8
20200101,8,O3_8h_24h,沈阳,8
20200101,8,CO,沈阳,2.22
20200101,8,CO_24h,沈阳,1.54
20200101,9,AQI,沈阳,128
20200101,9,PM2.5,沈阳,97
20200101,9,PM2.5_24h,沈阳,50
20200101,9,PM10,沈阳,131
20200101,9,PM10_24h,沈阳,74
20200101,9,SO2,沈阳,56
20200101,9,SO2_24h,沈阳,34
20200101,9,NO2,沈阳,54
20200101,9,NO2_24h,沈阳,51
20200101,9,O3,沈阳,13
20200101,9,O3_24h,沈阳,48
20200101,9,O3_8h,沈阳,9
20200101,9,O3_8h_24h,沈阳,9
20200101,9,CO,沈阳,2.43
20200101,9,CO_24h,沈阳,1.53
20200101,10,AQI,沈阳,164
20200101,10,PM2.5,沈阳,125
20200101,10,PM2.5_24h,沈阳,53
20200101,10,PM10,沈阳,170
20200101,10,PM10_24h,沈阳,78
20200101,10,SO2,沈阳,59
20200101,10,SO2_24h,沈阳,34
20200101,10,NO2,沈阳,59
20200101,10,NO2_24h,沈阳,52
20200101,10,O3,沈阳,16
20200101,10,O3_24h,沈阳,48
20200101,10,O3_8h,沈阳,10
20200101,10,O3_8h_24h,沈阳,10
20200101,10,CO,沈阳,2.71
20200101,10,CO_24h,沈阳,1.58
20200101,11,AQI,沈阳,208
20200101,11,PM2.5,沈阳,158
20200101,11,PM2.5_24h,沈阳,57
20200101,11,PM10,沈阳,211
20200101,11,PM10_24h,沈阳,84
20200101,11,SO2,沈阳,51
20200101,11,SO2_24h,沈阳,34
20200101,11,NO2,沈阳,63
20200101,11,NO2_24h,沈阳,53
20200101,11,O3,沈阳,21
20200101,11,O3_24h,沈阳,48
20200101,11,O3_8h,沈阳,12
20200101,11,O3_8h_24h,沈阳,12
20200101,11,CO,沈阳,2.51
20200101,11,CO_24h,沈阳,1.62
20200101,12,AQI,沈阳,161
20200101,12,PM2.5,沈阳,123
20200101,12,PM2.5_24h,沈阳,60
20200101,12,PM10,沈阳,171
20200101,12,PM10_24h,沈阳,88
20200101,12,SO2,沈阳,43
20200101,12,SO2_24h,沈阳,34
20200101,12,NO2,沈阳,59
20200101,12,NO2_24h,沈阳,54
20200101,12,O3,沈阳,28
20200101,12,O3_24h,沈阳,48
20200101,12,O3_8h,沈阳,14
20200101,12,O3_8h_24h,沈阳,14
20200101,12,CO,沈阳,1.61
20200101,12,CO_24h,沈阳,1.61
20200101,13,AQI,沈阳,118
20200101,13,PM2.5,沈阳,89
20200101,13,PM2.5_24h,沈阳,63
20200101,13,PM10,沈阳,129
20200101,13,PM10_24h,沈阳,92
20200101,13,SO2,沈阳,39
20200101,13,SO2_24h,沈阳,34
20200101,13,NO2,沈阳,54
20200101,13,NO2_24h,沈阳,55
20200101,13,O3,沈阳,35
20200101,13,O3_24h,沈阳,48
20200101,13,O3_8h,沈阳,17
20200101,13,O3_8h_24h,沈阳,17
20200101,13,CO,沈阳,1.24
20200101,13,CO_24h,沈阳,1.62
20200101,14,AQI,沈阳,94
20200101,14,PM2.5,沈阳,70
20200101,14,PM2.5_24h,沈阳,65
20200101,14,PM10,沈阳,108
20200101,14,PM10_24h,沈阳,95
20200101,14,SO2,沈阳,32
20200101,14,SO2_24h,沈阳,34
20200101,14,NO2,沈阳,48
20200101,14,NO2_24h,沈阳,56
20200101,14,O3,沈阳,40
20200101,14,O3_24h,沈阳,50
20200101,14,O3_8h,沈阳,21
20200101,14,O3_8h_24h,沈阳,21
20200101,14,CO,沈阳,0.97
20200101,14,CO_24h,沈阳,1.61
20200101,15,AQI,沈阳,85
20200101,15,PM2.5,沈阳,63
20200101,15,PM2.5_24h,沈阳,67
20200101,15,PM10,沈阳,101
20200101,15,PM10_24h,沈阳,98
20200101,15,SO2,沈阳,31
20200101,15,SO2_24h,沈阳,34
20200101,15,NO2,沈阳,49
20200101,15,NO2_24h,沈阳,56
20200101,15,O3,沈阳,38
20200101,15,O3_24h,沈阳,45
20200101,15,O3_8h,沈阳,25
20200101,15,O3_8h_24h,沈阳,25
20200101,15,CO,沈阳,0.87
20200101,15,CO_24h,沈阳,1.60
20200101,16,AQI,沈阳,66
20200101,16,PM2.5,沈阳,48
20200101,16,PM2.5_24h,沈阳,68
20200101,16,PM10,沈阳,80
20200101,16,PM10_24h,沈阳,100
20200101,16,SO2,沈阳,24
20200101,16,SO2_24h,沈阳,34
20200101,16,NO2,沈阳,48
20200101,16,NO2_24h,沈阳,57
20200101,16,O3,沈阳,34
20200101,16,O3_24h,沈阳,41
20200101,16,O3_8h,沈阳,28
20200101,16,O3_8h_24h,沈阳,28
20200101,16,CO,沈阳,0.71
20200101,16,CO_24h,沈阳,1.61
20200101,17,AQI,沈阳,60
20200101,17,PM2.5,沈阳,43
20200101,17,PM2.5_24h,沈阳,69
20200101,17,PM10,沈阳,67
20200101,17,PM10_24h,沈阳,101
20200101,17,SO2,沈阳,20
20200101,17,SO2_24h,沈阳,34
20200101,17,NO2,沈阳,56
20200101,17,NO2_24h,沈阳,57
20200101,17,O3,沈阳,25
20200101,17,O3_24h,沈阳,41
20200101,17,O3_8h,沈阳,30
20200101,17,O3_8h_24h,沈阳,30
20200101,17,CO,沈阳,0.64
20200101,17,CO_24h,沈阳,1.61
20200101,18,AQI,沈阳,71
20200101,18,PM2.5,沈阳,52
20200101,18,PM2.5_24h,沈阳,70
20200101,18,PM10,沈阳,76
20200101,18,PM10_24h,沈阳,102
20200101,18,SO2,沈阳,25
20200101,18,SO2_24h,沈阳,34
20200101,18,NO2,沈阳,70
20200101,18,NO2_24h,沈阳,57
20200101,18,O3,沈阳,12
20200101,18,O3_24h,沈阳,41
20200101,18,O3_8h,沈阳,29
20200101,18,O3_8h_24h,沈阳,30
20200101,18,CO,沈阳,0.73
20200101,18,CO_24h,沈阳,1.58
20200101,19,AQI,沈阳,83
20200101,19,PM2.5,沈阳,61
20200101,19,PM2.5_24h,沈阳,71
20200101,19,PM10,沈阳,85
20200101,19,PM10_24h,沈阳,104
20200101,19,SO2,沈阳,27
20200101,19,SO2_24h,沈阳,34
20200101,19,NO2,沈阳,72
20200101,19,NO2_24h,沈阳,58
20200101,19,O3,沈阳,11
20200101,19,O3_24h,沈阳,41
20200101,19,O3_8h,沈阳,28
20200101,19,O3_8h_24h,沈阳,30
20200101,19,CO,沈阳,0.86
20200101,19,CO_24h,沈阳,1.61
20200101,20,AQI,沈阳,93
20200101,20,PM2.5,沈阳,69
20200101,20,PM2.5_24h,沈阳,73
20200101,20,PM10,沈阳,96
20200101,20,PM10_24h,沈阳,106
20200101,20,SO2,沈阳,29
20200101,20,SO2_24h,沈阳,34
20200101,20,NO2,沈阳,72
20200101,20,NO2_24h,沈阳,59
20200101,20,O3,沈阳,10
20200101,20,O3_24h,沈阳,41
20200101,20,O3_8h,沈阳,25
20200101,20,O3_8h_24h,沈阳,30
20200101,20,CO,沈阳,0.87
20200101,20,CO_24h,沈阳,1.59
20200101,21,AQI,沈阳,106
20200101,21,PM2.5,沈阳,80
20200101,21,PM2.5_24h,沈阳,75
20200101,21,PM10,沈阳,110
20200101,21,PM10_24h,沈阳,108
20200101,21,SO2,沈阳,30
20200101,21,SO2_24h,沈阳,34
20200101,21,NO2,沈阳,74
20200101,21,NO2_24h,沈阳,59
20200101,21,O3,沈阳,9
20200101,21,O3_24h,沈阳,41
20200101,21,O3_8h,沈阳,22
20200101,21,O3_8h_24h,沈阳,30
20200101,21,CO,沈阳,0.98
20200101,21,CO_24h,沈阳,1.59
20200101,22,AQI,沈阳,113
20200101,22,PM2.5,沈阳,85
20200101,22,PM2.5_24h,沈阳,77
20200101,22,PM10,沈阳,120
20200101,22,PM10_24h,沈阳,111
20200101,22,SO2,沈阳,28
20200101,22,SO2_24h,沈阳,34
20200101,22,NO2,沈阳,73
20200101,22,NO2_24h,沈阳,60
20200101,22,O3,沈阳,10
20200101,22,O3_24h,沈阳,41
20200101,22,O3_8h,沈阳,19
20200101,22,O3_8h_24h,沈阳,30
20200101,22,CO,沈阳,1.13
20200101,22,CO_24h,沈阳,1.57
20200101,23,AQI,沈阳,125
20200101,23,PM2.5,沈阳,95
20200101,23,PM2.5_24h,沈阳,79
20200101,23,PM10,沈阳,129
20200101,23,PM10_24h,沈阳,113
20200101,23,SO2,沈阳,24
20200101,23,SO2_24h,沈阳,34
20200101,23,NO2,沈阳,70
20200101,23,NO2_24h,沈阳,61
20200101,23,O3,沈阳,10
20200101,23,O3_24h,沈阳,41
20200101,23,O3_8h,沈阳,15
20200101,23,O3_8h_24h,沈阳,30
20200101,23,CO,沈阳,1.38
20200101,23,CO_24h,沈阳,1.55
20200101,0,AQI,深圳,64
20200101,0,PM2.5,深圳,46
20200101,0,PM2.5_24h,深圳,37
20200101,0,PM10,深圳,78
20200101,0,PM10_24h,深圳,58
20200101,0,SO2,深圳,6
20200101,0,SO2_24h,深圳,7
20200101,0,NO2,深圳,26
20200101,0,NO2_24h,深圳,35
20200101,0,O3,深圳,52
20200101,0,O3_24h,深圳,70
20200101,0,O3_8h,深圳,48
20200101,0,O3_8h_24h,深圳,52
20200101,0,CO,深圳,0.78
20200101,0,CO_24h,深圳,0.70
20200101,1,AQI,深圳,64
20200101,1,PM2.5,深圳,45
20200101,1,PM2.5_24h,深圳,38
20200101,1,PM10,深圳,77
20200101,1,PM10_24h,深圳,60
20200101,1,SO2,深圳,6
20200101,1,SO2_24h,深圳,7
20200101,1,NO2,深圳,21
20200101,1,NO2_24h,深圳,34
20200101,1,O3,深圳,54
20200101,1,O3_24h,深圳,71
20200101,1,O3_8h,深圳,54
20200101,1,O3_8h_24h,深圳,54
20200101,1,CO,深圳,0.76
20200101,1,CO_24h,深圳,0.70
20200101,2,AQI,深圳,64
20200101,2,PM2.5,深圳,46
20200101,2,PM2.5_24h,深圳,40
20200101,2,PM10,深圳,78
20200101,2,PM10_24h,深圳,63
20200101,2,SO2,深圳,6
20200101,2,SO2_24h,深圳,7
20200101,2,NO2,深圳,21
20200101,2,NO2_24h,深圳,34
20200101,2,O3,深圳,46
20200101,2,O3_24h,深圳,71
20200101,2,O3_8h,深圳,50
20200101,2,O3_8h_24h,深圳,55
20200101,2,CO,深圳,0.75
20200101,2,CO_24h,深圳,0.72
20200101,3,AQI,深圳,64
20200101,3,PM2.5,深圳,46
20200101,3,PM2.5_24h,深圳,41
20200101,3,PM10,深圳,76
20200101,3,PM10_24h,深圳,65
20200101,3,SO2,深圳,6
20200101,3,SO2_24h,深圳,7
20200101,3,NO2,深圳,24
20200101,3,NO2_24h,深圳,34
20200101,3,O3,深圳,38
20200101,3,O3_24h,深圳,71
20200101,3,O3_8h,深圳,46
20200101,3,O3_8h_24h,深圳,55
20200101,3,CO,深圳,0.76
20200101,3,CO_24h,深圳,0.73
20200101,4,AQI,深圳,61
20200101,4,PM2.5,深圳,43
20200101,4,PM2.5_24h,深圳,42
20200101,4,PM10,深圳,71
20200101,4,PM10_24h,深圳,67
20200101,4,SO2,深圳,6
20200101,4,SO2_24h,深圳,7
20200101,4,NO2,深圳,23
20200101,4,NO2_24h,深圳,33
20200101,4,O3,深圳,39
20200101,4,O3_24h,深圳,71
20200101,4,O3_8h,深圳,44
20200101,4,O3_8h_24h,深圳,55
20200101,4,CO,深圳,0.75
20200101,4,CO_24h,深圳,0.74
20200101,5,AQI,深圳,60
20200101,5,PM2.5,深圳,43
20200101,5,PM2.5_24h,深圳,43
20200101,5,PM10,深圳,70
20200101,5,PM10_24h,深圳,69
20200101,5,SO2,深圳,6
20200101,5,SO2_24h,深圳,7
20200101,5,NO2,深圳,23
20200101,5,NO2_24h,深圳,33
20200101,5,O3,深圳,35
20200101,5,O3_24h,深圳,71
20200101,5,O3_8h,深圳,43
20200101,5,O3_8h_24h,深圳,55
20200101,5,CO,深圳,0.74
20200101,5,CO_24h,深圳,0.75
20200101,6,AQI,深圳,60
20200101,6,PM2.5,深圳,42
20200101,6,PM2.5_24h,深圳,45
20200101,6,PM10,深圳,70
20200101,6,PM10_24h,深圳,71
20200101,6,SO2,深圳,6
20200101,6,SO2_24h,深圳,7
20200101,6,NO2,深圳,25
20200101,6,NO2_24h,深圳,33
20200101,6,O3,深圳,28
20200101,6,O3_24h,深圳,71
20200101,6,O3_8h,深圳,40
20200101,6,O3_8h_24h,深圳,55
20200101,6,CO,深圳,0.76
20200101,6,CO_24h,深圳,0.75
20200101,7,AQI,深圳,60
20200101,7,PM2.5,深圳,42
20200101,7,PM2.5_24h,深圳,46
20200101,7,PM10,深圳,69
20200101,7,PM10_24h,深圳,73
20200101,7,SO2,深圳,6
20200101,7,SO2_24h,深圳,7
20200101,7,NO2,深圳,27
20200101,7,NO2_24h,深圳,32
20200101,7,O3,深圳,24
20200101,7,O3_24h,深圳,71
20200101,7,O3_8h,深圳,38
20200101,7,O3_8h_24h,深圳,55
20200101,7,CO,深圳,0.75
20200101,7,CO_24h,深圳,0.78
20200101,8,AQI,深圳,60
20200101,8,PM2.5,深圳,43
20200101,8,PM2.5_24h,深圳,46
20200101,8,PM10,深圳,69
20200101,8,PM10_24h,深圳,74
20200101,8,SO2,深圳,6
20200101,8,SO2_24h,深圳,7
20200101,8,NO2,深圳,28
20200101,8,NO2_24h,深圳,32
20200101,8,O3,深圳,20
20200101,8,O3_24h,深圳,71
20200101,8,O3_8h,深圳,36
20200101,8,O3_8h_24h,深圳,55
20200101,8,CO,深圳,0.75
20200101,8,CO_24h,深圳,0.78
20200101,9,AQI,深圳,60
20200101,9,PM2.5,深圳,43
20200101,9,PM2.5_24h,深圳,48
20200101,9,PM10,深圳,69
20200101,9,PM10_24h,深圳,76
20200101,9,SO2,深圳,6
20200101,9,SO2_24h,深圳,7
20200101,9,NO2,深圳,28
20200101,9,NO2_24h,深圳,31
20200101,9,O3,深圳,24
20200101,9,O3_24h,深圳,71
20200101,9,O3_8h,深圳,32
20200101,9,O3_8h_24h,深圳,55
20200101,9,CO,深圳,0.76
20200101,9,CO_24h,深圳,0.78
20200101,10,AQI,深圳,58
20200101,10,PM2.5,深圳,41
20200101,10,PM2.5_24h,深圳,48
20200101,10,PM10,深圳,66
20200101,10,PM10_24h,深圳,76
20200101,10,SO2,深圳,6
20200101,10,SO2_24h,深圳,7
20200101,10,NO2,深圳,26
20200101,10,NO2_24h,深圳,31
20200101,10,O3,深圳,30
20200101,10,O3_24h,深圳,71
20200101,10,O3_8h,深圳,30
20200101,10,O3_8h_24h,深圳,55
20200101,10,CO,深圳,0.74
20200101,10,CO_24h,深圳,0.78
20200101,11,AQI,深圳,56
20200101,11,PM2.5,深圳,39
20200101,11,PM2.5_24h,深圳,47
20200101,11,PM10,深圳,62
20200101,11,PM10_24h,深圳,76
20200101,11,SO2,深圳,6
20200101,11,SO2_24h,深圳,7
20200101,11,NO2,深圳,26
20200101,11,NO2_24h,深圳,30
20200101,11,O3,深圳,35
20200101,11,O3_24h,深圳,71
20200101,11,O3_8h,深圳,29
20200101,11,O3_8h_24h,深圳,55
20200101,11,CO,深圳,0.74
20200101,11,CO_24h,深圳,0.78
20200101,12,AQI,深圳,56
20200101,12,PM2.5,深圳,39
20200101,12,PM2.5_24h,深圳,47
20200101,12,PM10,深圳,62
20200101,12,PM10_24h,深圳,75
20200101,12,SO2,深圳,6
20200101,12,SO2_24h,深圳,7
20200101,12,NO2,深圳,24
20200101,12,NO2_24h,深圳,29
20200101,12,O3,深圳,40
20200101,12,O3_24h,深圳,71
20200101,12,O3_8h,深圳,29
20200101,12,O3_8h_24h,深圳,55
20200101,12,CO,深圳,0.73
20200101,12,CO_24h,深圳,0.78
20200101,13,AQI,深圳,61
20200101,13,PM2.5,深圳,44
20200101,13,PM2.5_24h,深圳,47
20200101,13,PM10,深圳,69
20200101,13,PM10_24h,深圳,75
20200101,13,SO2,深圳,5
20200101,13,SO2_24h,深圳,7
20200101,13,NO2,深圳,26
20200101,13,NO2_24h,深圳,29
20200101,13,O3,深圳,40
20200101,13,O3_24h,深圳,71
20200101,13,O3_8h,深圳,30
20200101,13,O3_8h_24h,深圳,55
20200101,13,CO,深圳,0.75
20200101,13,CO_24h,深圳,0.78
20200101,14,AQI,深圳,66
20200101,14,PM2.5,深圳,48
20200101,14,PM2.5_24h,深圳,46
20200101,14,PM10,深圳,77
20200101,14,PM10_24h,深圳,74
20200101,14,SO2,深圳,5
20200101,14,SO2_24h,深圳,7
20200101,14,NO2,深圳,31
20200101,14,NO2_24h,深圳,28
20200101,14,O3,深圳,39
20200101,14,O3_24h,深圳,71
20200101,14,O3_8h,深圳,31
20200101,14,O3_8h_24h,深圳,55
20200101,14,CO,深圳,0.75
20200101,14,CO_24h,深圳,0.78
20200101,15,AQI,深圳,70
20200101,15,PM2.5,深圳,51
20200101,15,PM2.5_24h,深圳,46
20200101,15,PM10,深圳,81
20200101,15,PM10_24h,深圳,74
20200101,15,SO2,深圳,5
20200101,15,SO2_24h,深圳,7
20200101,15,NO2,深圳,31
20200101,15,NO2_24h,深圳,28
20200101,15,O3,深圳,41
20200101,15,O3_24h,深圳,71
20200101,15,O3_8h,深圳,34
20200101,15,O3_8h_24h,深圳,55
20200101,15,CO,深圳,0.76
20200101,15,CO_24h,深圳,0.78
20200101,16,AQI,深圳,68
20200101,16,PM2.5,深圳,49
20200101,16,PM2.5_24h,深圳,46
20200101,16,PM10,深圳,78
20200101,16,PM10_24h,深圳,74
20200101,16,SO2,深圳,5
20200101,16,SO2_24h,深圳,6
20200101,16,NO2,深圳,31
20200101,16,NO2_24h,深圳,28
20200101,16,O3,深圳,43
20200101,16,O3_24h,深圳,69
20200101,16,O3_8h,深圳,36
20200101,16,O3_8h_24h,深圳,56
20200101,16,CO,深圳,0.75
20200101,16,CO_24h,深圳,0.78
20200101,17,AQI,深圳,63
20200101,17,PM2.5,深圳,45
20200101,17,PM2.5_24h,深圳,45
20200101,17,PM10,深圳,72
20200101,17,PM10_24h,深圳,73
20200101,17,SO2,深圳,5
20200101,17,SO2_24h,深圳,6
20200101,17,NO2,深圳,31
20200101,17,NO2_24h,深圳,27
20200101,17,O3,深圳,42
20200101,17,O3_24h,深圳,68
20200101,17,O3_8h,深圳,39
20200101,17,O3_8h_24h,深圳,57
20200101,17,CO,深圳,0.75
20200101,17,CO_24h,深圳,0.76
20200101,18,AQI,深圳,61
20200101,18,PM2.5,深圳,44
20200101,18,PM2.5_24h,深圳,45
20200101,18,PM10,深圳,69
20200101,18,PM10_24h,深圳,73
20200101,18,SO2,深圳,5
20200101,18,SO2_24h,深圳,6
20200101,18,NO2,深圳,33
20200101,18,NO2_24h,深圳,27
20200101,18,O3,深圳,38
20200101,18,O3_24h,深圳,68
20200101,18,O3_8h,深圳,39
20200101,18,O3_8h_24h,深圳,57
20200101,18,CO,深圳,0.74
20200101,18,CO_24h,深圳,0.75
20200101,19,AQI,深圳,60
20200101,19,PM2.5,深圳,43
20200101,19,PM2.5_24h,深圳,44
20200101,19,PM10,深圳,67
20200101,19,PM10_24h,深圳,72
20200101,19,SO2,深圳,5
20200101,19,SO2_24h,深圳,6
20200101,19,NO2,深圳,31
20200101,19,NO2_24h,深圳,27
20200101,19,O3,深圳,40
20200101,19,O3_24h,深圳,68
20200101,19,O3_8h,深圳,41
20200101,19,O3_8h_24h,深圳,57
20200101,19,CO,深圳,0.73
20200101,19,CO_24h,深圳,0.75
20200101,20,AQI,深圳,55
20200101,20,PM2.5,深圳,39
20200101,20,PM2.5_24h,深圳,44
20200101,20,PM10,深圳,60
20200101,20,PM10_24h,深圳,71
20200101,20,SO2,深圳,5
20200101,20,SO2_24h,深圳,6
20200101,20,NO2,深圳,23
20200101,20,NO2_24h,深圳,26
20200101,20,O3,深圳,53
20200101,20,O3_24h,深圳,68
20200101,20,O3_8h,深圳,42
20200101,20,O3_8h_24h,深圳,58
20200101,20,CO,深圳,0.70
20200101,20,CO_24h,深圳,0.74
20200101,21,AQI,深圳,53
20200101,21,PM2.5,深圳,36
20200101,21,PM2.5_24h,深圳,44
20200101,21,PM10,深圳,55
20200101,21,PM10_24h,深圳,71
20200101,21,SO2,深圳,5
20200101,21,SO2_24h,深圳,6
20200101,21,NO2,深圳,19
20200101,21,NO2_24h,深圳,26
20200101,21,O3,深圳,62
20200101,21,O3_24h,深圳,71
20200101,21,O3_8h,深圳,45
20200101,21,O3_8h_24h,深圳,58
20200101,21,CO,深圳,0.66
20200101,21,CO_24h,深圳,0.74
20200101,22,AQI,深圳,47
20200101,22,PM2.5,深圳,30
20200101,22,PM2.5_24h,深圳,43
20200101,22,PM10,深圳,47
20200101,22,PM10_24h,深圳,69
20200101,22,SO2,深圳,5
20200101,22,SO2_24h,深圳,6
20200101,22,NO2,深圳,16
20200101,22,NO2_24h,深圳,26
20200101,22,O3,深圳,71
20200101,22,O3_24h,深圳,76
20200101,22,O3_8h,深圳,49
20200101,22,O3_8h_24h,深圳,59
20200101,22,CO,深圳,0.61
20200101,22,CO_24h,深圳,0.74
20200101,23,AQI,深圳,42
20200101,23,PM2.5,深圳,26
20200101,23,PM2.5_24h,深圳,42
20200101,23,PM10,深圳,42
20200101,23,PM10_24h,深圳,68
20200101,23,SO2,深圳,5
20200101,23,SO2_24h,深圳,6
20200101,23,NO2,深圳,15
20200101,23,NO2_24h,深圳,25
20200101,23,O3,深圳,74
20200101,23,O3_24h,深圳,77
20200101,23,O3_8h,深圳,53
20200101,23,O3_8h_24h,深圳,59
20200101,23,CO,深圳,0.57
20200101,23,CO_24h,深圳,0.73