Timing Analyzer report for BUS
Sat Dec 09 23:49:17 2023
Version 4.1 Build 181 06/29/2004 SJ Full Version


---------------------
; Table of Contents ;
---------------------
  1. Legal Notice
  2. Timing Analyzer Settings
  3. Timing Analyzer Summary
  4. Clock Settings Summary
  5. Clock Setup: 'ram'
  6. Clock Setup: 'reg'
  7. Clock Setup: 'addr'
  8. tsu
  9. tco
 10. tpd
 11. th
 12. Minimum tco
 13. Minimum tpd
 14. Timing Analyzer Messages



----------------
; Legal Notice ;
----------------
Copyright (C) 1991-2004 Altera Corporation
Any  megafunction  design,  and related netlist (encrypted  or  decrypted),
support information,  device programming or simulation file,  and any other
associated  documentation or information  provided by  Altera  or a partner
under  Altera's   Megafunction   Partnership   Program  may  be  used  only
to program  PLD  devices (but not masked  PLD  devices) from  Altera.   Any
other  use  of such  megafunction  design,  netlist,  support  information,
device programming or simulation file,  or any other  related documentation
or information  is prohibited  for  any  other purpose,  including, but not
limited to  modification,  reverse engineering,  de-compiling, or use  with
any other  silicon devices,  unless such use is  explicitly  licensed under
a separate agreement with  Altera  or a megafunction partner.  Title to the
intellectual property,  including patents,  copyrights,  trademarks,  trade
secrets,  or maskworks,  embodied in any such megafunction design, netlist,
support  information,  device programming or simulation file,  or any other
related documentation or information provided by  Altera  or a megafunction
partner, remains with Altera, the megafunction partner, or their respective
licensors. No other licenses, including any licenses needed under any third
party's intellectual property, are provided herein.



+----------------------------------------------------------------------------------------+
; Timing Analyzer Settings                                                               ;
+-------------------------------------------------------+--------------------+------+----+
; Option                                                ; Setting            ; From ; To ;
+-------------------------------------------------------+--------------------+------+----+
; Device name                                           ; EP1S10F484C5       ;      ;    ;
; Timing Models                                         ; Production         ;      ;    ;
; Number of source nodes to report per destination node ; 10                 ;      ;    ;
; Number of destination nodes to report                 ; 10                 ;      ;    ;
; Number of paths to report                             ; 200                ;      ;    ;
; Run Minimum Analysis                                  ; On                 ;      ;    ;
; Use Minimum Timing Models                             ; Off                ;      ;    ;
; Report IO Paths Separately                            ; Off                ;      ;    ;
; Clock Analysis Only                                   ; Off                ;      ;    ;
; Default hold multicycle                               ; Same as Multicycle ;      ;    ;
; Cut paths between unrelated clock domains             ; On                 ;      ;    ;
; Cut off read during write signal paths                ; On                 ;      ;    ;
; Cut off clear and preset signal paths                 ; On                 ;      ;    ;
; Cut off feedback from I/O pins                        ; On                 ;      ;    ;
; Ignore Clock Settings                                 ; Off                ;      ;    ;
; Analyze latches as synchronous elements               ; Off                ;      ;    ;
+-------------------------------------------------------+--------------------+------+----+


+---------------------------------------------------------------------------------------------------------------------------------------------------------------------------------------------------------------------------------------------------------------------------------------------------------------------------------------------------------------------------------+
; Timing Analyzer Summary                                                                                                                                                                                                                                                                                                                                                         ;
+------------------------------+-------+---------------+------------------------------------------------+-----------------------------------------------------------------------------------------------------------------+----------------------------------------------------------------------------------------------------------------+------------+----------+--------------+
; Type                         ; Slack ; Required Time ; Actual Time                                    ; From                                                                                                            ; To                                                                                                             ; From Clock ; To Clock ; Failed Paths ;
+------------------------------+-------+---------------+------------------------------------------------+-----------------------------------------------------------------------------------------------------------------+----------------------------------------------------------------------------------------------------------------+------------+----------+--------------+
; Worst-case tsu               ; N/A   ; None          ; 5.607 ns                                       ; d0[6]                                                                                                           ; 273:inst2|13                                                                                                   ;            ; led_b    ; 0            ;
; Worst-case tco               ; N/A   ; None          ; 12.019 ns                                      ; lpm_ram_dq0:inst3|altsyncram:altsyncram_component|altsyncram_dru:auto_generated|ram_block1a7~porta_address_reg7 ; bus[6]                                                                                                         ; ram        ;          ; 0            ;
; Worst-case tpd               ; N/A   ; None          ; 11.091 ns                                      ; d0[6]                                                                                                           ; bus[6]                                                                                                         ;            ;          ; 0            ;
; Worst-case th                ; N/A   ; None          ; -2.395 ns                                      ; d0[3]                                                                                                           ; 273:inst|16                                                                                                    ;            ; reg      ; 0            ;
; Worst-case Minimum tco       ; N/A   ; None          ; 6.294 ns                                       ; 273:inst2|18                                                                                                    ; led[1]                                                                                                         ; led_b      ;          ; 0            ;
; Worst-case Minimum tpd       ; N/A   ; None          ; 9.355 ns                                       ; d0[3]                                                                                                           ; bus[3]                                                                                                         ;            ;          ; 0            ;
; Clock Setup: 'ram'           ; N/A   ; None          ; 175.59 MHz ( period = 5.695 ns )               ; lpm_ram_dq0:inst3|altsyncram:altsyncram_component|altsyncram_dru:auto_generated|ram_block1a7~porta_address_reg7 ; lpm_ram_dq0:inst3|altsyncram:altsyncram_component|altsyncram_dru:auto_generated|ram_block1a7~porta_datain_reg3 ; ram        ; ram      ; 0            ;
; Clock Setup: 'addr'          ; N/A   ; None          ; Restricted to 422.12 MHz ( period = 2.369 ns ) ; 273:inst1|12                                                                                                    ; 273:inst1|12                                                                                                   ; addr       ; addr     ; 0            ;
; Clock Setup: 'reg'           ; N/A   ; None          ; Restricted to 422.12 MHz ( period = 2.369 ns ) ; 273:inst|15                                                                                                     ; 273:inst|15                                                                                                    ; reg        ; reg      ; 0            ;
; Total number of failed paths ;       ;               ;                                                ;                                                                                                                 ;                                                                                                                ;            ;          ; 0            ;
+------------------------------+-------+---------------+------------------------------------------------+-----------------------------------------------------------------------------------------------------------------+----------------------------------------------------------------------------------------------------------------+------------+----------+--------------+


+--------------------------------------------------------------------------------------------------------------------------------------+
; Clock Settings Summary                                                                                                               ;
+-----------------+--------------------+----------+------------------+----------+-----------------------+---------------------+--------+
; Clock Node Name ; Clock Setting Name ; Type     ; Fmax Requirement ; Based on ; Multiply Base Fmax by ; Divide Base Fmax by ; Offset ;
+-----------------+--------------------+----------+------------------+----------+-----------------------+---------------------+--------+
; ram             ;                    ; User Pin ; NONE             ; NONE     ; N/A                   ; N/A                 ; N/A    ;
; reg             ;                    ; User Pin ; NONE             ; NONE     ; N/A                   ; N/A                 ; N/A    ;
; addr            ;                    ; User Pin ; NONE             ; NONE     ; N/A                   ; N/A                 ; N/A    ;
; led_b           ;                    ; User Pin ; NONE             ; NONE     ; N/A                   ; N/A                 ; N/A    ;
+-----------------+--------------------+----------+------------------+----------+-----------------------+---------------------+--------+


+-----------------------------------------------------------------------------------------------------------------------------------------------------------------------------------------------------------------------------------------------------------------------------------------------------------------------------------------------------------------------------------------+
; Clock Setup: 'ram'                                                                                                                                                                                                                                                                                                                                                                      ;
+-------+----------------------------------+-----------------------------------------------------------------------------------------------------------------+----------------------------------------------------------------------------------------------------------------+------------+----------+-----------------------------+---------------------------+-------------------------+
; Slack ; Actual fmax (period)             ; From                                                                                                            ; To                                                                                                             ; From Clock ; To Clock ; Required Setup Relationship ; Required Longest P2P Time ; Actual Longest P2P Time ;
+-------+----------------------------------+-----------------------------------------------------------------------------------------------------------------+----------------------------------------------------------------------------------------------------------------+------------+----------+-----------------------------+---------------------------+-------------------------+
; N/A   ; 175.59 MHz ( period = 5.695 ns ) ; lpm_ram_dq0:inst3|altsyncram:altsyncram_component|altsyncram_dru:auto_generated|ram_block1a7~porta_address_reg0 ; lpm_ram_dq0:inst3|altsyncram:altsyncram_component|altsyncram_dru:auto_generated|ram_block1a7~porta_datain_reg3 ; ram        ; ram      ; None                        ; None                      ; None                    ;
; N/A   ; 175.59 MHz ( period = 5.695 ns ) ; lpm_ram_dq0:inst3|altsyncram:altsyncram_component|altsyncram_dru:auto_generated|ram_block1a7~porta_address_reg1 ; lpm_ram_dq0:inst3|altsyncram:altsyncram_component|altsyncram_dru:auto_generated|ram_block1a7~porta_datain_reg3 ; ram        ; ram      ; None                        ; None                      ; None                    ;
; N/A   ; 175.59 MHz ( period = 5.695 ns ) ; lpm_ram_dq0:inst3|altsyncram:altsyncram_component|altsyncram_dru:auto_generated|ram_block1a7~porta_address_reg2 ; lpm_ram_dq0:inst3|altsyncram:altsyncram_component|altsyncram_dru:auto_generated|ram_block1a7~porta_datain_reg3 ; ram        ; ram      ; None                        ; None                      ; None                    ;
; N/A   ; 175.59 MHz ( period = 5.695 ns ) ; lpm_ram_dq0:inst3|altsyncram:altsyncram_component|altsyncram_dru:auto_generated|ram_block1a7~porta_address_reg3 ; lpm_ram_dq0:inst3|altsyncram:altsyncram_component|altsyncram_dru:auto_generated|ram_block1a7~porta_datain_reg3 ; ram        ; ram      ; None                        ; None                      ; None                    ;
; N/A   ; 175.59 MHz ( period = 5.695 ns ) ; lpm_ram_dq0:inst3|altsyncram:altsyncram_component|altsyncram_dru:auto_generated|ram_block1a7~porta_address_reg4 ; lpm_ram_dq0:inst3|altsyncram:altsyncram_component|altsyncram_dru:auto_generated|ram_block1a7~porta_datain_reg3 ; ram        ; ram      ; None                        ; None                      ; None                    ;
; N/A   ; 175.59 MHz ( period = 5.695 ns ) ; lpm_ram_dq0:inst3|altsyncram:altsyncram_component|altsyncram_dru:auto_generated|ram_block1a7~porta_address_reg5 ; lpm_ram_dq0:inst3|altsyncram:altsyncram_component|altsyncram_dru:auto_generated|ram_block1a7~porta_datain_reg3 ; ram        ; ram      ; None                        ; None                      ; None                    ;
; N/A   ; 175.59 MHz ( period = 5.695 ns ) ; lpm_ram_dq0:inst3|altsyncram:altsyncram_component|altsyncram_dru:auto_generated|ram_block1a7~porta_address_reg6 ; lpm_ram_dq0:inst3|altsyncram:altsyncram_component|altsyncram_dru:auto_generated|ram_block1a7~porta_datain_reg3 ; ram        ; ram      ; None                        ; None                      ; None                    ;
; N/A   ; 175.59 MHz ( period = 5.695 ns ) ; lpm_ram_dq0:inst3|altsyncram:altsyncram_component|altsyncram_dru:auto_generated|ram_block1a7~porta_address_reg7 ; lpm_ram_dq0:inst3|altsyncram:altsyncram_component|altsyncram_dru:auto_generated|ram_block1a7~porta_datain_reg3 ; ram        ; ram      ; None                        ; None                      ; None                    ;
; N/A   ; 176.12 MHz ( period = 5.678 ns ) ; lpm_ram_dq0:inst3|altsyncram:altsyncram_component|altsyncram_dru:auto_generated|ram_block1a7~porta_address_reg0 ; lpm_ram_dq0:inst3|altsyncram:altsyncram_component|altsyncram_dru:auto_generated|ram_block1a7~porta_datain_reg1 ; ram        ; ram      ; None                        ; None                      ; None                    ;
; N/A   ; 176.12 MHz ( period = 5.678 ns ) ; lpm_ram_dq0:inst3|altsyncram:altsyncram_component|altsyncram_dru:auto_generated|ram_block1a7~porta_address_reg1 ; lpm_ram_dq0:inst3|altsyncram:altsyncram_component|altsyncram_dru:auto_generated|ram_block1a7~porta_datain_reg1 ; ram        ; ram      ; None                        ; None                      ; None                    ;
; N/A   ; 176.12 MHz ( period = 5.678 ns ) ; lpm_ram_dq0:inst3|altsyncram:altsyncram_component|altsyncram_dru:auto_generated|ram_block1a7~porta_address_reg2 ; lpm_ram_dq0:inst3|altsyncram:altsyncram_component|altsyncram_dru:auto_generated|ram_block1a7~porta_datain_reg1 ; ram        ; ram      ; None                        ; None                      ; None                    ;
; N/A   ; 176.12 MHz ( period = 5.678 ns ) ; lpm_ram_dq0:inst3|altsyncram:altsyncram_component|altsyncram_dru:auto_generated|ram_block1a7~porta_address_reg3 ; lpm_ram_dq0:inst3|altsyncram:altsyncram_component|altsyncram_dru:auto_generated|ram_block1a7~porta_datain_reg1 ; ram        ; ram      ; None                        ; None                      ; None                    ;
; N/A   ; 176.12 MHz ( period = 5.678 ns ) ; lpm_ram_dq0:inst3|altsyncram:altsyncram_component|altsyncram_dru:auto_generated|ram_block1a7~porta_address_reg4 ; lpm_ram_dq0:inst3|altsyncram:altsyncram_component|altsyncram_dru:auto_generated|ram_block1a7~porta_datain_reg1 ; ram        ; ram      ; None                        ; None                      ; None                    ;
; N/A   ; 176.12 MHz ( period = 5.678 ns ) ; lpm_ram_dq0:inst3|altsyncram:altsyncram_component|altsyncram_dru:auto_generated|ram_block1a7~porta_address_reg5 ; lpm_ram_dq0:inst3|altsyncram:altsyncram_component|altsyncram_dru:auto_generated|ram_block1a7~porta_datain_reg1 ; ram        ; ram      ; None                        ; None                      ; None                    ;
; N/A   ; 176.12 MHz ( period = 5.678 ns ) ; lpm_ram_dq0:inst3|altsyncram:altsyncram_component|altsyncram_dru:auto_generated|ram_block1a7~porta_address_reg6 ; lpm_ram_dq0:inst3|altsyncram:altsyncram_component|altsyncram_dru:auto_generated|ram_block1a7~porta_datain_reg1 ; ram        ; ram      ; None                        ; None                      ; None                    ;
; N/A   ; 176.12 MHz ( period = 5.678 ns ) ; lpm_ram_dq0:inst3|altsyncram:altsyncram_component|altsyncram_dru:auto_generated|ram_block1a7~porta_address_reg7 ; lpm_ram_dq0:inst3|altsyncram:altsyncram_component|altsyncram_dru:auto_generated|ram_block1a7~porta_datain_reg1 ; ram        ; ram      ; None                        ; None                      ; None                    ;
; N/A   ; 176.80 MHz ( period = 5.656 ns ) ; lpm_ram_dq0:inst3|altsyncram:altsyncram_component|altsyncram_dru:auto_generated|ram_block1a7~porta_address_reg0 ; lpm_ram_dq0:inst3|altsyncram:altsyncram_component|altsyncram_dru:auto_generated|ram_block1a7~porta_datain_reg0 ; ram        ; ram      ; None                        ; None                      ; None                    ;
; N/A   ; 176.80 MHz ( period = 5.656 ns ) ; lpm_ram_dq0:inst3|altsyncram:altsyncram_component|altsyncram_dru:auto_generated|ram_block1a7~porta_address_reg1 ; lpm_ram_dq0:inst3|altsyncram:altsyncram_component|altsyncram_dru:auto_generated|ram_block1a7~porta_datain_reg0 ; ram        ; ram      ; None                        ; None                      ; None                    ;
; N/A   ; 176.80 MHz ( period = 5.656 ns ) ; lpm_ram_dq0:inst3|altsyncram:altsyncram_component|altsyncram_dru:auto_generated|ram_block1a7~porta_address_reg2 ; lpm_ram_dq0:inst3|altsyncram:altsyncram_component|altsyncram_dru:auto_generated|ram_block1a7~porta_datain_reg0 ; ram        ; ram      ; None                        ; None                      ; None                    ;
; N/A   ; 176.80 MHz ( period = 5.656 ns ) ; lpm_ram_dq0:inst3|altsyncram:altsyncram_component|altsyncram_dru:auto_generated|ram_block1a7~porta_address_reg3 ; lpm_ram_dq0:inst3|altsyncram:altsyncram_component|altsyncram_dru:auto_generated|ram_block1a7~porta_datain_reg0 ; ram        ; ram      ; None                        ; None                      ; None                    ;
; N/A   ; 176.80 MHz ( period = 5.656 ns ) ; lpm_ram_dq0:inst3|altsyncram:altsyncram_component|altsyncram_dru:auto_generated|ram_block1a7~porta_address_reg4 ; lpm_ram_dq0:inst3|altsyncram:altsyncram_component|altsyncram_dru:auto_generated|ram_block1a7~porta_datain_reg0 ; ram        ; ram      ; None                        ; None                      ; None                    ;
; N/A   ; 176.80 MHz ( period = 5.656 ns ) ; lpm_ram_dq0:inst3|altsyncram:altsyncram_component|altsyncram_dru:auto_generated|ram_block1a7~porta_address_reg5 ; lpm_ram_dq0:inst3|altsyncram:altsyncram_component|altsyncram_dru:auto_generated|ram_block1a7~porta_datain_reg0 ; ram        ; ram      ; None                        ; None                      ; None                    ;
; N/A   ; 176.80 MHz ( period = 5.656 ns ) ; lpm_ram_dq0:inst3|altsyncram:altsyncram_component|altsyncram_dru:auto_generated|ram_block1a7~porta_address_reg6 ; lpm_ram_dq0:inst3|altsyncram:altsyncram_component|altsyncram_dru:auto_generated|ram_block1a7~porta_datain_reg0 ; ram        ; ram      ; None                        ; None                      ; None                    ;
; N/A   ; 176.80 MHz ( period = 5.656 ns ) ; lpm_ram_dq0:inst3|altsyncram:altsyncram_component|altsyncram_dru:auto_generated|ram_block1a7~porta_address_reg7 ; lpm_ram_dq0:inst3|altsyncram:altsyncram_component|altsyncram_dru:auto_generated|ram_block1a7~porta_datain_reg0 ; ram        ; ram      ; None                        ; None                      ; None                    ;
; N/A   ; 177.81 MHz ( period = 5.624 ns ) ; lpm_ram_dq0:inst3|altsyncram:altsyncram_component|altsyncram_dru:auto_generated|ram_block1a7~porta_address_reg0 ; lpm_ram_dq0:inst3|altsyncram:altsyncram_component|altsyncram_dru:auto_generated|ram_block1a7~porta_datain_reg2 ; ram        ; ram      ; None                        ; None                      ; None                    ;
; N/A   ; 177.81 MHz ( period = 5.624 ns ) ; lpm_ram_dq0:inst3|altsyncram:altsyncram_component|altsyncram_dru:auto_generated|ram_block1a7~porta_address_reg1 ; lpm_ram_dq0:inst3|altsyncram:altsyncram_component|altsyncram_dru:auto_generated|ram_block1a7~porta_datain_reg2 ; ram        ; ram      ; None                        ; None                      ; None                    ;
; N/A   ; 177.81 MHz ( period = 5.624 ns ) ; lpm_ram_dq0:inst3|altsyncram:altsyncram_component|altsyncram_dru:auto_generated|ram_block1a7~porta_address_reg2 ; lpm_ram_dq0:inst3|altsyncram:altsyncram_component|altsyncram_dru:auto_generated|ram_block1a7~porta_datain_reg2 ; ram        ; ram      ; None                        ; None                      ; None                    ;
; N/A   ; 177.81 MHz ( period = 5.624 ns ) ; lpm_ram_dq0:inst3|altsyncram:altsyncram_component|altsyncram_dru:auto_generated|ram_block1a7~porta_address_reg3 ; lpm_ram_dq0:inst3|altsyncram:altsyncram_component|altsyncram_dru:auto_generated|ram_block1a7~porta_datain_reg2 ; ram        ; ram      ; None                        ; None                      ; None                    ;
; N/A   ; 177.81 MHz ( period = 5.624 ns ) ; lpm_ram_dq0:inst3|altsyncram:altsyncram_component|altsyncram_dru:auto_generated|ram_block1a7~porta_address_reg4 ; lpm_ram_dq0:inst3|altsyncram:altsyncram_component|altsyncram_dru:auto_generated|ram_block1a7~porta_datain_reg2 ; ram        ; ram      ; None                        ; None                      ; None                    ;
; N/A   ; 177.81 MHz ( period = 5.624 ns ) ; lpm_ram_dq0:inst3|altsyncram:altsyncram_component|altsyncram_dru:auto_generated|ram_block1a7~porta_address_reg5 ; lpm_ram_dq0:inst3|altsyncram:altsyncram_component|altsyncram_dru:auto_generated|ram_block1a7~porta_datain_reg2 ; ram        ; ram      ; None                        ; None                      ; None                    ;
; N/A   ; 177.81 MHz ( period = 5.624 ns ) ; lpm_ram_dq0:inst3|altsyncram:altsyncram_component|altsyncram_dru:auto_generated|ram_block1a7~porta_address_reg6 ; lpm_ram_dq0:inst3|altsyncram:altsyncram_component|altsyncram_dru:auto_generated|ram_block1a7~porta_datain_reg2 ; ram        ; ram      ; None                        ; None                      ; None                    ;
; N/A   ; 177.81 MHz ( period = 5.624 ns ) ; lpm_ram_dq0:inst3|altsyncram:altsyncram_component|altsyncram_dru:auto_generated|ram_block1a7~porta_address_reg7 ; lpm_ram_dq0:inst3|altsyncram:altsyncram_component|altsyncram_dru:auto_generated|ram_block1a7~porta_datain_reg2 ; ram        ; ram      ; None                        ; None                      ; None                    ;
; N/A   ; 179.82 MHz ( period = 5.561 ns ) ; lpm_ram_dq0:inst3|altsyncram:altsyncram_component|altsyncram_dru:auto_generated|ram_block1a7~porta_address_reg0 ; lpm_ram_dq0:inst3|altsyncram:altsyncram_component|altsyncram_dru:auto_generated|ram_block1a7~porta_datain_reg4 ; ram        ; ram      ; None                        ; None                      ; None                    ;
; N/A   ; 179.82 MHz ( period = 5.561 ns ) ; lpm_ram_dq0:inst3|altsyncram:altsyncram_component|altsyncram_dru:auto_generated|ram_block1a7~porta_address_reg1 ; lpm_ram_dq0:inst3|altsyncram:altsyncram_component|altsyncram_dru:auto_generated|ram_block1a7~porta_datain_reg4 ; ram        ; ram      ; None                        ; None                      ; None                    ;
; N/A   ; 179.82 MHz ( period = 5.561 ns ) ; lpm_ram_dq0:inst3|altsyncram:altsyncram_component|altsyncram_dru:auto_generated|ram_block1a7~porta_address_reg2 ; lpm_ram_dq0:inst3|altsyncram:altsyncram_component|altsyncram_dru:auto_generated|ram_block1a7~porta_datain_reg4 ; ram        ; ram      ; None                        ; None                      ; None                    ;
; N/A   ; 179.82 MHz ( period = 5.561 ns ) ; lpm_ram_dq0:inst3|altsyncram:altsyncram_component|altsyncram_dru:auto_generated|ram_block1a7~porta_address_reg3 ; lpm_ram_dq0:inst3|altsyncram:altsyncram_component|altsyncram_dru:auto_generated|ram_block1a7~porta_datain_reg4 ; ram        ; ram      ; None                        ; None                      ; None                    ;
; N/A   ; 179.82 MHz ( period = 5.561 ns ) ; lpm_ram_dq0:inst3|altsyncram:altsyncram_component|altsyncram_dru:auto_generated|ram_block1a7~porta_address_reg4 ; lpm_ram_dq0:inst3|altsyncram:altsyncram_component|altsyncram_dru:auto_generated|ram_block1a7~porta_datain_reg4 ; ram        ; ram      ; None                        ; None                      ; None                    ;
; N/A   ; 179.82 MHz ( period = 5.561 ns ) ; lpm_ram_dq0:inst3|altsyncram:altsyncram_component|altsyncram_dru:auto_generated|ram_block1a7~porta_address_reg5 ; lpm_ram_dq0:inst3|altsyncram:altsyncram_component|altsyncram_dru:auto_generated|ram_block1a7~porta_datain_reg4 ; ram        ; ram      ; None                        ; None                      ; None                    ;
; N/A   ; 179.82 MHz ( period = 5.561 ns ) ; lpm_ram_dq0:inst3|altsyncram:altsyncram_component|altsyncram_dru:auto_generated|ram_block1a7~porta_address_reg6 ; lpm_ram_dq0:inst3|altsyncram:altsyncram_component|altsyncram_dru:auto_generated|ram_block1a7~porta_datain_reg4 ; ram        ; ram      ; None                        ; None                      ; None                    ;
; N/A   ; 179.82 MHz ( period = 5.561 ns ) ; lpm_ram_dq0:inst3|altsyncram:altsyncram_component|altsyncram_dru:auto_generated|ram_block1a7~porta_address_reg7 ; lpm_ram_dq0:inst3|altsyncram:altsyncram_component|altsyncram_dru:auto_generated|ram_block1a7~porta_datain_reg4 ; ram        ; ram      ; None                        ; None                      ; None                    ;
; N/A   ; 181.65 MHz ( period = 5.505 ns ) ; lpm_ram_dq0:inst3|altsyncram:altsyncram_component|altsyncram_dru:auto_generated|ram_block1a7~porta_address_reg0 ; lpm_ram_dq0:inst3|altsyncram:altsyncram_component|altsyncram_dru:auto_generated|ram_block1a7~porta_datain_reg6 ; ram        ; ram      ; None                        ; None                      ; None                    ;
; N/A   ; 181.65 MHz ( period = 5.505 ns ) ; lpm_ram_dq0:inst3|altsyncram:altsyncram_component|altsyncram_dru:auto_generated|ram_block1a7~porta_address_reg1 ; lpm_ram_dq0:inst3|altsyncram:altsyncram_component|altsyncram_dru:auto_generated|ram_block1a7~porta_datain_reg6 ; ram        ; ram      ; None                        ; None                      ; None                    ;
; N/A   ; 181.65 MHz ( period = 5.505 ns ) ; lpm_ram_dq0:inst3|altsyncram:altsyncram_component|altsyncram_dru:auto_generated|ram_block1a7~porta_address_reg2 ; lpm_ram_dq0:inst3|altsyncram:altsyncram_component|altsyncram_dru:auto_generated|ram_block1a7~porta_datain_reg6 ; ram        ; ram      ; None                        ; None                      ; None                    ;
; N/A   ; 181.65 MHz ( period = 5.505 ns ) ; lpm_ram_dq0:inst3|altsyncram:altsyncram_component|altsyncram_dru:auto_generated|ram_block1a7~porta_address_reg3 ; lpm_ram_dq0:inst3|altsyncram:altsyncram_component|altsyncram_dru:auto_generated|ram_block1a7~porta_datain_reg6 ; ram        ; ram      ; None                        ; None                      ; None                    ;
; N/A   ; 181.65 MHz ( period = 5.505 ns ) ; lpm_ram_dq0:inst3|altsyncram:altsyncram_component|altsyncram_dru:auto_generated|ram_block1a7~porta_address_reg4 ; lpm_ram_dq0:inst3|altsyncram:altsyncram_component|altsyncram_dru:auto_generated|ram_block1a7~porta_datain_reg6 ; ram        ; ram      ; None                        ; None                      ; None                    ;
; N/A   ; 181.65 MHz ( period = 5.505 ns ) ; lpm_ram_dq0:inst3|altsyncram:altsyncram_component|altsyncram_dru:auto_generated|ram_block1a7~porta_address_reg5 ; lpm_ram_dq0:inst3|altsyncram:altsyncram_component|altsyncram_dru:auto_generated|ram_block1a7~porta_datain_reg6 ; ram        ; ram      ; None                        ; None                      ; None                    ;
; N/A   ; 181.65 MHz ( period = 5.505 ns ) ; lpm_ram_dq0:inst3|altsyncram:altsyncram_component|altsyncram_dru:auto_generated|ram_block1a7~porta_address_reg6 ; lpm_ram_dq0:inst3|altsyncram:altsyncram_component|altsyncram_dru:auto_generated|ram_block1a7~porta_datain_reg6 ; ram        ; ram      ; None                        ; None                      ; None                    ;
; N/A   ; 181.65 MHz ( period = 5.505 ns ) ; lpm_ram_dq0:inst3|altsyncram:altsyncram_component|altsyncram_dru:auto_generated|ram_block1a7~porta_address_reg7 ; lpm_ram_dq0:inst3|altsyncram:altsyncram_component|altsyncram_dru:auto_generated|ram_block1a7~porta_datain_reg6 ; ram        ; ram      ; None                        ; None                      ; None                    ;
; N/A   ; 185.25 MHz ( period = 5.398 ns ) ; lpm_ram_dq0:inst3|altsyncram:altsyncram_component|altsyncram_dru:auto_generated|ram_block1a7~porta_address_reg0 ; lpm_ram_dq0:inst3|altsyncram:altsyncram_component|altsyncram_dru:auto_generated|ram_block1a7~porta_datain_reg5 ; ram        ; ram      ; None                        ; None                      ; None                    ;
; N/A   ; 185.25 MHz ( period = 5.398 ns ) ; lpm_ram_dq0:inst3|altsyncram:altsyncram_component|altsyncram_dru:auto_generated|ram_block1a7~porta_address_reg1 ; lpm_ram_dq0:inst3|altsyncram:altsyncram_component|altsyncram_dru:auto_generated|ram_block1a7~porta_datain_reg5 ; ram        ; ram      ; None                        ; None                      ; None                    ;
; N/A   ; 185.25 MHz ( period = 5.398 ns ) ; lpm_ram_dq0:inst3|altsyncram:altsyncram_component|altsyncram_dru:auto_generated|ram_block1a7~porta_address_reg2 ; lpm_ram_dq0:inst3|altsyncram:altsyncram_component|altsyncram_dru:auto_generated|ram_block1a7~porta_datain_reg5 ; ram        ; ram      ; None                        ; None                      ; None                    ;
; N/A   ; 185.25 MHz ( period = 5.398 ns ) ; lpm_ram_dq0:inst3|altsyncram:altsyncram_component|altsyncram_dru:auto_generated|ram_block1a7~porta_address_reg3 ; lpm_ram_dq0:inst3|altsyncram:altsyncram_component|altsyncram_dru:auto_generated|ram_block1a7~porta_datain_reg5 ; ram        ; ram      ; None                        ; None                      ; None                    ;
; N/A   ; 185.25 MHz ( period = 5.398 ns ) ; lpm_ram_dq0:inst3|altsyncram:altsyncram_component|altsyncram_dru:auto_generated|ram_block1a7~porta_address_reg4 ; lpm_ram_dq0:inst3|altsyncram:altsyncram_component|altsyncram_dru:auto_generated|ram_block1a7~porta_datain_reg5 ; ram        ; ram      ; None                        ; None                      ; None                    ;
; N/A   ; 185.25 MHz ( period = 5.398 ns ) ; lpm_ram_dq0:inst3|altsyncram:altsyncram_component|altsyncram_dru:auto_generated|ram_block1a7~porta_address_reg5 ; lpm_ram_dq0:inst3|altsyncram:altsyncram_component|altsyncram_dru:auto_generated|ram_block1a7~porta_datain_reg5 ; ram        ; ram      ; None                        ; None                      ; None                    ;
; N/A   ; 185.25 MHz ( period = 5.398 ns ) ; lpm_ram_dq0:inst3|altsyncram:altsyncram_component|altsyncram_dru:auto_generated|ram_block1a7~porta_address_reg6 ; lpm_ram_dq0:inst3|altsyncram:altsyncram_component|altsyncram_dru:auto_generated|ram_block1a7~porta_datain_reg5 ; ram        ; ram      ; None                        ; None                      ; None                    ;
; N/A   ; 185.25 MHz ( period = 5.398 ns ) ; lpm_ram_dq0:inst3|altsyncram:altsyncram_component|altsyncram_dru:auto_generated|ram_block1a7~porta_address_reg7 ; lpm_ram_dq0:inst3|altsyncram:altsyncram_component|altsyncram_dru:auto_generated|ram_block1a7~porta_datain_reg5 ; ram        ; ram      ; None                        ; None                      ; None                    ;
; N/A   ; 197.98 MHz ( period = 5.051 ns ) ; lpm_ram_dq0:inst3|altsyncram:altsyncram_component|altsyncram_dru:auto_generated|ram_block1a7~porta_address_reg0 ; lpm_ram_dq0:inst3|altsyncram:altsyncram_component|altsyncram_dru:auto_generated|ram_block1a7~porta_datain_reg7 ; ram        ; ram      ; None                        ; None                      ; None                    ;
; N/A   ; 197.98 MHz ( period = 5.051 ns ) ; lpm_ram_dq0:inst3|altsyncram:altsyncram_component|altsyncram_dru:auto_generated|ram_block1a7~porta_address_reg1 ; lpm_ram_dq0:inst3|altsyncram:altsyncram_component|altsyncram_dru:auto_generated|ram_block1a7~porta_datain_reg7 ; ram        ; ram      ; None                        ; None                      ; None                    ;
; N/A   ; 197.98 MHz ( period = 5.051 ns ) ; lpm_ram_dq0:inst3|altsyncram:altsyncram_component|altsyncram_dru:auto_generated|ram_block1a7~porta_address_reg2 ; lpm_ram_dq0:inst3|altsyncram:altsyncram_component|altsyncram_dru:auto_generated|ram_block1a7~porta_datain_reg7 ; ram        ; ram      ; None                        ; None                      ; None                    ;
; N/A   ; 197.98 MHz ( period = 5.051 ns ) ; lpm_ram_dq0:inst3|altsyncram:altsyncram_component|altsyncram_dru:auto_generated|ram_block1a7~porta_address_reg3 ; lpm_ram_dq0:inst3|altsyncram:altsyncram_component|altsyncram_dru:auto_generated|ram_block1a7~porta_datain_reg7 ; ram        ; ram      ; None                        ; None                      ; None                    ;
; N/A   ; 197.98 MHz ( period = 5.051 ns ) ; lpm_ram_dq0:inst3|altsyncram:altsyncram_component|altsyncram_dru:auto_generated|ram_block1a7~porta_address_reg4 ; lpm_ram_dq0:inst3|altsyncram:altsyncram_component|altsyncram_dru:auto_generated|ram_block1a7~porta_datain_reg7 ; ram        ; ram      ; None                        ; None                      ; None                    ;
; N/A   ; 197.98 MHz ( period = 5.051 ns ) ; lpm_ram_dq0:inst3|altsyncram:altsyncram_component|altsyncram_dru:auto_generated|ram_block1a7~porta_address_reg5 ; lpm_ram_dq0:inst3|altsyncram:altsyncram_component|altsyncram_dru:auto_generated|ram_block1a7~porta_datain_reg7 ; ram        ; ram      ; None                        ; None                      ; None                    ;
; N/A   ; 197.98 MHz ( period = 5.051 ns ) ; lpm_ram_dq0:inst3|altsyncram:altsyncram_component|altsyncram_dru:auto_generated|ram_block1a7~porta_address_reg6 ; lpm_ram_dq0:inst3|altsyncram:altsyncram_component|altsyncram_dru:auto_generated|ram_block1a7~porta_datain_reg7 ; ram        ; ram      ; None                        ; None                      ; None                    ;
; N/A   ; 197.98 MHz ( period = 5.051 ns ) ; lpm_ram_dq0:inst3|altsyncram:altsyncram_component|altsyncram_dru:auto_generated|ram_block1a7~porta_address_reg7 ; lpm_ram_dq0:inst3|altsyncram:altsyncram_component|altsyncram_dru:auto_generated|ram_block1a7~porta_datain_reg7 ; ram        ; ram      ; None                        ; None                      ; None                    ;
; N/A   ; 290.87 MHz ( period = 3.438 ns ) ; lpm_ram_dq0:inst3|altsyncram:altsyncram_component|altsyncram_dru:auto_generated|ram_block1a7~porta_datain_reg7  ; lpm_ram_dq0:inst3|altsyncram:altsyncram_component|altsyncram_dru:auto_generated|ram_block1a7~porta_memory_reg7 ; ram        ; ram      ; None                        ; None                      ; None                    ;
; N/A   ; 290.87 MHz ( period = 3.438 ns ) ; lpm_ram_dq0:inst3|altsyncram:altsyncram_component|altsyncram_dru:auto_generated|ram_block1a7~porta_datain_reg6  ; lpm_ram_dq0:inst3|altsyncram:altsyncram_component|altsyncram_dru:auto_generated|ram_block1a7~porta_memory_reg6 ; ram        ; ram      ; None                        ; None                      ; None                    ;
; N/A   ; 290.87 MHz ( period = 3.438 ns ) ; lpm_ram_dq0:inst3|altsyncram:altsyncram_component|altsyncram_dru:auto_generated|ram_block1a7~porta_datain_reg5  ; lpm_ram_dq0:inst3|altsyncram:altsyncram_component|altsyncram_dru:auto_generated|ram_block1a7~porta_memory_reg5 ; ram        ; ram      ; None                        ; None                      ; None                    ;
; N/A   ; 290.87 MHz ( period = 3.438 ns ) ; lpm_ram_dq0:inst3|altsyncram:altsyncram_component|altsyncram_dru:auto_generated|ram_block1a7~porta_datain_reg4  ; lpm_ram_dq0:inst3|altsyncram:altsyncram_component|altsyncram_dru:auto_generated|ram_block1a7~porta_memory_reg4 ; ram        ; ram      ; None                        ; None                      ; None                    ;
; N/A   ; 290.87 MHz ( period = 3.438 ns ) ; lpm_ram_dq0:inst3|altsyncram:altsyncram_component|altsyncram_dru:auto_generated|ram_block1a7~porta_datain_reg3  ; lpm_ram_dq0:inst3|altsyncram:altsyncram_component|altsyncram_dru:auto_generated|ram_block1a7~porta_memory_reg3 ; ram        ; ram      ; None                        ; None                      ; None                    ;
; N/A   ; 290.87 MHz ( period = 3.438 ns ) ; lpm_ram_dq0:inst3|altsyncram:altsyncram_component|altsyncram_dru:auto_generated|ram_block1a7~porta_datain_reg2  ; lpm_ram_dq0:inst3|altsyncram:altsyncram_component|altsyncram_dru:auto_generated|ram_block1a7~porta_memory_reg2 ; ram        ; ram      ; None                        ; None                      ; None                    ;
; N/A   ; 290.87 MHz ( period = 3.438 ns ) ; lpm_ram_dq0:inst3|altsyncram:altsyncram_component|altsyncram_dru:auto_generated|ram_block1a7~porta_datain_reg1  ; lpm_ram_dq0:inst3|altsyncram:altsyncram_component|altsyncram_dru:auto_generated|ram_block1a7~porta_memory_reg1 ; ram        ; ram      ; None                        ; None                      ; None                    ;
; N/A   ; 290.87 MHz ( period = 3.438 ns ) ; lpm_ram_dq0:inst3|altsyncram:altsyncram_component|altsyncram_dru:auto_generated|ram_block1a7~porta_datain_reg0  ; lpm_ram_dq0:inst3|altsyncram:altsyncram_component|altsyncram_dru:auto_generated|ram_block1a7~porta_memory_reg0 ; ram        ; ram      ; None                        ; None                      ; None                    ;
+-------+----------------------------------+-----------------------------------------------------------------------------------------------------------------+----------------------------------------------------------------------------------------------------------------+------------+----------+-----------------------------+---------------------------+-------------------------+


+------------------------------------------------------------------------------------------------------------------------------------------------------------------------------------------------+
; Clock Setup: 'reg'                                                                                                                                                                             ;
+-------+------------------------------------------------+-------------+-------------+------------+----------+-----------------------------+---------------------------+-------------------------+
; Slack ; Actual fmax (period)                           ; From        ; To          ; From Clock ; To Clock ; Required Setup Relationship ; Required Longest P2P Time ; Actual Longest P2P Time ;
+-------+------------------------------------------------+-------------+-------------+------------+----------+-----------------------------+---------------------------+-------------------------+
; N/A   ; Restricted to 422.12 MHz ( period = 2.369 ns ) ; 273:inst|15 ; 273:inst|15 ; reg        ; reg      ; None                        ; None                      ; None                    ;
; N/A   ; Restricted to 422.12 MHz ( period = 2.369 ns ) ; 273:inst|19 ; 273:inst|19 ; reg        ; reg      ; None                        ; None                      ; None                    ;
; N/A   ; Restricted to 422.12 MHz ( period = 2.369 ns ) ; 273:inst|13 ; 273:inst|13 ; reg        ; reg      ; None                        ; None                      ; None                    ;
; N/A   ; Restricted to 422.12 MHz ( period = 2.369 ns ) ; 273:inst|17 ; 273:inst|17 ; reg        ; reg      ; None                        ; None                      ; None                    ;
; N/A   ; Restricted to 422.12 MHz ( period = 2.369 ns ) ; 273:inst|18 ; 273:inst|18 ; reg        ; reg      ; None                        ; None                      ; None                    ;
; N/A   ; Restricted to 422.12 MHz ( period = 2.369 ns ) ; 273:inst|16 ; 273:inst|16 ; reg        ; reg      ; None                        ; None                      ; None                    ;
; N/A   ; Restricted to 422.12 MHz ( period = 2.369 ns ) ; 273:inst|14 ; 273:inst|14 ; reg        ; reg      ; None                        ; None                      ; None                    ;
; N/A   ; Restricted to 422.12 MHz ( period = 2.369 ns ) ; 273:inst|12 ; 273:inst|12 ; reg        ; reg      ; None                        ; None                      ; None                    ;
+-------+------------------------------------------------+-------------+-------------+------------+----------+-----------------------------+---------------------------+-------------------------+


+--------------------------------------------------------------------------------------------------------------------------------------------------------------------------------------------------+
; Clock Setup: 'addr'                                                                                                                                                                              ;
+-------+------------------------------------------------+--------------+--------------+------------+----------+-----------------------------+---------------------------+-------------------------+
; Slack ; Actual fmax (period)                           ; From         ; To           ; From Clock ; To Clock ; Required Setup Relationship ; Required Longest P2P Time ; Actual Longest P2P Time ;
+-------+------------------------------------------------+--------------+--------------+------------+----------+-----------------------------+---------------------------+-------------------------+
; N/A   ; Restricted to 422.12 MHz ( period = 2.369 ns ) ; 273:inst1|12 ; 273:inst1|12 ; addr       ; addr     ; None                        ; None                      ; None                    ;
; N/A   ; Restricted to 422.12 MHz ( period = 2.369 ns ) ; 273:inst1|16 ; 273:inst1|16 ; addr       ; addr     ; None                        ; None                      ; None                    ;
; N/A   ; Restricted to 422.12 MHz ( period = 2.369 ns ) ; 273:inst1|14 ; 273:inst1|14 ; addr       ; addr     ; None                        ; None                      ; None                    ;
; N/A   ; Restricted to 422.12 MHz ( period = 2.369 ns ) ; 273:inst1|18 ; 273:inst1|18 ; addr       ; addr     ; None                        ; None                      ; None                    ;
; N/A   ; Restricted to 422.12 MHz ( period = 2.369 ns ) ; 273:inst1|13 ; 273:inst1|13 ; addr       ; addr     ; None                        ; None                      ; None                    ;
; N/A   ; Restricted to 422.12 MHz ( period = 2.369 ns ) ; 273:inst1|15 ; 273:inst1|15 ; addr       ; addr     ; None                        ; None                      ; None                    ;
; N/A   ; Restricted to 422.12 MHz ( period = 2.369 ns ) ; 273:inst1|17 ; 273:inst1|17 ; addr       ; addr     ; None                        ; None                      ; None                    ;
; N/A   ; Restricted to 422.12 MHz ( period = 2.369 ns ) ; 273:inst1|19 ; 273:inst1|19 ; addr       ; addr     ; None                        ; None                      ; None                    ;
+-------+------------------------------------------------+--------------+--------------+------------+----------+-----------------------------+---------------------------+-------------------------+


+------------------------------------------------------------------------------------------------------------------------------------------------------------------------+
; tsu                                                                                                                                                                    ;
+-------+--------------+------------+--------+----------------------------------------------------------------------------------------------------------------+----------+
; Slack ; Required tsu ; Actual tsu ; From   ; To                                                                                                             ; To Clock ;
+-------+--------------+------------+--------+----------------------------------------------------------------------------------------------------------------+----------+
; N/A   ; None         ; 5.607 ns   ; d0[6]  ; 273:inst2|13                                                                                                   ; led_b    ;
; N/A   ; None         ; 5.544 ns   ; sel[0] ; 273:inst2|13                                                                                                   ; led_b    ;
; N/A   ; None         ; 5.499 ns   ; sel[1] ; 273:inst2|13                                                                                                   ; led_b    ;
; N/A   ; None         ; 4.883 ns   ; sel[0] ; 273:inst2|19                                                                                                   ; led_b    ;
; N/A   ; None         ; 4.750 ns   ; d0[6]  ; lpm_ram_dq0:inst3|altsyncram:altsyncram_component|altsyncram_dru:auto_generated|ram_block1a7~porta_datain_reg1 ; ram      ;
; N/A   ; None         ; 4.739 ns   ; sel[0] ; lpm_ram_dq0:inst3|altsyncram:altsyncram_component|altsyncram_dru:auto_generated|ram_block1a7~porta_datain_reg7 ; ram      ;
; N/A   ; None         ; 4.739 ns   ; sel[0] ; 273:inst2|15                                                                                                   ; led_b    ;
; N/A   ; None         ; 4.687 ns   ; sel[0] ; lpm_ram_dq0:inst3|altsyncram:altsyncram_component|altsyncram_dru:auto_generated|ram_block1a7~porta_datain_reg1 ; ram      ;
; N/A   ; None         ; 4.682 ns   ; sel[1] ; 273:inst2|15                                                                                                   ; led_b    ;
; N/A   ; None         ; 4.672 ns   ; sel[0] ; 273:inst2|17                                                                                                   ; led_b    ;
; N/A   ; None         ; 4.657 ns   ; sel[0] ; lpm_ram_dq0:inst3|altsyncram:altsyncram_component|altsyncram_dru:auto_generated|ram_block1a7~porta_datain_reg3 ; ram      ;
; N/A   ; None         ; 4.655 ns   ; d0[4]  ; 273:inst2|15                                                                                                   ; led_b    ;
; N/A   ; None         ; 4.642 ns   ; sel[1] ; lpm_ram_dq0:inst3|altsyncram:altsyncram_component|altsyncram_dru:auto_generated|ram_block1a7~porta_datain_reg1 ; ram      ;
; N/A   ; None         ; 4.603 ns   ; sel[0] ; 273:inst2|16                                                                                                   ; led_b    ;
; N/A   ; None         ; 4.600 ns   ; sel[1] ; lpm_ram_dq0:inst3|altsyncram:altsyncram_component|altsyncram_dru:auto_generated|ram_block1a7~porta_datain_reg3 ; ram      ;
; N/A   ; None         ; 4.573 ns   ; d0[4]  ; lpm_ram_dq0:inst3|altsyncram:altsyncram_component|altsyncram_dru:auto_generated|ram_block1a7~porta_datain_reg3 ; ram      ;
; N/A   ; None         ; 4.530 ns   ; sel[1] ; 273:inst2|19                                                                                                   ; led_b    ;
; N/A   ; None         ; 4.440 ns   ; sel[1] ; 273:inst2|16                                                                                                   ; led_b    ;
; N/A   ; None         ; 4.386 ns   ; sel[1] ; lpm_ram_dq0:inst3|altsyncram:altsyncram_component|altsyncram_dru:auto_generated|ram_block1a7~porta_datain_reg7 ; ram      ;
; N/A   ; None         ; 4.373 ns   ; sel[1] ; 273:inst2|12                                                                                                   ; led_b    ;
; N/A   ; None         ; 4.368 ns   ; d0[0]  ; 273:inst2|19                                                                                                   ; led_b    ;
; N/A   ; None         ; 4.360 ns   ; d0[2]  ; 273:inst2|17                                                                                                   ; led_b    ;
; N/A   ; None         ; 4.352 ns   ; sel[1] ; lpm_ram_dq0:inst3|altsyncram:altsyncram_component|altsyncram_dru:auto_generated|ram_block1a7~porta_datain_reg2 ; ram      ;
; N/A   ; None         ; 4.333 ns   ; sel[0] ; 273:inst2|18                                                                                                   ; led_b    ;
; N/A   ; None         ; 4.318 ns   ; sel[1] ; 273:inst2|17                                                                                                   ; led_b    ;
; N/A   ; None         ; 4.313 ns   ; sel[0] ; lpm_ram_dq0:inst3|altsyncram:altsyncram_component|altsyncram_dru:auto_generated|ram_block1a7~porta_datain_reg5 ; ram      ;
; N/A   ; None         ; 4.283 ns   ; sel[1] ; lpm_ram_dq0:inst3|altsyncram:altsyncram_component|altsyncram_dru:auto_generated|ram_block1a7~porta_datain_reg0 ; ram      ;
; N/A   ; None         ; 4.224 ns   ; d0[0]  ; lpm_ram_dq0:inst3|altsyncram:altsyncram_component|altsyncram_dru:auto_generated|ram_block1a7~porta_datain_reg7 ; ram      ;
; N/A   ; None         ; 4.221 ns   ; sel[0] ; 273:inst2|12                                                                                                   ; led_b    ;
; N/A   ; None         ; 4.216 ns   ; sel[0] ; lpm_ram_dq0:inst3|altsyncram:altsyncram_component|altsyncram_dru:auto_generated|ram_block1a7~porta_datain_reg2 ; ram      ;
; N/A   ; None         ; 4.196 ns   ; sel[1] ; 273:inst2|14                                                                                                   ; led_b    ;
; N/A   ; None         ; 4.162 ns   ; sel[1] ; 273:inst2|18                                                                                                   ; led_b    ;
; N/A   ; None         ; 4.131 ns   ; sel[0] ; lpm_ram_dq0:inst3|altsyncram:altsyncram_component|altsyncram_dru:auto_generated|ram_block1a7~porta_datain_reg0 ; ram      ;
; N/A   ; None         ; 4.060 ns   ; sel[0] ; 273:inst2|14                                                                                                   ; led_b    ;
; N/A   ; None         ; 4.057 ns   ; sel[0] ; lpm_ram_dq0:inst3|altsyncram:altsyncram_component|altsyncram_dru:auto_generated|ram_block1a7~porta_datain_reg6 ; ram      ;
; N/A   ; None         ; 4.052 ns   ; sel[0] ; lpm_ram_dq0:inst3|altsyncram:altsyncram_component|altsyncram_dru:auto_generated|ram_block1a7~porta_datain_reg4 ; ram      ;
; N/A   ; None         ; 4.041 ns   ; d0[5]  ; lpm_ram_dq0:inst3|altsyncram:altsyncram_component|altsyncram_dru:auto_generated|ram_block1a7~porta_datain_reg2 ; ram      ;
; N/A   ; None         ; 4.021 ns   ; sel[0] ; 273:inst|19                                                                                                    ; reg      ;
; N/A   ; None         ; 4.020 ns   ; d0[3]  ; 273:inst2|16                                                                                                   ; led_b    ;
; N/A   ; None         ; 4.001 ns   ; d0[2]  ; lpm_ram_dq0:inst3|altsyncram:altsyncram_component|altsyncram_dru:auto_generated|ram_block1a7~porta_datain_reg5 ; ram      ;
; N/A   ; None         ; 3.959 ns   ; sel[1] ; lpm_ram_dq0:inst3|altsyncram:altsyncram_component|altsyncram_dru:auto_generated|ram_block1a7~porta_datain_reg5 ; ram      ;
; N/A   ; None         ; 3.957 ns   ; d0[1]  ; 273:inst2|18                                                                                                   ; led_b    ;
; N/A   ; None         ; 3.947 ns   ; d0[7]  ; 273:inst2|12                                                                                                   ; led_b    ;
; N/A   ; None         ; 3.889 ns   ; sel[1] ; lpm_ram_dq0:inst3|altsyncram:altsyncram_component|altsyncram_dru:auto_generated|ram_block1a7~porta_datain_reg4 ; ram      ;
; N/A   ; None         ; 3.886 ns   ; sel[1] ; lpm_ram_dq0:inst3|altsyncram:altsyncram_component|altsyncram_dru:auto_generated|ram_block1a7~porta_datain_reg6 ; ram      ;
; N/A   ; None         ; 3.885 ns   ; d0[5]  ; 273:inst2|14                                                                                                   ; led_b    ;
; N/A   ; None         ; 3.884 ns   ; sel[0] ; 273:inst1|19                                                                                                   ; addr     ;
; N/A   ; None         ; 3.857 ns   ; d0[7]  ; lpm_ram_dq0:inst3|altsyncram:altsyncram_component|altsyncram_dru:auto_generated|ram_block1a7~porta_datain_reg0 ; ram      ;
; N/A   ; None         ; 3.817 ns   ; sel[0] ; 273:inst|15                                                                                                    ; reg      ;
; N/A   ; None         ; 3.783 ns   ; sel[0] ; 273:inst|17                                                                                                    ; reg      ;
; N/A   ; None         ; 3.760 ns   ; sel[1] ; 273:inst|15                                                                                                    ; reg      ;
; N/A   ; None         ; 3.733 ns   ; d0[4]  ; 273:inst|15                                                                                                    ; reg      ;
; N/A   ; None         ; 3.681 ns   ; d0[1]  ; lpm_ram_dq0:inst3|altsyncram:altsyncram_component|altsyncram_dru:auto_generated|ram_block1a7~porta_datain_reg6 ; ram      ;
; N/A   ; None         ; 3.668 ns   ; sel[1] ; 273:inst|19                                                                                                    ; reg      ;
; N/A   ; None         ; 3.639 ns   ; d0[6]  ; 273:inst|13                                                                                                    ; reg      ;
; N/A   ; None         ; 3.591 ns   ; sel[0] ; 273:inst1|16                                                                                                   ; addr     ;
; N/A   ; None         ; 3.576 ns   ; sel[0] ; 273:inst|13                                                                                                    ; reg      ;
; N/A   ; None         ; 3.531 ns   ; sel[1] ; 273:inst1|19                                                                                                   ; addr     ;
; N/A   ; None         ; 3.531 ns   ; sel[1] ; 273:inst|13                                                                                                    ; reg      ;
; N/A   ; None         ; 3.508 ns   ; d0[6]  ; 273:inst1|13                                                                                                   ; addr     ;
; N/A   ; None         ; 3.506 ns   ; d0[0]  ; 273:inst|19                                                                                                    ; reg      ;
; N/A   ; None         ; 3.471 ns   ; d0[2]  ; 273:inst|17                                                                                                    ; reg      ;
; N/A   ; None         ; 3.469 ns   ; d0[3]  ; lpm_ram_dq0:inst3|altsyncram:altsyncram_component|altsyncram_dru:auto_generated|ram_block1a7~porta_datain_reg4 ; ram      ;
; N/A   ; None         ; 3.469 ns   ; sel[1] ; 273:inst1|14                                                                                                   ; addr     ;
; N/A   ; None         ; 3.445 ns   ; sel[0] ; 273:inst1|15                                                                                                   ; addr     ;
; N/A   ; None         ; 3.445 ns   ; sel[0] ; 273:inst1|13                                                                                                   ; addr     ;
; N/A   ; None         ; 3.429 ns   ; sel[1] ; 273:inst|17                                                                                                    ; reg      ;
; N/A   ; None         ; 3.428 ns   ; sel[1] ; 273:inst1|16                                                                                                   ; addr     ;
; N/A   ; None         ; 3.415 ns   ; sel[0] ; 273:inst1|18                                                                                                   ; addr     ;
; N/A   ; None         ; 3.400 ns   ; sel[1] ; 273:inst1|13                                                                                                   ; addr     ;
; N/A   ; None         ; 3.388 ns   ; sel[1] ; 273:inst1|15                                                                                                   ; addr     ;
; N/A   ; None         ; 3.382 ns   ; sel[0] ; 273:inst1|17                                                                                                   ; addr     ;
; N/A   ; None         ; 3.369 ns   ; d0[0]  ; 273:inst1|19                                                                                                   ; addr     ;
; N/A   ; None         ; 3.361 ns   ; d0[4]  ; 273:inst1|15                                                                                                   ; addr     ;
; N/A   ; None         ; 3.350 ns   ; sel[1] ; 273:inst1|12                                                                                                   ; addr     ;
; N/A   ; None         ; 3.333 ns   ; sel[0] ; 273:inst1|14                                                                                                   ; addr     ;
; N/A   ; None         ; 3.244 ns   ; sel[1] ; 273:inst1|18                                                                                                   ; addr     ;
; N/A   ; None         ; 3.198 ns   ; sel[0] ; 273:inst1|12                                                                                                   ; addr     ;
; N/A   ; None         ; 3.158 ns   ; d0[5]  ; 273:inst1|14                                                                                                   ; addr     ;
; N/A   ; None         ; 3.093 ns   ; sel[0] ; 273:inst|18                                                                                                    ; reg      ;
; N/A   ; None         ; 3.088 ns   ; sel[0] ; 273:inst|16                                                                                                    ; reg      ;
; N/A   ; None         ; 3.070 ns   ; d0[2]  ; 273:inst1|17                                                                                                   ; addr     ;
; N/A   ; None         ; 3.039 ns   ; d0[1]  ; 273:inst1|18                                                                                                   ; addr     ;
; N/A   ; None         ; 3.028 ns   ; sel[1] ; 273:inst1|17                                                                                                   ; addr     ;
; N/A   ; None         ; 3.008 ns   ; d0[3]  ; 273:inst1|16                                                                                                   ; addr     ;
; N/A   ; None         ; 2.972 ns   ; sel[1] ; 273:inst|12                                                                                                    ; reg      ;
; N/A   ; None         ; 2.965 ns   ; sel[1] ; 273:inst|14                                                                                                    ; reg      ;
; N/A   ; None         ; 2.925 ns   ; sel[1] ; 273:inst|16                                                                                                    ; reg      ;
; N/A   ; None         ; 2.924 ns   ; d0[7]  ; 273:inst1|12                                                                                                   ; addr     ;
; N/A   ; None         ; 2.922 ns   ; sel[1] ; 273:inst|18                                                                                                    ; reg      ;
; N/A   ; None         ; 2.829 ns   ; sel[0] ; 273:inst|14                                                                                                    ; reg      ;
; N/A   ; None         ; 2.820 ns   ; sel[0] ; 273:inst|12                                                                                                    ; reg      ;
; N/A   ; None         ; 2.717 ns   ; d0[1]  ; 273:inst|18                                                                                                    ; reg      ;
; N/A   ; None         ; 2.710 ns   ; wr     ; lpm_ram_dq0:inst3|altsyncram:altsyncram_component|altsyncram_dru:auto_generated|ram_block1a7~porta_we_reg      ; ram      ;
; N/A   ; None         ; 2.654 ns   ; d0[5]  ; 273:inst|14                                                                                                    ; reg      ;
; N/A   ; None         ; 2.546 ns   ; d0[7]  ; 273:inst|12                                                                                                    ; reg      ;
; N/A   ; None         ; 2.505 ns   ; d0[3]  ; 273:inst|16                                                                                                    ; reg      ;
+-------+--------------+------------+--------+----------------------------------------------------------------------------------------------------------------+----------+


+---------------------------------------------------------------------------------------------------------------------------------------------------------------------------+
; tco                                                                                                                                                                       ;
+-------+--------------+------------+-----------------------------------------------------------------------------------------------------------------+--------+------------+
; Slack ; Required tco ; Actual tco ; From                                                                                                            ; To     ; From Clock ;
+-------+--------------+------------+-----------------------------------------------------------------------------------------------------------------+--------+------------+
; N/A   ; None         ; 12.019 ns  ; lpm_ram_dq0:inst3|altsyncram:altsyncram_component|altsyncram_dru:auto_generated|ram_block1a7~porta_address_reg0 ; bus[6] ; ram        ;
; N/A   ; None         ; 12.019 ns  ; lpm_ram_dq0:inst3|altsyncram:altsyncram_component|altsyncram_dru:auto_generated|ram_block1a7~porta_address_reg1 ; bus[6] ; ram        ;
; N/A   ; None         ; 12.019 ns  ; lpm_ram_dq0:inst3|altsyncram:altsyncram_component|altsyncram_dru:auto_generated|ram_block1a7~porta_address_reg2 ; bus[6] ; ram        ;
; N/A   ; None         ; 12.019 ns  ; lpm_ram_dq0:inst3|altsyncram:altsyncram_component|altsyncram_dru:auto_generated|ram_block1a7~porta_address_reg3 ; bus[6] ; ram        ;
; N/A   ; None         ; 12.019 ns  ; lpm_ram_dq0:inst3|altsyncram:altsyncram_component|altsyncram_dru:auto_generated|ram_block1a7~porta_address_reg4 ; bus[6] ; ram        ;
; N/A   ; None         ; 12.019 ns  ; lpm_ram_dq0:inst3|altsyncram:altsyncram_component|altsyncram_dru:auto_generated|ram_block1a7~porta_address_reg5 ; bus[6] ; ram        ;
; N/A   ; None         ; 12.019 ns  ; lpm_ram_dq0:inst3|altsyncram:altsyncram_component|altsyncram_dru:auto_generated|ram_block1a7~porta_address_reg6 ; bus[6] ; ram        ;
; N/A   ; None         ; 12.019 ns  ; lpm_ram_dq0:inst3|altsyncram:altsyncram_component|altsyncram_dru:auto_generated|ram_block1a7~porta_address_reg7 ; bus[6] ; ram        ;
; N/A   ; None         ; 11.671 ns  ; lpm_ram_dq0:inst3|altsyncram:altsyncram_component|altsyncram_dru:auto_generated|ram_block1a7~porta_address_reg0 ; bus[1] ; ram        ;
; N/A   ; None         ; 11.671 ns  ; lpm_ram_dq0:inst3|altsyncram:altsyncram_component|altsyncram_dru:auto_generated|ram_block1a7~porta_address_reg1 ; bus[1] ; ram        ;
; N/A   ; None         ; 11.671 ns  ; lpm_ram_dq0:inst3|altsyncram:altsyncram_component|altsyncram_dru:auto_generated|ram_block1a7~porta_address_reg2 ; bus[1] ; ram        ;
; N/A   ; None         ; 11.671 ns  ; lpm_ram_dq0:inst3|altsyncram:altsyncram_component|altsyncram_dru:auto_generated|ram_block1a7~porta_address_reg3 ; bus[1] ; ram        ;
; N/A   ; None         ; 11.671 ns  ; lpm_ram_dq0:inst3|altsyncram:altsyncram_component|altsyncram_dru:auto_generated|ram_block1a7~porta_address_reg4 ; bus[1] ; ram        ;
; N/A   ; None         ; 11.671 ns  ; lpm_ram_dq0:inst3|altsyncram:altsyncram_component|altsyncram_dru:auto_generated|ram_block1a7~porta_address_reg5 ; bus[1] ; ram        ;
; N/A   ; None         ; 11.671 ns  ; lpm_ram_dq0:inst3|altsyncram:altsyncram_component|altsyncram_dru:auto_generated|ram_block1a7~porta_address_reg6 ; bus[1] ; ram        ;
; N/A   ; None         ; 11.671 ns  ; lpm_ram_dq0:inst3|altsyncram:altsyncram_component|altsyncram_dru:auto_generated|ram_block1a7~porta_address_reg7 ; bus[1] ; ram        ;
; N/A   ; None         ; 11.449 ns  ; lpm_ram_dq0:inst3|altsyncram:altsyncram_component|altsyncram_dru:auto_generated|ram_block1a7~porta_address_reg0 ; bus[7] ; ram        ;
; N/A   ; None         ; 11.449 ns  ; lpm_ram_dq0:inst3|altsyncram:altsyncram_component|altsyncram_dru:auto_generated|ram_block1a7~porta_address_reg1 ; bus[7] ; ram        ;
; N/A   ; None         ; 11.449 ns  ; lpm_ram_dq0:inst3|altsyncram:altsyncram_component|altsyncram_dru:auto_generated|ram_block1a7~porta_address_reg2 ; bus[7] ; ram        ;
; N/A   ; None         ; 11.449 ns  ; lpm_ram_dq0:inst3|altsyncram:altsyncram_component|altsyncram_dru:auto_generated|ram_block1a7~porta_address_reg3 ; bus[7] ; ram        ;
; N/A   ; None         ; 11.449 ns  ; lpm_ram_dq0:inst3|altsyncram:altsyncram_component|altsyncram_dru:auto_generated|ram_block1a7~porta_address_reg4 ; bus[7] ; ram        ;
; N/A   ; None         ; 11.449 ns  ; lpm_ram_dq0:inst3|altsyncram:altsyncram_component|altsyncram_dru:auto_generated|ram_block1a7~porta_address_reg5 ; bus[7] ; ram        ;
; N/A   ; None         ; 11.449 ns  ; lpm_ram_dq0:inst3|altsyncram:altsyncram_component|altsyncram_dru:auto_generated|ram_block1a7~porta_address_reg6 ; bus[7] ; ram        ;
; N/A   ; None         ; 11.449 ns  ; lpm_ram_dq0:inst3|altsyncram:altsyncram_component|altsyncram_dru:auto_generated|ram_block1a7~porta_address_reg7 ; bus[7] ; ram        ;
; N/A   ; None         ; 11.447 ns  ; lpm_ram_dq0:inst3|altsyncram:altsyncram_component|altsyncram_dru:auto_generated|ram_block1a7~porta_address_reg0 ; bus[3] ; ram        ;
; N/A   ; None         ; 11.447 ns  ; lpm_ram_dq0:inst3|altsyncram:altsyncram_component|altsyncram_dru:auto_generated|ram_block1a7~porta_address_reg1 ; bus[3] ; ram        ;
; N/A   ; None         ; 11.447 ns  ; lpm_ram_dq0:inst3|altsyncram:altsyncram_component|altsyncram_dru:auto_generated|ram_block1a7~porta_address_reg2 ; bus[3] ; ram        ;
; N/A   ; None         ; 11.447 ns  ; lpm_ram_dq0:inst3|altsyncram:altsyncram_component|altsyncram_dru:auto_generated|ram_block1a7~porta_address_reg3 ; bus[3] ; ram        ;
; N/A   ; None         ; 11.447 ns  ; lpm_ram_dq0:inst3|altsyncram:altsyncram_component|altsyncram_dru:auto_generated|ram_block1a7~porta_address_reg4 ; bus[3] ; ram        ;
; N/A   ; None         ; 11.447 ns  ; lpm_ram_dq0:inst3|altsyncram:altsyncram_component|altsyncram_dru:auto_generated|ram_block1a7~porta_address_reg5 ; bus[3] ; ram        ;
; N/A   ; None         ; 11.447 ns  ; lpm_ram_dq0:inst3|altsyncram:altsyncram_component|altsyncram_dru:auto_generated|ram_block1a7~porta_address_reg6 ; bus[3] ; ram        ;
; N/A   ; None         ; 11.447 ns  ; lpm_ram_dq0:inst3|altsyncram:altsyncram_component|altsyncram_dru:auto_generated|ram_block1a7~porta_address_reg7 ; bus[3] ; ram        ;
; N/A   ; None         ; 11.248 ns  ; lpm_ram_dq0:inst3|altsyncram:altsyncram_component|altsyncram_dru:auto_generated|ram_block1a7~porta_address_reg0 ; bus[5] ; ram        ;
; N/A   ; None         ; 11.248 ns  ; lpm_ram_dq0:inst3|altsyncram:altsyncram_component|altsyncram_dru:auto_generated|ram_block1a7~porta_address_reg1 ; bus[5] ; ram        ;
; N/A   ; None         ; 11.248 ns  ; lpm_ram_dq0:inst3|altsyncram:altsyncram_component|altsyncram_dru:auto_generated|ram_block1a7~porta_address_reg2 ; bus[5] ; ram        ;
; N/A   ; None         ; 11.248 ns  ; lpm_ram_dq0:inst3|altsyncram:altsyncram_component|altsyncram_dru:auto_generated|ram_block1a7~porta_address_reg3 ; bus[5] ; ram        ;
; N/A   ; None         ; 11.248 ns  ; lpm_ram_dq0:inst3|altsyncram:altsyncram_component|altsyncram_dru:auto_generated|ram_block1a7~porta_address_reg4 ; bus[5] ; ram        ;
; N/A   ; None         ; 11.248 ns  ; lpm_ram_dq0:inst3|altsyncram:altsyncram_component|altsyncram_dru:auto_generated|ram_block1a7~porta_address_reg5 ; bus[5] ; ram        ;
; N/A   ; None         ; 11.248 ns  ; lpm_ram_dq0:inst3|altsyncram:altsyncram_component|altsyncram_dru:auto_generated|ram_block1a7~porta_address_reg6 ; bus[5] ; ram        ;
; N/A   ; None         ; 11.248 ns  ; lpm_ram_dq0:inst3|altsyncram:altsyncram_component|altsyncram_dru:auto_generated|ram_block1a7~porta_address_reg7 ; bus[5] ; ram        ;
; N/A   ; None         ; 11.232 ns  ; lpm_ram_dq0:inst3|altsyncram:altsyncram_component|altsyncram_dru:auto_generated|ram_block1a7~porta_address_reg0 ; bus[2] ; ram        ;
; N/A   ; None         ; 11.232 ns  ; lpm_ram_dq0:inst3|altsyncram:altsyncram_component|altsyncram_dru:auto_generated|ram_block1a7~porta_address_reg1 ; bus[2] ; ram        ;
; N/A   ; None         ; 11.232 ns  ; lpm_ram_dq0:inst3|altsyncram:altsyncram_component|altsyncram_dru:auto_generated|ram_block1a7~porta_address_reg2 ; bus[2] ; ram        ;
; N/A   ; None         ; 11.232 ns  ; lpm_ram_dq0:inst3|altsyncram:altsyncram_component|altsyncram_dru:auto_generated|ram_block1a7~porta_address_reg3 ; bus[2] ; ram        ;
; N/A   ; None         ; 11.232 ns  ; lpm_ram_dq0:inst3|altsyncram:altsyncram_component|altsyncram_dru:auto_generated|ram_block1a7~porta_address_reg4 ; bus[2] ; ram        ;
; N/A   ; None         ; 11.232 ns  ; lpm_ram_dq0:inst3|altsyncram:altsyncram_component|altsyncram_dru:auto_generated|ram_block1a7~porta_address_reg5 ; bus[2] ; ram        ;
; N/A   ; None         ; 11.232 ns  ; lpm_ram_dq0:inst3|altsyncram:altsyncram_component|altsyncram_dru:auto_generated|ram_block1a7~porta_address_reg6 ; bus[2] ; ram        ;
; N/A   ; None         ; 11.232 ns  ; lpm_ram_dq0:inst3|altsyncram:altsyncram_component|altsyncram_dru:auto_generated|ram_block1a7~porta_address_reg7 ; bus[2] ; ram        ;
; N/A   ; None         ; 11.080 ns  ; lpm_ram_dq0:inst3|altsyncram:altsyncram_component|altsyncram_dru:auto_generated|ram_block1a7~porta_address_reg0 ; bus[4] ; ram        ;
; N/A   ; None         ; 11.080 ns  ; lpm_ram_dq0:inst3|altsyncram:altsyncram_component|altsyncram_dru:auto_generated|ram_block1a7~porta_address_reg1 ; bus[4] ; ram        ;
; N/A   ; None         ; 11.080 ns  ; lpm_ram_dq0:inst3|altsyncram:altsyncram_component|altsyncram_dru:auto_generated|ram_block1a7~porta_address_reg2 ; bus[4] ; ram        ;
; N/A   ; None         ; 11.080 ns  ; lpm_ram_dq0:inst3|altsyncram:altsyncram_component|altsyncram_dru:auto_generated|ram_block1a7~porta_address_reg3 ; bus[4] ; ram        ;
; N/A   ; None         ; 11.080 ns  ; lpm_ram_dq0:inst3|altsyncram:altsyncram_component|altsyncram_dru:auto_generated|ram_block1a7~porta_address_reg4 ; bus[4] ; ram        ;
; N/A   ; None         ; 11.080 ns  ; lpm_ram_dq0:inst3|altsyncram:altsyncram_component|altsyncram_dru:auto_generated|ram_block1a7~porta_address_reg5 ; bus[4] ; ram        ;
; N/A   ; None         ; 11.080 ns  ; lpm_ram_dq0:inst3|altsyncram:altsyncram_component|altsyncram_dru:auto_generated|ram_block1a7~porta_address_reg6 ; bus[4] ; ram        ;
; N/A   ; None         ; 11.080 ns  ; lpm_ram_dq0:inst3|altsyncram:altsyncram_component|altsyncram_dru:auto_generated|ram_block1a7~porta_address_reg7 ; bus[4] ; ram        ;
; N/A   ; None         ; 10.737 ns  ; lpm_ram_dq0:inst3|altsyncram:altsyncram_component|altsyncram_dru:auto_generated|ram_block1a7~porta_address_reg0 ; bus[0] ; ram        ;
; N/A   ; None         ; 10.737 ns  ; lpm_ram_dq0:inst3|altsyncram:altsyncram_component|altsyncram_dru:auto_generated|ram_block1a7~porta_address_reg1 ; bus[0] ; ram        ;
; N/A   ; None         ; 10.737 ns  ; lpm_ram_dq0:inst3|altsyncram:altsyncram_component|altsyncram_dru:auto_generated|ram_block1a7~porta_address_reg2 ; bus[0] ; ram        ;
; N/A   ; None         ; 10.737 ns  ; lpm_ram_dq0:inst3|altsyncram:altsyncram_component|altsyncram_dru:auto_generated|ram_block1a7~porta_address_reg3 ; bus[0] ; ram        ;
; N/A   ; None         ; 10.737 ns  ; lpm_ram_dq0:inst3|altsyncram:altsyncram_component|altsyncram_dru:auto_generated|ram_block1a7~porta_address_reg4 ; bus[0] ; ram        ;
; N/A   ; None         ; 10.737 ns  ; lpm_ram_dq0:inst3|altsyncram:altsyncram_component|altsyncram_dru:auto_generated|ram_block1a7~porta_address_reg5 ; bus[0] ; ram        ;
; N/A   ; None         ; 10.737 ns  ; lpm_ram_dq0:inst3|altsyncram:altsyncram_component|altsyncram_dru:auto_generated|ram_block1a7~porta_address_reg6 ; bus[0] ; ram        ;
; N/A   ; None         ; 10.737 ns  ; lpm_ram_dq0:inst3|altsyncram:altsyncram_component|altsyncram_dru:auto_generated|ram_block1a7~porta_address_reg7 ; bus[0] ; ram        ;
; N/A   ; None         ; 8.957 ns   ; 273:inst|13                                                                                                     ; bus[6] ; reg        ;
; N/A   ; None         ; 8.163 ns   ; 273:inst1|12                                                                                                    ; bus[7] ; addr       ;
; N/A   ; None         ; 8.153 ns   ; 273:inst1|18                                                                                                    ; bus[1] ; addr       ;
; N/A   ; None         ; 8.152 ns   ; 273:inst1|13                                                                                                    ; bus[6] ; addr       ;
; N/A   ; None         ; 8.091 ns   ; 273:inst|19                                                                                                     ; bus[0] ; reg        ;
; N/A   ; None         ; 7.968 ns   ; 273:inst|15                                                                                                     ; bus[4] ; reg        ;
; N/A   ; None         ; 7.869 ns   ; 273:inst1|14                                                                                                    ; bus[5] ; addr       ;
; N/A   ; None         ; 7.813 ns   ; 273:inst|17                                                                                                     ; bus[2] ; reg        ;
; N/A   ; None         ; 7.710 ns   ; 273:inst1|16                                                                                                    ; bus[3] ; addr       ;
; N/A   ; None         ; 7.674 ns   ; 273:inst|18                                                                                                     ; bus[1] ; reg        ;
; N/A   ; None         ; 7.648 ns   ; 273:inst|12                                                                                                     ; bus[7] ; reg        ;
; N/A   ; None         ; 7.555 ns   ; 273:inst|14                                                                                                     ; bus[5] ; reg        ;
; N/A   ; None         ; 7.394 ns   ; 273:inst|16                                                                                                     ; bus[3] ; reg        ;
; N/A   ; None         ; 7.309 ns   ; 273:inst1|17                                                                                                    ; bus[2] ; addr       ;
; N/A   ; None         ; 7.166 ns   ; 273:inst1|15                                                                                                    ; bus[4] ; addr       ;
; N/A   ; None         ; 7.110 ns   ; 273:inst1|19                                                                                                    ; bus[0] ; addr       ;
; N/A   ; None         ; 6.990 ns   ; 273:inst2|17                                                                                                    ; led[2] ; led_b      ;
; N/A   ; None         ; 6.837 ns   ; 273:inst2|13                                                                                                    ; led[6] ; led_b      ;
; N/A   ; None         ; 6.770 ns   ; 273:inst2|16                                                                                                    ; led[3] ; led_b      ;
; N/A   ; None         ; 6.762 ns   ; 273:inst2|12                                                                                                    ; led[7] ; led_b      ;
; N/A   ; None         ; 6.738 ns   ; 273:inst2|19                                                                                                    ; led[0] ; led_b      ;
; N/A   ; None         ; 6.736 ns   ; 273:inst2|15                                                                                                    ; led[4] ; led_b      ;
; N/A   ; None         ; 6.719 ns   ; 273:inst2|14                                                                                                    ; led[5] ; led_b      ;
; N/A   ; None         ; 6.294 ns   ; 273:inst2|18                                                                                                    ; led[1] ; led_b      ;
+-------+--------------+------------+-----------------------------------------------------------------------------------------------------------------+--------+------------+


+---------------------------------------------------------------+
; tpd                                                           ;
+-------+-------------------+-----------------+--------+--------+
; Slack ; Required P2P Time ; Actual P2P Time ; From   ; To     ;
+-------+-------------------+-----------------+--------+--------+
; N/A   ; None              ; 11.091 ns       ; d0[6]  ; bus[6] ;
; N/A   ; None              ; 11.028 ns       ; sel[0] ; bus[6] ;
; N/A   ; None              ; 10.983 ns       ; sel[1] ; bus[6] ;
; N/A   ; None              ; 10.425 ns       ; sel[0] ; bus[0] ;
; N/A   ; None              ; 10.223 ns       ; sel[0] ; bus[1] ;
; N/A   ; None              ; 10.147 ns       ; sel[0] ; bus[2] ;
; N/A   ; None              ; 10.076 ns       ; sel[1] ; bus[7] ;
; N/A   ; None              ; 10.072 ns       ; sel[1] ; bus[0] ;
; N/A   ; None              ; 10.052 ns       ; sel[1] ; bus[1] ;
; N/A   ; None              ; 10.042 ns       ; sel[0] ; bus[4] ;
; N/A   ; None              ; 9.985 ns        ; sel[1] ; bus[4] ;
; N/A   ; None              ; 9.976 ns        ; sel[1] ; bus[5] ;
; N/A   ; None              ; 9.958 ns        ; d0[4]  ; bus[4] ;
; N/A   ; None              ; 9.938 ns        ; sel[0] ; bus[3] ;
; N/A   ; None              ; 9.924 ns        ; sel[0] ; bus[7] ;
; N/A   ; None              ; 9.910 ns        ; d0[0]  ; bus[0] ;
; N/A   ; None              ; 9.847 ns        ; d0[1]  ; bus[1] ;
; N/A   ; None              ; 9.840 ns        ; sel[0] ; bus[5] ;
; N/A   ; None              ; 9.835 ns        ; d0[2]  ; bus[2] ;
; N/A   ; None              ; 9.793 ns        ; sel[1] ; bus[2] ;
; N/A   ; None              ; 9.775 ns        ; sel[1] ; bus[3] ;
; N/A   ; None              ; 9.665 ns        ; d0[5]  ; bus[5] ;
; N/A   ; None              ; 9.650 ns        ; d0[7]  ; bus[7] ;
; N/A   ; None              ; 9.355 ns        ; d0[3]  ; bus[3] ;
+-------+-------------------+-----------------+--------+--------+


+------------------------------------------------------------------------------------------------------------------------------------------------------------------------------+
; th                                                                                                                                                                           ;
+---------------+-------------+-----------+--------+----------------------------------------------------------------------------------------------------------------+----------+
; Minimum Slack ; Required th ; Actual th ; From   ; To                                                                                                             ; To Clock ;
+---------------+-------------+-----------+--------+----------------------------------------------------------------------------------------------------------------+----------+
; N/A           ; None        ; -2.395 ns ; d0[3]  ; 273:inst|16                                                                                                    ; reg      ;
; N/A           ; None        ; -2.436 ns ; d0[7]  ; 273:inst|12                                                                                                    ; reg      ;
; N/A           ; None        ; -2.527 ns ; sel[0] ; 273:inst|12                                                                                                    ; reg      ;
; N/A           ; None        ; -2.534 ns ; sel[0] ; 273:inst|14                                                                                                    ; reg      ;
; N/A           ; None        ; -2.544 ns ; d0[5]  ; 273:inst|14                                                                                                    ; reg      ;
; N/A           ; None        ; -2.545 ns ; wr     ; lpm_ram_dq0:inst3|altsyncram:altsyncram_component|altsyncram_dru:auto_generated|ram_block1a7~porta_we_reg      ; ram      ;
; N/A           ; None        ; -2.607 ns ; d0[1]  ; 273:inst|18                                                                                                    ; reg      ;
; N/A           ; None        ; -2.747 ns ; sel[1] ; 273:inst1|19                                                                                                   ; addr     ;
; N/A           ; None        ; -2.747 ns ; sel[1] ; 273:inst1|17                                                                                                   ; addr     ;
; N/A           ; None        ; -2.785 ns ; sel[1] ; 273:inst1|13                                                                                                   ; addr     ;
; N/A           ; None        ; -2.794 ns ; sel[1] ; 273:inst1|15                                                                                                   ; addr     ;
; N/A           ; None        ; -2.796 ns ; sel[0] ; 273:inst|16                                                                                                    ; reg      ;
; N/A           ; None        ; -2.799 ns ; sel[0] ; 273:inst|18                                                                                                    ; reg      ;
; N/A           ; None        ; -2.812 ns ; sel[1] ; 273:inst|18                                                                                                    ; reg      ;
; N/A           ; None        ; -2.814 ns ; d0[7]  ; 273:inst1|12                                                                                                   ; addr     ;
; N/A           ; None        ; -2.815 ns ; sel[1] ; 273:inst|16                                                                                                    ; reg      ;
; N/A           ; None        ; -2.855 ns ; sel[1] ; 273:inst|14                                                                                                    ; reg      ;
; N/A           ; None        ; -2.862 ns ; sel[1] ; 273:inst|12                                                                                                    ; reg      ;
; N/A           ; None        ; -2.879 ns ; sel[1] ; 273:inst|19                                                                                                    ; reg      ;
; N/A           ; None        ; -2.880 ns ; sel[0] ; 273:inst1|12                                                                                                   ; addr     ;
; N/A           ; None        ; -2.898 ns ; d0[3]  ; 273:inst1|16                                                                                                   ; addr     ;
; N/A           ; None        ; -2.911 ns ; sel[1] ; 273:inst|13                                                                                                    ; reg      ;
; N/A           ; None        ; -2.929 ns ; d0[1]  ; 273:inst1|18                                                                                                   ; addr     ;
; N/A           ; None        ; -2.960 ns ; d0[2]  ; 273:inst1|17                                                                                                   ; addr     ;
; N/A           ; None        ; -3.013 ns ; sel[0] ; 273:inst1|14                                                                                                   ; addr     ;
; N/A           ; None        ; -3.048 ns ; d0[5]  ; 273:inst1|14                                                                                                   ; addr     ;
; N/A           ; None        ; -3.096 ns ; sel[0] ; 273:inst1|18                                                                                                   ; addr     ;
; N/A           ; None        ; -3.118 ns ; sel[1] ; 273:inst|17                                                                                                    ; reg      ;
; N/A           ; None        ; -3.134 ns ; sel[1] ; 273:inst1|18                                                                                                   ; addr     ;
; N/A           ; None        ; -3.161 ns ; sel[1] ; 273:inst|15                                                                                                    ; reg      ;
; N/A           ; None        ; -3.240 ns ; sel[1] ; 273:inst1|12                                                                                                   ; addr     ;
; N/A           ; None        ; -3.251 ns ; d0[4]  ; 273:inst1|15                                                                                                   ; addr     ;
; N/A           ; None        ; -3.259 ns ; d0[0]  ; 273:inst1|19                                                                                                   ; addr     ;
; N/A           ; None        ; -3.272 ns ; sel[0] ; 273:inst1|17                                                                                                   ; addr     ;
; N/A           ; None        ; -3.274 ns ; sel[0] ; 273:inst1|16                                                                                                   ; addr     ;
; N/A           ; None        ; -3.304 ns ; d0[3]  ; lpm_ram_dq0:inst3|altsyncram:altsyncram_component|altsyncram_dru:auto_generated|ram_block1a7~porta_datain_reg4 ; ram      ;
; N/A           ; None        ; -3.318 ns ; sel[1] ; 273:inst1|16                                                                                                   ; addr     ;
; N/A           ; None        ; -3.335 ns ; sel[0] ; 273:inst1|15                                                                                                   ; addr     ;
; N/A           ; None        ; -3.335 ns ; sel[0] ; 273:inst1|13                                                                                                   ; addr     ;
; N/A           ; None        ; -3.359 ns ; sel[1] ; 273:inst1|14                                                                                                   ; addr     ;
; N/A           ; None        ; -3.361 ns ; d0[2]  ; 273:inst|17                                                                                                    ; reg      ;
; N/A           ; None        ; -3.396 ns ; d0[0]  ; 273:inst|19                                                                                                    ; reg      ;
; N/A           ; None        ; -3.398 ns ; d0[6]  ; 273:inst1|13                                                                                                   ; addr     ;
; N/A           ; None        ; -3.466 ns ; sel[0] ; 273:inst|13                                                                                                    ; reg      ;
; N/A           ; None        ; -3.516 ns ; d0[1]  ; lpm_ram_dq0:inst3|altsyncram:altsyncram_component|altsyncram_dru:auto_generated|ram_block1a7~porta_datain_reg6 ; ram      ;
; N/A           ; None        ; -3.529 ns ; d0[6]  ; 273:inst|13                                                                                                    ; reg      ;
; N/A           ; None        ; -3.542 ns ; sel[1] ; lpm_ram_dq0:inst3|altsyncram:altsyncram_component|altsyncram_dru:auto_generated|ram_block1a7~porta_datain_reg7 ; ram      ;
; N/A           ; None        ; -3.593 ns ; sel[1] ; lpm_ram_dq0:inst3|altsyncram:altsyncram_component|altsyncram_dru:auto_generated|ram_block1a7~porta_datain_reg5 ; ram      ;
; N/A           ; None        ; -3.623 ns ; d0[4]  ; 273:inst|15                                                                                                    ; reg      ;
; N/A           ; None        ; -3.673 ns ; sel[0] ; 273:inst|17                                                                                                    ; reg      ;
; N/A           ; None        ; -3.680 ns ; sel[0] ; lpm_ram_dq0:inst3|altsyncram:altsyncram_component|altsyncram_dru:auto_generated|ram_block1a7~porta_datain_reg4 ; ram      ;
; N/A           ; None        ; -3.683 ns ; sel[0] ; lpm_ram_dq0:inst3|altsyncram:altsyncram_component|altsyncram_dru:auto_generated|ram_block1a7~porta_datain_reg6 ; ram      ;
; N/A           ; None        ; -3.692 ns ; d0[7]  ; lpm_ram_dq0:inst3|altsyncram:altsyncram_component|altsyncram_dru:auto_generated|ram_block1a7~porta_datain_reg0 ; ram      ;
; N/A           ; None        ; -3.707 ns ; sel[0] ; 273:inst|15                                                                                                    ; reg      ;
; N/A           ; None        ; -3.721 ns ; sel[1] ; lpm_ram_dq0:inst3|altsyncram:altsyncram_component|altsyncram_dru:auto_generated|ram_block1a7~porta_datain_reg6 ; ram      ;
; N/A           ; None        ; -3.724 ns ; sel[1] ; lpm_ram_dq0:inst3|altsyncram:altsyncram_component|altsyncram_dru:auto_generated|ram_block1a7~porta_datain_reg4 ; ram      ;
; N/A           ; None        ; -3.740 ns ; sel[0] ; 273:inst2|14                                                                                                   ; led_b    ;
; N/A           ; None        ; -3.741 ns ; sel[1] ; 273:inst2|19                                                                                                   ; led_b    ;
; N/A           ; None        ; -3.758 ns ; sel[0] ; lpm_ram_dq0:inst3|altsyncram:altsyncram_component|altsyncram_dru:auto_generated|ram_block1a7~porta_datain_reg0 ; ram      ;
; N/A           ; None        ; -3.774 ns ; sel[0] ; 273:inst1|19                                                                                                   ; addr     ;
; N/A           ; None        ; -3.775 ns ; d0[5]  ; 273:inst2|14                                                                                                   ; led_b    ;
; N/A           ; None        ; -3.836 ns ; d0[2]  ; lpm_ram_dq0:inst3|altsyncram:altsyncram_component|altsyncram_dru:auto_generated|ram_block1a7~porta_datain_reg5 ; ram      ;
; N/A           ; None        ; -3.837 ns ; d0[7]  ; 273:inst2|12                                                                                                   ; led_b    ;
; N/A           ; None        ; -3.841 ns ; sel[0] ; lpm_ram_dq0:inst3|altsyncram:altsyncram_component|altsyncram_dru:auto_generated|ram_block1a7~porta_datain_reg2 ; ram      ;
; N/A           ; None        ; -3.847 ns ; d0[1]  ; 273:inst2|18                                                                                                   ; led_b    ;
; N/A           ; None        ; -3.876 ns ; d0[5]  ; lpm_ram_dq0:inst3|altsyncram:altsyncram_component|altsyncram_dru:auto_generated|ram_block1a7~porta_datain_reg2 ; ram      ;
; N/A           ; None        ; -3.903 ns ; sel[0] ; 273:inst2|12                                                                                                   ; led_b    ;
; N/A           ; None        ; -3.910 ns ; d0[3]  ; 273:inst2|16                                                                                                   ; led_b    ;
; N/A           ; None        ; -3.911 ns ; sel[0] ; 273:inst|19                                                                                                    ; reg      ;
; N/A           ; None        ; -3.946 ns ; sel[1] ; lpm_ram_dq0:inst3|altsyncram:altsyncram_component|altsyncram_dru:auto_generated|ram_block1a7~porta_datain_reg3 ; ram      ;
; N/A           ; None        ; -3.967 ns ; sel[1] ; lpm_ram_dq0:inst3|altsyncram:altsyncram_component|altsyncram_dru:auto_generated|ram_block1a7~porta_datain_reg1 ; ram      ;
; N/A           ; None        ; -4.007 ns ; sel[1] ; 273:inst2|17                                                                                                   ; led_b    ;
; N/A           ; None        ; -4.014 ns ; sel[0] ; 273:inst2|18                                                                                                   ; led_b    ;
; N/A           ; None        ; -4.052 ns ; sel[1] ; 273:inst2|18                                                                                                   ; led_b    ;
; N/A           ; None        ; -4.059 ns ; d0[0]  ; lpm_ram_dq0:inst3|altsyncram:altsyncram_component|altsyncram_dru:auto_generated|ram_block1a7~porta_datain_reg7 ; ram      ;
; N/A           ; None        ; -4.083 ns ; sel[1] ; 273:inst2|15                                                                                                   ; led_b    ;
; N/A           ; None        ; -4.086 ns ; sel[1] ; 273:inst2|14                                                                                                   ; led_b    ;
; N/A           ; None        ; -4.118 ns ; sel[1] ; lpm_ram_dq0:inst3|altsyncram:altsyncram_component|altsyncram_dru:auto_generated|ram_block1a7~porta_datain_reg0 ; ram      ;
; N/A           ; None        ; -4.148 ns ; sel[0] ; lpm_ram_dq0:inst3|altsyncram:altsyncram_component|altsyncram_dru:auto_generated|ram_block1a7~porta_datain_reg5 ; ram      ;
; N/A           ; None        ; -4.187 ns ; sel[1] ; lpm_ram_dq0:inst3|altsyncram:altsyncram_component|altsyncram_dru:auto_generated|ram_block1a7~porta_datain_reg2 ; ram      ;
; N/A           ; None        ; -4.250 ns ; d0[2]  ; 273:inst2|17                                                                                                   ; led_b    ;
; N/A           ; None        ; -4.258 ns ; d0[0]  ; 273:inst2|19                                                                                                   ; led_b    ;
; N/A           ; None        ; -4.263 ns ; sel[1] ; 273:inst2|12                                                                                                   ; led_b    ;
; N/A           ; None        ; -4.286 ns ; sel[0] ; 273:inst2|16                                                                                                   ; led_b    ;
; N/A           ; None        ; -4.330 ns ; sel[1] ; 273:inst2|16                                                                                                   ; led_b    ;
; N/A           ; None        ; -4.408 ns ; d0[4]  ; lpm_ram_dq0:inst3|altsyncram:altsyncram_component|altsyncram_dru:auto_generated|ram_block1a7~porta_datain_reg3 ; ram      ;
; N/A           ; None        ; -4.492 ns ; sel[0] ; lpm_ram_dq0:inst3|altsyncram:altsyncram_component|altsyncram_dru:auto_generated|ram_block1a7~porta_datain_reg3 ; ram      ;
; N/A           ; None        ; -4.522 ns ; sel[0] ; lpm_ram_dq0:inst3|altsyncram:altsyncram_component|altsyncram_dru:auto_generated|ram_block1a7~porta_datain_reg1 ; ram      ;
; N/A           ; None        ; -4.545 ns ; d0[4]  ; 273:inst2|15                                                                                                   ; led_b    ;
; N/A           ; None        ; -4.562 ns ; sel[0] ; 273:inst2|17                                                                                                   ; led_b    ;
; N/A           ; None        ; -4.574 ns ; sel[0] ; lpm_ram_dq0:inst3|altsyncram:altsyncram_component|altsyncram_dru:auto_generated|ram_block1a7~porta_datain_reg7 ; ram      ;
; N/A           ; None        ; -4.585 ns ; d0[6]  ; lpm_ram_dq0:inst3|altsyncram:altsyncram_component|altsyncram_dru:auto_generated|ram_block1a7~porta_datain_reg1 ; ram      ;
; N/A           ; None        ; -4.629 ns ; sel[0] ; 273:inst2|15                                                                                                   ; led_b    ;
; N/A           ; None        ; -4.773 ns ; sel[0] ; 273:inst2|19                                                                                                   ; led_b    ;
; N/A           ; None        ; -4.879 ns ; sel[1] ; 273:inst2|13                                                                                                   ; led_b    ;
; N/A           ; None        ; -5.434 ns ; sel[0] ; 273:inst2|13                                                                                                   ; led_b    ;
; N/A           ; None        ; -5.497 ns ; d0[6]  ; 273:inst2|13                                                                                                   ; led_b    ;
+---------------+-------------+-----------+--------+----------------------------------------------------------------------------------------------------------------+----------+


+-------------------------------------------------------------------------------------------------------------------------------------------------------------------------------------------+
; Minimum tco                                                                                                                                                                               ;
+---------------+------------------+----------------+-----------------------------------------------------------------------------------------------------------------+--------+------------+
; Minimum Slack ; Required Min tco ; Actual Min tco ; From                                                                                                            ; To     ; From Clock ;
+---------------+------------------+----------------+-----------------------------------------------------------------------------------------------------------------+--------+------------+
; N/A           ; None             ; 6.294 ns       ; 273:inst2|18                                                                                                    ; led[1] ; led_b      ;
; N/A           ; None             ; 6.719 ns       ; 273:inst2|14                                                                                                    ; led[5] ; led_b      ;
; N/A           ; None             ; 6.736 ns       ; 273:inst2|15                                                                                                    ; led[4] ; led_b      ;
; N/A           ; None             ; 6.738 ns       ; 273:inst2|19                                                                                                    ; led[0] ; led_b      ;
; N/A           ; None             ; 6.762 ns       ; 273:inst2|12                                                                                                    ; led[7] ; led_b      ;
; N/A           ; None             ; 6.770 ns       ; 273:inst2|16                                                                                                    ; led[3] ; led_b      ;
; N/A           ; None             ; 6.837 ns       ; 273:inst2|13                                                                                                    ; led[6] ; led_b      ;
; N/A           ; None             ; 6.990 ns       ; 273:inst2|17                                                                                                    ; led[2] ; led_b      ;
; N/A           ; None             ; 7.110 ns       ; 273:inst1|19                                                                                                    ; bus[0] ; addr       ;
; N/A           ; None             ; 7.166 ns       ; 273:inst1|15                                                                                                    ; bus[4] ; addr       ;
; N/A           ; None             ; 7.309 ns       ; 273:inst1|17                                                                                                    ; bus[2] ; addr       ;
; N/A           ; None             ; 7.394 ns       ; 273:inst|16                                                                                                     ; bus[3] ; reg        ;
; N/A           ; None             ; 7.555 ns       ; 273:inst|14                                                                                                     ; bus[5] ; reg        ;
; N/A           ; None             ; 7.648 ns       ; 273:inst|12                                                                                                     ; bus[7] ; reg        ;
; N/A           ; None             ; 7.674 ns       ; 273:inst|18                                                                                                     ; bus[1] ; reg        ;
; N/A           ; None             ; 7.710 ns       ; 273:inst1|16                                                                                                    ; bus[3] ; addr       ;
; N/A           ; None             ; 7.813 ns       ; 273:inst|17                                                                                                     ; bus[2] ; reg        ;
; N/A           ; None             ; 7.869 ns       ; 273:inst1|14                                                                                                    ; bus[5] ; addr       ;
; N/A           ; None             ; 7.968 ns       ; 273:inst|15                                                                                                     ; bus[4] ; reg        ;
; N/A           ; None             ; 8.091 ns       ; 273:inst|19                                                                                                     ; bus[0] ; reg        ;
; N/A           ; None             ; 8.152 ns       ; 273:inst1|13                                                                                                    ; bus[6] ; addr       ;
; N/A           ; None             ; 8.153 ns       ; 273:inst1|18                                                                                                    ; bus[1] ; addr       ;
; N/A           ; None             ; 8.163 ns       ; 273:inst1|12                                                                                                    ; bus[7] ; addr       ;
; N/A           ; None             ; 8.957 ns       ; 273:inst|13                                                                                                     ; bus[6] ; reg        ;
; N/A           ; None             ; 10.737 ns      ; lpm_ram_dq0:inst3|altsyncram:altsyncram_component|altsyncram_dru:auto_generated|ram_block1a7~porta_address_reg7 ; bus[0] ; ram        ;
; N/A           ; None             ; 10.737 ns      ; lpm_ram_dq0:inst3|altsyncram:altsyncram_component|altsyncram_dru:auto_generated|ram_block1a7~porta_address_reg6 ; bus[0] ; ram        ;
; N/A           ; None             ; 10.737 ns      ; lpm_ram_dq0:inst3|altsyncram:altsyncram_component|altsyncram_dru:auto_generated|ram_block1a7~porta_address_reg5 ; bus[0] ; ram        ;
; N/A           ; None             ; 10.737 ns      ; lpm_ram_dq0:inst3|altsyncram:altsyncram_component|altsyncram_dru:auto_generated|ram_block1a7~porta_address_reg4 ; bus[0] ; ram        ;
; N/A           ; None             ; 10.737 ns      ; lpm_ram_dq0:inst3|altsyncram:altsyncram_component|altsyncram_dru:auto_generated|ram_block1a7~porta_address_reg3 ; bus[0] ; ram        ;
; N/A           ; None             ; 10.737 ns      ; lpm_ram_dq0:inst3|altsyncram:altsyncram_component|altsyncram_dru:auto_generated|ram_block1a7~porta_address_reg2 ; bus[0] ; ram        ;
; N/A           ; None             ; 10.737 ns      ; lpm_ram_dq0:inst3|altsyncram:altsyncram_component|altsyncram_dru:auto_generated|ram_block1a7~porta_address_reg1 ; bus[0] ; ram        ;
; N/A           ; None             ; 10.737 ns      ; lpm_ram_dq0:inst3|altsyncram:altsyncram_component|altsyncram_dru:auto_generated|ram_block1a7~porta_address_reg0 ; bus[0] ; ram        ;
; N/A           ; None             ; 11.080 ns      ; lpm_ram_dq0:inst3|altsyncram:altsyncram_component|altsyncram_dru:auto_generated|ram_block1a7~porta_address_reg7 ; bus[4] ; ram        ;
; N/A           ; None             ; 11.080 ns      ; lpm_ram_dq0:inst3|altsyncram:altsyncram_component|altsyncram_dru:auto_generated|ram_block1a7~porta_address_reg6 ; bus[4] ; ram        ;
; N/A           ; None             ; 11.080 ns      ; lpm_ram_dq0:inst3|altsyncram:altsyncram_component|altsyncram_dru:auto_generated|ram_block1a7~porta_address_reg5 ; bus[4] ; ram        ;
; N/A           ; None             ; 11.080 ns      ; lpm_ram_dq0:inst3|altsyncram:altsyncram_component|altsyncram_dru:auto_generated|ram_block1a7~porta_address_reg4 ; bus[4] ; ram        ;
; N/A           ; None             ; 11.080 ns      ; lpm_ram_dq0:inst3|altsyncram:altsyncram_component|altsyncram_dru:auto_generated|ram_block1a7~porta_address_reg3 ; bus[4] ; ram        ;
; N/A           ; None             ; 11.080 ns      ; lpm_ram_dq0:inst3|altsyncram:altsyncram_component|altsyncram_dru:auto_generated|ram_block1a7~porta_address_reg2 ; bus[4] ; ram        ;
; N/A           ; None             ; 11.080 ns      ; lpm_ram_dq0:inst3|altsyncram:altsyncram_component|altsyncram_dru:auto_generated|ram_block1a7~porta_address_reg1 ; bus[4] ; ram        ;
; N/A           ; None             ; 11.080 ns      ; lpm_ram_dq0:inst3|altsyncram:altsyncram_component|altsyncram_dru:auto_generated|ram_block1a7~porta_address_reg0 ; bus[4] ; ram        ;
; N/A           ; None             ; 11.232 ns      ; lpm_ram_dq0:inst3|altsyncram:altsyncram_component|altsyncram_dru:auto_generated|ram_block1a7~porta_address_reg7 ; bus[2] ; ram        ;
; N/A           ; None             ; 11.232 ns      ; lpm_ram_dq0:inst3|altsyncram:altsyncram_component|altsyncram_dru:auto_generated|ram_block1a7~porta_address_reg6 ; bus[2] ; ram        ;
; N/A           ; None             ; 11.232 ns      ; lpm_ram_dq0:inst3|altsyncram:altsyncram_component|altsyncram_dru:auto_generated|ram_block1a7~porta_address_reg5 ; bus[2] ; ram        ;
; N/A           ; None             ; 11.232 ns      ; lpm_ram_dq0:inst3|altsyncram:altsyncram_component|altsyncram_dru:auto_generated|ram_block1a7~porta_address_reg4 ; bus[2] ; ram        ;
; N/A           ; None             ; 11.232 ns      ; lpm_ram_dq0:inst3|altsyncram:altsyncram_component|altsyncram_dru:auto_generated|ram_block1a7~porta_address_reg3 ; bus[2] ; ram        ;
; N/A           ; None             ; 11.232 ns      ; lpm_ram_dq0:inst3|altsyncram:altsyncram_component|altsyncram_dru:auto_generated|ram_block1a7~porta_address_reg2 ; bus[2] ; ram        ;
; N/A           ; None             ; 11.232 ns      ; lpm_ram_dq0:inst3|altsyncram:altsyncram_component|altsyncram_dru:auto_generated|ram_block1a7~porta_address_reg1 ; bus[2] ; ram        ;
; N/A           ; None             ; 11.232 ns      ; lpm_ram_dq0:inst3|altsyncram:altsyncram_component|altsyncram_dru:auto_generated|ram_block1a7~porta_address_reg0 ; bus[2] ; ram        ;
; N/A           ; None             ; 11.248 ns      ; lpm_ram_dq0:inst3|altsyncram:altsyncram_component|altsyncram_dru:auto_generated|ram_block1a7~porta_address_reg7 ; bus[5] ; ram        ;
; N/A           ; None             ; 11.248 ns      ; lpm_ram_dq0:inst3|altsyncram:altsyncram_component|altsyncram_dru:auto_generated|ram_block1a7~porta_address_reg6 ; bus[5] ; ram        ;
; N/A           ; None             ; 11.248 ns      ; lpm_ram_dq0:inst3|altsyncram:altsyncram_component|altsyncram_dru:auto_generated|ram_block1a7~porta_address_reg5 ; bus[5] ; ram        ;
; N/A           ; None             ; 11.248 ns      ; lpm_ram_dq0:inst3|altsyncram:altsyncram_component|altsyncram_dru:auto_generated|ram_block1a7~porta_address_reg4 ; bus[5] ; ram        ;
; N/A           ; None             ; 11.248 ns      ; lpm_ram_dq0:inst3|altsyncram:altsyncram_component|altsyncram_dru:auto_generated|ram_block1a7~porta_address_reg3 ; bus[5] ; ram        ;
; N/A           ; None             ; 11.248 ns      ; lpm_ram_dq0:inst3|altsyncram:altsyncram_component|altsyncram_dru:auto_generated|ram_block1a7~porta_address_reg2 ; bus[5] ; ram        ;
; N/A           ; None             ; 11.248 ns      ; lpm_ram_dq0:inst3|altsyncram:altsyncram_component|altsyncram_dru:auto_generated|ram_block1a7~porta_address_reg1 ; bus[5] ; ram        ;
; N/A           ; None             ; 11.248 ns      ; lpm_ram_dq0:inst3|altsyncram:altsyncram_component|altsyncram_dru:auto_generated|ram_block1a7~porta_address_reg0 ; bus[5] ; ram        ;
; N/A           ; None             ; 11.447 ns      ; lpm_ram_dq0:inst3|altsyncram:altsyncram_component|altsyncram_dru:auto_generated|ram_block1a7~porta_address_reg7 ; bus[3] ; ram        ;
; N/A           ; None             ; 11.447 ns      ; lpm_ram_dq0:inst3|altsyncram:altsyncram_component|altsyncram_dru:auto_generated|ram_block1a7~porta_address_reg6 ; bus[3] ; ram        ;
; N/A           ; None             ; 11.447 ns      ; lpm_ram_dq0:inst3|altsyncram:altsyncram_component|altsyncram_dru:auto_generated|ram_block1a7~porta_address_reg5 ; bus[3] ; ram        ;
; N/A           ; None             ; 11.447 ns      ; lpm_ram_dq0:inst3|altsyncram:altsyncram_component|altsyncram_dru:auto_generated|ram_block1a7~porta_address_reg4 ; bus[3] ; ram        ;
; N/A           ; None             ; 11.447 ns      ; lpm_ram_dq0:inst3|altsyncram:altsyncram_component|altsyncram_dru:auto_generated|ram_block1a7~porta_address_reg3 ; bus[3] ; ram        ;
; N/A           ; None             ; 11.447 ns      ; lpm_ram_dq0:inst3|altsyncram:altsyncram_component|altsyncram_dru:auto_generated|ram_block1a7~porta_address_reg2 ; bus[3] ; ram        ;
; N/A           ; None             ; 11.447 ns      ; lpm_ram_dq0:inst3|altsyncram:altsyncram_component|altsyncram_dru:auto_generated|ram_block1a7~porta_address_reg1 ; bus[3] ; ram        ;
; N/A           ; None             ; 11.447 ns      ; lpm_ram_dq0:inst3|altsyncram:altsyncram_component|altsyncram_dru:auto_generated|ram_block1a7~porta_address_reg0 ; bus[3] ; ram        ;
; N/A           ; None             ; 11.449 ns      ; lpm_ram_dq0:inst3|altsyncram:altsyncram_component|altsyncram_dru:auto_generated|ram_block1a7~porta_address_reg7 ; bus[7] ; ram        ;
; N/A           ; None             ; 11.449 ns      ; lpm_ram_dq0:inst3|altsyncram:altsyncram_component|altsyncram_dru:auto_generated|ram_block1a7~porta_address_reg6 ; bus[7] ; ram        ;
; N/A           ; None             ; 11.449 ns      ; lpm_ram_dq0:inst3|altsyncram:altsyncram_component|altsyncram_dru:auto_generated|ram_block1a7~porta_address_reg5 ; bus[7] ; ram        ;
; N/A           ; None             ; 11.449 ns      ; lpm_ram_dq0:inst3|altsyncram:altsyncram_component|altsyncram_dru:auto_generated|ram_block1a7~porta_address_reg4 ; bus[7] ; ram        ;
; N/A           ; None             ; 11.449 ns      ; lpm_ram_dq0:inst3|altsyncram:altsyncram_component|altsyncram_dru:auto_generated|ram_block1a7~porta_address_reg3 ; bus[7] ; ram        ;
; N/A           ; None             ; 11.449 ns      ; lpm_ram_dq0:inst3|altsyncram:altsyncram_component|altsyncram_dru:auto_generated|ram_block1a7~porta_address_reg2 ; bus[7] ; ram        ;
; N/A           ; None             ; 11.449 ns      ; lpm_ram_dq0:inst3|altsyncram:altsyncram_component|altsyncram_dru:auto_generated|ram_block1a7~porta_address_reg1 ; bus[7] ; ram        ;
; N/A           ; None             ; 11.449 ns      ; lpm_ram_dq0:inst3|altsyncram:altsyncram_component|altsyncram_dru:auto_generated|ram_block1a7~porta_address_reg0 ; bus[7] ; ram        ;
; N/A           ; None             ; 11.671 ns      ; lpm_ram_dq0:inst3|altsyncram:altsyncram_component|altsyncram_dru:auto_generated|ram_block1a7~porta_address_reg7 ; bus[1] ; ram        ;
; N/A           ; None             ; 11.671 ns      ; lpm_ram_dq0:inst3|altsyncram:altsyncram_component|altsyncram_dru:auto_generated|ram_block1a7~porta_address_reg6 ; bus[1] ; ram        ;
; N/A           ; None             ; 11.671 ns      ; lpm_ram_dq0:inst3|altsyncram:altsyncram_component|altsyncram_dru:auto_generated|ram_block1a7~porta_address_reg5 ; bus[1] ; ram        ;
; N/A           ; None             ; 11.671 ns      ; lpm_ram_dq0:inst3|altsyncram:altsyncram_component|altsyncram_dru:auto_generated|ram_block1a7~porta_address_reg4 ; bus[1] ; ram        ;
; N/A           ; None             ; 11.671 ns      ; lpm_ram_dq0:inst3|altsyncram:altsyncram_component|altsyncram_dru:auto_generated|ram_block1a7~porta_address_reg3 ; bus[1] ; ram        ;
; N/A           ; None             ; 11.671 ns      ; lpm_ram_dq0:inst3|altsyncram:altsyncram_component|altsyncram_dru:auto_generated|ram_block1a7~porta_address_reg2 ; bus[1] ; ram        ;
; N/A           ; None             ; 11.671 ns      ; lpm_ram_dq0:inst3|altsyncram:altsyncram_component|altsyncram_dru:auto_generated|ram_block1a7~porta_address_reg1 ; bus[1] ; ram        ;
; N/A           ; None             ; 11.671 ns      ; lpm_ram_dq0:inst3|altsyncram:altsyncram_component|altsyncram_dru:auto_generated|ram_block1a7~porta_address_reg0 ; bus[1] ; ram        ;
; N/A           ; None             ; 12.019 ns      ; lpm_ram_dq0:inst3|altsyncram:altsyncram_component|altsyncram_dru:auto_generated|ram_block1a7~porta_address_reg7 ; bus[6] ; ram        ;
; N/A           ; None             ; 12.019 ns      ; lpm_ram_dq0:inst3|altsyncram:altsyncram_component|altsyncram_dru:auto_generated|ram_block1a7~porta_address_reg6 ; bus[6] ; ram        ;
; N/A           ; None             ; 12.019 ns      ; lpm_ram_dq0:inst3|altsyncram:altsyncram_component|altsyncram_dru:auto_generated|ram_block1a7~porta_address_reg5 ; bus[6] ; ram        ;
; N/A           ; None             ; 12.019 ns      ; lpm_ram_dq0:inst3|altsyncram:altsyncram_component|altsyncram_dru:auto_generated|ram_block1a7~porta_address_reg4 ; bus[6] ; ram        ;
; N/A           ; None             ; 12.019 ns      ; lpm_ram_dq0:inst3|altsyncram:altsyncram_component|altsyncram_dru:auto_generated|ram_block1a7~porta_address_reg3 ; bus[6] ; ram        ;
; N/A           ; None             ; 12.019 ns      ; lpm_ram_dq0:inst3|altsyncram:altsyncram_component|altsyncram_dru:auto_generated|ram_block1a7~porta_address_reg2 ; bus[6] ; ram        ;
; N/A           ; None             ; 12.019 ns      ; lpm_ram_dq0:inst3|altsyncram:altsyncram_component|altsyncram_dru:auto_generated|ram_block1a7~porta_address_reg1 ; bus[6] ; ram        ;
; N/A           ; None             ; 12.019 ns      ; lpm_ram_dq0:inst3|altsyncram:altsyncram_component|altsyncram_dru:auto_generated|ram_block1a7~porta_address_reg0 ; bus[6] ; ram        ;
+---------------+------------------+----------------+-----------------------------------------------------------------------------------------------------------------+--------+------------+


+-----------------------------------------------------------------------+
; Minimum tpd                                                           ;
+---------------+-------------------+-----------------+--------+--------+
; Minimum Slack ; Required P2P Time ; Actual P2P Time ; From   ; To     ;
+---------------+-------------------+-----------------+--------+--------+
; N/A           ; None              ; 9.355 ns        ; d0[3]  ; bus[3] ;
; N/A           ; None              ; 9.393 ns        ; sel[1] ; bus[0] ;
; N/A           ; None              ; 9.496 ns        ; sel[1] ; bus[4] ;
; N/A           ; None              ; 9.592 ns        ; sel[1] ; bus[2] ;
; N/A           ; None              ; 9.630 ns        ; sel[0] ; bus[5] ;
; N/A           ; None              ; 9.650 ns        ; d0[7]  ; bus[7] ;
; N/A           ; None              ; 9.665 ns        ; d0[5]  ; bus[5] ;
; N/A           ; None              ; 9.716 ns        ; sel[0] ; bus[7] ;
; N/A           ; None              ; 9.731 ns        ; sel[0] ; bus[3] ;
; N/A           ; None              ; 9.775 ns        ; sel[1] ; bus[3] ;
; N/A           ; None              ; 9.835 ns        ; d0[2]  ; bus[2] ;
; N/A           ; None              ; 9.847 ns        ; d0[1]  ; bus[1] ;
; N/A           ; None              ; 9.910 ns        ; d0[0]  ; bus[0] ;
; N/A           ; None              ; 9.958 ns        ; d0[4]  ; bus[4] ;
; N/A           ; None              ; 9.976 ns        ; sel[1] ; bus[5] ;
; N/A           ; None              ; 10.014 ns       ; sel[0] ; bus[1] ;
; N/A           ; None              ; 10.042 ns       ; sel[0] ; bus[4] ;
; N/A           ; None              ; 10.052 ns       ; sel[1] ; bus[1] ;
; N/A           ; None              ; 10.076 ns       ; sel[1] ; bus[7] ;
; N/A           ; None              ; 10.147 ns       ; sel[0] ; bus[2] ;
; N/A           ; None              ; 10.425 ns       ; sel[0] ; bus[0] ;
; N/A           ; None              ; 10.473 ns       ; sel[1] ; bus[6] ;
; N/A           ; None              ; 11.028 ns       ; sel[0] ; bus[6] ;
; N/A           ; None              ; 11.091 ns       ; d0[6]  ; bus[6] ;
+---------------+-------------------+-----------------+--------+--------+


+--------------------------+
; Timing Analyzer Messages ;
+--------------------------+
Info: *******************************************************************
Info: Running Quartus II Timing Analyzer
    Info: Version 4.1 Build 181 06/29/2004 SJ Full Version
    Info: Processing started: Sat Dec 09 23:49:17 2023
Info: Command: quartus_tan --import_settings_files=off --export_settings_files=off BUS -c BUS --timing_analysis_only
Warning: Found pins functioning as undefined clocks and/or memory enables
    Info: Assuming node ram is an undefined clock
    Info: Assuming node reg is an undefined clock
    Info: Assuming node addr is an undefined clock
    Info: Assuming node led_b is an undefined clock
Info: Clock ram has Internal fmax of 175.59 MHz between source memory lpm_ram_dq0:inst3|altsyncram:altsyncram_component|altsyncram_dru:auto_generated|ram_block1a7~porta_address_reg0 and destination memory lpm_ram_dq0:inst3|altsyncram:altsyncram_component|altsyncram_dru:auto_generated|ram_block1a7~porta_datain_reg3 (period= 5.695 ns)
    Info: + Longest memory to memory delay is 5.144 ns
        Info: 1: + IC(0.000 ns) + CELL(0.000 ns) = 0.000 ns; Loc. = M4K_X37_Y8; Fanout = 8; MEM Node = 'lpm_ram_dq0:inst3|altsyncram:altsyncram_component|altsyncram_dru:auto_generated|ram_block1a7~porta_address_reg0'
        Info: 2: + IC(0.000 ns) + CELL(3.069 ns) = 3.069 ns; Loc. = M4K_X37_Y8; Fanout = 2; MEM Node = 'lpm_ram_dq0:inst3|altsyncram:altsyncram_component|altsyncram_dru:auto_generated|q_a[4]'
        Info: 3: + IC(0.782 ns) + CELL(0.075 ns) = 3.926 ns; Loc. = LC_X39_Y8_N2; Fanout = 4; COMB Node = 'lpm_mux0:inst4|lpm_mux:lpm_mux_component|mux_fgc:auto_generated|w_result120w~38'
        Info: 4: + IC(0.975 ns) + CELL(0.243 ns) = 5.144 ns; Loc. = M4K_X37_Y8; Fanout = 1; MEM Node = 'lpm_ram_dq0:inst3|altsyncram:altsyncram_component|altsyncram_dru:auto_generated|ram_block1a7~porta_datain_reg3'
        Info: Total cell delay = 3.387 ns ( 65.84 % )
        Info: Total interconnect delay = 1.757 ns ( 34.16 % )
    Info: - Smallest clock skew is 0.000 ns
        Info: + Shortest clock path from clock ram to destination memory is 2.811 ns
            Info: 1: + IC(0.000 ns) + CELL(0.725 ns) = 0.725 ns; Loc. = PIN_M2; Fanout = 25; CLK Node = 'ram'
            Info: 2: + IC(1.574 ns) + CELL(0.512 ns) = 2.811 ns; Loc. = M4K_X37_Y8; Fanout = 1; MEM Node = 'lpm_ram_dq0:inst3|altsyncram:altsyncram_component|altsyncram_dru:auto_generated|ram_block1a7~porta_datain_reg3'
            Info: Total cell delay = 1.237 ns ( 44.01 % )
            Info: Total interconnect delay = 1.574 ns ( 55.99 % )
        Info: - Longest clock path from clock ram to source memory is 2.811 ns
            Info: 1: + IC(0.000 ns) + CELL(0.725 ns) = 0.725 ns; Loc. = PIN_M2; Fanout = 25; CLK Node = 'ram'
            Info: 2: + IC(1.574 ns) + CELL(0.512 ns) = 2.811 ns; Loc. = M4K_X37_Y8; Fanout = 8; MEM Node = 'lpm_ram_dq0:inst3|altsyncram:altsyncram_component|altsyncram_dru:auto_generated|ram_block1a7~porta_address_reg0'
            Info: Total cell delay = 1.237 ns ( 44.01 % )
            Info: Total interconnect delay = 1.574 ns ( 55.99 % )
    Info: + Micro clock to output delay of source is 0.420 ns
    Info: + Micro setup delay of destination is 0.131 ns
Info: Clock reg Internal fmax is restricted to 422.12 MHz between source register 273:inst|15 and destination register 273:inst|15
    Info: fmax restricted to clock pin edge rate 2.369 ns. Expand message to see actual delay path.
        Info: + Longest register to register delay is 1.577 ns
            Info: 1: + IC(0.000 ns) + CELL(0.000 ns) = 0.000 ns; Loc. = LC_X39_Y8_N8; Fanout = 1; REG Node = '273:inst|15'
            Info: 2: + IC(0.000 ns) + CELL(0.230 ns) = 0.230 ns; Loc. = LC_X39_Y8_N8; Fanout = 2; COMB Node = 'lpm_mux0:inst4|lpm_mux:lpm_mux_component|mux_fgc:auto_generated|w_result120w~37'
            Info: 3: + IC(0.323 ns) + CELL(0.366 ns) = 0.919 ns; Loc. = LC_X39_Y8_N2; Fanout = 4; COMB Node = 'lpm_mux0:inst4|lpm_mux:lpm_mux_component|mux_fgc:auto_generated|w_result120w~38'
            Info: 4: + IC(0.573 ns) + CELL(0.085 ns) = 1.577 ns; Loc. = LC_X39_Y8_N8; Fanout = 1; REG Node = '273:inst|15'
            Info: Total cell delay = 0.681 ns ( 43.18 % )
            Info: Total interconnect delay = 0.896 ns ( 56.82 % )
        Info: - Smallest clock skew is 0.000 ns
            Info: + Shortest clock path from clock reg to destination register is 2.970 ns
                Info: 1: + IC(0.000 ns) + CELL(0.828 ns) = 0.828 ns; Loc. = PIN_M3; Fanout = 8; CLK Node = 'reg'
                Info: 2: + IC(1.600 ns) + CELL(0.542 ns) = 2.970 ns; Loc. = LC_X39_Y8_N8; Fanout = 1; REG Node = '273:inst|15'
                Info: Total cell delay = 1.370 ns ( 46.13 % )
                Info: Total interconnect delay = 1.600 ns ( 53.87 % )
            Info: - Longest clock path from clock reg to source register is 2.970 ns
                Info: 1: + IC(0.000 ns) + CELL(0.828 ns) = 0.828 ns; Loc. = PIN_M3; Fanout = 8; CLK Node = 'reg'
                Info: 2: + IC(1.600 ns) + CELL(0.542 ns) = 2.970 ns; Loc. = LC_X39_Y8_N8; Fanout = 1; REG Node = '273:inst|15'
                Info: Total cell delay = 1.370 ns ( 46.13 % )
                Info: Total interconnect delay = 1.600 ns ( 53.87 % )
        Info: + Micro clock to output delay of source is 0.156 ns
        Info: + Micro setup delay of destination is 0.010 ns
Info: Clock addr Internal fmax is restricted to 422.12 MHz between source register 273:inst1|12 and destination register 273:inst1|12
    Info: fmax restricted to clock pin edge rate 2.369 ns. Expand message to see actual delay path.
        Info: + Longest register to register delay is 1.271 ns
            Info: 1: + IC(0.000 ns) + CELL(0.000 ns) = 0.000 ns; Loc. = LC_X39_Y8_N4; Fanout = 3; REG Node = '273:inst1|12'
            Info: 2: + IC(0.578 ns) + CELL(0.280 ns) = 0.858 ns; Loc. = LC_X39_Y8_N1; Fanout = 4; COMB Node = 'lpm_mux0:inst4|lpm_mux:lpm_mux_component|mux_fgc:auto_generated|w_result195w~38'
            Info: 3: + IC(0.328 ns) + CELL(0.085 ns) = 1.271 ns; Loc. = LC_X39_Y8_N4; Fanout = 3; REG Node = '273:inst1|12'
            Info: Total cell delay = 0.365 ns ( 28.72 % )
            Info: Total interconnect delay = 0.906 ns ( 71.28 % )
        Info: - Smallest clock skew is 0.000 ns
            Info: + Shortest clock path from clock addr to destination register is 2.857 ns
                Info: 1: + IC(0.000 ns) + CELL(0.725 ns) = 0.725 ns; Loc. = PIN_L2; Fanout = 8; CLK Node = 'addr'
                Info: 2: + IC(1.590 ns) + CELL(0.542 ns) = 2.857 ns; Loc. = LC_X39_Y8_N4; Fanout = 3; REG Node = '273:inst1|12'
                Info: Total cell delay = 1.267 ns ( 44.35 % )
                Info: Total interconnect delay = 1.590 ns ( 55.65 % )
            Info: - Longest clock path from clock addr to source register is 2.857 ns
                Info: 1: + IC(0.000 ns) + CELL(0.725 ns) = 0.725 ns; Loc. = PIN_L2; Fanout = 8; CLK Node = 'addr'
                Info: 2: + IC(1.590 ns) + CELL(0.542 ns) = 2.857 ns; Loc. = LC_X39_Y8_N4; Fanout = 3; REG Node = '273:inst1|12'
                Info: Total cell delay = 1.267 ns ( 44.35 % )
                Info: Total interconnect delay = 1.590 ns ( 55.65 % )
        Info: + Micro clock to output delay of source is 0.156 ns
        Info: + Micro setup delay of destination is 0.010 ns
Info: No valid register-to-register paths exist for clock led_b
Info: tsu for register 273:inst2|13 (data pin = d0[6], clock pin = led_b) is 5.607 ns
    Info: + Longest pin to register delay is 8.481 ns
        Info: 1: + IC(0.000 ns) + CELL(1.234 ns) = 1.234 ns; Loc. = PIN_T1; Fanout = 1; PIN Node = 'd0[6]'
        Info: 2: + IC(3.976 ns) + CELL(0.280 ns) = 5.490 ns; Loc. = LC_X39_Y8_N3; Fanout = 2; COMB Node = 'lpm_mux0:inst4|lpm_mux:lpm_mux_component|mux_fgc:auto_generated|w_result170w~37'
        Info: 3: + IC(0.326 ns) + CELL(0.366 ns) = 6.182 ns; Loc. = LC_X39_Y8_N7; Fanout = 4; COMB Node = 'lpm_mux0:inst4|lpm_mux:lpm_mux_component|mux_fgc:auto_generated|w_result170w~38'
        Info: 4: + IC(2.214 ns) + CELL(0.085 ns) = 8.481 ns; Loc. = LC_X39_Y30_N2; Fanout = 1; REG Node = '273:inst2|13'
        Info: Total cell delay = 1.965 ns ( 23.17 % )
        Info: Total interconnect delay = 6.516 ns ( 76.83 % )
    Info: + Micro setup delay of destination is 0.010 ns
    Info: - Shortest clock path from clock led_b to destination register is 2.884 ns
        Info: 1: + IC(0.000 ns) + CELL(0.828 ns) = 0.828 ns; Loc. = PIN_L3; Fanout = 8; CLK Node = 'led_b'
        Info: 2: + IC(1.514 ns) + CELL(0.542 ns) = 2.884 ns; Loc. = LC_X39_Y30_N2; Fanout = 1; REG Node = '273:inst2|13'
        Info: Total cell delay = 1.370 ns ( 47.50 % )
        Info: Total interconnect delay = 1.514 ns ( 52.50 % )
Info: tco from clock ram to destination pin bus[6] through memory lpm_ram_dq0:inst3|altsyncram:altsyncram_component|altsyncram_dru:auto_generated|ram_block1a7~porta_address_reg0 is 12.019 ns
    Info: + Longest clock path from clock ram to source memory is 2.811 ns
        Info: 1: + IC(0.000 ns) + CELL(0.725 ns) = 0.725 ns; Loc. = PIN_M2; Fanout = 25; CLK Node = 'ram'
        Info: 2: + IC(1.574 ns) + CELL(0.512 ns) = 2.811 ns; Loc. = M4K_X37_Y8; Fanout = 8; MEM Node = 'lpm_ram_dq0:inst3|altsyncram:altsyncram_component|altsyncram_dru:auto_generated|ram_block1a7~porta_address_reg0'
        Info: Total cell delay = 1.237 ns ( 44.01 % )
        Info: Total interconnect delay = 1.574 ns ( 55.99 % )
    Info: + Micro clock to output delay of source is 0.420 ns
    Info: + Longest memory to pin delay is 8.788 ns
        Info: 1: + IC(0.000 ns) + CELL(0.000 ns) = 0.000 ns; Loc. = M4K_X37_Y8; Fanout = 8; MEM Node = 'lpm_ram_dq0:inst3|altsyncram:altsyncram_component|altsyncram_dru:auto_generated|ram_block1a7~porta_address_reg0'
        Info: 2: + IC(0.000 ns) + CELL(3.069 ns) = 3.069 ns; Loc. = M4K_X37_Y8; Fanout = 2; MEM Node = 'lpm_ram_dq0:inst3|altsyncram:altsyncram_component|altsyncram_dru:auto_generated|q_a[6]'
        Info: 3: + IC(0.735 ns) + CELL(0.075 ns) = 3.879 ns; Loc. = LC_X39_Y8_N7; Fanout = 4; COMB Node = 'lpm_mux0:inst4|lpm_mux:lpm_mux_component|mux_fgc:auto_generated|w_result170w~38'
        Info: 4: + IC(2.505 ns) + CELL(2.404 ns) = 8.788 ns; Loc. = PIN_C8; Fanout = 0; PIN Node = 'bus[6]'
        Info: Total cell delay = 5.548 ns ( 63.13 % )
        Info: Total interconnect delay = 3.240 ns ( 36.87 % )
Info: Longest tpd from source pin d0[6] to destination pin bus[6] is 11.091 ns
    Info: 1: + IC(0.000 ns) + CELL(1.234 ns) = 1.234 ns; Loc. = PIN_T1; Fanout = 1; PIN Node = 'd0[6]'
    Info: 2: + IC(3.976 ns) + CELL(0.280 ns) = 5.490 ns; Loc. = LC_X39_Y8_N3; Fanout = 2; COMB Node = 'lpm_mux0:inst4|lpm_mux:lpm_mux_component|mux_fgc:auto_generated|w_result170w~37'
    Info: 3: + IC(0.326 ns) + CELL(0.366 ns) = 6.182 ns; Loc. = LC_X39_Y8_N7; Fanout = 4; COMB Node = 'lpm_mux0:inst4|lpm_mux:lpm_mux_component|mux_fgc:auto_generated|w_result170w~38'
    Info: 4: + IC(2.505 ns) + CELL(2.404 ns) = 11.091 ns; Loc. = PIN_C8; Fanout = 0; PIN Node = 'bus[6]'
    Info: Total cell delay = 4.284 ns ( 38.63 % )
    Info: Total interconnect delay = 6.807 ns ( 61.37 % )
Info: th for register 273:inst|16 (data pin = d0[3], clock pin = reg) is -2.395 ns
    Info: + Longest clock path from clock reg to destination register is 2.963 ns
        Info: 1: + IC(0.000 ns) + CELL(0.828 ns) = 0.828 ns; Loc. = PIN_M3; Fanout = 8; CLK Node = 'reg'
        Info: 2: + IC(1.593 ns) + CELL(0.542 ns) = 2.963 ns; Loc. = LC_X36_Y8_N4; Fanout = 2; REG Node = '273:inst|16'
        Info: Total cell delay = 1.370 ns ( 46.24 % )
        Info: Total interconnect delay = 1.593 ns ( 53.76 % )
    Info: + Micro hold delay of destination is 0.100 ns
    Info: - Shortest pin to register delay is 5.458 ns
        Info: 1: + IC(0.000 ns) + CELL(1.087 ns) = 1.087 ns; Loc. = PIN_Y9; Fanout = 1; PIN Node = 'd0[3]'
        Info: 2: + IC(3.831 ns) + CELL(0.183 ns) = 5.101 ns; Loc. = LC_X36_Y8_N3; Fanout = 2; COMB Node = 'lpm_mux0:inst4|lpm_mux:lpm_mux_component|mux_fgc:auto_generated|w_result95w~37'
        Info: 3: + IC(0.134 ns) + CELL(0.223 ns) = 5.458 ns; Loc. = LC_X36_Y8_N4; Fanout = 2; REG Node = '273:inst|16'
        Info: Total cell delay = 1.493 ns ( 27.35 % )
        Info: Total interconnect delay = 3.965 ns ( 72.65 % )
Info: Minimum tco from clock led_b to destination pin led[1] through register 273:inst2|18 is 6.294 ns
    Info: + Shortest clock path from clock led_b to source register is 2.970 ns
        Info: 1: + IC(0.000 ns) + CELL(0.828 ns) = 0.828 ns; Loc. = PIN_L3; Fanout = 8; CLK Node = 'led_b'
        Info: 2: + IC(1.600 ns) + CELL(0.542 ns) = 2.970 ns; Loc. = LC_X52_Y8_N0; Fanout = 1; REG Node = '273:inst2|18'
        Info: Total cell delay = 1.370 ns ( 46.13 % )
        Info: Total interconnect delay = 1.600 ns ( 53.87 % )
    Info: + Micro clock to output delay of source is 0.156 ns
    Info: + Shortest register to pin delay is 3.168 ns
        Info: 1: + IC(0.000 ns) + CELL(0.000 ns) = 0.000 ns; Loc. = LC_X52_Y8_N0; Fanout = 1; REG Node = '273:inst2|18'
        Info: 2: + IC(0.792 ns) + CELL(2.376 ns) = 3.168 ns; Loc. = PIN_N6; Fanout = 0; PIN Node = 'led[1]'
        Info: Total cell delay = 2.376 ns ( 75.00 % )
        Info: Total interconnect delay = 0.792 ns ( 25.00 % )
Info: Shortest tpd from source pin d0[3] to destination pin bus[3] is 9.355 ns
    Info: 1: + IC(0.000 ns) + CELL(1.087 ns) = 1.087 ns; Loc. = PIN_Y9; Fanout = 1; PIN Node = 'd0[3]'
    Info: 2: + IC(3.831 ns) + CELL(0.183 ns) = 5.101 ns; Loc. = LC_X36_Y8_N3; Fanout = 2; COMB Node = 'lpm_mux0:inst4|lpm_mux:lpm_mux_component|mux_fgc:auto_generated|w_result95w~37'
    Info: 3: + IC(0.134 ns) + CELL(0.075 ns) = 5.310 ns; Loc. = LC_X36_Y8_N4; Fanout = 4; COMB Node = 'lpm_mux0:inst4|lpm_mux:lpm_mux_component|mux_fgc:auto_generated|w_result95w~38'
    Info: 4: + IC(1.641 ns) + CELL(2.404 ns) = 9.355 ns; Loc. = PIN_Y8; Fanout = 0; PIN Node = 'bus[3]'
    Info: Total cell delay = 3.749 ns ( 40.07 % )
    Info: Total interconnect delay = 5.606 ns ( 59.93 % )
Info: Quartus II Timing Analyzer was successful. 0 errors, 1 warning
    Info: Processing ended: Sat Dec 09 23:49:17 2023
    Info: Elapsed time: 00:00:00


