Fitter report for project
Fri Dec 29 04:50:21 2023
Version 4.1 Build 181 06/29/2004 SJ Full Version


---------------------
; Table of Contents ;
---------------------
  1. Legal Notice
  2. Fitter Summary
  3. Fitter Settings
  4. Fitter Device Options
  5. Fitter Equations
  6. Floorplan View
  7. Pin-Out File
  8. Fitter Resource Usage Summary
  9. Input Pins
 10. Output Pins
 11. I/O Bank Usage
 12. All Package Pins
 13. Output Pin Load For Reported TCO
 14. Fitter Resource Utilization by Entity
 15. Delay Chain Summary
 16. Pad To Core Delay Chain Fanout
 17. Control Signals
 18. Global & Other Fast Signals
 19. Non-Global High Fan-Out Signals
 20. Fitter RAM Summary
 21. Interconnect Usage Summary
 22. LAB Logic Elements
 23. LAB-wide Signals
 24. LAB Signals Sourced
 25. LAB Signals Sourced Out
 26. LAB Distinct Inputs
 27. Fitter Messages



----------------
; Legal Notice ;
----------------
Copyright (C) 1991-2004 Altera Corporation
Any  megafunction  design,  and related netlist (encrypted  or  decrypted),
support information,  device programming or simulation file,  and any other
associated  documentation or information  provided by  Altera  or a partner
under  Altera's   Megafunction   Partnership   Program  may  be  used  only
to program  PLD  devices (but not masked  PLD  devices) from  Altera.   Any
other  use  of such  megafunction  design,  netlist,  support  information,
device programming or simulation file,  or any other  related documentation
or information  is prohibited  for  any  other purpose,  including, but not
limited to  modification,  reverse engineering,  de-compiling, or use  with
any other  silicon devices,  unless such use is  explicitly  licensed under
a separate agreement with  Altera  or a megafunction partner.  Title to the
intellectual property,  including patents,  copyrights,  trademarks,  trade
secrets,  or maskworks,  embodied in any such megafunction design, netlist,
support  information,  device programming or simulation file,  or any other
related documentation or information provided by  Altera  or a megafunction
partner, remains with Altera, the megafunction partner, or their respective
licensors. No other licenses, including any licenses needed under any third
party's intellectual property, are provided herein.



+---------------------------------------------------------------------+
; Fitter Summary                                                      ;
+--------------------------+------------------------------------------+
; Fitter Status            ; Successful - Fri Dec 29 04:50:21 2023    ;
; Quartus II Version       ; 4.1 Build 181 06/29/2004 SJ Full Version ;
; Revision Name            ; project                                  ;
; Top-level Entity Name    ; project                                  ;
; Family                   ; Stratix                                  ;
; Device                   ; EP1S10F484C5                             ;
; Timing Models            ; Production                               ;
; Total logic elements     ; 165 / 10,570 ( 1 % )                     ;
; Total pins               ; 82 / 336 ( 24 % )                        ;
; Total memory bits        ; 3,584 / 920,448 ( < 1 % )                ;
; DSP block 9-bit elements ; 0 / 48 ( 0 % )                           ;
; Total PLLs               ; 0 / 6 ( 0 % )                            ;
; Total DLLs               ; 0 / 2 ( 0 % )                            ;
+--------------------------+------------------------------------------+


+----------------------------------------------------------------------------------------------------------------------+
; Fitter Settings                                                                                                      ;
+----------------------------------------------------+--------------------------------+--------------------------------+
; Option                                             ; Setting                        ; Default Value                  ;
+----------------------------------------------------+--------------------------------+--------------------------------+
; Device                                             ; AUTO                           ;                                ;
; Optimize Hold Timing                               ; IO Paths and Minimum TPD Paths ; IO Paths and Minimum TPD Paths ;
; Optimize Timing                                    ; Normal compilation             ; Normal compilation             ;
; Optimize IOC Register Placement for Timing         ; On                             ; On                             ;
; Limit to One Fitting Attempt                       ; Off                            ; Off                            ;
; Final Placement Optimizations                      ; Automatically                  ; Automatically                  ;
; Fitter Initial Placement Seed                      ; 1                              ; 1                              ;
; Slow Slew Rate                                     ; Off                            ; Off                            ;
; PCI I/O                                            ; Off                            ; Off                            ;
; Weak Pull-Up Resistor                              ; Off                            ; Off                            ;
; Enable Bus-Hold Circuitry                          ; Off                            ; Off                            ;
; Auto Global Memory Control Signals                 ; Off                            ; Off                            ;
; Auto Packed Registers -- Stratix/Stratix GX        ; Auto                           ; Auto                           ;
; Auto Delay Chains                                  ; On                             ; On                             ;
; Auto Merge PLLs                                    ; On                             ; On                             ;
; Perform Physical Synthesis for Combinational Logic ; Off                            ; Off                            ;
; Perform Register Duplication                       ; Off                            ; Off                            ;
; Perform Register Retiming                          ; Off                            ; Off                            ;
; Physical Synthesis Effort Level                    ; Normal                         ; Normal                         ;
; Logic Cell Insertion -- Logic Duplication          ; Auto                           ; Auto                           ;
; Auto Register Duplication                          ; Off                            ; Off                            ;
; Auto Global Clock                                  ; On                             ; On                             ;
; Auto Global Register Control Signals               ; On                             ; On                             ;
+----------------------------------------------------+--------------------------------+--------------------------------+


+-------------------------------------------------------------------------+
; Fitter Device Options                                                   ;
+----------------------------------------------+--------------------------+
; Option                                       ; Setting                  ;
+----------------------------------------------+--------------------------+
; Auto-restart configuration after error       ; On                       ;
; Release clears before tri-states             ; Off                      ;
; Enable user-supplied start-up clock (CLKUSR) ; Off                      ;
; Enable device-wide reset (DEV_CLRn)          ; Off                      ;
; Enable device-wide output enable (DEV_OE)    ; Off                      ;
; Enable INIT_DONE output                      ; Off                      ;
; Configuration scheme                         ; Passive Serial           ;
; Reserve Data[0] pin after configuration      ; As input tri-stated      ;
; Reserve all unused pins                      ; As output driving ground ;
; Base pin-out file on sameframe device        ; Off                      ;
+----------------------------------------------+--------------------------+


+------------------+
; Fitter Equations ;
+------------------+
The equations can be found in E:/计算机组成原理/计组实习/project.fit.eqn.


+----------------+
; Floorplan View ;
+----------------+
Floorplan report data cannot be output to ASCII.
Please use Quartus II to view the floorplan report data.


+--------------+
; Pin-Out File ;
+--------------+
The pin-out file can be found in E:/计算机组成原理/计组实习/project.pin.


+--------------------------------------------------------------------------------------------------------------------------------+
; Fitter Resource Usage Summary                                                                                                  ;
+--------------------------------+-----------------------------------------------------------------------------------------------+
; Resource                       ; Usage                                                                                         ;
+--------------------------------+-----------------------------------------------------------------------------------------------+
; Logic cells                    ; 165 / 10,570 ( 1 % )                                                                          ;
; Registers                      ; 83 / 12,506 ( < 1 % )                                                                         ;
; Total LABs                     ; 31 / 1,057 ( 2 % )                                                                            ;
; Logic elements in carry chains ; 24                                                                                            ;
; User inserted logic cells      ; 0                                                                                             ;
; Virtual pins                   ; 0                                                                                             ;
; I/O pins                       ; 82 / 336 ( 24 % )                                                                             ;
;     -- Clock pins              ; 5 / 16 ( 31 % )                                                                               ;
; Global signals                 ; 15                                                                                            ;
; M512s                          ; 0 / 94 ( 0 % )                                                                                ;
; M4Ks                           ; 2 / 60 ( 3 % )                                                                                ;
; M-RAMs                         ; 0 / 1 ( 0 % )                                                                                 ;
; Total memory bits              ; 3,584 / 920,448 ( < 1 % )                                                                     ;
; Total RAM block bits           ; 9,216 / 920,448 ( 1 % )                                                                       ;
; DSP block 9-bit elements       ; 0 / 48 ( 0 % )                                                                                ;
; Global clocks                  ; 15 / 16 ( 93 % )                                                                              ;
; Regional clocks                ; 0 / 16 ( 0 % )                                                                                ;
; Fast regional clocks           ; 0 / 8 ( 0 % )                                                                                 ;
; DIFFIOCLKs                     ; 0 / 16 ( 0 % )                                                                                ;
; SERDES transmitters            ; 0 / 44 ( 0 % )                                                                                ;
; SERDES receivers               ; 0 / 44 ( 0 % )                                                                                ;
; Maximum fan-out node           ; lpm_rom0:control_memory|altsyncram:altsyncram_component|altsyncram_ecq:auto_generated|q_a[15] ;
; Maximum fan-out                ; 87                                                                                            ;
; Total fan-out                  ; 646                                                                                           ;
; Average fan-out                ; 2.58                                                                                          ;
+--------------------------------+-----------------------------------------------------------------------------------------------+


+-------------------------------------------------------------------------------------------------------------------------------------------------------------------------------------------------------------------------------------------------------------+
; Input Pins                                                                                                                                                                                                                                                  ;
+-------+-------+----------+--------------+--------------+-------------+-----------------------+--------------------+--------+----------------+---------------+-----------------+----------+--------------+--------------+-------------+----------------------+
; Name  ; Pin # ; I/O Bank ; X coordinate ; Y coordinate ; Cell number ; Combinational Fan-Out ; Registered Fan-Out ; Global ; Input Register ; Power Up High ; PCI I/O Enabled ; Bus Hold ; Weak Pull Up ; I/O Standard ; Termination ; Location assigned by ;
+-------+-------+----------+--------------+--------------+-------------+-----------------------+--------------------+--------+----------------+---------------+-----------------+----------+--------------+--------------+-------------+----------------------+
; CLK1  ; G9    ; 4        ; 31           ; 31           ; 0           ; 1                     ; 0                  ; no     ; no             ; no            ; no              ; no       ; Off          ; LVTTL        ; Off         ; Fitter               ;
; RST1  ; L2    ; 5        ; 53           ; 19           ; 3           ; 14                    ; 0                  ; yes    ; no             ; no            ; no              ; no       ; Off          ; LVTTL        ; Off         ; Fitter               ;
; STEP  ; L3    ; 5        ; 53           ; 19           ; 1           ; 5                     ; 0                  ; yes    ; no             ; no            ; no              ; no       ; Off          ; LVTTL        ; Off         ; Fitter               ;
; SWA   ; A11   ; 4        ; 29           ; 31           ; 3           ; 1                     ; 0                  ; no     ; no             ; no            ; no              ; no       ; Off          ; LVTTL        ; Off         ; Fitter               ;
; SWB   ; R8    ; 7        ; 31           ; 0            ; 0           ; 1                     ; 0                  ; no     ; no             ; no            ; no              ; no       ; Off          ; LVTTL        ; Off         ; Fitter               ;
; d0[0] ; J6    ; 5        ; 53           ; 26           ; 1           ; 2                     ; 0                  ; no     ; no             ; no            ; no              ; no       ; Off          ; LVTTL        ; Off         ; Fitter               ;
; d0[1] ; B8    ; 4        ; 36           ; 31           ; 4           ; 2                     ; 0                  ; no     ; no             ; no            ; no              ; no       ; Off          ; LVTTL        ; Off         ; Fitter               ;
; d0[2] ; B11   ; 4        ; 29           ; 31           ; 1           ; 2                     ; 0                  ; no     ; no             ; no            ; no              ; no       ; Off          ; LVTTL        ; Off         ; Fitter               ;
; d0[3] ; B5    ; 4        ; 48           ; 31           ; 2           ; 2                     ; 0                  ; no     ; no             ; no            ; no              ; no       ; Off          ; LVTTL        ; Off         ; Fitter               ;
; d0[4] ; H2    ; 5        ; 53           ; 21           ; 2           ; 2                     ; 0                  ; no     ; no             ; no            ; no              ; no       ; Off          ; LVTTL        ; Off         ; Fitter               ;
; d0[5] ; J15   ; 3        ; 17           ; 31           ; 5           ; 2                     ; 0                  ; no     ; no             ; no            ; no              ; no       ; Off          ; LVTTL        ; Off         ; Fitter               ;
; d0[6] ; K17   ; 2        ; 0            ; 23           ; 1           ; 2                     ; 0                  ; no     ; no             ; no            ; no              ; no       ; Off          ; LVTTL        ; Off         ; Fitter               ;
; d0[7] ; B14   ; 3        ; 21           ; 31           ; 2           ; 2                     ; 0                  ; no     ; no             ; no            ; no              ; no       ; Off          ; LVTTL        ; Off         ; Fitter               ;
+-------+-------+----------+--------------+--------------+-------------+-----------------------+--------------------+--------+----------------+---------------+-----------------+----------+--------------+--------------+-------------+----------------------+


+-------------------------------------------------------------------------------------------------------------------------------------------------------------------------------------------------------------------------------------------------------------------------------------+
; Output Pins                                                                                                                                                                                                                                                                         ;
+----------+-------+----------+--------------+--------------+-------------+-----------------+------------------------+---------------+----------------+-----------------+------------+----------+--------------+--------------+------------------+-------------+----------------------+
; Name     ; Pin # ; I/O Bank ; X coordinate ; Y coordinate ; Cell number ; Output Register ; Output Enable Register ; Power Up High ; Slow Slew Rate ; PCI I/O Enabled ; Open Drain ; Bus Hold ; Weak Pull Up ; I/O Standard ; Current Strength ; Termination ; Location assigned by ;
+----------+-------+----------+--------------+--------------+-------------+-----------------+------------------------+---------------+----------------+-----------------+------------+----------+--------------+--------------+------------------+-------------+----------------------+
; I[0]     ; N8    ; 7        ; 33           ; 0            ; 4           ; no              ; no                     ; no            ; no             ; no              ; no         ; no       ; Off          ; LVTTL        ; 24mA             ; Off         ; Fitter               ;
; I[1]     ; J8    ; 4        ; 33           ; 31           ; 4           ; no              ; no                     ; no            ; no             ; no              ; no         ; no       ; Off          ; LVTTL        ; 24mA             ; Off         ; Fitter               ;
; I[2]     ; K3    ; 5        ; 53           ; 20           ; 0           ; no              ; no                     ; no            ; no             ; no              ; no         ; no       ; Off          ; LVTTL        ; 24mA             ; Off         ; Fitter               ;
; I[3]     ; G14   ; 3        ; 19           ; 31           ; 5           ; no              ; no                     ; no            ; no             ; no              ; no         ; no       ; Off          ; LVTTL        ; 24mA             ; Off         ; Fitter               ;
; I[4]     ; F2    ; 5        ; 53           ; 23           ; 2           ; no              ; no                     ; no            ; no             ; no              ; no         ; no       ; Off          ; LVTTL        ; 24mA             ; Off         ; Fitter               ;
; I[5]     ; N10   ; 7        ; 31           ; 0            ; 3           ; no              ; no                     ; no            ; no             ; no              ; no         ; no       ; Off          ; LVTTL        ; 24mA             ; Off         ; Fitter               ;
; I[6]     ; A12   ; 9        ; 25           ; 31           ; 3           ; no              ; no                     ; no            ; no             ; no              ; no         ; no       ; Off          ; LVTTL        ; 24mA             ; Off         ; Fitter               ;
; I[7]     ; P9    ; 7        ; 33           ; 0            ; 3           ; no              ; no                     ; no            ; no             ; no              ; no         ; no       ; Off          ; LVTTL        ; 24mA             ; Off         ; Fitter               ;
; LDAR     ; D13   ; 3        ; 21           ; 31           ; 1           ; no              ; no                     ; no            ; no             ; no              ; no         ; no       ; Off          ; LVTTL        ; 24mA             ; Off         ; Fitter               ;
; LDPC     ; C12   ; 9        ; 25           ; 31           ; 1           ; no              ; no                     ; no            ; no             ; no              ; no         ; no       ; Off          ; LVTTL        ; 24mA             ; Off         ; Fitter               ;
; LED_B    ; C13   ; 9        ; 25           ; 31           ; 4           ; no              ; no                     ; no            ; no             ; no              ; no         ; no       ; Off          ; LVTTL        ; 24mA             ; Off         ; Fitter               ;
; LOAD     ; K15   ; 3        ; 19           ; 31           ; 2           ; no              ; no                     ; no            ; no             ; no              ; no         ; no       ; Off          ; LVTTL        ; 24mA             ; Off         ; Fitter               ;
; M[10]    ; K10   ; 4        ; 31           ; 31           ; 3           ; no              ; no                     ; no            ; no             ; no              ; no         ; no       ; Off          ; LVTTL        ; 24mA             ; Off         ; Fitter               ;
; M[11]    ; L6    ; 5        ; 53           ; 22           ; 1           ; no              ; no                     ; no            ; no             ; no              ; no         ; no       ; Off          ; LVTTL        ; 24mA             ; Off         ; Fitter               ;
; M[12]    ; J9    ; 4        ; 33           ; 31           ; 0           ; no              ; no                     ; no            ; no             ; no              ; no         ; no       ; Off          ; LVTTL        ; 24mA             ; Off         ; Fitter               ;
; M[13]    ; Y9    ; 7        ; 36           ; 0            ; 0           ; no              ; no                     ; no            ; no             ; no              ; no         ; no       ; Off          ; LVTTL        ; 24mA             ; Off         ; Fitter               ;
; M[14]    ; H3    ; 5        ; 53           ; 24           ; 1           ; no              ; no                     ; no            ; no             ; no              ; no         ; no       ; Off          ; LVTTL        ; 24mA             ; Off         ; Fitter               ;
; M[15]    ; A8    ; 4        ; 44           ; 31           ; 5           ; no              ; no                     ; no            ; no             ; no              ; no         ; no       ; Off          ; LVTTL        ; 24mA             ; Off         ; Fitter               ;
; M[16]    ; B6    ; 4        ; 46           ; 31           ; 0           ; no              ; no                     ; no            ; no             ; no              ; no         ; no       ; Off          ; LVTTL        ; 24mA             ; Off         ; Fitter               ;
; M[17]    ; B12   ; 9        ; 25           ; 31           ; 2           ; no              ; no                     ; no            ; no             ; no              ; no         ; no       ; Off          ; LVTTL        ; 24mA             ; Off         ; Fitter               ;
; M[18]    ; C8    ; 4        ; 41           ; 31           ; 3           ; no              ; no                     ; no            ; no             ; no              ; no         ; no       ; Off          ; LVTTL        ; 24mA             ; Off         ; Fitter               ;
; M[19]    ; H8    ; 4        ; 41           ; 31           ; 5           ; no              ; no                     ; no            ; no             ; no              ; no         ; no       ; Off          ; LVTTL        ; 24mA             ; Off         ; Fitter               ;
; M[1]     ; K2    ; 5        ; 53           ; 20           ; 1           ; no              ; no                     ; no            ; no             ; no              ; no         ; no       ; Off          ; LVTTL        ; 24mA             ; Off         ; Fitter               ;
; M[20]    ; D9    ; 4        ; 36           ; 31           ; 2           ; no              ; no                     ; no            ; no             ; no              ; no         ; no       ; Off          ; LVTTL        ; 24mA             ; Off         ; Fitter               ;
; M[21]    ; H4    ; 5        ; 53           ; 24           ; 0           ; no              ; no                     ; no            ; no             ; no              ; no         ; no       ; Off          ; LVTTL        ; 24mA             ; Off         ; Fitter               ;
; M[22]    ; E8    ; 4        ; 41           ; 31           ; 2           ; no              ; no                     ; no            ; no             ; no              ; no         ; no       ; Off          ; LVTTL        ; 24mA             ; Off         ; Fitter               ;
; M[23]    ; F8    ; 4        ; 41           ; 31           ; 0           ; no              ; no                     ; no            ; no             ; no              ; no         ; no       ; Off          ; LVTTL        ; 24mA             ; Off         ; Fitter               ;
; M[24]    ; D6    ; 4        ; 46           ; 31           ; 4           ; no              ; no                     ; no            ; no             ; no              ; no         ; no       ; Off          ; LVTTL        ; 24mA             ; Off         ; Fitter               ;
; M[2]     ; H1    ; 5        ; 53           ; 21           ; 3           ; no              ; no                     ; no            ; no             ; no              ; no         ; no       ; Off          ; LVTTL        ; 24mA             ; Off         ; Fitter               ;
; M[3]     ; V9    ; 7        ; 36           ; 0            ; 4           ; no              ; no                     ; no            ; no             ; no              ; no         ; no       ; Off          ; LVTTL        ; 24mA             ; Off         ; Fitter               ;
; M[4]     ; B7    ; 4        ; 46           ; 31           ; 5           ; no              ; no                     ; no            ; no             ; no              ; no         ; no       ; Off          ; LVTTL        ; 24mA             ; Off         ; Fitter               ;
; M[5]     ; Y8    ; 7        ; 36           ; 0            ; 3           ; no              ; no                     ; no            ; no             ; no              ; no         ; no       ; Off          ; LVTTL        ; 24mA             ; Off         ; Fitter               ;
; M[6]     ; E7    ; 4        ; 44           ; 31           ; 1           ; no              ; no                     ; no            ; no             ; no              ; no         ; no       ; Off          ; LVTTL        ; 24mA             ; Off         ; Fitter               ;
; M[7]     ; J2    ; 5        ; 53           ; 21           ; 1           ; no              ; no                     ; no            ; no             ; no              ; no         ; no       ; Off          ; LVTTL        ; 24mA             ; Off         ; Fitter               ;
; M[8]     ; F7    ; 4        ; 46           ; 31           ; 1           ; no              ; no                     ; no            ; no             ; no              ; no         ; no       ; Off          ; LVTTL        ; 24mA             ; Off         ; Fitter               ;
; M[9]     ; J4    ; 5        ; 53           ; 25           ; 1           ; no              ; no                     ; no            ; no             ; no              ; no         ; no       ; Off          ; LVTTL        ; 24mA             ; Off         ; Fitter               ;
; PC_B     ; G8    ; 4        ; 41           ; 31           ; 4           ; no              ; no                     ; no            ; no             ; no              ; no         ; no       ; Off          ; LVTTL        ; 24mA             ; Off         ; Fitter               ;
; RAM_B    ; M8    ; 7        ; 33           ; 0            ; 2           ; no              ; no                     ; no            ; no             ; no              ; no         ; no       ; Off          ; LVTTL        ; 24mA             ; Off         ; Fitter               ;
; SW_B     ; B13   ; 9        ; 25           ; 31           ; 5           ; no              ; no                     ; no            ; no             ; no              ; no         ; no       ; Off          ; LVTTL        ; 24mA             ; Off         ; Fitter               ;
; d1[0]    ; A6    ; 4        ; 46           ; 31           ; 2           ; no              ; no                     ; no            ; no             ; no              ; no         ; no       ; Off          ; LVTTL        ; 24mA             ; Off         ; Fitter               ;
; d1[1]    ; L7    ; 4        ; 36           ; 31           ; 3           ; no              ; no                     ; no            ; no             ; no              ; no         ; no       ; Off          ; LVTTL        ; 24mA             ; Off         ; Fitter               ;
; d1[2]    ; F9    ; 4        ; 36           ; 31           ; 1           ; no              ; no                     ; no            ; no             ; no              ; no         ; no       ; Off          ; LVTTL        ; 24mA             ; Off         ; Fitter               ;
; d1[3]    ; F1    ; 5        ; 53           ; 23           ; 3           ; no              ; no                     ; no            ; no             ; no              ; no         ; no       ; Off          ; LVTTL        ; 24mA             ; Off         ; Fitter               ;
; d1[4]    ; P8    ; 7        ; 36           ; 0            ; 2           ; no              ; no                     ; no            ; no             ; no              ; no         ; no       ; Off          ; LVTTL        ; 24mA             ; Off         ; Fitter               ;
; d1[5]    ; J3    ; 5        ; 53           ; 21           ; 0           ; no              ; no                     ; no            ; no             ; no              ; no         ; no       ; Off          ; LVTTL        ; 24mA             ; Off         ; Fitter               ;
; d1[6]    ; E9    ; 4        ; 36           ; 31           ; 0           ; no              ; no                     ; no            ; no             ; no              ; no         ; no       ; Off          ; LVTTL        ; 24mA             ; Off         ; Fitter               ;
; d1[7]    ; K6    ; 5        ; 53           ; 23           ; 1           ; no              ; no                     ; no            ; no             ; no              ; no         ; no       ; Off          ; LVTTL        ; 24mA             ; Off         ; Fitter               ;
; in[0]    ; G1    ; 5        ; 53           ; 22           ; 2           ; no              ; no                     ; no            ; no             ; no              ; no         ; no       ; Off          ; LVTTL        ; 24mA             ; Off         ; Fitter               ;
; in[1]    ; E6    ; 4        ; 46           ; 31           ; 3           ; no              ; no                     ; no            ; no             ; no              ; no         ; no       ; Off          ; LVTTL        ; 24mA             ; Off         ; Fitter               ;
; in[2]    ; A7    ; 4        ; 44           ; 31           ; 4           ; no              ; no                     ; no            ; no             ; no              ; no         ; no       ; Off          ; LVTTL        ; 24mA             ; Off         ; Fitter               ;
; in[3]    ; A5    ; 4        ; 48           ; 31           ; 3           ; no              ; no                     ; no            ; no             ; no              ; no         ; no       ; Off          ; LVTTL        ; 24mA             ; Off         ; Fitter               ;
; in[4]    ; C9    ; 4        ; 36           ; 31           ; 5           ; no              ; no                     ; no            ; no             ; no              ; no         ; no       ; Off          ; LVTTL        ; 24mA             ; Off         ; Fitter               ;
; in[5]    ; K16   ; 3        ; 12           ; 31           ; 4           ; no              ; no                     ; no            ; no             ; no              ; no         ; no       ; Off          ; LVTTL        ; 24mA             ; Off         ; Fitter               ;
; in[6]    ; F21   ; 2        ; 0            ; 23           ; 2           ; no              ; no                     ; no            ; no             ; no              ; no         ; no       ; Off          ; LVTTL        ; 24mA             ; Off         ; Fitter               ;
; in[7]    ; M15   ; 3        ; 19           ; 31           ; 3           ; no              ; no                     ; no            ; no             ; no              ; no         ; no       ; Off          ; LVTTL        ; 24mA             ; Off         ; Fitter               ;
; led[0]   ; F10   ; 4        ; 33           ; 31           ; 2           ; no              ; no                     ; no            ; no             ; no              ; no         ; no       ; Off          ; LVTTL        ; 24mA             ; Off         ; Fitter               ;
; led[1]   ; K8    ; 4        ; 33           ; 31           ; 5           ; no              ; no                     ; no            ; no             ; no              ; no         ; no       ; Off          ; LVTTL        ; 24mA             ; Off         ; Fitter               ;
; led[2]   ; C14   ; 3        ; 21           ; 31           ; 3           ; no              ; no                     ; no            ; no             ; no              ; no         ; no       ; Off          ; LVTTL        ; 24mA             ; Off         ; Fitter               ;
; led[3]   ; C7    ; 4        ; 44           ; 31           ; 3           ; no              ; no                     ; no            ; no             ; no              ; no         ; no       ; Off          ; LVTTL        ; 24mA             ; Off         ; Fitter               ;
; led[4]   ; U9    ; 7        ; 36           ; 0            ; 5           ; no              ; no                     ; no            ; no             ; no              ; no         ; no       ; Off          ; LVTTL        ; 24mA             ; Off         ; Fitter               ;
; led[5]   ; D12   ; 9        ; 25           ; 31           ; 0           ; no              ; no                     ; no            ; no             ; no              ; no         ; no       ; Off          ; LVTTL        ; 24mA             ; Off         ; Fitter               ;
; led[6]   ; H10   ; 4        ; 33           ; 31           ; 1           ; no              ; no                     ; no            ; no             ; no              ; no         ; no       ; Off          ; LVTTL        ; 24mA             ; Off         ; Fitter               ;
; led[7]   ; T10   ; 7        ; 33           ; 0            ; 0           ; no              ; no                     ; no            ; no             ; no              ; no         ; no       ; Off          ; LVTTL        ; 24mA             ; Off         ; Fitter               ;
; uaddr[1] ; D8    ; 4        ; 41           ; 31           ; 1           ; no              ; no                     ; no            ; no             ; no              ; no         ; no       ; Off          ; LVTTL        ; 24mA             ; Off         ; Fitter               ;
; uaddr[2] ; G2    ; 5        ; 53           ; 22           ; 3           ; no              ; no                     ; no            ; no             ; no              ; no         ; no       ; Off          ; LVTTL        ; 24mA             ; Off         ; Fitter               ;
; uaddr[3] ; AA8   ; 7        ; 36           ; 0            ; 1           ; no              ; no                     ; no            ; no             ; no              ; no         ; no       ; Off          ; LVTTL        ; 24mA             ; Off         ; Fitter               ;
; uaddr[4] ; F6    ; 4        ; 44           ; 31           ; 0           ; no              ; no                     ; no            ; no             ; no              ; no         ; no       ; Off          ; LVTTL        ; 24mA             ; Off         ; Fitter               ;
; uaddr[5] ; N2    ; 6        ; 53           ; 11           ; 0           ; no              ; no                     ; no            ; no             ; no              ; no         ; no       ; Off          ; LVTTL        ; 24mA             ; Off         ; Fitter               ;
; uaddr[6] ; D7    ; 4        ; 44           ; 31           ; 2           ; no              ; no                     ; no            ; no             ; no              ; no         ; no       ; Off          ; LVTTL        ; 24mA             ; Off         ; Fitter               ;
+----------+-------+----------+--------------+--------------+-------------+-----------------+------------------------+---------------+----------------+-----------------+------------+----------+--------------+--------------+------------------+-------------+----------------------+


+------------------------------------------------------------+
; I/O Bank Usage                                             ;
+----------+------------------+---------------+--------------+
; I/O Bank ; Usage            ; VCCIO Voltage ; VREF Voltage ;
+----------+------------------+---------------+--------------+
; 1        ; 0 / 29 ( 0 % )   ; 3.3V          ; --           ;
; 2        ; 2 / 30 ( 6 % )   ; 3.3V          ; --           ;
; 3        ; 8 / 51 ( 15 % )  ; 3.3V          ; --           ;
; 4        ; 36 / 52 ( 69 % ) ; 3.3V          ; --           ;
; 5        ; 18 / 29 ( 62 % ) ; 3.3V          ; --           ;
; 6        ; 1 / 29 ( 3 % )   ; 3.3V          ; --           ;
; 7        ; 12 / 52 ( 23 % ) ; 3.3V          ; --           ;
; 8        ; 0 / 51 ( 0 % )   ; 3.3V          ; --           ;
; 9        ; 6 / 6 ( 100 % )  ; 3.3V          ; --           ;
; 11       ; 0 / 6 ( 0 % )    ; 3.3V          ; --           ;
+----------+------------------+---------------+--------------+


+---------------------------------------------------------------------------------------------------------------------------------------------+
; All Package Pins                                                                                                                            ;
+----------+------------+----------+---------------------------+--------+--------------+---------+------------+-------------+-----------------+
; Location ; Pad Number ; I/O Bank ; Pin Name/Usage            ; Dir.   ; I/O Standard ; Voltage ; I/O Type   ; Termination ; User Assignment ;
+----------+------------+----------+---------------------------+--------+--------------+---------+------------+-------------+-----------------+
; A1       ;            ;          ; VCCINT                    ; power  ;              ; 1.5V    ; --         ; --          ;                 ;
; A2       ;            ; 1        ; GND                       ; gnd    ;              ;         ; --         ; --          ;                 ;
; A3       ;            ; 4        ; VCCIO4                    ; power  ;              ; 3.3V    ; --         ; --          ;                 ;
; A4       ; 339        ; 4        ; GND*                      ;        ;              ;         ; Column I/O ; --          ;                 ;
; A5       ; 346        ; 4        ; in[3]                     ; output ; LVTTL        ;         ; Column I/O ; Off         ; N               ;
; A6       ; 351        ; 4        ; d1[0]                     ; output ; LVTTL        ;         ; Column I/O ; Off         ; N               ;
; A7       ; 355        ; 4        ; in[2]                     ; output ; LVTTL        ;         ; Column I/O ; Off         ; N               ;
; A8       ; 356        ; 4        ; M[15]                     ; output ; LVTTL        ;         ; Column I/O ; Off         ; N               ;
; A9       ;            ; 1        ; GND                       ; gnd    ;              ;         ; --         ; --          ;                 ;
; A10      ;            ; 4        ; VCCIO4                    ; power  ;              ; 3.3V    ; --         ; --          ;                 ;
; A11      ; 389        ; 4        ; SWA                       ; input  ; LVTTL        ;         ; Column I/O ; Off         ; N               ;
; A12      ; 395        ; 9        ; I[6]                      ; output ; LVTTL        ;         ; Column I/O ; Off         ; N               ;
; A13      ;            ; 3        ; VCCIO3                    ; power  ;              ; 3.3V    ; --         ; --          ;                 ;
; A14      ;            ; 1        ; GND                       ; gnd    ;              ;         ; --         ; --          ;                 ;
; A15      ; 416        ; 3        ; GND*                      ;        ;              ;         ; Column I/O ; --          ;                 ;
; A16      ; 429        ; 3        ; GND*                      ;        ;              ;         ; Column I/O ; --          ;                 ;
; A17      ; 436        ; 3        ; GND*                      ;        ;              ;         ; Column I/O ; --          ;                 ;
; A18      ; 444        ; 3        ; GND*                      ;        ;              ;         ; Column I/O ; --          ;                 ;
; A19      ; 450        ; 3        ; GND*                      ;        ;              ;         ; Column I/O ; --          ;                 ;
; A20      ;            ; 3        ; VCCIO3                    ; power  ;              ; 3.3V    ; --         ; --          ;                 ;
; A21      ;            ; 1        ; GND                       ; gnd    ;              ;         ; --         ; --          ;                 ;
; A22      ;            ;          ; VCCINT                    ; power  ;              ; 1.5V    ; --         ; --          ;                 ;
; AA1      ;            ; 1        ; GND                       ; gnd    ;              ;         ; --         ; --          ;                 ;
; AA2      ; 225        ; 7        ; GND*                      ;        ;              ;         ; Column I/O ; --          ;                 ;
; AA3      ; 224        ; 7        ; GND*                      ;        ;              ;         ; Column I/O ; --          ;                 ;
; AA4      ; 220        ; 7        ; GND*                      ;        ;              ;         ; Column I/O ; --          ;                 ;
; AA5      ; 216        ; 7        ; GND*                      ;        ;              ;         ; Column I/O ; --          ;                 ;
; AA6      ; 210        ; 7        ; GND*                      ;        ;              ;         ; Column I/O ; --          ;                 ;
; AA7      ; 204        ; 7        ; GND*                      ;        ;              ;         ; Column I/O ; --          ;                 ;
; AA8      ; 187        ; 7        ; uaddr[3]                  ; output ; LVTTL        ;         ; Column I/O ; Off         ; N               ;
; AA9      ;            ; 1        ; NC                        ;        ;              ;         ; --         ; --          ;                 ;
; AA10     ;            ; 1        ; NC                        ;        ;              ;         ; --         ; --          ;                 ;
; AA11     ; 168        ; 7        ; GND+                      ;        ;              ;         ; Column I/O ; --          ;                 ;
; AA12     ; 165        ; 11       ; GND*                      ;        ;              ;         ; Column I/O ; --          ;                 ;
; AA13     ; 167        ; 11       ; GND*                      ;        ;              ;         ; Column I/O ; --          ;                 ;
; AA14     ; 153        ; 8        ; GND+                      ;        ;              ;         ; Column I/O ; --          ;                 ;
; AA15     ; 131        ; 8        ; GND*                      ;        ;              ;         ; Column I/O ; --          ;                 ;
; AA16     ; 125        ; 8        ; GND*                      ;        ;              ;         ; Column I/O ; --          ;                 ;
; AA17     ; 111        ; 8        ; GND*                      ;        ;              ;         ; Column I/O ; --          ;                 ;
; AA18     ; 109        ; 8        ; GND*                      ;        ;              ;         ; Column I/O ; --          ;                 ;
; AA19     ; 108        ; 8        ; GND*                      ;        ;              ;         ; Column I/O ; --          ;                 ;
; AA20     ; 103        ; 8        ; GND*                      ;        ;              ;         ; Column I/O ; --          ;                 ;
; AA21     ; 102        ; 8        ; GND*                      ;        ;              ;         ; Column I/O ; --          ;                 ;
; AA22     ;            ; 1        ; GND                       ; gnd    ;              ;         ; --         ; --          ;                 ;
; AB1      ;            ;          ; VCCINT                    ; power  ;              ; 1.5V    ; --         ; --          ;                 ;
; AB2      ;            ; 1        ; GND                       ; gnd    ;              ;         ; --         ; --          ;                 ;
; AB3      ;            ; 7        ; VCCIO7                    ; power  ;              ; 3.3V    ; --         ; --          ;                 ;
; AB4      ; 221        ; 7        ; GND*                      ;        ;              ;         ; Column I/O ; --          ;                 ;
; AB5      ; 213        ; 7        ; GND*                      ;        ;              ;         ; Column I/O ; --          ;                 ;
; AB6      ; 212        ; 7        ; GND*                      ;        ;              ;         ; Column I/O ; --          ;                 ;
; AB7      ; 203        ; 7        ; GND*                      ;        ;              ;         ; Column I/O ; --          ;                 ;
; AB8      ; 201        ; 7        ; GND*                      ;        ;              ;         ; Column I/O ; --          ;                 ;
; AB9      ;            ; 1        ; GND                       ; gnd    ;              ;         ; --         ; --          ;                 ;
; AB10     ;            ; 7        ; VCCIO7                    ; power  ;              ; 3.3V    ; --         ; --          ;                 ;
; AB11     ; 170        ; 7        ; GND+                      ;        ;              ;         ; Column I/O ; --          ;                 ;
; AB12     ; 164        ; 11       ; GND*                      ;        ;              ;         ; Column I/O ; --          ;                 ;
; AB13     ;            ; 8        ; VCCIO8                    ; power  ;              ; 3.3V    ; --         ; --          ;                 ;
; AB14     ;            ; 1        ; GND                       ; gnd    ;              ;         ; --         ; --          ;                 ;
; AB15     ; 132        ; 8        ; GND*                      ;        ;              ;         ; Column I/O ; --          ;                 ;
; AB16     ; 129        ; 8        ; GND*                      ;        ;              ;         ; Column I/O ; --          ;                 ;
; AB17     ; 118        ; 8        ; GND*                      ;        ;              ;         ; Column I/O ; --          ;                 ;
; AB18     ; 113        ; 8        ; GND*                      ;        ;              ;         ; Column I/O ; --          ;                 ;
; AB19     ; 110        ; 8        ; GND*                      ;        ;              ;         ; Column I/O ; --          ;                 ;
; AB20     ;            ; 8        ; VCCIO8                    ; power  ;              ; 3.3V    ; --         ; --          ;                 ;
; AB21     ;            ; 1        ; GND                       ; gnd    ;              ;         ; --         ; --          ;                 ;
; AB22     ;            ;          ; VCCINT                    ; power  ;              ; 1.5V    ; --         ; --          ;                 ;
; B1       ;            ; 1        ; GND                       ; gnd    ;              ;         ; --         ; --          ;                 ;
; B2       ; 332        ; 4        ; GND*                      ;        ;              ;         ; Column I/O ; --          ;                 ;
; B3       ; 331        ; 4        ; GND*                      ;        ;              ;         ; Column I/O ; --          ;                 ;
; B4       ; 335        ; 4        ; GND*                      ;        ;              ;         ; Column I/O ; --          ;                 ;
; B5       ; 345        ; 4        ; d0[3]                     ; input  ; LVTTL        ;         ; Column I/O ; Off         ; N               ;
; B6       ; 353        ; 4        ; M[16]                     ; output ; LVTTL        ;         ; Column I/O ; Off         ; N               ;
; B7       ; 350        ; 4        ; M[4]                      ; output ; LVTTL        ;         ; Column I/O ; Off         ; N               ;
; B8       ; 367        ; 4        ; d0[1]                     ; input  ; LVTTL        ;         ; Column I/O ; Off         ; N               ;
; B9       ;            ; 1        ; NC                        ;        ;              ;         ; --         ; --          ;                 ;
; B10      ;            ; 1        ; NC                        ;        ;              ;         ; --         ; --          ;                 ;
; B11      ; 391        ; 4        ; d0[2]                     ; input  ; LVTTL        ;         ; Column I/O ; Off         ; N               ;
; B12      ; 394        ; 9        ; M[17]                     ; output ; LVTTL        ;         ; Column I/O ; Off         ; N               ;
; B13      ; 393        ; 9        ; SW_B                      ; output ; LVTTL        ;         ; Column I/O ; Off         ; N               ;
; B14      ; 406        ; 3        ; d0[7]                     ; input  ; LVTTL        ;         ; Column I/O ; Off         ; N               ;
; B15      ; 428        ; 3        ; GND*                      ;        ;              ;         ; Column I/O ; --          ;                 ;
; B16      ; 432        ; 3        ; GND*                      ;        ;              ;         ; Column I/O ; --          ;                 ;
; B17      ; 438        ; 3        ; GND*                      ;        ;              ;         ; Column I/O ; --          ;                 ;
; B18      ; 445        ; 3        ; GND*                      ;        ;              ;         ; Column I/O ; --          ;                 ;
; B19      ; 451        ; 3        ; GND*                      ;        ;              ;         ; Column I/O ; --          ;                 ;
; B20      ; 455        ; 3        ; GND*                      ;        ;              ;         ; Column I/O ; --          ;                 ;
; B21      ; 456        ; 3        ; GND*                      ;        ;              ;         ; Column I/O ; --          ;                 ;
; B22      ;            ; 1        ; GND                       ; gnd    ;              ;         ; --         ; --          ;                 ;
; C1       ;            ; 5        ; VCCIO5                    ; power  ;              ; 3.3V    ; --         ; --          ;                 ;
; C2       ; 334        ; 4        ; GND*                      ;        ;              ;         ; Column I/O ; --          ;                 ;
; C3       ; 336        ; 4        ; GND*                      ;        ;              ;         ; Column I/O ; --          ;                 ;
; C4       ; 337        ; 4        ; GND*                      ;        ;              ;         ; Column I/O ; --          ;                 ;
; C5       ; 343        ; 4        ; GND*                      ;        ;              ;         ; Column I/O ; --          ;                 ;
; C6       ; 347        ; 4        ; GND*                      ;        ;              ;         ; Column I/O ; --          ;                 ;
; C7       ; 358        ; 4        ; led[3]                    ; output ; LVTTL        ;         ; Column I/O ; Off         ; N               ;
; C8       ; 364        ; 4        ; M[18]                     ; output ; LVTTL        ;         ; Column I/O ; Off         ; N               ;
; C9       ; 368        ; 4        ; in[4]                     ; output ; LVTTL        ;         ; Column I/O ; Off         ; N               ;
; C10      ;            ; 1        ; NC                        ;        ;              ;         ; --         ; --          ;                 ;
; C11      ;            ; 1        ; NC                        ;        ;              ;         ; --         ; --          ;                 ;
; C12      ; 397        ; 9        ; LDPC                      ; output ; LVTTL        ;         ; Column I/O ; Off         ; N               ;
; C13      ; 392        ; 9        ; LED_B                     ; output ; LVTTL        ;         ; Column I/O ; Off         ; N               ;
; C14      ; 407        ; 3        ; led[2]                    ; output ; LVTTL        ;         ; Column I/O ; Off         ; N               ;
; C15      ; 417        ; 3        ; GND*                      ;        ;              ;         ; Column I/O ; --          ;                 ;
; C16      ; 433        ; 3        ; GND*                      ;        ;              ;         ; Column I/O ; --          ;                 ;
; C17      ; 440        ; 3        ; GND*                      ;        ;              ;         ; Column I/O ; --          ;                 ;
; C18      ; 441        ; 3        ; GND*                      ;        ;              ;         ; Column I/O ; --          ;                 ;
; C19      ; 452        ; 3        ; GND*                      ;        ;              ;         ; Column I/O ; --          ;                 ;
; C20      ; 457        ; 3        ; GND*                      ;        ;              ;         ; Column I/O ; --          ;                 ;
; C21      ; 453        ; 3        ; GND*                      ;        ;              ;         ; Column I/O ; --          ;                 ;
; C22      ;            ; 2        ; VCCIO2                    ; power  ;              ; 3.3V    ; --         ; --          ;                 ;
; D1       ; 329        ; 5        ; GND*                      ;        ;              ;         ; Row I/O    ; --          ;                 ;
; D2       ; 328        ; 5        ; GND*                      ;        ;              ;         ; Row I/O    ; --          ;                 ;
; D3       ; 333        ; 4        ; GND*                      ;        ;              ;         ; Column I/O ; --          ;                 ;
; D4       ; 338        ; 4        ; GND*                      ;        ;              ;         ; Column I/O ; --          ;                 ;
; D5       ; 344        ; 4        ; GND*                      ;        ;              ;         ; Column I/O ; --          ;                 ;
; D6       ; 349        ; 4        ; M[24]                     ; output ; LVTTL        ;         ; Column I/O ; Off         ; N               ;
; D7       ; 357        ; 4        ; uaddr[6]                  ; output ; LVTTL        ;         ; Column I/O ; Off         ; N               ;
; D8       ; 366        ; 4        ; uaddr[1]                  ; output ; LVTTL        ;         ; Column I/O ; Off         ; N               ;
; D9       ; 369        ; 4        ; M[20]                     ; output ; LVTTL        ;         ; Column I/O ; Off         ; N               ;
; D10      ;            ; 1        ; NC                        ;        ;              ;         ; --         ; --          ;                 ;
; D11      ;            ; 1        ; NC                        ;        ;              ;         ; --         ; --          ;                 ;
; D12      ; 396        ; 9        ; led[5]                    ; output ; LVTTL        ;         ; Column I/O ; Off         ; N               ;
; D13      ; 409        ; 3        ; LDAR                      ; output ; LVTTL        ;         ; Column I/O ; Off         ; N               ;
; D14      ; 419        ; 3        ; GND*                      ;        ;              ;         ; Column I/O ; --          ;                 ;
; D15      ; 425        ; 3        ; GND*                      ;        ;              ;         ; Column I/O ; --          ;                 ;
; D16      ; 434        ; 3        ; GND*                      ;        ;              ;         ; Column I/O ; --          ;                 ;
; D17      ; 442        ; 3        ; GND*                      ;        ;              ;         ; Column I/O ; --          ;                 ;
; D18      ; 446        ; 3        ; GND*                      ;        ;              ;         ; Column I/O ; --          ;                 ;
; D19      ; 454        ; 3        ; GND*                      ;        ;              ;         ; Column I/O ; --          ;                 ;
; D20      ; 458        ; 3        ; GND*                      ;        ;              ;         ; Column I/O ; --          ;                 ;
; D21      ; 1          ; 2        ; GND*                      ;        ;              ;         ; Row I/O    ; --          ;                 ;
; D22      ; 0          ; 2        ; GND*                      ;        ;              ;         ; Row I/O    ; --          ;                 ;
; E1       ; 324        ; 5        ; GND*                      ;        ;              ;         ; Row I/O    ; --          ;                 ;
; E2       ; 325        ; 5        ; GND*                      ;        ;              ;         ; Row I/O    ; --          ;                 ;
; E3       ;            ; 1        ; NC                        ;        ;              ;         ; --         ; --          ;                 ;
; E4       ;            ; 1        ; NC                        ;        ;              ;         ; --         ; --          ;                 ;
; E5       ; 348        ; 4        ; GND*                      ;        ;              ;         ; Column I/O ; --          ;                 ;
; E6       ; 352        ; 4        ; in[1]                     ; output ; LVTTL        ;         ; Column I/O ; Off         ; N               ;
; E7       ; 360        ; 4        ; M[6]                      ; output ; LVTTL        ;         ; Column I/O ; Off         ; N               ;
; E8       ; 363        ; 4        ; M[22]                     ; output ; LVTTL        ;         ; Column I/O ; Off         ; N               ;
; E9       ; 371        ; 4        ; d1[6]                     ; output ; LVTTL        ;         ; Column I/O ; Off         ; N               ;
; E10      ;            ; 1        ; NC                        ;        ;              ;         ; --         ; --          ;                 ;
; E11      ;            ; 1        ; NC                        ;        ;              ;         ; --         ; --          ;                 ;
; E12      ;            ; 1        ; NC                        ;        ;              ;         ; --         ; --          ;                 ;
; E13      ; 408        ; 3        ; GND+                      ;        ;              ;         ; Column I/O ; --          ;                 ;
; E14      ; 421        ; 3        ; GND*                      ;        ;              ;         ; Column I/O ; --          ;                 ;
; E15      ; 426        ; 3        ; GND*                      ;        ;              ;         ; Column I/O ; --          ;                 ;
; E16      ; 430        ; 3        ; GND*                      ;        ;              ;         ; Column I/O ; --          ;                 ;
; E17      ; 437        ; 3        ; GND*                      ;        ;              ;         ; Column I/O ; --          ;                 ;
; E18      ; 443        ; 3        ; GND*                      ;        ;              ;         ; Column I/O ; --          ;                 ;
; E19      ; 2          ; 2        ; GND*                      ;        ;              ;         ; Row I/O    ; --          ;                 ;
; E20      ; 3          ; 2        ; GND*                      ;        ;              ;         ; Row I/O    ; --          ;                 ;
; E21      ; 4          ; 2        ; GND*                      ;        ;              ;         ; Row I/O    ; --          ;                 ;
; E22      ; 5          ; 2        ; GND*                      ;        ;              ;         ; Row I/O    ; --          ;                 ;
; F1       ; 299        ; 5        ; d1[3]                     ; output ; LVTTL        ;         ; Row I/O    ; Off         ; N               ;
; F2       ; 300        ; 5        ; I[4]                      ; output ; LVTTL        ;         ; Row I/O    ; Off         ; N               ;
; F3       ; 326        ; 5        ; GND*                      ;        ;              ;         ; Row I/O    ; --          ;                 ;
; F4       ; 327        ; 5        ; GND*                      ;        ;              ;         ; Row I/O    ; --          ;                 ;
; F5       ; 322        ; 5        ; GND*                      ;        ;              ;         ; Row I/O    ; --          ;                 ;
; F6       ; 359        ; 4        ; uaddr[4]                  ; output ; LVTTL        ;         ; Column I/O ; Off         ; N               ;
; F7       ; 354        ; 4        ; M[8]                      ; output ; LVTTL        ;         ; Column I/O ; Off         ; N               ;
; F8       ; 365        ; 4        ; M[23]                     ; output ; LVTTL        ;         ; Column I/O ; Off         ; N               ;
; F9       ; 372        ; 4        ; d1[2]                     ; output ; LVTTL        ;         ; Column I/O ; Off         ; N               ;
; F10      ; 376        ; 4        ; led[0]                    ; output ; LVTTL        ;         ; Column I/O ; Off         ; N               ;
; F11      ;            ; 1        ; VCCG_PLL5                 ; power  ;              ; 1.5V    ; --         ; --          ;                 ;
; F12      ;            ; 1        ; GNDA_PLL5                 ; gnd    ;              ;         ; --         ; --          ;                 ;
; F13      ;            ; 9        ; VCC_PLL5_OUTA             ; power  ;              ; 3.3V    ; --         ; --          ;                 ;
; F14      ; 420        ; 3        ; GND*                      ;        ;              ;         ; Column I/O ; --          ;                 ;
; F15      ; 427        ; 3        ; GND*                      ;        ;              ;         ; Column I/O ; --          ;                 ;
; F16      ; 435        ; 3        ; GND*                      ;        ;              ;         ; Column I/O ; --          ;                 ;
; F17      ; 439        ; 3        ; GND*                      ;        ;              ;         ; Column I/O ; --          ;                 ;
; F18      ; 7          ; 2        ; GND*                      ;        ;              ;         ; Row I/O    ; --          ;                 ;
; F19      ;            ; 1        ; NC                        ;        ;              ;         ; --         ; --          ;                 ;
; F20      ;            ; 1        ; NC                        ;        ;              ;         ; --         ; --          ;                 ;
; F21      ; 29         ; 2        ; in[6]                     ; output ; LVTTL        ;         ; Row I/O    ; Off         ; N               ;
; F22      ; 30         ; 2        ; GND*                      ;        ;              ;         ; Row I/O    ; --          ;                 ;
; G1       ; 296        ; 5        ; in[0]                     ; output ; LVTTL        ;         ; Row I/O    ; Off         ; N               ;
; G2       ; 295        ; 5        ; uaddr[2]                  ; output ; LVTTL        ;         ; Row I/O    ; Off         ; N               ;
; G3       ; 313        ; 5        ; GND*                      ;        ;              ;         ; Row I/O    ; --          ;                 ;
; G4       ; 314        ; 5        ; GND*                      ;        ;              ;         ; Row I/O    ; --          ;                 ;
; G5       ; 318        ; 5        ; GND*                      ;        ;              ;         ; Row I/O    ; --          ;                 ;
; G6       ;            ; 1        ; GND                       ; gnd    ;              ;         ; --         ; --          ;                 ;
; G7       ; 330        ; 4        ; GND*                      ;        ;              ;         ; Column I/O ; --          ;                 ;
; G8       ; 361        ; 4        ; PC_B                      ; output ; LVTTL        ;         ; Column I/O ; Off         ; N               ;
; G9       ; 384        ; 4        ; CLK1                      ; input  ; LVTTL        ;         ; Column I/O ; Off         ; N               ;
; G10      ; 380        ; 4        ; #TMS                      ; input  ;              ;         ; --         ; --          ;                 ;
; G11      ;            ; 1        ; GNDG_PLL5                 ; gnd    ;              ;         ; --         ; --          ;                 ;
; G12      ;            ; 1        ; TEMPDIODEp                ;        ;              ;         ; --         ; --          ;                 ;
; G13      ;            ; 1        ; VCCA_PLL5                 ; power  ;              ; 1.5V    ; --         ; --          ;                 ;
; G14      ; 412        ; 3        ; I[3]                      ; output ; LVTTL        ;         ; Column I/O ; Off         ; N               ;
; G15      ;            ; 1        ; GND                       ;        ;              ;         ; --         ; --          ;                 ;
; G16      ; 431        ; 3        ; GND*                      ;        ;              ;         ; Column I/O ; --          ;                 ;
; G17      ;            ; 1        ; GND                       ; gnd    ;              ;         ; --         ; --          ;                 ;
; G18      ; 11         ; 2        ; GND*                      ;        ;              ;         ; Row I/O    ; --          ;                 ;
; G19      ; 15         ; 2        ; GND*                      ;        ;              ;         ; Row I/O    ; --          ;                 ;
; G20      ; 16         ; 2        ; GND*                      ;        ;              ;         ; Row I/O    ; --          ;                 ;
; G21      ; 34         ; 2        ; GND*                      ;        ;              ;         ; Row I/O    ; --          ;                 ;
; G22      ; 33         ; 2        ; GND*                      ;        ;              ;         ; Row I/O    ; --          ;                 ;
; H1       ; 290        ; 5        ; M[2]                      ; output ; LVTTL        ;         ; Row I/O    ; Off         ; N               ;
; H2       ; 291        ; 5        ; d0[4]                     ; input  ; LVTTL        ;         ; Row I/O    ; Off         ; N               ;
; H3       ; 301        ; 5        ; M[14]                     ; output ; LVTTL        ;         ; Row I/O    ; Off         ; N               ;
; H4       ; 302        ; 5        ; M[21]                     ; output ; LVTTL        ;         ; Row I/O    ; Off         ; N               ;
; H5       ; 317        ; 5        ; GND                       ;        ;              ;         ; --         ; --          ;                 ;
; H6       ; 342        ; 4        ; GND                       ;        ;              ;         ; --         ; --          ;                 ;
; H7       ; 373        ; 4        ; GND                       ;        ;              ;         ; --         ; --          ;                 ;
; H8       ; 362        ; 4        ; M[19]                     ; output ; LVTTL        ;         ; Column I/O ; Off         ; N               ;
; H9       ;            ; 1        ; NC                        ;        ;              ;         ; --         ; --          ;                 ;
; H10      ; 379        ; 4        ; led[6]                    ; output ; LVTTL        ;         ; Column I/O ; Off         ; N               ;
; H11      ; 387        ; 4        ; #TDO                      ; output ;              ;         ; --         ; --          ;                 ;
; H12      ;            ; 1        ; TEMPDIODEn                ;        ;              ;         ; --         ; --          ;                 ;
; H13      ; 403        ; 3        ; ^nCONFIG                  ;        ;              ;         ; --         ; --          ;                 ;
; H14      ; 410        ; 3        ; GND                       ;        ;              ;         ; --         ; --          ;                 ;
; H15      ; 447        ; 3        ; GND                       ;        ;              ;         ; --         ; --          ;                 ;
; H16      ;            ; 1        ; NC                        ;        ;              ;         ; --         ; --          ;                 ;
; H17      ; 24         ; 2        ; GND*                      ;        ;              ;         ; Row I/O    ; --          ;                 ;
; H18      ; 12         ; 2        ; GND                       ;        ;              ;         ; --         ; --          ;                 ;
; H19      ; 27         ; 2        ; GND*                      ;        ;              ;         ; Row I/O    ; --          ;                 ;
; H20      ; 28         ; 2        ; GND*                      ;        ;              ;         ; Row I/O    ; --          ;                 ;
; H21      ; 38         ; 2        ; GND*                      ;        ;              ;         ; Row I/O    ; --          ;                 ;
; H22      ; 39         ; 2        ; GND*                      ;        ;              ;         ; Row I/O    ; --          ;                 ;
; J1       ;            ; 1        ; GND                       ; gnd    ;              ;         ; --         ; --          ;                 ;
; J2       ; 288        ; 5        ; M[7]                      ; output ; LVTTL        ;         ; Row I/O    ; Off         ; N               ;
; J3       ; 289        ; 5        ; d1[5]                     ; output ; LVTTL        ;         ; Row I/O    ; Off         ; N               ;
; J4       ; 305        ; 5        ; M[9]                      ; output ; LVTTL        ;         ; Row I/O    ; Off         ; N               ;
; J5       ; 292        ; 5        ; GND                       ;        ;              ;         ; --         ; --          ;                 ;
; J6       ; 309        ; 5        ; d0[0]                     ; input  ; LVTTL        ;         ; Row I/O    ; Off         ; N               ;
; J7       ; 340        ; 4        ; GND*                      ;        ;              ;         ; Column I/O ; --          ;                 ;
; J8       ; 374        ; 4        ; I[1]                      ; output ; LVTTL        ;         ; Column I/O ; Off         ; N               ;
; J9       ; 378        ; 4        ; M[12]                     ; output ; LVTTL        ;         ; Column I/O ; Off         ; N               ;
; J10      ; 381        ; 4        ; #TRST                     ; input  ;              ;         ; --         ; --          ;                 ;
; J11      ; 386        ; 4        ; #TDI                      ; input  ;              ;         ; --         ; --          ;                 ;
; J12      ; 402        ; 3        ; ^nSTATUS                  ;        ;              ;         ; --         ; --          ;                 ;
; J13      ; 404        ; 3        ; ^DCLK                     ;        ;              ;         ; --         ; --          ;                 ;
; J14      ; 448        ; 3        ; GND*                      ;        ;              ;         ; Column I/O ; --          ;                 ;
; J15      ; 418        ; 3        ; d0[5]                     ; input  ; LVTTL        ;         ; Column I/O ; Off         ; N               ;
; J16      ; 424        ; 3        ; GND*                      ;        ;              ;         ; Column I/O ; --          ;                 ;
; J17      ; 14         ; 2        ; GND*                      ;        ;              ;         ; Row I/O    ; --          ;                 ;
; J18      ; 37         ; 2        ; GND                       ;        ;              ;         ; --         ; --          ;                 ;
; J19      ; 20         ; 2        ; GND*                      ;        ;              ;         ; Row I/O    ; --          ;                 ;
; J20      ; 40         ; 2        ; GND*                      ;        ;              ;         ; Row I/O    ; --          ;                 ;
; J21      ; 41         ; 2        ; GND*                      ;        ;              ;         ; Row I/O    ; --          ;                 ;
; J22      ;            ; 1        ; GND                       ; gnd    ;              ;         ; --         ; --          ;                 ;
; K1       ;            ; 5        ; VCCIO5                    ; power  ;              ; 3.3V    ; --         ; --          ;                 ;
; K2       ; 284        ; 5        ; M[1]                      ; output ; LVTTL        ;         ; Row I/O    ; Off         ; N               ;
; K3       ; 285        ; 5        ; I[2]                      ; output ; LVTTL        ;         ; Row I/O    ; Off         ; N               ;
; K4       ;            ; 1        ; VCCA_PLL4                 ; power  ;              ; 1.5V    ; --         ; --          ;                 ;
; K5       ;            ; 1        ; VCCG_PLL4                 ; power  ;              ; 1.5V    ; --         ; --          ;                 ;
; K6       ; 297        ; 5        ; d1[7]                     ; output ; LVTTL        ;         ; Row I/O    ; Off         ; N               ;
; K7       ; 341        ; 4        ; GND*                      ;        ;              ;         ; Column I/O ; --          ;                 ;
; K8       ; 375        ; 4        ; led[1]                    ; output ; LVTTL        ;         ; Column I/O ; Off         ; N               ;
; K9       ; 382        ; 4        ; #TCK                      ; input  ;              ;         ; --         ; --          ;                 ;
; K10      ; 383        ; 4        ; M[10]                     ; output ; LVTTL        ;         ; Column I/O ; Off         ; N               ;
; K11      ;            ; 1        ; GND                       ; gnd    ;              ;         ; --         ; --          ;                 ;
; K12      ;            ;          ; VCCINT                    ; power  ;              ; 1.5V    ; --         ; --          ;                 ;
; K13      ; 405        ; 3        ; ^CONF_DONE                ;        ;              ;         ; --         ; --          ;                 ;
; K14      ; 411        ; 3        ; GND*                      ;        ;              ;         ; Column I/O ; --          ;                 ;
; K15      ; 413        ; 3        ; LOAD                      ; output ; LVTTL        ;         ; Column I/O ; Off         ; N               ;
; K16      ; 423        ; 3        ; in[5]                     ; output ; LVTTL        ;         ; Column I/O ; Off         ; N               ;
; K17      ; 32         ; 2        ; d0[6]                     ; input  ; LVTTL        ;         ; Row I/O    ; Off         ; N               ;
; K18      ;            ; 1        ; VCCG_PLL1                 ; power  ;              ; 1.5V    ; --         ; --          ;                 ;
; K19      ;            ; 1        ; VCCA_PLL1                 ; power  ;              ; 1.5V    ; --         ; --          ;                 ;
; K20      ; 44         ; 2        ; GND*                      ;        ;              ;         ; Row I/O    ; --          ;                 ;
; K21      ; 45         ; 2        ; GND*                      ;        ;              ;         ; Row I/O    ; --          ;                 ;
; K22      ;            ; 2        ; VCCIO2                    ; power  ;              ; 3.3V    ; --         ; --          ;                 ;
; L1       ; 283        ; 5        ; GND+                      ;        ;              ;         ; Row I/O    ; --          ;                 ;
; L2       ; 282        ; 5        ; RST1                      ; input  ; LVTTL        ;         ; Row I/O    ; Off         ; N               ;
; L3       ; 280        ; 5        ; STEP                      ; input  ; LVTTL        ;         ; Row I/O    ; Off         ; N               ;
; L4       ;            ; 1        ; GNDA_PLL4                 ; gnd    ;              ;         ; --         ; --          ;                 ;
; L5       ;            ; 1        ; GNDG_PLL4                 ; gnd    ;              ;         ; --         ; --          ;                 ;
; L6       ; 293        ; 5        ; M[11]                     ; output ; LVTTL        ;         ; Row I/O    ; Off         ; N               ;
; L7       ; 370        ; 4        ; d1[1]                     ; output ; LVTTL        ;         ; Column I/O ; Off         ; N               ;
; L8       ; 377        ; 4        ; +~DATA0~ / RESERVED_INPUT ; input  ; LVTTL        ;         ; Column I/O ; Off         ; N               ;
; L9       ;            ;          ; VCCINT                    ; power  ;              ; 1.5V    ; --         ; --          ;                 ;
; L10      ;            ; 1        ; GND                       ; gnd    ;              ;         ; --         ; --          ;                 ;
; L11      ;            ;          ; VCCINT                    ; power  ;              ; 1.5V    ; --         ; --          ;                 ;
; L12      ;            ; 1        ; GND                       ; gnd    ;              ;         ; --         ; --          ;                 ;
; L13      ;            ;          ; VCCINT                    ; power  ;              ; 1.5V    ; --         ; --          ;                 ;
; L14      ;            ; 1        ; GND                       ; gnd    ;              ;         ; --         ; --          ;                 ;
; L15      ; 415        ; 3        ; GND*                      ;        ;              ;         ; Column I/O ; --          ;                 ;
; L16      ; 422        ; 3        ; GND*                      ;        ;              ;         ; Column I/O ; --          ;                 ;
; L17      ; 35         ; 2        ; GND*                      ;        ;              ;         ; Row I/O    ; --          ;                 ;
; L18      ;            ; 1        ; GNDG_PLL1                 ; gnd    ;              ;         ; --         ; --          ;                 ;
; L19      ;            ; 1        ; GNDA_PLL1                 ; gnd    ;              ;         ; --         ; --          ;                 ;
; L20      ; 49         ; 2        ; GND+                      ;        ;              ;         ; Row I/O    ; --          ;                 ;
; L21      ; 47         ; 2        ; GND+                      ;        ;              ;         ; Row I/O    ; --          ;                 ;
; L22      ; 46         ; 2        ; GND+                      ;        ;              ;         ; Row I/O    ; --          ;                 ;
; M1       ; 278        ; 6        ; GND+                      ;        ;              ;         ; Row I/O    ; --          ;                 ;
; M2       ; 279        ; 6        ; GND+                      ;        ;              ;         ; Row I/O    ; --          ;                 ;
; M3       ; 277        ; 6        ; GND+                      ;        ;              ;         ; Row I/O    ; --          ;                 ;
; M4       ;            ; 1        ; GNDA_PLL3                 ; gnd    ;              ;         ; --         ; --          ;                 ;
; M5       ;            ; 1        ; VCCA_PLL3                 ; power  ;              ; 1.5V    ; --         ; --          ;                 ;
; M6       ; 263        ; 6        ; GND*                      ;        ;              ;         ; Row I/O    ; --          ;                 ;
; M7       ; 198        ; 7        ; GND*                      ;        ;              ;         ; Column I/O ; --          ;                 ;
; M8       ; 183        ; 7        ; RAM_B                     ; output ; LVTTL        ;         ; Column I/O ; Off         ; N               ;
; M9       ;            ; 1        ; GND                       ; gnd    ;              ;         ; --         ; --          ;                 ;
; M10      ;            ;          ; VCCINT                    ; power  ;              ; 1.5V    ; --         ; --          ;                 ;
; M11      ;            ; 1        ; GND                       ; gnd    ;              ;         ; --         ; --          ;                 ;
; M12      ;            ;          ; VCCINT                    ; power  ;              ; 1.5V    ; --         ; --          ;                 ;
; M13      ;            ; 1        ; GND                       ; gnd    ;              ;         ; --         ; --          ;                 ;
; M14      ;            ;          ; VCCINT                    ; power  ;              ; 1.5V    ; --         ; --          ;                 ;
; M15      ; 414        ; 3        ; in[7]                     ; output ; LVTTL        ;         ; Column I/O ; Off         ; N               ;
; M16      ; 459        ; 3        ; GND*                      ;        ;              ;         ; Column I/O ; --          ;                 ;
; M17      ; 66         ; 1        ; GND*                      ;        ;              ;         ; Row I/O    ; --          ;                 ;
; M18      ;            ; 1        ; VCCA_PLL2                 ; power  ;              ; 1.5V    ; --         ; --          ;                 ;
; M19      ;            ; 1        ; GNDA_PLL2                 ; gnd    ;              ;         ; --         ; --          ;                 ;
; M20      ; 52         ; 1        ; GND+                      ;        ;              ;         ; Row I/O    ; --          ;                 ;
; M21      ; 50         ; 1        ; GND+                      ;        ;              ;         ; Row I/O    ; --          ;                 ;
; M22      ; 51         ; 1        ; GND+                      ;        ;              ;         ; Row I/O    ; --          ;                 ;
; N1       ;            ; 6        ; VCCIO6                    ; power  ;              ; 3.3V    ; --         ; --          ;                 ;
; N2       ; 273        ; 6        ; uaddr[5]                  ; output ; LVTTL        ;         ; Row I/O    ; Off         ; N               ;
; N3       ; 272        ; 6        ; GND*                      ;        ;              ;         ; Row I/O    ; --          ;                 ;
; N4       ;            ; 1        ; GNDG_PLL3                 ; gnd    ;              ;         ; --         ; --          ;                 ;
; N5       ;            ; 1        ; VCCG_PLL3                 ; power  ;              ; 1.5V    ; --         ; --          ;                 ;
; N6       ; 259        ; 6        ; GND*                      ;        ;              ;         ; Row I/O    ; --          ;                 ;
; N7       ; 218        ; 7        ; GND*                      ;        ;              ;         ; Column I/O ; --          ;                 ;
; N8       ; 185        ; 7        ; I[0]                      ; output ; LVTTL        ;         ; Column I/O ; Off         ; N               ;
; N9       ; 177        ; 7        ; ^nIO_PULLUP               ;        ;              ;         ; --         ; --          ;                 ;
; N10      ; 176        ; 7        ; I[5]                      ; output ; LVTTL        ;         ; Column I/O ; Off         ; N               ;
; N11      ;            ;          ; VCCINT                    ; power  ;              ; 1.5V    ; --         ; --          ;                 ;
; N12      ;            ; 1        ; GND                       ; gnd    ;              ;         ; --         ; --          ;                 ;
; N13      ; 128        ; 8        ; GND*                      ;        ;              ;         ; Column I/O ; --          ;                 ;
; N14      ; 140        ; 8        ; GND*                      ;        ;              ;         ; Column I/O ; --          ;                 ;
; N15      ; 144        ; 8        ; GND*                      ;        ;              ;         ; Column I/O ; --          ;                 ;
; N16      ; 126        ; 8        ; GND*                      ;        ;              ;         ; Column I/O ; --          ;                 ;
; N17      ; 70         ; 1        ; GND*                      ;        ;              ;         ; Row I/O    ; --          ;                 ;
; N18      ;            ; 1        ; VCCG_PLL2                 ; power  ;              ; 1.5V    ; --         ; --          ;                 ;
; N19      ;            ; 1        ; GNDG_PLL2                 ; gnd    ;              ;         ; --         ; --          ;                 ;
; N20      ; 57         ; 1        ; GND*                      ;        ;              ;         ; Row I/O    ; --          ;                 ;
; N21      ; 56         ; 1        ; GND*                      ;        ;              ;         ; Row I/O    ; --          ;                 ;
; N22      ;            ; 1        ; VCCIO1                    ; power  ;              ; 3.3V    ; --         ; --          ;                 ;
; P1       ;            ; 1        ; GND                       ; gnd    ;              ;         ; --         ; --          ;                 ;
; P2       ; 269        ; 6        ; GND*                      ;        ;              ;         ; Row I/O    ; --          ;                 ;
; P3       ; 268        ; 6        ; GND*                      ;        ;              ;         ; Row I/O    ; --          ;                 ;
; P4       ; 251        ; 6        ; GND*                      ;        ;              ;         ; Row I/O    ; --          ;                 ;
; P5       ; 267        ; 6        ; GND                       ;        ;              ;         ; --         ; --          ;                 ;
; P6       ; 247        ; 6        ; GND*                      ;        ;              ;         ; Row I/O    ; --          ;                 ;
; P7       ; 219        ; 7        ; GND*                      ;        ;              ;         ; Column I/O ; --          ;                 ;
; P8       ; 190        ; 7        ; d1[4]                     ; output ; LVTTL        ;         ; Column I/O ; Off         ; N               ;
; P9       ; 182        ; 7        ; I[7]                      ; output ; LVTTL        ;         ; Column I/O ; Off         ; N               ;
; P10      ; 180        ; 7        ; GND*                      ;        ;              ;         ; Column I/O ; --          ;                 ;
; P11      ; 173        ; 7        ; ^nCEO                     ;        ;              ;         ; --         ; --          ;                 ;
; P12      ; 156        ; 8        ; ^MSEL1                    ;        ;              ;         ; --         ; --          ;                 ;
; P13      ; 148        ; 8        ; GND*                      ;        ;              ;         ; Column I/O ; --          ;                 ;
; P14      ; 146        ; 8        ; GND*                      ;        ;              ;         ; Column I/O ; --          ;                 ;
; P15      ; 143        ; 8        ; GND*                      ;        ;              ;         ; Column I/O ; --          ;                 ;
; P16      ; 135        ; 8        ; GND*                      ;        ;              ;         ; Column I/O ; --          ;                 ;
; P17      ; 82         ; 1        ; GND*                      ;        ;              ;         ; Row I/O    ; --          ;                 ;
; P18      ; 62         ; 1        ; GND                       ;        ;              ;         ; --         ; --          ;                 ;
; P19      ; 86         ; 1        ; GND*                      ;        ;              ;         ; Row I/O    ; --          ;                 ;
; P20      ; 61         ; 1        ; GND*                      ;        ;              ;         ; Row I/O    ; --          ;                 ;
; P21      ; 60         ; 1        ; GND*                      ;        ;              ;         ; Row I/O    ; --          ;                 ;
; P22      ;            ; 1        ; GND                       ; gnd    ;              ;         ; --         ; --          ;                 ;
; R1       ; 271        ; 6        ; GND*                      ;        ;              ;         ; Row I/O    ; --          ;                 ;
; R2       ; 270        ; 6        ; GND*                      ;        ;              ;         ; Row I/O    ; --          ;                 ;
; R3       ; 255        ; 6        ; GND*                      ;        ;              ;         ; Row I/O    ; --          ;                 ;
; R4       ; 256        ; 6        ; GND*                      ;        ;              ;         ; Row I/O    ; --          ;                 ;
; R5       ;            ; 1        ; NC                        ;        ;              ;         ; --         ; --          ;                 ;
; R6       ; 242        ; 6        ; GND                       ;        ;              ;         ; --         ; --          ;                 ;
; R7       ; 217        ; 7        ; GND                       ;        ;              ;         ; --         ; --          ;                 ;
; R8       ; 175        ; 7        ; SWB                       ; input  ; LVTTL        ;         ; Column I/O ; Off         ; N               ;
; R9       ; 186        ; 7        ; GND                       ;        ;              ;         ; --         ; --          ;                 ;
; R10      ; 178        ; 7        ; ^VCCSEL                   ;        ;              ;         ; --         ; --          ;                 ;
; R11      ; 172        ; 7        ; ^nCE                      ;        ;              ;         ; --         ; --          ;                 ;
; R12      ; 157        ; 8        ; ^MSEL2                    ;        ;              ;         ; --         ; --          ;                 ;
; R13      ; 154        ; 8        ; PLL_ENA                   ;        ;              ;         ; --         ; --          ;                 ;
; R14      ;            ; 1        ; NC                        ;        ;              ;         ; --         ; --          ;                 ;
; R15      ; 134        ; 8        ; GND*                      ;        ;              ;         ; Column I/O ; --          ;                 ;
; R16      ; 149        ; 8        ; GND                       ;        ;              ;         ; --         ; --          ;                 ;
; R17      ; 87         ; 1        ; GND                       ;        ;              ;         ; --         ; --          ;                 ;
; R18      ; 112        ; 8        ; GND                       ;        ;              ;         ; --         ; --          ;                 ;
; R19      ; 74         ; 1        ; GND*                      ;        ;              ;         ; Row I/O    ; --          ;                 ;
; R20      ; 73         ; 1        ; GND*                      ;        ;              ;         ; Row I/O    ; --          ;                 ;
; R21      ; 59         ; 1        ; GND*                      ;        ;              ;         ; Row I/O    ; --          ;                 ;
; R22      ; 58         ; 1        ; GND*                      ;        ;              ;         ; Row I/O    ; --          ;                 ;
; T1       ; 266        ; 6        ; GND*                      ;        ;              ;         ; Row I/O    ; --          ;                 ;
; T2       ; 265        ; 6        ; GND*                      ;        ;              ;         ; Row I/O    ; --          ;                 ;
; T3       ; 244        ; 6        ; GND*                      ;        ;              ;         ; Row I/O    ; --          ;                 ;
; T4       ; 243        ; 6        ; GND*                      ;        ;              ;         ; Row I/O    ; --          ;                 ;
; T5       ; 234        ; 6        ; GND*                      ;        ;              ;         ; Row I/O    ; --          ;                 ;
; T6       ;            ; 1        ; GND                       ; gnd    ;              ;         ; --         ; --          ;                 ;
; T7       ; 229        ; 7        ; GND*                      ;        ;              ;         ; Column I/O ; --          ;                 ;
; T8       ; 197        ; 7        ; GND*                      ;        ;              ;         ; Column I/O ; --          ;                 ;
; T9       ; 184        ; 7        ; GND*                      ;        ;              ;         ; Column I/O ; --          ;                 ;
; T10      ; 181        ; 7        ; led[7]                    ; output ; LVTTL        ;         ; Column I/O ; Off         ; N               ;
; T11      ;            ; 1        ; GNDG_PLL6                 ; gnd    ;              ;         ; --         ; --          ;                 ;
; T12      ;            ; 1        ; VCCA_PLL6                 ; power  ;              ; 1.5V    ; --         ; --          ;                 ;
; T13      ; 155        ; 8        ; ^MSEL0                    ;        ;              ;         ; --         ; --          ;                 ;
; T14      ; 147        ; 8        ; GND*                      ;        ;              ;         ; Column I/O ; --          ;                 ;
; T15      ; 136        ; 8        ; GND*                      ;        ;              ;         ; Column I/O ; --          ;                 ;
; T16      ; 119        ; 8        ; GND*                      ;        ;              ;         ; Column I/O ; --          ;                 ;
; T17      ;            ; 1        ; GND                       ; gnd    ;              ;         ; --         ; --          ;                 ;
; T18      ; 95         ; 1        ; GND*                      ;        ;              ;         ; Row I/O    ; --          ;                 ;
; T19      ; 78         ; 1        ; GND*                      ;        ;              ;         ; Row I/O    ; --          ;                 ;
; T20      ; 77         ; 1        ; GND*                      ;        ;              ;         ; Row I/O    ; --          ;                 ;
; T21      ; 64         ; 1        ; GND*                      ;        ;              ;         ; Row I/O    ; --          ;                 ;
; T22      ; 63         ; 1        ; GND*                      ;        ;              ;         ; Row I/O    ; --          ;                 ;
; U1       ; 261        ; 6        ; GND*                      ;        ;              ;         ; Row I/O    ; --          ;                 ;
; U2       ; 262        ; 6        ; GND*                      ;        ;              ;         ; Row I/O    ; --          ;                 ;
; U3       ;            ; 1        ; NC                        ;        ;              ;         ; --         ; --          ;                 ;
; U4       ;            ; 1        ; NC                        ;        ;              ;         ; --         ; --          ;                 ;
; U5       ; 238        ; 6        ; GND*                      ;        ;              ;         ; Row I/O    ; --          ;                 ;
; U6       ; 200        ; 7        ; GND*                      ;        ;              ;         ; Column I/O ; --          ;                 ;
; U7       ; 205        ; 7        ; GND*                      ;        ;              ;         ; Column I/O ; --          ;                 ;
; U8       ; 196        ; 7        ; GND*                      ;        ;              ;         ; Column I/O ; --          ;                 ;
; U9       ; 191        ; 7        ; led[4]                    ; output ; LVTTL        ;         ; Column I/O ; Off         ; N               ;
; U10      ; 179        ; 7        ; ^PORSEL                   ;        ;              ;         ; --         ; --          ;                 ;
; U11      ;            ; 1        ; VCCG_PLL6                 ; power  ;              ; 1.5V    ; --         ; --          ;                 ;
; U12      ;            ; 1        ; GNDA_PLL6                 ; gnd    ;              ;         ; --         ; --          ;                 ;
; U13      ;            ; 11       ; VCC_PLL6_OUTA             ; power  ;              ; 3.3V    ; --         ; --          ;                 ;
; U14      ; 139        ; 8        ; GND*                      ;        ;              ;         ; Column I/O ; --          ;                 ;
; U15      ; 137        ; 8        ; GND*                      ;        ;              ;         ; Column I/O ; --          ;                 ;
; U16      ; 121        ; 8        ; GND*                      ;        ;              ;         ; Column I/O ; --          ;                 ;
; U17      ; 120        ; 8        ; GND*                      ;        ;              ;         ; Column I/O ; --          ;                 ;
; U18      ; 91         ; 1        ; GND*                      ;        ;              ;         ; Row I/O    ; --          ;                 ;
; U19      ; 99         ; 1        ; GND*                      ;        ;              ;         ; Row I/O    ; --          ;                 ;
; U20      ; 98         ; 1        ; GND*                      ;        ;              ;         ; Row I/O    ; --          ;                 ;
; U21      ; 67         ; 1        ; GND*                      ;        ;              ;         ; Row I/O    ; --          ;                 ;
; U22      ; 68         ; 1        ; GND*                      ;        ;              ;         ; Row I/O    ; --          ;                 ;
; V1       ; 250        ; 6        ; GND*                      ;        ;              ;         ; Row I/O    ; --          ;                 ;
; V2       ; 249        ; 6        ; GND*                      ;        ;              ;         ; Row I/O    ; --          ;                 ;
; V3       ; 231        ; 6        ; GND*                      ;        ;              ;         ; Row I/O    ; --          ;                 ;
; V4       ; 230        ; 6        ; GND*                      ;        ;              ;         ; Row I/O    ; --          ;                 ;
; V5       ; 208        ; 7        ; GND*                      ;        ;              ;         ; Column I/O ; --          ;                 ;
; V6       ; 202        ; 7        ; GND*                      ;        ;              ;         ; Column I/O ; --          ;                 ;
; V7       ; 207        ; 7        ; GND*                      ;        ;              ;         ; Column I/O ; --          ;                 ;
; V8       ; 195        ; 7        ; GND*                      ;        ;              ;         ; Column I/O ; --          ;                 ;
; V9       ; 192        ; 7        ; M[3]                      ; output ; LVTTL        ;         ; Column I/O ; Off         ; N               ;
; V10      ;            ; 1        ; NC                        ;        ;              ;         ; --         ; --          ;                 ;
; V11      ;            ; 1        ; NC                        ;        ;              ;         ; --         ; --          ;                 ;
; V12      ;            ; 1        ; NC                        ;        ;              ;         ; --         ; --          ;                 ;
; V13      ; 151        ; 8        ; GND+                      ;        ;              ;         ; Column I/O ; --          ;                 ;
; V14      ; 142        ; 8        ; GND*                      ;        ;              ;         ; Column I/O ; --          ;                 ;
; V15      ; 133        ; 8        ; GND*                      ;        ;              ;         ; Column I/O ; --          ;                 ;
; V16      ; 123        ; 8        ; GND*                      ;        ;              ;         ; Column I/O ; --          ;                 ;
; V17      ; 122        ; 8        ; GND*                      ;        ;              ;         ; Column I/O ; --          ;                 ;
; V18      ; 114        ; 8        ; GND*                      ;        ;              ;         ; Column I/O ; --          ;                 ;
; V19      ;            ; 1        ; NC                        ;        ;              ;         ; --         ; --          ;                 ;
; V20      ;            ; 1        ; NC                        ;        ;              ;         ; --         ; --          ;                 ;
; V21      ; 76         ; 1        ; GND*                      ;        ;              ;         ; Row I/O    ; --          ;                 ;
; V22      ; 75         ; 1        ; GND*                      ;        ;              ;         ; Row I/O    ; --          ;                 ;
; W1       ; 236        ; 6        ; GND*                      ;        ;              ;         ; Row I/O    ; --          ;                 ;
; W2       ; 237        ; 6        ; GND*                      ;        ;              ;         ; Row I/O    ; --          ;                 ;
; W3       ; 226        ; 7        ; GND*                      ;        ;              ;         ; Column I/O ; --          ;                 ;
; W4       ; 227        ; 7        ; GND*                      ;        ;              ;         ; Column I/O ; --          ;                 ;
; W5       ; 214        ; 7        ; GND*                      ;        ;              ;         ; Column I/O ; --          ;                 ;
; W6       ; 211        ; 7        ; GND*                      ;        ;              ;         ; Column I/O ; --          ;                 ;
; W7       ; 199        ; 7        ; GND*                      ;        ;              ;         ; Column I/O ; --          ;                 ;
; W8       ; 193        ; 7        ; GND*                      ;        ;              ;         ; Column I/O ; --          ;                 ;
; W9       ; 194        ; 7        ; GND*                      ;        ;              ;         ; Column I/O ; --          ;                 ;
; W10      ;            ; 1        ; NC                        ;        ;              ;         ; --         ; --          ;                 ;
; W11      ;            ; 1        ; NC                        ;        ;              ;         ; --         ; --          ;                 ;
; W12      ; 163        ; 11       ; GND*                      ;        ;              ;         ; Column I/O ; --          ;                 ;
; W13      ; 150        ; 8        ; GND*                      ;        ;              ;         ; Column I/O ; --          ;                 ;
; W14      ; 141        ; 8        ; GND*                      ;        ;              ;         ; Column I/O ; --          ;                 ;
; W15      ; 138        ; 8        ; GND*                      ;        ;              ;         ; Column I/O ; --          ;                 ;
; W16      ; 127        ; 8        ; GND*                      ;        ;              ;         ; Column I/O ; --          ;                 ;
; W17      ; 116        ; 8        ; GND*                      ;        ;              ;         ; Column I/O ; --          ;                 ;
; W18      ; 107        ; 8        ; GND*                      ;        ;              ;         ; Column I/O ; --          ;                 ;
; W19      ; 101        ; 8        ; GND*                      ;        ;              ;         ; Column I/O ; --          ;                 ;
; W20      ; 100        ; 8        ; GND*                      ;        ;              ;         ; Column I/O ; --          ;                 ;
; W21      ; 92         ; 1        ; GND*                      ;        ;              ;         ; Row I/O    ; --          ;                 ;
; W22      ; 93         ; 1        ; GND*                      ;        ;              ;         ; Row I/O    ; --          ;                 ;
; Y1       ;            ; 6        ; VCCIO6                    ; power  ;              ; 3.3V    ; --         ; --          ;                 ;
; Y2       ; 222        ; 7        ; GND*                      ;        ;              ;         ; Column I/O ; --          ;                 ;
; Y3       ; 228        ; 7        ; GND*                      ;        ;              ;         ; Column I/O ; --          ;                 ;
; Y4       ; 223        ; 7        ; GND*                      ;        ;              ;         ; Column I/O ; --          ;                 ;
; Y5       ; 215        ; 7        ; GND*                      ;        ;              ;         ; Column I/O ; --          ;                 ;
; Y6       ; 206        ; 7        ; GND*                      ;        ;              ;         ; Column I/O ; --          ;                 ;
; Y7       ; 209        ; 7        ; GND*                      ;        ;              ;         ; Column I/O ; --          ;                 ;
; Y8       ; 189        ; 7        ; M[5]                      ; output ; LVTTL        ;         ; Column I/O ; Off         ; N               ;
; Y9       ; 188        ; 7        ; M[13]                     ; output ; LVTTL        ;         ; Column I/O ; Off         ; N               ;
; Y10      ;            ; 1        ; NC                        ;        ;              ;         ; --         ; --          ;                 ;
; Y11      ;            ; 1        ; NC                        ;        ;              ;         ; --         ; --          ;                 ;
; Y12      ; 162        ; 11       ; GND*                      ;        ;              ;         ; Column I/O ; --          ;                 ;
; Y13      ; 166        ; 11       ; GND*                      ;        ;              ;         ; Column I/O ; --          ;                 ;
; Y14      ; 152        ; 8        ; GND*                      ;        ;              ;         ; Column I/O ; --          ;                 ;
; Y15      ; 130        ; 8        ; GND*                      ;        ;              ;         ; Column I/O ; --          ;                 ;
; Y16      ; 124        ; 8        ; GND*                      ;        ;              ;         ; Column I/O ; --          ;                 ;
; Y17      ; 117        ; 8        ; GND*                      ;        ;              ;         ; Column I/O ; --          ;                 ;
; Y18      ; 115        ; 8        ; GND*                      ;        ;              ;         ; Column I/O ; --          ;                 ;
; Y19      ; 106        ; 8        ; GND*                      ;        ;              ;         ; Column I/O ; --          ;                 ;
; Y20      ; 105        ; 8        ; GND*                      ;        ;              ;         ; Column I/O ; --          ;                 ;
; Y21      ; 104        ; 8        ; GND*                      ;        ;              ;         ; Column I/O ; --          ;                 ;
; Y22      ;            ; 1        ; VCCIO1                    ; power  ;              ; 3.3V    ; --         ; --          ;                 ;
+----------+------------+----------+---------------------------+--------+--------------+---------+------------+-------------+-----------------+


+----------------------------------------------------------------------+
; Output Pin Load For Reported TCO                                     ;
+-------------------------+-------+------------------------------------+
; I/O Standard            ; Load  ; Termination Resistance             ;
+-------------------------+-------+------------------------------------+
; LVTTL                   ; 10 pF ; Not Available                      ;
; LVCMOS                  ; 10 pF ; Not Available                      ;
; 2.5 V                   ; 10 pF ; Not Available                      ;
; 1.8 V                   ; 10 pF ; Not Available                      ;
; 1.5 V                   ; 10 pF ; Not Available                      ;
; GTL                     ; 30 pF ; 25 Ohm                             ;
; GTL+                    ; 30 pF ; 25 Ohm                             ;
; 3.3-V PCI               ; 10 pF ; 25 Ohm                             ;
; 3.3-V PCI-X             ; 8 pF  ; 25 Ohm                             ;
; Compact PCI             ; 10 pF ; 25 Ohm                             ;
; AGP 1X                  ; 10 pF ; Not Available                      ;
; AGP 2X                  ; 10 pF ; Not Available                      ;
; CTT                     ; 30 pF ; 50 Ohm                             ;
; SSTL-3 Class I          ; 30 pF ; 50 Ohm (Parallel), 25 Ohm (Serial) ;
; SSTL-3 Class II         ; 30 pF ; 25 Ohm (Parallel), 25 Ohm (Serial) ;
; SSTL-2 Class I          ; 30 pF ; 50 Ohm (Parallel), 25 Ohm (Serial) ;
; SSTL-2 Class II         ; 30 pF ; 25 Ohm (Parallel), 25 Ohm (Serial) ;
; SSTL-18 Class I         ; 30 pF ; 50 Ohm (Parallel), 25 Ohm (Serial) ;
; SSTL-18 Class II        ; 30 pF ; 25 Ohm (Parallel), 25 Ohm (Serial) ;
; 1.5-V HSTL Class I      ; 20 pF ; 50 Ohm                             ;
; 1.5-V HSTL Class II     ; 20 pF ; 25 Ohm                             ;
; 1.8-V HSTL Class I      ; 20 pF ; 50 Ohm                             ;
; 1.8-V HSTL Class II     ; 20 pF ; 25 Ohm                             ;
; LVDS                    ; 4 pF  ; 100 Ohm                            ;
; Differential LVPECL     ; 4 pF  ; 100 Ohm                            ;
; 3.3-V PCML              ; 4 pF  ; 50 Ohm                             ;
; HyperTransport          ; 4 pF  ; 100 Ohm                            ;
; Differential 1.5-V HSTL ; 0 pF  ; (See 1.5-V HSTL Class I)           ;
; Differential SSTL-2     ; 30 pF ; (See SSTL-2)                       ;
+-------------------------+-------+------------------------------------+


+------------------------------------------------------------------------------------------------------------------------------------------------------------------------------------------------------------------------------------------------------------------------------------------------------------------------------------------+
; Fitter Resource Utilization by Entity                                                                                                                                                                                                                                                                                                    ;
+-------------------------------------------+-------------+--------------+-------------+--------------+---------+-----------+-----------+------+--------------+--------------+-------------------+------------------+-----------------+----------------------------------------------------------------------------------------------------+
; Compilation Hierarchy Node                ; Logic Cells ; LC Registers ; Memory Bits ; DSP Elements ; DSP 9x9 ; DSP 18x18 ; DSP 36x36 ; Pins ; Virtual Pins ; LUT-Only LCs ; Register-Only LCs ; LUT/Register LCs ; Carry Chain LCs ; Full Hierarchy Name                                                                                ;
+-------------------------------------------+-------------+--------------+-------------+--------------+---------+-----------+-----------+------+--------------+--------------+-------------------+------------------+-----------------+----------------------------------------------------------------------------------------------------+
; |project                                  ; 165 (22)    ; 83           ; 3584        ; 0            ; 0       ; 0         ; 0         ; 82   ; 0            ; 82 (22)      ; 23 (0)            ; 60 (0)           ; 24 (16)         ; |project                                                                                           ;
;    |273:IR|                               ; 8 (8)       ; 8            ; 0           ; 0            ; 0       ; 0         ; 0         ; 0    ; 0            ; 0 (0)        ; 0 (0)             ; 8 (8)            ; 0 (0)           ; |project|273:IR                                                                                    ;
;    |273:address_reg|                      ; 8 (8)       ; 8            ; 0           ; 0            ; 0       ; 0         ; 0         ; 0    ; 0            ; 0 (0)        ; 0 (0)             ; 8 (8)            ; 0 (0)           ; |project|273:address_reg                                                                           ;
;    |273:inst30|                           ; 8 (8)       ; 8            ; 0           ; 0            ; 0       ; 0         ; 0         ; 0    ; 0            ; 0 (0)        ; 0 (0)             ; 8 (8)            ; 0 (0)           ; |project|273:inst30                                                                                ;
;    |273:inst31|                           ; 8 (8)       ; 8            ; 0           ; 0            ; 0       ; 0         ; 0         ; 0    ; 0            ; 0 (0)        ; 0 (0)             ; 8 (8)            ; 0 (0)           ; |project|273:inst31                                                                                ;
;    |273:outputdevice|                     ; 8 (8)       ; 8            ; 0           ; 0            ; 0       ; 0         ; 0         ; 0    ; 0            ; 0 (0)        ; 8 (8)             ; 0 (0)            ; 0 (0)           ; |project|273:outputdevice                                                                          ;
;    |74148:inst11|                         ; 5 (5)       ; 0            ; 0           ; 0            ; 0       ; 0         ; 0         ; 0    ; 0            ; 5 (5)        ; 0 (0)             ; 0 (0)            ; 0 (0)           ; |project|74148:inst11                                                                              ;
;    |ALU2:inst7|                           ; 24 (1)      ; 0            ; 0           ; 0            ; 0       ; 0         ; 0         ; 0    ; 0            ; 24 (1)       ; 0 (0)             ; 0 (0)            ; 0 (0)           ; |project|ALU2:inst7                                                                                ;
;       |74181:inst1|                       ; 11 (11)     ; 0            ; 0           ; 0            ; 0       ; 0         ; 0         ; 0    ; 0            ; 11 (11)      ; 0 (0)             ; 0 (0)            ; 0 (0)           ; |project|ALU2:inst7|74181:inst1                                                                    ;
;       |74181:inst|                        ; 12 (12)     ; 0            ; 0           ; 0            ; 0       ; 0         ; 0         ; 0    ; 0            ; 12 (12)      ; 0 (0)             ; 0 (0)            ; 0 (0)           ; |project|ALU2:inst7|74181:inst                                                                     ;
;    |decode2_4:inst5|                      ; 3 (3)       ; 0            ; 0           ; 0            ; 0       ; 0         ; 0         ; 0    ; 0            ; 3 (3)        ; 0 (0)             ; 0 (0)            ; 0 (0)           ; |project|decode2_4:inst5                                                                           ;
;    |decodea:inst6|                        ; 2 (2)       ; 0            ; 0           ; 0            ; 0       ; 0         ; 0         ; 0    ; 0            ; 2 (2)        ; 0 (0)             ; 0 (0)            ; 0 (0)           ; |project|decodea:inst6                                                                             ;
;    |decodeb:inst40|                       ; 1 (1)       ; 0            ; 0           ; 0            ; 0       ; 0         ; 0         ; 0    ; 0            ; 1 (1)        ; 0 (0)             ; 0 (0)            ; 0 (0)           ; |project|decodeb:inst40                                                                            ;
;    |decodec:inst41|                       ; 1 (1)       ; 0            ; 0           ; 0            ; 0       ; 0         ; 0         ; 0    ; 0            ; 1 (1)        ; 0 (0)             ; 0 (0)            ; 0 (0)           ; |project|decodec:inst41                                                                            ;
;    |lpm_counter0:1|                       ; 8 (0)       ; 8            ; 0           ; 0            ; 0       ; 0         ; 0         ; 0    ; 0            ; 0 (0)        ; 0 (0)             ; 8 (0)            ; 8 (0)           ; |project|lpm_counter0:1                                                                            ;
;       |lpm_counter:lpm_counter_component| ; 8 (0)       ; 8            ; 0           ; 0            ; 0       ; 0         ; 0         ; 0    ; 0            ; 0 (0)        ; 0 (0)             ; 8 (0)            ; 8 (0)           ; |project|lpm_counter0:1|lpm_counter:lpm_counter_component                                          ;
;          |cntr_fa8:auto_generated|        ; 8 (8)       ; 8            ; 0           ; 0            ; 0       ; 0         ; 0         ; 0    ; 0            ; 0 (0)        ; 0 (0)             ; 8 (8)            ; 8 (8)           ; |project|lpm_counter0:1|lpm_counter:lpm_counter_component|cntr_fa8:auto_generated                  ;
;    |lpm_mux0:inst39|                      ; 17 (0)      ; 0            ; 0           ; 0            ; 0       ; 0         ; 0         ; 0    ; 0            ; 17 (0)       ; 0 (0)             ; 0 (0)            ; 0 (0)           ; |project|lpm_mux0:inst39                                                                           ;
;       |lpm_mux:lpm_mux_component|         ; 17 (0)      ; 0            ; 0           ; 0            ; 0       ; 0         ; 0         ; 0    ; 0            ; 17 (0)       ; 0 (0)             ; 0 (0)            ; 0 (0)           ; |project|lpm_mux0:inst39|lpm_mux:lpm_mux_component                                                 ;
;          |mux_jgc:auto_generated|         ; 17 (17)     ; 0            ; 0           ; 0            ; 0       ; 0         ; 0         ; 0    ; 0            ; 17 (17)      ; 0 (0)             ; 0 (0)            ; 0 (0)           ; |project|lpm_mux0:inst39|lpm_mux:lpm_mux_component|mux_jgc:auto_generated                          ;
;    |lpm_ram_dq0:InstructionsRAM|          ; 0 (0)       ; 0            ; 2048        ; 0            ; 0       ; 0         ; 0         ; 0    ; 0            ; 0 (0)        ; 0 (0)             ; 0 (0)            ; 0 (0)           ; |project|lpm_ram_dq0:InstructionsRAM                                                               ;
;       |altsyncram:altsyncram_component|   ; 0 (0)       ; 0            ; 2048        ; 0            ; 0       ; 0         ; 0         ; 0    ; 0            ; 0 (0)        ; 0 (0)             ; 0 (0)            ; 0 (0)           ; |project|lpm_ram_dq0:InstructionsRAM|altsyncram:altsyncram_component                               ;
;          |altsyncram_dru:auto_generated|  ; 0 (0)       ; 0            ; 2048        ; 0            ; 0       ; 0         ; 0         ; 0    ; 0            ; 0 (0)        ; 0 (0)             ; 0 (0)            ; 0 (0)           ; |project|lpm_ram_dq0:InstructionsRAM|altsyncram:altsyncram_component|altsyncram_dru:auto_generated ;
;    |lpm_rom0:control_memory|              ; 0 (0)       ; 0            ; 1536        ; 0            ; 0       ; 0         ; 0         ; 0    ; 0            ; 0 (0)        ; 0 (0)             ; 0 (0)            ; 0 (0)           ; |project|lpm_rom0:control_memory                                                                   ;
;       |altsyncram:altsyncram_component|   ; 0 (0)       ; 0            ; 1536        ; 0            ; 0       ; 0         ; 0         ; 0    ; 0            ; 0 (0)        ; 0 (0)             ; 0 (0)            ; 0 (0)           ; |project|lpm_rom0:control_memory|altsyncram:altsyncram_component                                   ;
;          |altsyncram_ecq:auto_generated|  ; 0 (0)       ; 0            ; 1536        ; 0            ; 0       ; 0         ; 0         ; 0    ; 0            ; 0 (0)        ; 0 (0)             ; 0 (0)            ; 0 (0)           ; |project|lpm_rom0:control_memory|altsyncram:altsyncram_component|altsyncram_ecq:auto_generated     ;
;    |reg_3:universal_register|             ; 25 (1)      ; 24           ; 0           ; 0            ; 0       ; 0         ; 0         ; 0    ; 0            ; 1 (1)        ; 8 (0)             ; 16 (0)           ; 0 (0)           ; |project|reg_3:universal_register                                                                  ;
;       |273:reg0|                          ; 8 (8)       ; 8            ; 0           ; 0            ; 0       ; 0         ; 0         ; 0    ; 0            ; 0 (0)        ; 0 (0)             ; 8 (8)            ; 0 (0)           ; |project|reg_3:universal_register|273:reg0                                                         ;
;       |273:reg1|                          ; 8 (8)       ; 8            ; 0           ; 0            ; 0       ; 0         ; 0         ; 0    ; 0            ; 0 (0)        ; 8 (8)             ; 0 (0)            ; 0 (0)           ; |project|reg_3:universal_register|273:reg1                                                         ;
;       |273:reg2|                          ; 8 (8)       ; 8            ; 0           ; 0            ; 0       ; 0         ; 0         ; 0    ; 0            ; 0 (0)        ; 0 (0)             ; 8 (8)            ; 0 (0)           ; |project|reg_3:universal_register|273:reg2                                                         ;
;    |se5_1:address_transfer_logic|         ; 6 (6)       ; 0            ; 0           ; 0            ; 0       ; 0         ; 0         ; 0    ; 0            ; 6 (6)        ; 0 (0)             ; 0 (0)            ; 0 (0)           ; |project|se5_1:address_transfer_logic                                                              ;
;    |se6_1:microaddress_register|          ; 6 (6)       ; 6            ; 0           ; 0            ; 0       ; 0         ; 0         ; 0    ; 0            ; 0 (0)        ; 6 (6)             ; 0 (0)            ; 0 (0)           ; |project|se6_1:microaddress_register                                                               ;
;    |t4:inst12|                            ; 5 (5)       ; 5            ; 0           ; 0            ; 0       ; 0         ; 0         ; 0    ; 0            ; 0 (0)        ; 1 (1)             ; 4 (4)            ; 0 (0)           ; |project|t4:inst12                                                                                 ;
+-------------------------------------------+-------------+--------------+-------------+--------------+---------+-----------+-----------+------+--------------+--------------+-------------------+------------------+-----------------+----------------------------------------------------------------------------------------------------+


+-------------------------------------------------------------------------------------------------------------------------------------------------------------------------------------------------------------------------------------------------------------+
; Delay Chain Summary                                                                                                                                                                                                                                         ;
+----------+----------+---------------+---------------+-----------------------+-------------------------+----------------------------------------+---------------------------------+--------------------------------+-----+------+----------------------------+
; Name     ; Pin Type ; Pad to Core 0 ; Pad to Core 1 ; Pad to Input Register ; Core to Output Register ; Clock Enable to Output Enable Register ; Clock Enable to Output Register ; Clock Enable to Input Register ; TCO ; TCOE ; Falling Edge Output Enable ;
+----------+----------+---------------+---------------+-----------------------+-------------------------+----------------------------------------+---------------------------------+--------------------------------+-----+------+----------------------------+
; RST1     ; Input    ; OFF           ; OFF           ; --                    ; --                      ; --                                     ; --                              ; --                             ; --  ; --   ; --                         ;
; SWB      ; Input    ; ON            ; ON            ; --                    ; --                      ; --                                     ; --                              ; --                             ; --  ; --   ; --                         ;
; SWA      ; Input    ; OFF           ; ON            ; --                    ; --                      ; --                                     ; --                              ; --                             ; --  ; --   ; --                         ;
; d0[7]    ; Input    ; OFF           ; ON            ; --                    ; --                      ; --                                     ; --                              ; --                             ; --  ; --   ; --                         ;
; d0[6]    ; Input    ; OFF           ; ON            ; --                    ; --                      ; --                                     ; --                              ; --                             ; --  ; --   ; --                         ;
; d0[5]    ; Input    ; OFF           ; ON            ; --                    ; --                      ; --                                     ; --                              ; --                             ; --  ; --   ; --                         ;
; d0[4]    ; Input    ; ON            ; ON            ; --                    ; --                      ; --                                     ; --                              ; --                             ; --  ; --   ; --                         ;
; d0[3]    ; Input    ; OFF           ; ON            ; --                    ; --                      ; --                                     ; --                              ; --                             ; --  ; --   ; --                         ;
; d0[2]    ; Input    ; OFF           ; ON            ; --                    ; --                      ; --                                     ; --                              ; --                             ; --  ; --   ; --                         ;
; d0[1]    ; Input    ; ON            ; ON            ; --                    ; --                      ; --                                     ; --                              ; --                             ; --  ; --   ; --                         ;
; d0[0]    ; Input    ; OFF           ; ON            ; --                    ; --                      ; --                                     ; --                              ; --                             ; --  ; --   ; --                         ;
; CLK1     ; Input    ; OFF           ; OFF           ; --                    ; --                      ; --                                     ; --                              ; --                             ; --  ; --   ; --                         ;
; STEP     ; Input    ; OFF           ; OFF           ; --                    ; --                      ; --                                     ; --                              ; --                             ; --  ; --   ; --                         ;
; SW_B     ; Output   ; --            ; --            ; --                    ; --                      ; --                                     ; --                              ; --                             ; --  ; OFF  ; OFF                        ;
; M[24]    ; Output   ; --            ; --            ; --                    ; --                      ; --                                     ; --                              ; --                             ; --  ; OFF  ; OFF                        ;
; M[23]    ; Output   ; --            ; --            ; --                    ; --                      ; --                                     ; --                              ; --                             ; --  ; OFF  ; OFF                        ;
; M[22]    ; Output   ; --            ; --            ; --                    ; --                      ; --                                     ; --                              ; --                             ; --  ; OFF  ; OFF                        ;
; M[21]    ; Output   ; --            ; --            ; --                    ; --                      ; --                                     ; --                              ; --                             ; --  ; OFF  ; OFF                        ;
; M[20]    ; Output   ; --            ; --            ; --                    ; --                      ; --                                     ; --                              ; --                             ; --  ; OFF  ; OFF                        ;
; M[19]    ; Output   ; --            ; --            ; --                    ; --                      ; --                                     ; --                              ; --                             ; --  ; OFF  ; OFF                        ;
; M[18]    ; Output   ; --            ; --            ; --                    ; --                      ; --                                     ; --                              ; --                             ; --  ; OFF  ; OFF                        ;
; M[17]    ; Output   ; --            ; --            ; --                    ; --                      ; --                                     ; --                              ; --                             ; --  ; OFF  ; OFF                        ;
; M[16]    ; Output   ; --            ; --            ; --                    ; --                      ; --                                     ; --                              ; --                             ; --  ; OFF  ; OFF                        ;
; M[15]    ; Output   ; --            ; --            ; --                    ; --                      ; --                                     ; --                              ; --                             ; --  ; OFF  ; OFF                        ;
; M[14]    ; Output   ; --            ; --            ; --                    ; --                      ; --                                     ; --                              ; --                             ; --  ; OFF  ; OFF                        ;
; M[13]    ; Output   ; --            ; --            ; --                    ; --                      ; --                                     ; --                              ; --                             ; --  ; OFF  ; OFF                        ;
; M[12]    ; Output   ; --            ; --            ; --                    ; --                      ; --                                     ; --                              ; --                             ; --  ; OFF  ; OFF                        ;
; M[11]    ; Output   ; --            ; --            ; --                    ; --                      ; --                                     ; --                              ; --                             ; --  ; OFF  ; OFF                        ;
; M[10]    ; Output   ; --            ; --            ; --                    ; --                      ; --                                     ; --                              ; --                             ; --  ; OFF  ; OFF                        ;
; M[9]     ; Output   ; --            ; --            ; --                    ; --                      ; --                                     ; --                              ; --                             ; --  ; OFF  ; OFF                        ;
; M[8]     ; Output   ; --            ; --            ; --                    ; --                      ; --                                     ; --                              ; --                             ; --  ; OFF  ; OFF                        ;
; M[7]     ; Output   ; --            ; --            ; --                    ; --                      ; --                                     ; --                              ; --                             ; --  ; OFF  ; OFF                        ;
; M[6]     ; Output   ; --            ; --            ; --                    ; --                      ; --                                     ; --                              ; --                             ; --  ; OFF  ; OFF                        ;
; M[5]     ; Output   ; --            ; --            ; --                    ; --                      ; --                                     ; --                              ; --                             ; --  ; OFF  ; OFF                        ;
; M[4]     ; Output   ; --            ; --            ; --                    ; --                      ; --                                     ; --                              ; --                             ; --  ; OFF  ; OFF                        ;
; M[3]     ; Output   ; --            ; --            ; --                    ; --                      ; --                                     ; --                              ; --                             ; --  ; OFF  ; OFF                        ;
; M[2]     ; Output   ; --            ; --            ; --                    ; --                      ; --                                     ; --                              ; --                             ; --  ; OFF  ; OFF                        ;
; M[1]     ; Output   ; --            ; --            ; --                    ; --                      ; --                                     ; --                              ; --                             ; --  ; OFF  ; OFF                        ;
; uaddr[6] ; Output   ; --            ; --            ; --                    ; --                      ; --                                     ; --                              ; --                             ; --  ; OFF  ; OFF                        ;
; uaddr[5] ; Output   ; --            ; --            ; --                    ; --                      ; --                                     ; --                              ; --                             ; --  ; OFF  ; OFF                        ;
; uaddr[4] ; Output   ; --            ; --            ; --                    ; --                      ; --                                     ; --                              ; --                             ; --  ; OFF  ; OFF                        ;
; uaddr[3] ; Output   ; --            ; --            ; --                    ; --                      ; --                                     ; --                              ; --                             ; --  ; OFF  ; OFF                        ;
; uaddr[2] ; Output   ; --            ; --            ; --                    ; --                      ; --                                     ; --                              ; --                             ; --  ; OFF  ; OFF                        ;
; uaddr[1] ; Output   ; --            ; --            ; --                    ; --                      ; --                                     ; --                              ; --                             ; --  ; OFF  ; OFF                        ;
; d1[7]    ; Output   ; --            ; --            ; --                    ; --                      ; --                                     ; --                              ; --                             ; --  ; OFF  ; OFF                        ;
; d1[6]    ; Output   ; --            ; --            ; --                    ; --                      ; --                                     ; --                              ; --                             ; --  ; OFF  ; OFF                        ;
; d1[5]    ; Output   ; --            ; --            ; --                    ; --                      ; --                                     ; --                              ; --                             ; --  ; OFF  ; OFF                        ;
; d1[4]    ; Output   ; --            ; --            ; --                    ; --                      ; --                                     ; --                              ; --                             ; --  ; OFF  ; OFF                        ;
; d1[3]    ; Output   ; --            ; --            ; --                    ; --                      ; --                                     ; --                              ; --                             ; --  ; OFF  ; OFF                        ;
; d1[2]    ; Output   ; --            ; --            ; --                    ; --                      ; --                                     ; --                              ; --                             ; --  ; OFF  ; OFF                        ;
; d1[1]    ; Output   ; --            ; --            ; --                    ; --                      ; --                                     ; --                              ; --                             ; --  ; OFF  ; OFF                        ;
; d1[0]    ; Output   ; --            ; --            ; --                    ; --                      ; --                                     ; --                              ; --                             ; --  ; OFF  ; OFF                        ;
; LDAR     ; Output   ; --            ; --            ; --                    ; --                      ; --                                     ; --                              ; --                             ; --  ; OFF  ; OFF                        ;
; PC_B     ; Output   ; --            ; --            ; --                    ; --                      ; --                                     ; --                              ; --                             ; --  ; OFF  ; OFF                        ;
; LDPC     ; Output   ; --            ; --            ; --                    ; --                      ; --                                     ; --                              ; --                             ; --  ; OFF  ; OFF                        ;
; LOAD     ; Output   ; --            ; --            ; --                    ; --                      ; --                                     ; --                              ; --                             ; --  ; OFF  ; OFF                        ;
; I[7]     ; Output   ; --            ; --            ; --                    ; --                      ; --                                     ; --                              ; --                             ; --  ; OFF  ; OFF                        ;
; I[6]     ; Output   ; --            ; --            ; --                    ; --                      ; --                                     ; --                              ; --                             ; --  ; OFF  ; OFF                        ;
; I[5]     ; Output   ; --            ; --            ; --                    ; --                      ; --                                     ; --                              ; --                             ; --  ; OFF  ; OFF                        ;
; I[4]     ; Output   ; --            ; --            ; --                    ; --                      ; --                                     ; --                              ; --                             ; --  ; OFF  ; OFF                        ;
; I[3]     ; Output   ; --            ; --            ; --                    ; --                      ; --                                     ; --                              ; --                             ; --  ; OFF  ; OFF                        ;
; I[2]     ; Output   ; --            ; --            ; --                    ; --                      ; --                                     ; --                              ; --                             ; --  ; OFF  ; OFF                        ;
; I[1]     ; Output   ; --            ; --            ; --                    ; --                      ; --                                     ; --                              ; --                             ; --  ; OFF  ; OFF                        ;
; I[0]     ; Output   ; --            ; --            ; --                    ; --                      ; --                                     ; --                              ; --                             ; --  ; OFF  ; OFF                        ;
; RAM_B    ; Output   ; --            ; --            ; --                    ; --                      ; --                                     ; --                              ; --                             ; --  ; OFF  ; OFF                        ;
; LED_B    ; Output   ; --            ; --            ; --                    ; --                      ; --                                     ; --                              ; --                             ; --  ; OFF  ; OFF                        ;
; in[7]    ; Output   ; --            ; --            ; --                    ; --                      ; --                                     ; --                              ; --                             ; --  ; OFF  ; OFF                        ;
; in[6]    ; Output   ; --            ; --            ; --                    ; --                      ; --                                     ; --                              ; --                             ; --  ; OFF  ; OFF                        ;
; in[5]    ; Output   ; --            ; --            ; --                    ; --                      ; --                                     ; --                              ; --                             ; --  ; OFF  ; OFF                        ;
; in[4]    ; Output   ; --            ; --            ; --                    ; --                      ; --                                     ; --                              ; --                             ; --  ; OFF  ; OFF                        ;
; in[3]    ; Output   ; --            ; --            ; --                    ; --                      ; --                                     ; --                              ; --                             ; --  ; OFF  ; OFF                        ;
; in[2]    ; Output   ; --            ; --            ; --                    ; --                      ; --                                     ; --                              ; --                             ; --  ; OFF  ; OFF                        ;
; in[1]    ; Output   ; --            ; --            ; --                    ; --                      ; --                                     ; --                              ; --                             ; --  ; OFF  ; OFF                        ;
; in[0]    ; Output   ; --            ; --            ; --                    ; --                      ; --                                     ; --                              ; --                             ; --  ; OFF  ; OFF                        ;
; led[7]   ; Output   ; --            ; --            ; --                    ; --                      ; --                                     ; --                              ; --                             ; --  ; OFF  ; OFF                        ;
; led[6]   ; Output   ; --            ; --            ; --                    ; --                      ; --                                     ; --                              ; --                             ; --  ; OFF  ; OFF                        ;
; led[5]   ; Output   ; --            ; --            ; --                    ; --                      ; --                                     ; --                              ; --                             ; --  ; OFF  ; OFF                        ;
; led[4]   ; Output   ; --            ; --            ; --                    ; --                      ; --                                     ; --                              ; --                             ; --  ; OFF  ; OFF                        ;
; led[3]   ; Output   ; --            ; --            ; --                    ; --                      ; --                                     ; --                              ; --                             ; --  ; OFF  ; OFF                        ;
; led[2]   ; Output   ; --            ; --            ; --                    ; --                      ; --                                     ; --                              ; --                             ; --  ; OFF  ; OFF                        ;
; led[1]   ; Output   ; --            ; --            ; --                    ; --                      ; --                                     ; --                              ; --                             ; --  ; OFF  ; OFF                        ;
; led[0]   ; Output   ; --            ; --            ; --                    ; --                      ; --                                     ; --                              ; --                             ; --  ; OFF  ; OFF                        ;
+----------+----------+---------------+---------------+-----------------------+-------------------------+----------------------------------------+---------------------------------+--------------------------------+-----+------+----------------------------+


+------------------------------------------------------------------------------------------------------------------------+
; Pad To Core Delay Chain Fanout                                                                                         ;
+------------------------------------------------------------------------------------------+-------------------+---------+
; Source Pin / Fanout                                                                      ; Pad To Core Index ; Setting ;
+------------------------------------------------------------------------------------------+-------------------+---------+
; RST1                                                                                     ;                   ;         ;
; SWB                                                                                      ;                   ;         ;
;      - se5_1:address_transfer_logic|inst9~154                                            ; 0                 ; ON      ;
; SWA                                                                                      ;                   ;         ;
;      - se5_1:address_transfer_logic|inst10~128                                           ; 1                 ; ON      ;
; d0[7]                                                                                    ;                   ;         ;
;      - inst36[7]~0                                                                       ; 1                 ; ON      ;
;      - lpm_mux0:inst39|lpm_mux:lpm_mux_component|mux_jgc:auto_generated|w_result522w~130 ; 1                 ; ON      ;
; d0[6]                                                                                    ;                   ;         ;
;      - inst36[6]~1                                                                       ; 1                 ; ON      ;
;      - lpm_mux0:inst39|lpm_mux:lpm_mux_component|mux_jgc:auto_generated|w_result453w~212 ; 1                 ; ON      ;
; d0[5]                                                                                    ;                   ;         ;
;      - inst36[5]~2                                                                       ; 1                 ; ON      ;
;      - lpm_mux0:inst39|lpm_mux:lpm_mux_component|mux_jgc:auto_generated|w_result384w~130 ; 1                 ; ON      ;
; d0[4]                                                                                    ;                   ;         ;
;      - inst36[4]~3                                                                       ; 0                 ; ON      ;
;      - lpm_mux0:inst39|lpm_mux:lpm_mux_component|mux_jgc:auto_generated|w_result315w~130 ; 0                 ; ON      ;
; d0[3]                                                                                    ;                   ;         ;
;      - inst36[3]~4                                                                       ; 1                 ; ON      ;
;      - lpm_mux0:inst39|lpm_mux:lpm_mux_component|mux_jgc:auto_generated|w_result246w~130 ; 1                 ; ON      ;
; d0[2]                                                                                    ;                   ;         ;
;      - inst36[2]~5                                                                       ; 1                 ; ON      ;
;      - lpm_mux0:inst39|lpm_mux:lpm_mux_component|mux_jgc:auto_generated|w_result177w~130 ; 1                 ; ON      ;
; d0[1]                                                                                    ;                   ;         ;
;      - inst36[1]~6                                                                       ; 0                 ; ON      ;
;      - lpm_mux0:inst39|lpm_mux:lpm_mux_component|mux_jgc:auto_generated|w_result108w~165 ; 0                 ; ON      ;
; d0[0]                                                                                    ;                   ;         ;
;      - inst36[0]~7                                                                       ; 1                 ; ON      ;
;      - lpm_mux0:inst39|lpm_mux:lpm_mux_component|mux_jgc:auto_generated|w_result37w~165  ; 1                 ; ON      ;
; CLK1                                                                                     ;                   ;         ;
;      - t4:inst12|inst4                                                                   ; 1                 ; OFF     ;
; STEP                                                                                     ;                   ;         ;
+------------------------------------------------------------------------------------------+-------------------+---------+


+-------------------------------------------------------------------------------------------------------------------------------------------------------------------------------------------+
; Control Signals                                                                                                                                                                           ;
+-----------------------------------------------------------------------------------------------+---------------+---------+--------------+--------+----------------------+------------------+
; Name                                                                                          ; Location      ; Fan-Out ; Usage        ; Global ; Global Resource Used ; Global Line Name ;
+-----------------------------------------------------------------------------------------------+---------------+---------+--------------+--------+----------------------+------------------+
; RST1                                                                                          ; PIN_L2        ; 14      ; Async. clear ; yes    ; Global clock         ; GCLK6            ;
; STEP                                                                                          ; PIN_L3        ; 5       ; Async. clear ; yes    ; Global clock         ; GCLK1            ;
; decodeb:inst40|inst4~28                                                                       ; LC_X34_Y21_N1 ; 9       ; Sync. load   ; no     ; --                   ; --               ;
; inst15                                                                                        ; LC_X32_Y20_N5 ; 8       ; Clock        ; yes    ; Global clock         ; GCLK7            ;
; inst16                                                                                        ; LC_X32_Y20_N6 ; 8       ; Clock        ; yes    ; Global clock         ; GCLK8            ;
; inst17                                                                                        ; LC_X32_Y20_N2 ; 8       ; Clock        ; yes    ; Global clock         ; GCLK9            ;
; inst18                                                                                        ; LC_X31_Y21_N7 ; 8       ; Clock        ; yes    ; Global clock         ; GCLK12           ;
; inst21                                                                                        ; LC_X32_Y20_N1 ; 8       ; Async. load  ; yes    ; Global clock         ; GCLK2            ;
; inst22                                                                                        ; LC_X31_Y20_N7 ; 8       ; Clock        ; yes    ; Global clock         ; GCLK15           ;
; inst23~18                                                                                     ; LC_X32_Y20_N7 ; 8       ; Clock        ; yes    ; Global clock         ; GCLK13           ;
; lpm_rom0:control_memory|altsyncram:altsyncram_component|altsyncram_ecq:auto_generated|q_a[17] ; M4K_X37_Y20   ; 2       ; Write enable ; no     ; --                   ; --               ;
; reg_3:universal_register|inst6~17                                                             ; LC_X33_Y20_N1 ; 8       ; Clock        ; yes    ; Global clock         ; GCLK11           ;
; reg_3:universal_register|inst7~8                                                              ; LC_X33_Y20_N6 ; 8       ; Clock        ; yes    ; Global clock         ; GCLK5            ;
; reg_3:universal_register|inst~40                                                              ; LC_X33_Y20_N5 ; 8       ; Clock        ; yes    ; Global clock         ; GCLK10           ;
; se5_1:address_transfer_logic|inst                                                             ; LC_X36_Y21_N9 ; 1       ; Async. load  ; no     ; --                   ; --               ;
; se5_1:address_transfer_logic|inst10~130                                                       ; LC_X31_Y21_N1 ; 1       ; Async. load  ; no     ; --                   ; --               ;
; se5_1:address_transfer_logic|inst24~9                                                         ; LC_X31_Y21_N9 ; 1       ; Async. load  ; no     ; --                   ; --               ;
; se5_1:address_transfer_logic|inst25~8                                                         ; LC_X31_Y21_N5 ; 1       ; Async. load  ; no     ; --                   ; --               ;
; se5_1:address_transfer_logic|inst9~156                                                        ; LC_X31_Y21_N0 ; 1       ; Async. load  ; no     ; --                   ; --               ;
; t4:inst12|inst                                                                                ; LC_X31_Y20_N2 ; 3       ; Clock        ; yes    ; Global clock         ; GCLK14           ;
; t4:inst12|inst1                                                                               ; LC_X8_Y17_N2  ; 9       ; Clock        ; yes    ; Global clock         ; GCLK0            ;
; t4:inst12|inst13                                                                              ; LC_X31_Y20_N5 ; 5       ; Clock        ; yes    ; Global clock         ; GCLK4            ;
+-----------------------------------------------------------------------------------------------+---------------+---------+--------------+--------+----------------------+------------------+


+-------------------------------------------------------------------------------------------------------+
; Global & Other Fast Signals                                                                           ;
+-----------------------------------+---------------+---------+----------------------+------------------+
; Name                              ; Location      ; Fan-Out ; Global Resource Used ; Global Line Name ;
+-----------------------------------+---------------+---------+----------------------+------------------+
; RST1                              ; PIN_L2        ; 14      ; Global clock         ; GCLK6            ;
; STEP                              ; PIN_L3        ; 5       ; Global clock         ; GCLK1            ;
; inst15                            ; LC_X32_Y20_N5 ; 8       ; Global clock         ; GCLK7            ;
; inst16                            ; LC_X32_Y20_N6 ; 8       ; Global clock         ; GCLK8            ;
; inst17                            ; LC_X32_Y20_N2 ; 8       ; Global clock         ; GCLK9            ;
; inst18                            ; LC_X31_Y21_N7 ; 8       ; Global clock         ; GCLK12           ;
; inst21                            ; LC_X32_Y20_N1 ; 8       ; Global clock         ; GCLK2            ;
; inst22                            ; LC_X31_Y20_N7 ; 8       ; Global clock         ; GCLK15           ;
; inst23~18                         ; LC_X32_Y20_N7 ; 8       ; Global clock         ; GCLK13           ;
; reg_3:universal_register|inst6~17 ; LC_X33_Y20_N1 ; 8       ; Global clock         ; GCLK11           ;
; reg_3:universal_register|inst7~8  ; LC_X33_Y20_N6 ; 8       ; Global clock         ; GCLK5            ;
; reg_3:universal_register|inst~40  ; LC_X33_Y20_N5 ; 8       ; Global clock         ; GCLK10           ;
; t4:inst12|inst                    ; LC_X31_Y20_N2 ; 3       ; Global clock         ; GCLK14           ;
; t4:inst12|inst1                   ; LC_X8_Y17_N2  ; 9       ; Global clock         ; GCLK0            ;
; t4:inst12|inst13                  ; LC_X31_Y20_N5 ; 5       ; Global clock         ; GCLK4            ;
+-----------------------------------+---------------+---------+----------------------+------------------+


+---------------------------------------------------------------------------------------------------------+
; Non-Global High Fan-Out Signals                                                                         ;
+-----------------------------------------------------------------------------------------------+---------+
; Name                                                                                          ; Fan-Out ;
+-----------------------------------------------------------------------------------------------+---------+
; 74148:inst11|8~71                                                                             ; 24      ;
; 74148:inst11|109~109                                                                          ; 16      ;
; lpm_mux0:inst39|lpm_mux:lpm_mux_component|mux_jgc:auto_generated|w_result473w~20              ; 16      ;
; t4:inst12|inst3                                                                               ; 10      ;
; lpm_rom0:control_memory|altsyncram:altsyncram_component|altsyncram_ecq:auto_generated|q_a[7]  ; 10      ;
; 273:address_reg|18~COMBOUT                                                                    ; 9       ;
; 273:address_reg|19~COMBOUT                                                                    ; 9       ;
; 273:address_reg|17~COMBOUT                                                                    ; 9       ;
; 273:address_reg|16~COMBOUT                                                                    ; 9       ;
; 273:address_reg|15~COMBOUT                                                                    ; 9       ;
; 273:address_reg|14~COMBOUT                                                                    ; 9       ;
; 273:address_reg|13~COMBOUT                                                                    ; 9       ;
; 273:address_reg|12~COMBOUT                                                                    ; 9       ;
; decodeb:inst40|inst4~28                                                                       ; 9       ;
; lpm_rom0:control_memory|altsyncram:altsyncram_component|altsyncram_ecq:auto_generated|q_a[16] ; 9       ;
; lpm_rom0:control_memory|altsyncram:altsyncram_component|altsyncram_ecq:auto_generated|q_a[23] ; 9       ;
; lpm_rom0:control_memory|altsyncram:altsyncram_component|altsyncram_ecq:auto_generated|q_a[22] ; 9       ;
; lpm_rom0:control_memory|altsyncram:altsyncram_component|altsyncram_ecq:auto_generated|q_a[21] ; 9       ;
; lpm_rom0:control_memory|altsyncram:altsyncram_component|altsyncram_ecq:auto_generated|q_a[20] ; 9       ;
; lpm_rom0:control_memory|altsyncram:altsyncram_component|altsyncram_ecq:auto_generated|q_a[19] ; 9       ;
; lpm_rom0:control_memory|altsyncram:altsyncram_component|altsyncram_ecq:auto_generated|q_a[14] ; 9       ;
; lpm_rom0:control_memory|altsyncram:altsyncram_component|altsyncram_ecq:auto_generated|q_a[13] ; 9       ;
; lpm_rom0:control_memory|altsyncram:altsyncram_component|altsyncram_ecq:auto_generated|q_a[12] ; 9       ;
; lpm_rom0:control_memory|altsyncram:altsyncram_component|altsyncram_ecq:auto_generated|q_a[8]  ; 9       ;
; lpm_rom0:control_memory|altsyncram:altsyncram_component|altsyncram_ecq:auto_generated|q_a[6]  ; 9       ;
; 74148:inst11|9~1                                                                              ; 8       ;
; lpm_rom0:control_memory|altsyncram:altsyncram_component|altsyncram_ecq:auto_generated|q_a[15] ; 7       ;
; lpm_rom0:control_memory|altsyncram:altsyncram_component|altsyncram_ecq:auto_generated|q_a[11] ; 6       ;
; lpm_rom0:control_memory|altsyncram:altsyncram_component|altsyncram_ecq:auto_generated|q_a[10] ; 6       ;
; lpm_rom0:control_memory|altsyncram:altsyncram_component|altsyncram_ecq:auto_generated|q_a[9]  ; 6       ;
; t4:inst12|inst2                                                                               ; 4       ;
; ALU2:inst7|74181:inst|46~51                                                                   ; 4       ;
; ALU2:inst7|74181:inst1|78~284                                                                 ; 4       ;
; ALU2:inst7|74181:inst|47~51                                                                   ; 4       ;
; 273:IR|19                                                                                     ; 3       ;
; 273:IR|18                                                                                     ; 3       ;
; reg_3:universal_register|inst~39                                                              ; 3       ;
; lpm_counter0:1|lpm_counter:lpm_counter_component|cntr_fa8:auto_generated|counter_cella4~COUT  ; 3       ;
; ALU2:inst7|inst2~0                                                                            ; 3       ;
; ALU2:inst7|74181:inst1|80~85                                                                  ; 3       ;
; ALU2:inst7|74181:inst1|81                                                                     ; 3       ;
; ALU2:inst7|74181:inst1|82                                                                     ; 3       ;
; ALU2:inst7|74181:inst1|77                                                                     ; 3       ;
; ALU2:inst7|74181:inst|80                                                                      ; 3       ;
; ALU2:inst7|74181:inst|81                                                                      ; 3       ;
; ALU2:inst7|74181:inst|82                                                                      ; 3       ;
; ALU2:inst7|74181:inst|77                                                                      ; 3       ;
; ALU2:inst7|74181:inst1|44~17                                                                  ; 3       ;
; ALU2:inst7|74181:inst1|43~34                                                                  ; 3       ;
; ALU2:inst7|74181:inst1|46~51                                                                  ; 3       ;
+-----------------------------------------------------------------------------------------------+---------+


+-----------------------------------------------------------------------------------------------------------------------------------------------------------------------------------------------------------------------------------------------------------------+
; Fitter RAM Summary                                                                                                                                                                                                                                              ;
+------------------------------------------------------------------------------------------------------+------+-------------+--------------+--------------+--------------+--------------+------+---------------------+-------+------+--------+------+-------------+
; Name                                                                                                 ; Type ; Mode        ; Port A Depth ; Port A Width ; Port B Depth ; Port B Width ; Size ; Implementation Bits ; M512s ; M4Ks ; M-RAMs ; MIF  ; Location    ;
+------------------------------------------------------------------------------------------------------+------+-------------+--------------+--------------+--------------+--------------+------+---------------------+-------+------+--------+------+-------------+
; lpm_ram_dq0:InstructionsRAM|altsyncram:altsyncram_component|altsyncram_dru:auto_generated|ALTSYNCRAM ; AUTO ; Single Port ; 256          ; 8            ; --           ; --           ; 2048 ; 2048                ; 0     ; 1    ; 0      ; None ; M4K_X37_Y21 ;
; lpm_rom0:control_memory|altsyncram:altsyncram_component|altsyncram_ecq:auto_generated|ALTSYNCRAM     ; AUTO ; ROM         ; 64           ; 24           ; --           ; --           ; 1536 ; 1536                ; 0     ; 1    ; 0      ; None ; M4K_X37_Y20 ;
+------------------------------------------------------------------------------------------------------+------+-------------+--------------+--------------+--------------+--------------+------+---------------------+-------+------+--------+------+-------------+


+------------------------------------------------------+
; Interconnect Usage Summary                           ;
+-----------------------------+------------------------+
; Interconnect Resource Type  ; Usage                  ;
+-----------------------------+------------------------+
; C16 interconnects           ; 34 / 2,286 ( 1 % )     ;
; C4 interconnects            ; 158 / 31,320 ( < 1 % ) ;
; C8 interconnects            ; 75 / 7,272 ( 1 % )     ;
; DIFFIOCLKs                  ; 0 / 16 ( 0 % )         ;
; DQS bus muxes               ; 0 / 56 ( 0 % )         ;
; DQS-32 I/O buses            ; 0 / 4 ( 0 % )          ;
; DQS-8 I/O buses             ; 0 / 16 ( 0 % )         ;
; Direct links                ; 40 / 44,740 ( < 1 % )  ;
; Fast regional clocks        ; 0 / 8 ( 0 % )          ;
; Global clocks               ; 15 / 16 ( 93 % )       ;
; I/O buses                   ; 4 / 208 ( 1 % )        ;
; LUT chains                  ; 31 / 9,513 ( < 1 % )   ;
; Local routing interconnects ; 54 / 10,570 ( < 1 % )  ;
; R24 interconnects           ; 32 / 2,280 ( 1 % )     ;
; R4 interconnects            ; 263 / 62,520 ( < 1 % ) ;
; R8 interconnects            ; 76 / 10,410 ( < 1 % )  ;
; Regional clocks             ; 0 / 16 ( 0 % )         ;
+-----------------------------+------------------------+


+---------------------------------------------------------------------------+
; LAB Logic Elements                                                        ;
+--------------------------------------------+------------------------------+
; Number of Logic Elements  (Average = 5.32) ; Number of LABs  (Total = 31) ;
+--------------------------------------------+------------------------------+
; 1                                          ; 11                           ;
; 2                                          ; 4                            ;
; 3                                          ; 0                            ;
; 4                                          ; 0                            ;
; 5                                          ; 2                            ;
; 6                                          ; 1                            ;
; 7                                          ; 0                            ;
; 8                                          ; 0                            ;
; 9                                          ; 0                            ;
; 10                                         ; 13                           ;
+--------------------------------------------+------------------------------+


+-------------------------------------------------------------------+
; LAB-wide Signals                                                  ;
+------------------------------------+------------------------------+
; LAB-wide Signals  (Average = 1.45) ; Number of LABs  (Total = 31) ;
+------------------------------------+------------------------------+
; 1 Async. clear                     ; 10                           ;
; 1 Async. load                      ; 6                            ;
; 1 Clock                            ; 14                           ;
; 1 Sync. load                       ; 4                            ;
; 2 Clocks                           ; 11                           ;
+------------------------------------+------------------------------+


+----------------------------------------------------------------------------+
; LAB Signals Sourced                                                        ;
+---------------------------------------------+------------------------------+
; Number of Signals Sourced  (Average = 6.16) ; Number of LABs  (Total = 31) ;
+---------------------------------------------+------------------------------+
; 0                                           ; 0                            ;
; 1                                           ; 14                           ;
; 2                                           ; 1                            ;
; 3                                           ; 0                            ;
; 4                                           ; 0                            ;
; 5                                           ; 0                            ;
; 6                                           ; 1                            ;
; 7                                           ; 2                            ;
; 8                                           ; 0                            ;
; 9                                           ; 1                            ;
; 10                                          ; 4                            ;
; 11                                          ; 1                            ;
; 12                                          ; 3                            ;
; 13                                          ; 1                            ;
; 14                                          ; 2                            ;
; 15                                          ; 0                            ;
; 16                                          ; 0                            ;
; 17                                          ; 0                            ;
; 18                                          ; 1                            ;
+---------------------------------------------+------------------------------+


+--------------------------------------------------------------------------------+
; LAB Signals Sourced Out                                                        ;
+-------------------------------------------------+------------------------------+
; Number of Signals Sourced Out  (Average = 4.77) ; Number of LABs  (Total = 31) ;
+-------------------------------------------------+------------------------------+
; 0                                               ; 0                            ;
; 1                                               ; 14                           ;
; 2                                               ; 1                            ;
; 3                                               ; 0                            ;
; 4                                               ; 0                            ;
; 5                                               ; 1                            ;
; 6                                               ; 3                            ;
; 7                                               ; 2                            ;
; 8                                               ; 2                            ;
; 9                                               ; 4                            ;
; 10                                              ; 3                            ;
; 11                                              ; 0                            ;
; 12                                              ; 0                            ;
; 13                                              ; 1                            ;
+-------------------------------------------------+------------------------------+


+----------------------------------------------------------------------------+
; LAB Distinct Inputs                                                        ;
+---------------------------------------------+------------------------------+
; Number of Distinct Inputs  (Average = 9.13) ; Number of LABs  (Total = 31) ;
+---------------------------------------------+------------------------------+
; 0                                           ; 0                            ;
; 1                                           ; 4                            ;
; 2                                           ; 3                            ;
; 3                                           ; 2                            ;
; 4                                           ; 6                            ;
; 5                                           ; 1                            ;
; 6                                           ; 0                            ;
; 7                                           ; 1                            ;
; 8                                           ; 0                            ;
; 9                                           ; 0                            ;
; 10                                          ; 2                            ;
; 11                                          ; 2                            ;
; 12                                          ; 2                            ;
; 13                                          ; 0                            ;
; 14                                          ; 0                            ;
; 15                                          ; 0                            ;
; 16                                          ; 0                            ;
; 17                                          ; 0                            ;
; 18                                          ; 2                            ;
; 19                                          ; 0                            ;
; 20                                          ; 2                            ;
; 21                                          ; 1                            ;
; 22                                          ; 1                            ;
; 23                                          ; 2                            ;
+---------------------------------------------+------------------------------+


+-----------------+
; Fitter Messages ;
+-----------------+
Info: *******************************************************************
Info: Running Quartus II Fitter
    Info: Version 4.1 Build 181 06/29/2004 SJ Full Version
    Info: Processing started: Fri Dec 29 04:50:15 2023
Info: Command: quartus_fit --import_settings_files=off --export_settings_files=off project -c project
Info: Automatically selected device EP1S10F484C5 for design project
Info: Fitter is performing an Auto Fit compilation -- Fitter effort may be decreased to reduce compilation time
Info: Device migration not selected. If you intend to use device migration later, you may need to change the pin assignments as they may be incompatible with other devices. 
    Info: Device EP1S20F484C5 is compatible
Info: No exact pin location assignment(s) for 82 pins of 82 total pins
    Info: Pin SW_B not assigned to an exact location on the device
    Info: Pin M[24] not assigned to an exact location on the device
    Info: Pin M[23] not assigned to an exact location on the device
    Info: Pin M[22] not assigned to an exact location on the device
    Info: Pin M[21] not assigned to an exact location on the device
    Info: Pin M[20] not assigned to an exact location on the device
    Info: Pin M[19] not assigned to an exact location on the device
    Info: Pin M[18] not assigned to an exact location on the device
    Info: Pin M[17] not assigned to an exact location on the device
    Info: Pin M[16] not assigned to an exact location on the device
    Info: Pin M[15] not assigned to an exact location on the device
    Info: Pin M[14] not assigned to an exact location on the device
    Info: Pin M[13] not assigned to an exact location on the device
    Info: Pin M[12] not assigned to an exact location on the device
    Info: Pin M[11] not assigned to an exact location on the device
    Info: Pin M[10] not assigned to an exact location on the device
    Info: Pin M[9] not assigned to an exact location on the device
    Info: Pin M[8] not assigned to an exact location on the device
    Info: Pin M[7] not assigned to an exact location on the device
    Info: Pin M[6] not assigned to an exact location on the device
    Info: Pin M[5] not assigned to an exact location on the device
    Info: Pin M[4] not assigned to an exact location on the device
    Info: Pin M[3] not assigned to an exact location on the device
    Info: Pin M[2] not assigned to an exact location on the device
    Info: Pin M[1] not assigned to an exact location on the device
    Info: Pin uaddr[6] not assigned to an exact location on the device
    Info: Pin uaddr[5] not assigned to an exact location on the device
    Info: Pin uaddr[4] not assigned to an exact location on the device
    Info: Pin uaddr[3] not assigned to an exact location on the device
    Info: Pin uaddr[2] not assigned to an exact location on the device
    Info: Pin uaddr[1] not assigned to an exact location on the device
    Info: Pin d1[7] not assigned to an exact location on the device
    Info: Pin d1[6] not assigned to an exact location on the device
    Info: Pin d1[5] not assigned to an exact location on the device
    Info: Pin d1[4] not assigned to an exact location on the device
    Info: Pin d1[3] not assigned to an exact location on the device
    Info: Pin d1[2] not assigned to an exact location on the device
    Info: Pin d1[1] not assigned to an exact location on the device
    Info: Pin d1[0] not assigned to an exact location on the device
    Info: Pin LDAR not assigned to an exact location on the device
    Info: Pin PC_B not assigned to an exact location on the device
    Info: Pin LDPC not assigned to an exact location on the device
    Info: Pin LOAD not assigned to an exact location on the device
    Info: Pin I[7] not assigned to an exact location on the device
    Info: Pin I[6] not assigned to an exact location on the device
    Info: Pin I[5] not assigned to an exact location on the device
    Info: Pin I[4] not assigned to an exact location on the device
    Info: Pin I[3] not assigned to an exact location on the device
    Info: Pin I[2] not assigned to an exact location on the device
    Info: Pin I[1] not assigned to an exact location on the device
    Info: Pin I[0] not assigned to an exact location on the device
    Info: Pin RAM_B not assigned to an exact location on the device
    Info: Pin LED_B not assigned to an exact location on the device
    Info: Pin in[7] not assigned to an exact location on the device
    Info: Pin in[6] not assigned to an exact location on the device
    Info: Pin in[5] not assigned to an exact location on the device
    Info: Pin in[4] not assigned to an exact location on the device
    Info: Pin in[3] not assigned to an exact location on the device
    Info: Pin in[2] not assigned to an exact location on the device
    Info: Pin in[1] not assigned to an exact location on the device
    Info: Pin in[0] not assigned to an exact location on the device
    Info: Pin led[7] not assigned to an exact location on the device
    Info: Pin led[6] not assigned to an exact location on the device
    Info: Pin led[5] not assigned to an exact location on the device
    Info: Pin led[4] not assigned to an exact location on the device
    Info: Pin led[3] not assigned to an exact location on the device
    Info: Pin led[2] not assigned to an exact location on the device
    Info: Pin led[1] not assigned to an exact location on the device
    Info: Pin led[0] not assigned to an exact location on the device
    Info: Pin RST1 not assigned to an exact location on the device
    Info: Pin SWB not assigned to an exact location on the device
    Info: Pin SWA not assigned to an exact location on the device
    Info: Pin d0[7] not assigned to an exact location on the device
    Info: Pin d0[6] not assigned to an exact location on the device
    Info: Pin d0[5] not assigned to an exact location on the device
    Info: Pin d0[4] not assigned to an exact location on the device
    Info: Pin d0[3] not assigned to an exact location on the device
    Info: Pin d0[2] not assigned to an exact location on the device
    Info: Pin d0[1] not assigned to an exact location on the device
    Info: Pin d0[0] not assigned to an exact location on the device
    Info: Pin CLK1 not assigned to an exact location on the device
    Info: Pin STEP not assigned to an exact location on the device
Info: Timing requirements not specified -- optimizing circuit to achieve the following default global requirements
    Info: Assuming a global fmax requirement of 1 MHz
    Info: Not setting a global tsu requirement
    Info: Not setting a global tco requirement
    Info: Not setting a global tpd requirement
Info: Performing register packing on registers with non-logic cell location assignments
Info: Completed register packing on registers with non-logic cell location assignments
Info: Completed User Assigned Global Signals Promotion Operation
Info: Automatically promoted some destinations of signal t4:inst12|inst to use Global clock
    Info: Destination t4:inst12|inst may be non-global or may not use global clock
    Info: Destination t4:inst12|inst1 may be non-global or may not use global clock
Info: Automatically promoted some destinations of signal t4:inst12|inst1 to use Global clock
    Info: Destination t4:inst12|inst may be non-global or may not use global clock
    Info: Destination t4:inst12|inst2 may be non-global or may not use global clock
Info: Automatically promoted signal inst15 to use Global clock
Info: Automatically promoted signal inst16 to use Global clock
Info: Automatically promoted signal inst17 to use Global clock
Info: Automatically promoted signal inst18 to use Global clock
Info: Automatically promoted signal inst22 to use Global clock
Info: Automatically promoted signal inst23~18 to use Global clock
Info: Automatically promoted signal reg_3:universal_register|inst6~17 to use Global clock
Info: Automatically promoted signal reg_3:universal_register|inst7~8 to use Global clock
Info: Automatically promoted signal reg_3:universal_register|inst~40 to use Global clock
Info: Automatically promoted signal t4:inst12|inst13 to use Global clock
Info: Automatically promoted signal RST1 to use Global clock in PIN L2
Info: Automatically promoted signal STEP to use Global clock in PIN L3
Info: Automatically promoted signal inst21 to use Global clock
Info: Completed Auto Global Promotion Operation
Info: Starting register packing
Info: Started Fast Input/Output/OE register processing
Info: Finished Fast Input/Output/OE register processing
Info: Start DSP scan-chain inferencing
Info: Completed DSP scan-chain inferencing
Info: Moving registers into I/Os, LUTs, DSP and RAM blocks to improve timing and density
Info: Fitter is using Normal packing mode for logic elements with Auto setting for Auto Packed Registers logic option
Info: Finished moving registers into I/Os, LUTs, DSP and RAM blocks
Info: Finished register packing
Info: Statistics of I/O pins that use the same VCCIO and VREF, before I/O pin placement
    Info: Number of I/O pins in group: 80 (unused VREF, 3.30 VCCIO, 11 input, 69 output, 0 bidirectional)
        Info: I/O standards used: LVTTL.
Info: Details of I/O bank before I/O pin placement
    Info: Statistics of I/O banks
        Info: I/O bank number 1 does not use VREF pins and has unused VCCIO pins. 0 total pin(s) used --  29 pins available
        Info: I/O bank number 2 does not use VREF pins and has unused VCCIO pins. 0 total pin(s) used --  30 pins available
        Info: I/O bank number 3 does not use VREF pins and has unused VCCIO pins. 0 total pin(s) used --  51 pins available
        Info: I/O bank number 4 does not use VREF pins and has unused VCCIO pins. 1 total pin(s) used --  51 pins available
        Info: I/O bank number 5 does not use VREF pins and has unused VCCIO pins. 2 total pin(s) used --  27 pins available
        Info: I/O bank number 6 does not use VREF pins and has unused VCCIO pins. 0 total pin(s) used --  29 pins available
        Info: I/O bank number 7 does not use VREF pins and has unused VCCIO pins. 0 total pin(s) used --  52 pins available
        Info: I/O bank number 8 does not use VREF pins and has unused VCCIO pins. 0 total pin(s) used --  51 pins available
        Info: I/O bank number 9 does not use VREF pins and has unused VCCIO pins. 0 total pin(s) used --  6 pins available
        Info: I/O bank number 10 does not use VREF pins and has unused VCCIO pins. 0 total pin(s) used --  0 pins available
        Info: I/O bank number 11 does not use VREF pins and has unused VCCIO pins. 0 total pin(s) used --  6 pins available
        Info: I/O bank number 12 does not use VREF pins and has unused VCCIO pins. 0 total pin(s) used --  0 pins available
Info: Details of I/O bank after I/O pin placement
    Info: Statistics of I/O banks
        Info: I/O bank number 1 does not use VREF pins and has unused VCCIO pins. 11 total pin(s) used --  18 pins available
        Info: I/O bank number 2 does not use VREF pins and has unused VCCIO pins. 0 total pin(s) used --  30 pins available
        Info: I/O bank number 3 does not use VREF pins and has unused VCCIO pins. 0 total pin(s) used --  51 pins available
        Info: I/O bank number 4 does not use VREF pins and has 3.30V VCCIO pins. 50 total pin(s) used --  2 pins available
        Info: I/O bank number 5 does not use VREF pins and has 3.30V VCCIO pins. 22 total pin(s) used --  7 pins available
        Info: I/O bank number 6 does not use VREF pins and has unused VCCIO pins. 0 total pin(s) used --  29 pins available
        Info: I/O bank number 7 does not use VREF pins and has unused VCCIO pins. 0 total pin(s) used --  52 pins available
        Info: I/O bank number 8 does not use VREF pins and has unused VCCIO pins. 0 total pin(s) used --  51 pins available
        Info: I/O bank number 9 does not use VREF pins and has unused VCCIO pins. 0 total pin(s) used --  6 pins available
        Info: I/O bank number 10 does not use VREF pins and has unused VCCIO pins. 0 total pin(s) used --  0 pins available
        Info: I/O bank number 11 does not use VREF pins and has unused VCCIO pins. 0 total pin(s) used --  6 pins available
        Info: I/O bank number 12 does not use VREF pins and has unused VCCIO pins. 0 total pin(s) used --  0 pins available
Info: Fitter placement preparation operations beginning
Info: Fitter placement preparation operations ending: elapsed time = 0 seconds
Info: Fitter placement operations beginning
Info: Fitter placement was successful
Info: Estimated most critical path is register to memory delay of 10.342 ns
    Info: 1: + IC(0.000 ns) + CELL(0.000 ns) = 0.000 ns; Loc. = LAB_X33_Y21; Fanout = 2; REG Node = '273:inst31|14'
    Info: 2: + IC(0.135 ns) + CELL(0.366 ns) = 0.501 ns; Loc. = LAB_X33_Y21; Fanout = 2; COMB Node = 'ALU2:inst7|74181:inst|44~17'
    Info: 3: + IC(0.335 ns) + CELL(0.075 ns) = 0.911 ns; Loc. = LAB_X33_Y21; Fanout = 7; COMB Node = 'ALU2:inst7|74181:inst|74~98'
    Info: 4: + IC(0.000 ns) + CELL(6.533 ns) = 7.444 ns; Loc. = LAB_X33_Y21; Fanout = 4; COMB LOOP Node = 'ALU2:inst7|74181:inst1|78~284'
        Info: Loc. = LAB_X36_Y23; Node ALU2:inst7|74181:inst1|78~287
        Info: Loc. = LAB_X34_Y23; Node ALU2:inst7|inst2~0
        Info: Loc. = LAB_X39_Y23; Node ALU2:inst7|74181:inst1|78~283
        Info: Loc. = LAB_X33_Y21; Node ALU2:inst7|74181:inst1|78~284
        Info: Loc. = LAB_X34_Y21; Node ALU2:inst7|74181:inst|74~100
        Info: Loc. = LAB_X35_Y21; Node ALU2:inst7|74181:inst|78~15
    Info: 5: + IC(0.188 ns) + CELL(0.366 ns) = 7.998 ns; Loc. = LAB_X32_Y21; Fanout = 1; COMB Node = 'ALU2:inst7|74181:inst|79'
    Info: 6: + IC(0.227 ns) + CELL(0.183 ns) = 8.408 ns; Loc. = LAB_X32_Y21; Fanout = 3; COMB Node = 'ALU2:inst7|74181:inst|81'
    Info: 7: + IC(0.335 ns) + CELL(0.075 ns) = 8.818 ns; Loc. = LAB_X32_Y21; Fanout = 2; COMB Node = 'lpm_mux0:inst39|lpm_mux:lpm_mux_component|mux_jgc:auto_generated|w_result383w~163'
    Info: 8: + IC(0.163 ns) + CELL(0.280 ns) = 9.261 ns; Loc. = LAB_X32_Y21; Fanout = 9; COMB Node = '273:address_reg|14~COMBOUT'
    Info: 9: + IC(0.838 ns) + CELL(0.243 ns) = 10.342 ns; Loc. = M4K_X37_Y21; Fanout = 1; MEM Node = 'lpm_ram_dq0:InstructionsRAM|altsyncram:altsyncram_component|altsyncram_dru:auto_generated|ram_block1a5~porta_datain_reg0'
    Info: Total cell delay = 8.121 ns ( 78.52 % )
    Info: Total interconnect delay = 2.221 ns ( 21.48 % )
Info: Estimated interconnect usage is 1% of the available device resources
Info: Fitter placement operations ending: elapsed time = 0 seconds
Info: Fitter routing operations beginning
Info: Fitter routing operations ending: elapsed time = 0 seconds
Info: Fitter performed an Auto Fit compilation. Optimizations were skipped to reduce compilation time.
Info: Completed Fixed Delay Chain Operation
Info: Started post-fitting delay annotation
Info: Delay annotation completed successfully
Info: Completed Auto Delay Chain Operation
Warning: Global route sourced by node RST1, which is placed in Dedicated Clock Pin_L2, begins its route with non-global routing to its global destinations. This will lead to increased delay along these routes.
Warning: Global route sourced by node STEP, which is placed in Dedicated Clock Pin_L3, begins its route with non-global routing to its global destinations. This will lead to increased delay along these routes.
Info: Quartus II Fitter was successful. 0 errors, 2 warnings
    Info: Processing ended: Fri Dec 29 04:50:21 2023
    Info: Elapsed time: 00:00:05


