Timing Analyzer report for project
Fri Dec 29 04:50:23 2023
Version 4.1 Build 181 06/29/2004 SJ Full Version


---------------------
; Table of Contents ;
---------------------
  1. Legal Notice
  2. Timing Analyzer Settings
  3. Timing Analyzer Summary
  4. Clock Settings Summary
  5. Clock Setup: 'CLK1'
  6. Clock Hold: 'CLK1'
  7. tsu
  8. tco
  9. tpd
 10. th
 11. Minimum tco
 12. Minimum tpd
 13. Timing Analyzer Messages



----------------
; Legal Notice ;
----------------
Copyright (C) 1991-2004 Altera Corporation
Any  megafunction  design,  and related netlist (encrypted  or  decrypted),
support information,  device programming or simulation file,  and any other
associated  documentation or information  provided by  Altera  or a partner
under  Altera's   Megafunction   Partnership   Program  may  be  used  only
to program  PLD  devices (but not masked  PLD  devices) from  Altera.   Any
other  use  of such  megafunction  design,  netlist,  support  information,
device programming or simulation file,  or any other  related documentation
or information  is prohibited  for  any  other purpose,  including, but not
limited to  modification,  reverse engineering,  de-compiling, or use  with
any other  silicon devices,  unless such use is  explicitly  licensed under
a separate agreement with  Altera  or a megafunction partner.  Title to the
intellectual property,  including patents,  copyrights,  trademarks,  trade
secrets,  or maskworks,  embodied in any such megafunction design, netlist,
support  information,  device programming or simulation file,  or any other
related documentation or information provided by  Altera  or a megafunction
partner, remains with Altera, the megafunction partner, or their respective
licensors. No other licenses, including any licenses needed under any third
party's intellectual property, are provided herein.



+----------------------------------------------------------------------------------------+
; Timing Analyzer Settings                                                               ;
+-------------------------------------------------------+--------------------+------+----+
; Option                                                ; Setting            ; From ; To ;
+-------------------------------------------------------+--------------------+------+----+
; Device name                                           ; EP1S10F484C5       ;      ;    ;
; Timing Models                                         ; Production         ;      ;    ;
; Number of source nodes to report per destination node ; 10                 ;      ;    ;
; Number of destination nodes to report                 ; 10                 ;      ;    ;
; Number of paths to report                             ; 200                ;      ;    ;
; Run Minimum Analysis                                  ; On                 ;      ;    ;
; Use Minimum Timing Models                             ; Off                ;      ;    ;
; Report IO Paths Separately                            ; Off                ;      ;    ;
; Clock Analysis Only                                   ; Off                ;      ;    ;
; Default hold multicycle                               ; Same as Multicycle ;      ;    ;
; Cut paths between unrelated clock domains             ; On                 ;      ;    ;
; Cut off read during write signal paths                ; On                 ;      ;    ;
; Cut off clear and preset signal paths                 ; On                 ;      ;    ;
; Cut off feedback from I/O pins                        ; On                 ;      ;    ;
; Ignore Clock Settings                                 ; Off                ;      ;    ;
; Analyze latches as synchronous elements               ; Off                ;      ;    ;
+-------------------------------------------------------+--------------------+------+----+


+-----------------------------------------------------------------------------------------------------------------------------------------------------------------------------------------------------------------------------------------------------------------------------------------------------------------------------------+
; Timing Analyzer Summary                                                                                                                                                                                                                                                                                                           ;
+------------------------------+------------------------------------------+---------------+----------------------------------+------------------------------------+--------------------------------------------------------------------------------------------------------------------------+------------+----------+--------------+
; Type                         ; Slack                                    ; Required Time ; Actual Time                      ; From                               ; To                                                                                                                       ; From Clock ; To Clock ; Failed Paths ;
+------------------------------+------------------------------------------+---------------+----------------------------------+------------------------------------+--------------------------------------------------------------------------------------------------------------------------+------------+----------+--------------+
; Worst-case tsu               ; N/A                                      ; None          ; -0.501 ns                        ; d0[0]                              ; lpm_ram_dq0:InstructionsRAM|altsyncram:altsyncram_component|altsyncram_dru:auto_generated|ram_block1a7~porta_datain_reg6 ;            ; CLK1     ; 0            ;
; Worst-case tco               ; N/A                                      ; None          ; 37.672 ns                        ; 273:inst30|14                      ; d1[4]                                                                                                                    ; CLK1       ;          ; 0            ;
; Worst-case tpd               ; N/A                                      ; None          ; 10.404 ns                        ; d0[2]                              ; in[2]                                                                                                                    ;            ;          ; 0            ;
; Worst-case th                ; N/A                                      ; None          ; 21.755 ns                        ; d0[4]                              ; reg_3:universal_register|273:reg0|15                                                                                     ;            ; CLK1     ; 0            ;
; Worst-case Minimum tco       ; N/A                                      ; None          ; 14.097 ns                        ; se6_1:microaddress_register|inst45 ; uaddr[6]                                                                                                                 ; CLK1       ;          ; 0            ;
; Worst-case Minimum tpd       ; N/A                                      ; None          ; 8.414 ns                         ; d0[6]                              ; in[6]                                                                                                                    ;            ;          ; 0            ;
; Clock Setup: 'CLK1'          ; N/A                                      ; None          ; 39.35 MHz ( period = 25.410 ns ) ; 273:inst30|14                      ; lpm_ram_dq0:InstructionsRAM|altsyncram:altsyncram_component|altsyncram_dru:auto_generated|ram_block1a7~porta_datain_reg1 ; CLK1       ; CLK1     ; 0            ;
; Clock Hold: 'CLK1'           ; Not operational: Clock Skew > Data Delay ; None          ; N/A                              ; 273:address_reg|17                 ; reg_3:universal_register|273:reg0|17                                                                                     ; CLK1       ; CLK1     ; 2259         ;
; Total number of failed paths ;                                          ;               ;                                  ;                                    ;                                                                                                                          ;            ;          ; 2259         ;
+------------------------------+------------------------------------------+---------------+----------------------------------+------------------------------------+--------------------------------------------------------------------------------------------------------------------------+------------+----------+--------------+


+--------------------------------------------------------------------------------------------------------------------------------------+
; Clock Settings Summary                                                                                                               ;
+-----------------+--------------------+----------+------------------+----------+-----------------------+---------------------+--------+
; Clock Node Name ; Clock Setting Name ; Type     ; Fmax Requirement ; Based on ; Multiply Base Fmax by ; Divide Base Fmax by ; Offset ;
+-----------------+--------------------+----------+------------------+----------+-----------------------+---------------------+--------+
; CLK1            ;                    ; User Pin ; NONE             ; NONE     ; N/A                   ; N/A                 ; N/A    ;
+-----------------+--------------------+----------+------------------+----------+-----------------------+---------------------+--------+


+-----------------------------------------------------------------------------------------------------------------------------------------------------------------------------------------------------------------------------------------------------------------------------------------------------------------------------------------------------------------------------+
; Clock Setup: 'CLK1'                                                                                                                                                                                                                                                                                                                                                         ;
+-----------------------------------------+-----------------------------------------------------+--------------------------------------+--------------------------------------------------------------------------------------------------------------------------+------------+----------+-----------------------------+---------------------------+-------------------------+
; Slack                                   ; Actual fmax (period)                                ; From                                 ; To                                                                                                                       ; From Clock ; To Clock ; Required Setup Relationship ; Required Longest P2P Time ; Actual Longest P2P Time ;
+-----------------------------------------+-----------------------------------------------------+--------------------------------------+--------------------------------------------------------------------------------------------------------------------------+------------+----------+-----------------------------+---------------------------+-------------------------+
; N/A                                     ; 39.35 MHz ( period = 25.410 ns )                    ; 273:inst30|14                        ; lpm_ram_dq0:InstructionsRAM|altsyncram:altsyncram_component|altsyncram_dru:auto_generated|ram_block1a7~porta_datain_reg1 ; CLK1       ; CLK1     ; None                        ; None                      ; None                    ;
; N/A                                     ; 39.52 MHz ( period = 25.304 ns )                    ; 273:inst30|15                        ; lpm_ram_dq0:InstructionsRAM|altsyncram:altsyncram_component|altsyncram_dru:auto_generated|ram_block1a7~porta_datain_reg1 ; CLK1       ; CLK1     ; None                        ; None                      ; None                    ;
; N/A                                     ; 39.79 MHz ( period = 25.133 ns )                    ; 273:inst31|14                        ; lpm_ram_dq0:InstructionsRAM|altsyncram:altsyncram_component|altsyncram_dru:auto_generated|ram_block1a7~porta_datain_reg1 ; CLK1       ; CLK1     ; None                        ; None                      ; None                    ;
; N/A                                     ; 40.03 MHz ( period = 24.980 ns )                    ; 273:inst31|15                        ; lpm_ram_dq0:InstructionsRAM|altsyncram:altsyncram_component|altsyncram_dru:auto_generated|ram_block1a7~porta_datain_reg1 ; CLK1       ; CLK1     ; None                        ; None                      ; None                    ;
; N/A                                     ; 40.35 MHz ( period = 24.782 ns )                    ; 273:inst30|14                        ; lpm_ram_dq0:InstructionsRAM|altsyncram:altsyncram_component|altsyncram_dru:auto_generated|ram_block1a7~porta_datain_reg2 ; CLK1       ; CLK1     ; None                        ; None                      ; None                    ;
; N/A                                     ; 40.38 MHz ( period = 24.765 ns )                    ; 273:inst30|13                        ; lpm_ram_dq0:InstructionsRAM|altsyncram:altsyncram_component|altsyncram_dru:auto_generated|ram_block1a7~porta_datain_reg1 ; CLK1       ; CLK1     ; None                        ; None                      ; None                    ;
; N/A                                     ; 40.53 MHz ( period = 24.676 ns )                    ; 273:inst30|15                        ; lpm_ram_dq0:InstructionsRAM|altsyncram:altsyncram_component|altsyncram_dru:auto_generated|ram_block1a7~porta_datain_reg2 ; CLK1       ; CLK1     ; None                        ; None                      ; None                    ;
; N/A                                     ; 40.71 MHz ( period = 24.564 ns )                    ; 273:inst30|17                        ; lpm_ram_dq0:InstructionsRAM|altsyncram:altsyncram_component|altsyncram_dru:auto_generated|ram_block1a7~porta_datain_reg5 ; CLK1       ; CLK1     ; None                        ; None                      ; None                    ;
; N/A                                     ; 40.74 MHz ( period = 24.545 ns )                    ; 273:inst30|14                        ; lpm_ram_dq0:InstructionsRAM|altsyncram:altsyncram_component|altsyncram_dru:auto_generated|ram_block1a7~porta_datain_reg3 ; CLK1       ; CLK1     ; None                        ; None                      ; None                    ;
; N/A                                     ; 40.81 MHz ( period = 24.505 ns )                    ; 273:inst31|14                        ; lpm_ram_dq0:InstructionsRAM|altsyncram:altsyncram_component|altsyncram_dru:auto_generated|ram_block1a7~porta_datain_reg2 ; CLK1       ; CLK1     ; None                        ; None                      ; None                    ;
; N/A                                     ; 40.92 MHz ( period = 24.439 ns )                    ; 273:inst30|15                        ; lpm_ram_dq0:InstructionsRAM|altsyncram:altsyncram_component|altsyncram_dru:auto_generated|ram_block1a7~porta_datain_reg3 ; CLK1       ; CLK1     ; None                        ; None                      ; None                    ;
; N/A                                     ; 41.06 MHz ( period = 24.352 ns )                    ; 273:inst31|15                        ; lpm_ram_dq0:InstructionsRAM|altsyncram:altsyncram_component|altsyncram_dru:auto_generated|ram_block1a7~porta_datain_reg2 ; CLK1       ; CLK1     ; None                        ; None                      ; None                    ;
; N/A                                     ; 41.08 MHz ( period = 24.342 ns )                    ; 273:inst30|17                        ; lpm_ram_dq0:InstructionsRAM|altsyncram:altsyncram_component|altsyncram_dru:auto_generated|ram_block1a7~porta_datain_reg4 ; CLK1       ; CLK1     ; None                        ; None                      ; None                    ;
; N/A                                     ; 41.21 MHz ( period = 24.268 ns )                    ; 273:inst31|14                        ; lpm_ram_dq0:InstructionsRAM|altsyncram:altsyncram_component|altsyncram_dru:auto_generated|ram_block1a7~porta_datain_reg3 ; CLK1       ; CLK1     ; None                        ; None                      ; None                    ;
; N/A                                     ; 41.25 MHz ( period = 24.244 ns )                    ; 273:inst31|17                        ; lpm_ram_dq0:InstructionsRAM|altsyncram:altsyncram_component|altsyncram_dru:auto_generated|ram_block1a7~porta_datain_reg5 ; CLK1       ; CLK1     ; None                        ; None                      ; None                    ;
; N/A                                     ; 41.31 MHz ( period = 24.210 ns )                    ; 273:inst30|14                        ; 273:inst31|15                                                                                                            ; CLK1       ; CLK1     ; None                        ; None                      ; None                    ;
; N/A                                     ; 41.43 MHz ( period = 24.137 ns )                    ; 273:inst30|13                        ; lpm_ram_dq0:InstructionsRAM|altsyncram:altsyncram_component|altsyncram_dru:auto_generated|ram_block1a7~porta_datain_reg2 ; CLK1       ; CLK1     ; None                        ; None                      ; None                    ;
; N/A                                     ; 41.44 MHz ( period = 24.134 ns )                    ; 273:inst31|18                        ; lpm_ram_dq0:InstructionsRAM|altsyncram:altsyncram_component|altsyncram_dru:auto_generated|ram_block1a7~porta_datain_reg6 ; CLK1       ; CLK1     ; None                        ; None                      ; None                    ;
; N/A                                     ; 41.47 MHz ( period = 24.115 ns )                    ; 273:inst31|15                        ; lpm_ram_dq0:InstructionsRAM|altsyncram:altsyncram_component|altsyncram_dru:auto_generated|ram_block1a7~porta_datain_reg3 ; CLK1       ; CLK1     ; None                        ; None                      ; None                    ;
; N/A                                     ; 41.49 MHz ( period = 24.104 ns )                    ; 273:inst30|15                        ; 273:inst31|15                                                                                                            ; CLK1       ; CLK1     ; None                        ; None                      ; None                    ;
; N/A                                     ; 41.52 MHz ( period = 24.084 ns )                    ; 273:inst30|14                        ; 273:inst31|13                                                                                                            ; CLK1       ; CLK1     ; None                        ; None                      ; None                    ;
; N/A                                     ; 41.62 MHz ( period = 24.028 ns )                    ; 273:inst31|18                        ; lpm_ram_dq0:InstructionsRAM|altsyncram:altsyncram_component|altsyncram_dru:auto_generated|ram_block1a7~porta_datain_reg7 ; CLK1       ; CLK1     ; None                        ; None                      ; None                    ;
; N/A                                     ; 41.63 MHz ( period = 24.023 ns )                    ; 273:inst31|13                        ; lpm_ram_dq0:InstructionsRAM|altsyncram:altsyncram_component|altsyncram_dru:auto_generated|ram_block1a7~porta_datain_reg1 ; CLK1       ; CLK1     ; None                        ; None                      ; None                    ;
; N/A                                     ; 41.63 MHz ( period = 24.022 ns )                    ; 273:inst31|17                        ; lpm_ram_dq0:InstructionsRAM|altsyncram:altsyncram_component|altsyncram_dru:auto_generated|ram_block1a7~porta_datain_reg4 ; CLK1       ; CLK1     ; None                        ; None                      ; None                    ;
; N/A                                     ; 41.69 MHz ( period = 23.989 ns )                    ; 273:inst30|18                        ; lpm_ram_dq0:InstructionsRAM|altsyncram:altsyncram_component|altsyncram_dru:auto_generated|ram_block1a7~porta_datain_reg6 ; CLK1       ; CLK1     ; None                        ; None                      ; None                    ;
; N/A                                     ; 41.70 MHz ( period = 23.978 ns )                    ; 273:inst30|15                        ; 273:inst31|13                                                                                                            ; CLK1       ; CLK1     ; None                        ; None                      ; None                    ;
; N/A                                     ; 41.76 MHz ( period = 23.945 ns )                    ; 273:inst31|19                        ; lpm_ram_dq0:InstructionsRAM|altsyncram:altsyncram_component|altsyncram_dru:auto_generated|ram_block1a7~porta_datain_reg6 ; CLK1       ; CLK1     ; None                        ; None                      ; None                    ;
; N/A                                     ; 41.77 MHz ( period = 23.942 ns )                    ; 273:inst30|19                        ; lpm_ram_dq0:InstructionsRAM|altsyncram:altsyncram_component|altsyncram_dru:auto_generated|ram_block1a7~porta_datain_reg6 ; CLK1       ; CLK1     ; None                        ; None                      ; None                    ;
; N/A                                     ; 41.78 MHz ( period = 23.933 ns )                    ; 273:inst31|14                        ; 273:inst31|15                                                                                                            ; CLK1       ; CLK1     ; None                        ; None                      ; None                    ;
; N/A                                     ; 41.84 MHz ( period = 23.900 ns )                    ; 273:inst30|13                        ; lpm_ram_dq0:InstructionsRAM|altsyncram:altsyncram_component|altsyncram_dru:auto_generated|ram_block1a7~porta_datain_reg3 ; CLK1       ; CLK1     ; None                        ; None                      ; None                    ;
; N/A                                     ; 41.87 MHz ( period = 23.883 ns )                    ; 273:inst30|18                        ; lpm_ram_dq0:InstructionsRAM|altsyncram:altsyncram_component|altsyncram_dru:auto_generated|ram_block1a7~porta_datain_reg7 ; CLK1       ; CLK1     ; None                        ; None                      ; None                    ;
; N/A                                     ; 41.95 MHz ( period = 23.839 ns )                    ; 273:inst31|19                        ; lpm_ram_dq0:InstructionsRAM|altsyncram:altsyncram_component|altsyncram_dru:auto_generated|ram_block1a7~porta_datain_reg7 ; CLK1       ; CLK1     ; None                        ; None                      ; None                    ;
; N/A                                     ; 41.95 MHz ( period = 23.836 ns )                    ; 273:inst30|19                        ; lpm_ram_dq0:InstructionsRAM|altsyncram:altsyncram_component|altsyncram_dru:auto_generated|ram_block1a7~porta_datain_reg7 ; CLK1       ; CLK1     ; None                        ; None                      ; None                    ;
; N/A                                     ; 42.00 MHz ( period = 23.807 ns )                    ; 273:inst31|14                        ; 273:inst31|13                                                                                                            ; CLK1       ; CLK1     ; None                        ; None                      ; None                    ;
; N/A                                     ; 42.05 MHz ( period = 23.780 ns )                    ; 273:inst31|15                        ; 273:inst31|15                                                                                                            ; CLK1       ; CLK1     ; None                        ; None                      ; None                    ;
; N/A                                     ; 42.12 MHz ( period = 23.742 ns )                    ; 273:inst30|14                        ; 273:IR|13                                                                                                                ; CLK1       ; CLK1     ; None                        ; None                      ; None                    ;
; N/A                                     ; 42.22 MHz ( period = 23.687 ns )                    ; 273:inst30|14                        ; 273:inst30|15                                                                                                            ; CLK1       ; CLK1     ; None                        ; None                      ; None                    ;
; N/A                                     ; 42.28 MHz ( period = 23.654 ns )                    ; 273:inst31|15                        ; 273:inst31|13                                                                                                            ; CLK1       ; CLK1     ; None                        ; None                      ; None                    ;
; N/A                                     ; 42.29 MHz ( period = 23.647 ns )                    ; 273:inst30|12                        ; lpm_ram_dq0:InstructionsRAM|altsyncram:altsyncram_component|altsyncram_dru:auto_generated|ram_block1a7~porta_datain_reg1 ; CLK1       ; CLK1     ; None                        ; None                      ; None                    ;
; N/A                                     ; 42.31 MHz ( period = 23.636 ns )                    ; 273:inst30|15                        ; 273:IR|13                                                                                                                ; CLK1       ; CLK1     ; None                        ; None                      ; None                    ;
; N/A                                     ; 42.41 MHz ( period = 23.581 ns )                    ; 273:inst30|15                        ; 273:inst30|15                                                                                                            ; CLK1       ; CLK1     ; None                        ; None                      ; None                    ;
; N/A                                     ; 42.44 MHz ( period = 23.565 ns )                    ; 273:inst30|13                        ; 273:inst31|15                                                                                                            ; CLK1       ; CLK1     ; None                        ; None                      ; None                    ;
; N/A                                     ; 42.44 MHz ( period = 23.561 ns )                    ; 273:inst30|14                        ; 273:inst30|13                                                                                                            ; CLK1       ; CLK1     ; None                        ; None                      ; None                    ;
; N/A                                     ; 42.51 MHz ( period = 23.526 ns )                    ; reg_3:universal_register|273:reg1|19 ; lpm_ram_dq0:InstructionsRAM|altsyncram:altsyncram_component|altsyncram_dru:auto_generated|ram_block1a7~porta_datain_reg6 ; CLK1       ; CLK1     ; None                        ; None                      ; None                    ;
; N/A                                     ; 42.60 MHz ( period = 23.474 ns )                    ; reg_3:universal_register|273:reg1|18 ; lpm_ram_dq0:InstructionsRAM|altsyncram:altsyncram_component|altsyncram_dru:auto_generated|ram_block1a7~porta_datain_reg7 ; CLK1       ; CLK1     ; None                        ; None                      ; None                    ;
; N/A                                     ; 42.62 MHz ( period = 23.465 ns )                    ; 273:inst31|14                        ; 273:IR|13                                                                                                                ; CLK1       ; CLK1     ; None                        ; None                      ; None                    ;
; N/A                                     ; 42.63 MHz ( period = 23.455 ns )                    ; 273:inst30|15                        ; 273:inst30|13                                                                                                            ; CLK1       ; CLK1     ; None                        ; None                      ; None                    ;
; N/A                                     ; 42.65 MHz ( period = 23.447 ns )                    ; 273:inst30|14                        ; reg_3:universal_register|273:reg2|13                                                                                     ; CLK1       ; CLK1     ; None                        ; None                      ; None                    ;
; N/A                                     ; 42.66 MHz ( period = 23.439 ns )                    ; 273:inst30|13                        ; 273:inst31|13                                                                                                            ; CLK1       ; CLK1     ; None                        ; None                      ; None                    ;
; N/A                                     ; 42.72 MHz ( period = 23.410 ns )                    ; 273:inst31|14                        ; 273:inst30|15                                                                                                            ; CLK1       ; CLK1     ; None                        ; None                      ; None                    ;
; N/A                                     ; 42.72 MHz ( period = 23.409 ns )                    ; 273:inst30|14                        ; 273:inst31|14                                                                                                            ; CLK1       ; CLK1     ; None                        ; None                      ; None                    ;
; N/A                                     ; 42.74 MHz ( period = 23.396 ns )                    ; 273:inst31|12                        ; lpm_ram_dq0:InstructionsRAM|altsyncram:altsyncram_component|altsyncram_dru:auto_generated|ram_block1a7~porta_datain_reg1 ; CLK1       ; CLK1     ; None                        ; None                      ; None                    ;
; N/A                                     ; 42.74 MHz ( period = 23.395 ns )                    ; 273:inst31|13                        ; lpm_ram_dq0:InstructionsRAM|altsyncram:altsyncram_component|altsyncram_dru:auto_generated|ram_block1a7~porta_datain_reg2 ; CLK1       ; CLK1     ; None                        ; None                      ; None                    ;
; N/A                                     ; 42.79 MHz ( period = 23.371 ns )                    ; 273:inst30|17                        ; lpm_ram_dq0:InstructionsRAM|altsyncram:altsyncram_component|altsyncram_dru:auto_generated|ram_block1a7~porta_datain_reg6 ; CLK1       ; CLK1     ; None                        ; None                      ; None                    ;
; N/A                                     ; 42.79 MHz ( period = 23.371 ns )                    ; reg_3:universal_register|273:reg1|12 ; lpm_ram_dq0:InstructionsRAM|altsyncram:altsyncram_component|altsyncram_dru:auto_generated|ram_block1a7~porta_datain_reg0 ; CLK1       ; CLK1     ; None                        ; None                      ; None                    ;
; N/A                                     ; 42.79 MHz ( period = 23.368 ns )                    ; 273:inst30|14                        ; reg_3:universal_register|273:reg1|13                                                                                     ; CLK1       ; CLK1     ; None                        ; None                      ; None                    ;
; N/A                                     ; 42.84 MHz ( period = 23.341 ns )                    ; 273:inst30|15                        ; reg_3:universal_register|273:reg2|13                                                                                     ; CLK1       ; CLK1     ; None                        ; None                      ; None                    ;
; N/A                                     ; 42.90 MHz ( period = 23.312 ns )                    ; 273:inst31|15                        ; 273:IR|13                                                                                                                ; CLK1       ; CLK1     ; None                        ; None                      ; None                    ;
; N/A                                     ; 42.91 MHz ( period = 23.306 ns )                    ; 273:inst30|12                        ; lpm_ram_dq0:InstructionsRAM|altsyncram:altsyncram_component|altsyncram_dru:auto_generated|ram_block1a7~porta_datain_reg0 ; CLK1       ; CLK1     ; None                        ; None                      ; None                    ;
; N/A                                     ; 42.91 MHz ( period = 23.303 ns )                    ; 273:inst30|15                        ; 273:inst31|14                                                                                                            ; CLK1       ; CLK1     ; None                        ; None                      ; None                    ;
; N/A                                     ; 42.94 MHz ( period = 23.289 ns )                    ; 273:inst30|14                        ; reg_3:universal_register|273:reg0|13                                                                                     ; CLK1       ; CLK1     ; None                        ; None                      ; None                    ;
; N/A                                     ; 42.94 MHz ( period = 23.287 ns )                    ; 273:inst30|14                        ; 273:IR|15                                                                                                                ; CLK1       ; CLK1     ; None                        ; None                      ; None                    ;
; N/A                                     ; 42.95 MHz ( period = 23.284 ns )                    ; 273:inst31|14                        ; 273:inst30|13                                                                                                            ; CLK1       ; CLK1     ; None                        ; None                      ; None                    ;
; N/A                                     ; 42.97 MHz ( period = 23.273 ns )                    ; 273:inst30|17                        ; 273:IR|17                                                                                                                ; CLK1       ; CLK1     ; None                        ; None                      ; None                    ;
; N/A                                     ; 42.98 MHz ( period = 23.265 ns )                    ; 273:inst30|17                        ; lpm_ram_dq0:InstructionsRAM|altsyncram:altsyncram_component|altsyncram_dru:auto_generated|ram_block1a7~porta_datain_reg7 ; CLK1       ; CLK1     ; None                        ; None                      ; None                    ;
; N/A                                     ; 42.99 MHz ( period = 23.262 ns )                    ; 273:inst30|15                        ; reg_3:universal_register|273:reg1|13                                                                                     ; CLK1       ; CLK1     ; None                        ; None                      ; None                    ;
; N/A                                     ; 42.99 MHz ( period = 23.262 ns )                    ; 273:inst30|17                        ; 273:inst31|17                                                                                                            ; CLK1       ; CLK1     ; None                        ; None                      ; None                    ;
; N/A                                     ; 43.00 MHz ( period = 23.257 ns )                    ; 273:inst31|15                        ; 273:inst30|15                                                                                                            ; CLK1       ; CLK1     ; None                        ; None                      ; None                    ;
; N/A                                     ; 43.03 MHz ( period = 23.239 ns )                    ; 273:inst30|14                        ; reg_3:universal_register|273:reg2|15                                                                                     ; CLK1       ; CLK1     ; None                        ; None                      ; None                    ;
; N/A                                     ; 43.05 MHz ( period = 23.227 ns )                    ; 273:inst31|13                        ; lpm_ram_dq0:InstructionsRAM|altsyncram:altsyncram_component|altsyncram_dru:auto_generated|ram_block1a7~porta_datain_reg0 ; CLK1       ; CLK1     ; None                        ; None                      ; None                    ;
; N/A                                     ; 43.07 MHz ( period = 23.220 ns )                    ; reg_3:universal_register|273:reg1|15 ; lpm_ram_dq0:InstructionsRAM|altsyncram:altsyncram_component|altsyncram_dru:auto_generated|ram_block1a7~porta_datain_reg3 ; CLK1       ; CLK1     ; None                        ; None                      ; None                    ;
; N/A                                     ; 43.09 MHz ( period = 23.209 ns )                    ; 273:inst30|18                        ; lpm_ram_dq0:InstructionsRAM|altsyncram:altsyncram_component|altsyncram_dru:auto_generated|ram_block1a7~porta_datain_reg5 ; CLK1       ; CLK1     ; None                        ; None                      ; None                    ;
; N/A                                     ; 43.14 MHz ( period = 23.183 ns )                    ; 273:inst30|15                        ; reg_3:universal_register|273:reg0|13                                                                                     ; CLK1       ; CLK1     ; None                        ; None                      ; None                    ;
; N/A                                     ; 43.14 MHz ( period = 23.181 ns )                    ; 273:inst30|15                        ; 273:IR|15                                                                                                                ; CLK1       ; CLK1     ; None                        ; None                      ; None                    ;
; N/A                                     ; 43.16 MHz ( period = 23.170 ns )                    ; 273:inst31|14                        ; reg_3:universal_register|273:reg2|13                                                                                     ; CLK1       ; CLK1     ; None                        ; None                      ; None                    ;
; N/A                                     ; 43.18 MHz ( period = 23.158 ns )                    ; 273:inst31|13                        ; lpm_ram_dq0:InstructionsRAM|altsyncram:altsyncram_component|altsyncram_dru:auto_generated|ram_block1a7~porta_datain_reg3 ; CLK1       ; CLK1     ; None                        ; None                      ; None                    ;
; N/A                                     ; 43.22 MHz ( period = 23.135 ns )                    ; reg_3:universal_register|273:reg1|16 ; lpm_ram_dq0:InstructionsRAM|altsyncram:altsyncram_component|altsyncram_dru:auto_generated|ram_block1a7~porta_datain_reg4 ; CLK1       ; CLK1     ; None                        ; None                      ; None                    ;
; N/A                                     ; 43.23 MHz ( period = 23.133 ns )                    ; 273:inst30|15                        ; reg_3:universal_register|273:reg2|15                                                                                     ; CLK1       ; CLK1     ; None                        ; None                      ; None                    ;
; N/A                                     ; 43.23 MHz ( period = 23.132 ns )                    ; 273:inst31|14                        ; 273:inst31|14                                                                                                            ; CLK1       ; CLK1     ; None                        ; None                      ; None                    ;
; N/A                                     ; 43.23 MHz ( period = 23.131 ns )                    ; 273:inst31|15                        ; 273:inst30|13                                                                                                            ; CLK1       ; CLK1     ; None                        ; None                      ; None                    ;
; N/A                                     ; 43.29 MHz ( period = 23.102 ns )                    ; 273:inst30|17                        ; 273:inst31|16                                                                                                            ; CLK1       ; CLK1     ; None                        ; None                      ; None                    ;
; N/A                                     ; 43.30 MHz ( period = 23.097 ns )                    ; 273:inst30|13                        ; 273:IR|13                                                                                                                ; CLK1       ; CLK1     ; None                        ; None                      ; None                    ;
; N/A                                     ; 43.31 MHz ( period = 23.091 ns )                    ; 273:inst31|14                        ; reg_3:universal_register|273:reg1|13                                                                                     ; CLK1       ; CLK1     ; None                        ; None                      ; None                    ;
; N/A                                     ; 43.33 MHz ( period = 23.079 ns )                    ; 273:inst30|13                        ; lpm_ram_dq0:InstructionsRAM|altsyncram:altsyncram_component|altsyncram_dru:auto_generated|ram_block1a7~porta_datain_reg0 ; CLK1       ; CLK1     ; None                        ; None                      ; None                    ;
; N/A                                     ; 43.34 MHz ( period = 23.076 ns )                    ; 273:inst30|14                        ; reg_3:universal_register|273:reg1|15                                                                                     ; CLK1       ; CLK1     ; None                        ; None                      ; None                    ;
; N/A                                     ; 43.34 MHz ( period = 23.075 ns )                    ; 273:inst30|14                        ; 273:IR|14                                                                                                                ; CLK1       ; CLK1     ; None                        ; None                      ; None                    ;
; N/A                                     ; 43.37 MHz ( period = 23.055 ns )                    ; 273:inst31|12                        ; lpm_ram_dq0:InstructionsRAM|altsyncram:altsyncram_component|altsyncram_dru:auto_generated|ram_block1a7~porta_datain_reg0 ; CLK1       ; CLK1     ; None                        ; None                      ; None                    ;
; N/A                                     ; 43.38 MHz ( period = 23.053 ns )                    ; 273:inst30|17                        ; 273:IR|16                                                                                                                ; CLK1       ; CLK1     ; None                        ; None                      ; None                    ;
; N/A                                     ; 43.38 MHz ( period = 23.051 ns )                    ; 273:inst31|17                        ; lpm_ram_dq0:InstructionsRAM|altsyncram:altsyncram_component|altsyncram_dru:auto_generated|ram_block1a7~porta_datain_reg6 ; CLK1       ; CLK1     ; None                        ; None                      ; None                    ;
; N/A                                     ; 43.40 MHz ( period = 23.042 ns )                    ; 273:inst30|13                        ; 273:inst30|15                                                                                                            ; CLK1       ; CLK1     ; None                        ; None                      ; None                    ;
; N/A                                     ; 43.41 MHz ( period = 23.034 ns )                    ; reg_3:universal_register|273:reg1|13 ; lpm_ram_dq0:InstructionsRAM|altsyncram:altsyncram_component|altsyncram_dru:auto_generated|ram_block1a7~porta_datain_reg1 ; CLK1       ; CLK1     ; None                        ; None                      ; None                    ;
; N/A                                     ; 43.43 MHz ( period = 23.026 ns )                    ; reg_3:universal_register|273:reg1|14 ; lpm_ram_dq0:InstructionsRAM|altsyncram:altsyncram_component|altsyncram_dru:auto_generated|ram_block1a7~porta_datain_reg2 ; CLK1       ; CLK1     ; None                        ; None                      ; None                    ;
; N/A                                     ; 43.44 MHz ( period = 23.019 ns )                    ; 273:inst30|12                        ; lpm_ram_dq0:InstructionsRAM|altsyncram:altsyncram_component|altsyncram_dru:auto_generated|ram_block1a7~porta_datain_reg2 ; CLK1       ; CLK1     ; None                        ; None                      ; None                    ;
; N/A                                     ; 43.45 MHz ( period = 23.017 ns )                    ; 273:inst31|15                        ; reg_3:universal_register|273:reg2|13                                                                                     ; CLK1       ; CLK1     ; None                        ; None                      ; None                    ;
; N/A                                     ; 43.46 MHz ( period = 23.012 ns )                    ; 273:inst31|14                        ; reg_3:universal_register|273:reg0|13                                                                                     ; CLK1       ; CLK1     ; None                        ; None                      ; None                    ;
; N/A                                     ; 43.46 MHz ( period = 23.010 ns )                    ; 273:inst31|14                        ; 273:IR|15                                                                                                                ; CLK1       ; CLK1     ; None                        ; None                      ; None                    ;
; N/A                                     ; 43.50 MHz ( period = 22.987 ns )                    ; 273:inst30|18                        ; lpm_ram_dq0:InstructionsRAM|altsyncram:altsyncram_component|altsyncram_dru:auto_generated|ram_block1a7~porta_datain_reg4 ; CLK1       ; CLK1     ; None                        ; None                      ; None                    ;
; N/A                                     ; 43.52 MHz ( period = 22.979 ns )                    ; 273:inst31|15                        ; 273:inst31|14                                                                                                            ; CLK1       ; CLK1     ; None                        ; None                      ; None                    ;
; N/A                                     ; 43.54 MHz ( period = 22.970 ns )                    ; 273:inst30|15                        ; reg_3:universal_register|273:reg1|15                                                                                     ; CLK1       ; CLK1     ; None                        ; None                      ; None                    ;
; N/A                                     ; 43.54 MHz ( period = 22.969 ns )                    ; 273:inst30|15                        ; 273:IR|14                                                                                                                ; CLK1       ; CLK1     ; None                        ; None                      ; None                    ;
; N/A                                     ; 43.55 MHz ( period = 22.962 ns )                    ; 273:inst31|14                        ; reg_3:universal_register|273:reg2|15                                                                                     ; CLK1       ; CLK1     ; None                        ; None                      ; None                    ;
; N/A                                     ; 43.57 MHz ( period = 22.953 ns )                    ; 273:inst31|17                        ; 273:IR|17                                                                                                                ; CLK1       ; CLK1     ; None                        ; None                      ; None                    ;
; N/A                                     ; 43.58 MHz ( period = 22.945 ns )                    ; 273:inst31|17                        ; lpm_ram_dq0:InstructionsRAM|altsyncram:altsyncram_component|altsyncram_dru:auto_generated|ram_block1a7~porta_datain_reg7 ; CLK1       ; CLK1     ; None                        ; None                      ; None                    ;
; N/A                                     ; 43.59 MHz ( period = 22.942 ns )                    ; 273:inst31|17                        ; 273:inst31|17                                                                                                            ; CLK1       ; CLK1     ; None                        ; None                      ; None                    ;
; N/A                                     ; 43.60 MHz ( period = 22.938 ns )                    ; 273:inst31|15                        ; reg_3:universal_register|273:reg1|13                                                                                     ; CLK1       ; CLK1     ; None                        ; None                      ; None                    ;
; N/A                                     ; 43.64 MHz ( period = 22.916 ns )                    ; 273:inst30|13                        ; 273:inst30|13                                                                                                            ; CLK1       ; CLK1     ; None                        ; None                      ; None                    ;
; N/A                                     ; 43.69 MHz ( period = 22.890 ns )                    ; 273:inst31|18                        ; lpm_ram_dq0:InstructionsRAM|altsyncram:altsyncram_component|altsyncram_dru:auto_generated|ram_block1a7~porta_datain_reg5 ; CLK1       ; CLK1     ; None                        ; None                      ; None                    ;
; N/A                                     ; 43.70 MHz ( period = 22.885 ns )                    ; reg_3:universal_register|273:reg1|15 ; 273:inst31|15                                                                                                            ; CLK1       ; CLK1     ; None                        ; None                      ; None                    ;
; N/A                                     ; 43.70 MHz ( period = 22.884 ns )                    ; 273:inst30|14                        ; 273:inst30|14                                                                                                            ; CLK1       ; CLK1     ; None                        ; None                      ; None                    ;
; N/A                                     ; 43.74 MHz ( period = 22.864 ns )                    ; 273:inst30|16                        ; lpm_ram_dq0:InstructionsRAM|altsyncram:altsyncram_component|altsyncram_dru:auto_generated|ram_block1a7~porta_datain_reg5 ; CLK1       ; CLK1     ; None                        ; None                      ; None                    ;
; N/A                                     ; 43.75 MHz ( period = 22.859 ns )                    ; 273:inst31|15                        ; reg_3:universal_register|273:reg0|13                                                                                     ; CLK1       ; CLK1     ; None                        ; None                      ; None                    ;
; N/A                                     ; 43.75 MHz ( period = 22.857 ns )                    ; 273:inst31|15                        ; 273:IR|15                                                                                                                ; CLK1       ; CLK1     ; None                        ; None                      ; None                    ;
; N/A                                     ; 43.82 MHz ( period = 22.823 ns )                    ; 273:inst31|13                        ; 273:inst31|15                                                                                                            ; CLK1       ; CLK1     ; None                        ; None                      ; None                    ;
; N/A                                     ; 43.82 MHz ( period = 22.820 ns )                    ; reg_3:universal_register|273:reg0|13 ; lpm_ram_dq0:InstructionsRAM|altsyncram:altsyncram_component|altsyncram_dru:auto_generated|ram_block1a7~porta_datain_reg1 ; CLK1       ; CLK1     ; None                        ; None                      ; None                    ;
; N/A                                     ; 43.82 MHz ( period = 22.820 ns )                    ; reg_3:universal_register|273:reg0|12 ; lpm_ram_dq0:InstructionsRAM|altsyncram:altsyncram_component|altsyncram_dru:auto_generated|ram_block1a7~porta_datain_reg0 ; CLK1       ; CLK1     ; None                        ; None                      ; None                    ;
; N/A                                     ; 43.82 MHz ( period = 22.819 ns )                    ; reg_3:universal_register|273:reg0|14 ; lpm_ram_dq0:InstructionsRAM|altsyncram:altsyncram_component|altsyncram_dru:auto_generated|ram_block1a7~porta_datain_reg2 ; CLK1       ; CLK1     ; None                        ; None                      ; None                    ;
; N/A                                     ; 43.84 MHz ( period = 22.809 ns )                    ; 273:inst31|15                        ; reg_3:universal_register|273:reg2|15                                                                                     ; CLK1       ; CLK1     ; None                        ; None                      ; None                    ;
; N/A                                     ; 43.86 MHz ( period = 22.802 ns )                    ; 273:inst30|13                        ; reg_3:universal_register|273:reg2|13                                                                                     ; CLK1       ; CLK1     ; None                        ; None                      ; None                    ;
; N/A                                     ; 43.86 MHz ( period = 22.799 ns )                    ; 273:inst31|14                        ; reg_3:universal_register|273:reg1|15                                                                                     ; CLK1       ; CLK1     ; None                        ; None                      ; None                    ;
; N/A                                     ; 43.86 MHz ( period = 22.798 ns )                    ; 273:inst31|14                        ; 273:IR|14                                                                                                                ; CLK1       ; CLK1     ; None                        ; None                      ; None                    ;
; N/A                                     ; 43.88 MHz ( period = 22.790 ns )                    ; 273:inst30|14                        ; reg_3:universal_register|273:reg0|15                                                                                     ; CLK1       ; CLK1     ; None                        ; None                      ; None                    ;
; N/A                                     ; 43.89 MHz ( period = 22.782 ns )                    ; 273:inst30|12                        ; lpm_ram_dq0:InstructionsRAM|altsyncram:altsyncram_component|altsyncram_dru:auto_generated|ram_block1a7~porta_datain_reg3 ; CLK1       ; CLK1     ; None                        ; None                      ; None                    ;
; N/A                                     ; 43.89 MHz ( period = 22.782 ns )                    ; 273:inst31|17                        ; 273:inst31|16                                                                                                            ; CLK1       ; CLK1     ; None                        ; None                      ; None                    ;
; N/A                                     ; 43.90 MHz ( period = 22.778 ns )                    ; 273:inst30|15                        ; 273:inst30|14                                                                                                            ; CLK1       ; CLK1     ; None                        ; None                      ; None                    ;
; N/A                                     ; 43.91 MHz ( period = 22.772 ns )                    ; reg_3:universal_register|273:reg1|17 ; lpm_ram_dq0:InstructionsRAM|altsyncram:altsyncram_component|altsyncram_dru:auto_generated|ram_block1a7~porta_datain_reg5 ; CLK1       ; CLK1     ; None                        ; None                      ; None                    ;
; N/A                                     ; 43.92 MHz ( period = 22.768 ns )                    ; 273:inst31|12                        ; lpm_ram_dq0:InstructionsRAM|altsyncram:altsyncram_component|altsyncram_dru:auto_generated|ram_block1a7~porta_datain_reg2 ; CLK1       ; CLK1     ; None                        ; None                      ; None                    ;
; N/A                                     ; 43.93 MHz ( period = 22.764 ns )                    ; 273:inst30|13                        ; 273:inst31|14                                                                                                            ; CLK1       ; CLK1     ; None                        ; None                      ; None                    ;
; N/A                                     ; 43.96 MHz ( period = 22.749 ns )                    ; reg_3:universal_register|273:reg0|19 ; lpm_ram_dq0:InstructionsRAM|altsyncram:altsyncram_component|altsyncram_dru:auto_generated|ram_block1a7~porta_datain_reg6 ; CLK1       ; CLK1     ; None                        ; None                      ; None                    ;
; N/A                                     ; 43.97 MHz ( period = 22.741 ns )                    ; reg_3:universal_register|273:reg0|15 ; lpm_ram_dq0:InstructionsRAM|altsyncram:altsyncram_component|altsyncram_dru:auto_generated|ram_block1a7~porta_datain_reg3 ; CLK1       ; CLK1     ; None                        ; None                      ; None                    ;
; N/A                                     ; 43.98 MHz ( period = 22.740 ns )                    ; 273:inst30|17                        ; 273:inst30|17                                                                                                            ; CLK1       ; CLK1     ; None                        ; None                      ; None                    ;
; N/A                                     ; 43.99 MHz ( period = 22.733 ns )                    ; 273:inst31|17                        ; 273:IR|16                                                                                                                ; CLK1       ; CLK1     ; None                        ; None                      ; None                    ;
; N/A                                     ; 44.01 MHz ( period = 22.723 ns )                    ; 273:inst30|13                        ; reg_3:universal_register|273:reg1|13                                                                                     ; CLK1       ; CLK1     ; None                        ; None                      ; None                    ;
; N/A                                     ; 44.03 MHz ( period = 22.712 ns )                    ; reg_3:universal_register|273:reg0|18 ; lpm_ram_dq0:InstructionsRAM|altsyncram:altsyncram_component|altsyncram_dru:auto_generated|ram_block1a7~porta_datain_reg7 ; CLK1       ; CLK1     ; None                        ; None                      ; None                    ;
; N/A                                     ; 44.03 MHz ( period = 22.710 ns )                    ; reg_3:universal_register|273:reg0|17 ; lpm_ram_dq0:InstructionsRAM|altsyncram:altsyncram_component|altsyncram_dru:auto_generated|ram_block1a7~porta_datain_reg5 ; CLK1       ; CLK1     ; None                        ; None                      ; None                    ;
; N/A                                     ; 44.06 MHz ( period = 22.697 ns )                    ; 273:inst31|13                        ; 273:inst31|13                                                                                                            ; CLK1       ; CLK1     ; None                        ; None                      ; None                    ;
; N/A                                     ; 44.08 MHz ( period = 22.684 ns )                    ; 273:inst30|15                        ; reg_3:universal_register|273:reg0|15                                                                                     ; CLK1       ; CLK1     ; None                        ; None                      ; None                    ;
; N/A                                     ; 44.12 MHz ( period = 22.668 ns )                    ; 273:inst31|18                        ; lpm_ram_dq0:InstructionsRAM|altsyncram:altsyncram_component|altsyncram_dru:auto_generated|ram_block1a7~porta_datain_reg4 ; CLK1       ; CLK1     ; None                        ; None                      ; None                    ;
; N/A                                     ; 44.15 MHz ( period = 22.649 ns )                    ; reg_3:universal_register|273:reg0|16 ; lpm_ram_dq0:InstructionsRAM|altsyncram:altsyncram_component|altsyncram_dru:auto_generated|ram_block1a7~porta_datain_reg4 ; CLK1       ; CLK1     ; None                        ; None                      ; None                    ;
; N/A                                     ; 44.16 MHz ( period = 22.646 ns )                    ; 273:inst31|15                        ; reg_3:universal_register|273:reg1|15                                                                                     ; CLK1       ; CLK1     ; None                        ; None                      ; None                    ;
; N/A                                     ; 44.16 MHz ( period = 22.645 ns )                    ; 273:inst31|15                        ; 273:IR|14                                                                                                                ; CLK1       ; CLK1     ; None                        ; None                      ; None                    ;
; N/A                                     ; 44.16 MHz ( period = 22.644 ns )                    ; 273:inst30|13                        ; reg_3:universal_register|273:reg0|13                                                                                     ; CLK1       ; CLK1     ; None                        ; None                      ; None                    ;
; N/A                                     ; 44.17 MHz ( period = 22.642 ns )                    ; 273:inst30|16                        ; lpm_ram_dq0:InstructionsRAM|altsyncram:altsyncram_component|altsyncram_dru:auto_generated|ram_block1a7~porta_datain_reg4 ; CLK1       ; CLK1     ; None                        ; None                      ; None                    ;
; N/A                                     ; 44.17 MHz ( period = 22.642 ns )                    ; 273:inst30|13                        ; 273:IR|15                                                                                                                ; CLK1       ; CLK1     ; None                        ; None                      ; None                    ;
; N/A                                     ; 44.18 MHz ( period = 22.634 ns )                    ; 273:inst30|14                        ; reg_3:universal_register|273:reg1|14                                                                                     ; CLK1       ; CLK1     ; None                        ; None                      ; None                    ;
; N/A                                     ; 44.19 MHz ( period = 22.630 ns )                    ; 273:inst30|14                        ; 273:outputdevice|13                                                                                                      ; CLK1       ; CLK1     ; None                        ; None                      ; None                    ;
; N/A                                     ; 44.23 MHz ( period = 22.607 ns )                    ; 273:inst31|14                        ; 273:inst30|14                                                                                                            ; CLK1       ; CLK1     ; None                        ; None                      ; None                    ;
; N/A                                     ; 44.26 MHz ( period = 22.594 ns )                    ; 273:inst30|13                        ; reg_3:universal_register|273:reg2|15                                                                                     ; CLK1       ; CLK1     ; None                        ; None                      ; None                    ;
; N/A                                     ; 44.27 MHz ( period = 22.590 ns )                    ; 273:inst30|14                        ; reg_3:universal_register|273:reg2|14                                                                                     ; CLK1       ; CLK1     ; None                        ; None                      ; None                    ;
; N/A                                     ; 44.29 MHz ( period = 22.581 ns )                    ; 273:inst30|17                        ; 273:inst30|16                                                                                                            ; CLK1       ; CLK1     ; None                        ; None                      ; None                    ;
; N/A                                     ; 44.37 MHz ( period = 22.538 ns )                    ; 273:inst30|14                        ; 273:address_reg|13                                                                                                       ; CLK1       ; CLK1     ; None                        ; None                      ; None                    ;
; N/A                                     ; 44.38 MHz ( period = 22.531 ns )                    ; 273:inst31|12                        ; lpm_ram_dq0:InstructionsRAM|altsyncram:altsyncram_component|altsyncram_dru:auto_generated|ram_block1a7~porta_datain_reg3 ; CLK1       ; CLK1     ; None                        ; None                      ; None                    ;
; N/A                                     ; 44.39 MHz ( period = 22.528 ns )                    ; 273:inst30|15                        ; reg_3:universal_register|273:reg1|14                                                                                     ; CLK1       ; CLK1     ; None                        ; None                      ; None                    ;
; N/A                                     ; 44.40 MHz ( period = 22.524 ns )                    ; 273:inst30|15                        ; 273:outputdevice|13                                                                                                      ; CLK1       ; CLK1     ; None                        ; None                      ; None                    ;
; N/A                                     ; 44.40 MHz ( period = 22.521 ns )                    ; 273:inst30|14                        ; reg_3:universal_register|273:reg0|14                                                                                     ; CLK1       ; CLK1     ; None                        ; None                      ; None                    ;
; N/A                                     ; 44.42 MHz ( period = 22.513 ns )                    ; 273:inst31|14                        ; reg_3:universal_register|273:reg0|15                                                                                     ; CLK1       ; CLK1     ; None                        ; None                      ; None                    ;
; N/A                                     ; 44.48 MHz ( period = 22.484 ns )                    ; 273:inst30|15                        ; reg_3:universal_register|273:reg2|14                                                                                     ; CLK1       ; CLK1     ; None                        ; None                      ; None                    ;
; N/A                                     ; 44.50 MHz ( period = 22.471 ns )                    ; 273:inst31|16                        ; lpm_ram_dq0:InstructionsRAM|altsyncram:altsyncram_component|altsyncram_dru:auto_generated|ram_block1a7~porta_datain_reg5 ; CLK1       ; CLK1     ; None                        ; None                      ; None                    ;
; N/A                                     ; 44.53 MHz ( period = 22.459 ns )                    ; 273:inst31|18                        ; 273:IR|19                                                                                                                ; CLK1       ; CLK1     ; None                        ; None                      ; None                    ;
; N/A                                     ; 44.54 MHz ( period = 22.454 ns )                    ; 273:inst31|18                        ; 273:inst31|19                                                                                                            ; CLK1       ; CLK1     ; None                        ; None                      ; None                    ;
; N/A                                     ; 44.54 MHz ( period = 22.454 ns )                    ; 273:inst31|15                        ; 273:inst30|14                                                                                                            ; CLK1       ; CLK1     ; None                        ; None                      ; None                    ;
; N/A                                     ; 44.55 MHz ( period = 22.447 ns )                    ; 273:inst30|12                        ; 273:inst31|15                                                                                                            ; CLK1       ; CLK1     ; None                        ; None                      ; None                    ;
; N/A                                     ; 44.58 MHz ( period = 22.432 ns )                    ; 273:inst30|15                        ; 273:address_reg|13                                                                                                       ; CLK1       ; CLK1     ; None                        ; None                      ; None                    ;
; N/A                                     ; 44.58 MHz ( period = 22.431 ns )                    ; 273:inst30|13                        ; reg_3:universal_register|273:reg1|15                                                                                     ; CLK1       ; CLK1     ; None                        ; None                      ; None                    ;
; N/A                                     ; 44.58 MHz ( period = 22.430 ns )                    ; 273:inst30|13                        ; 273:IR|14                                                                                                                ; CLK1       ; CLK1     ; None                        ; None                      ; None                    ;
; N/A                                     ; 44.60 MHz ( period = 22.420 ns )                    ; 273:inst31|17                        ; 273:inst30|17                                                                                                            ; CLK1       ; CLK1     ; None                        ; None                      ; None                    ;
; N/A                                     ; 44.61 MHz ( period = 22.415 ns )                    ; 273:inst30|15                        ; reg_3:universal_register|273:reg0|14                                                                                     ; CLK1       ; CLK1     ; None                        ; None                      ; None                    ;
; N/A                                     ; 44.63 MHz ( period = 22.406 ns )                    ; reg_3:universal_register|273:reg0|15 ; 273:inst31|15                                                                                                            ; CLK1       ; CLK1     ; None                        ; None                      ; None                    ;
; N/A                                     ; 44.72 MHz ( period = 22.362 ns )                    ; reg_3:universal_register|273:reg1|15 ; 273:inst30|15                                                                                                            ; CLK1       ; CLK1     ; None                        ; None                      ; None                    ;
; N/A                                     ; 44.72 MHz ( period = 22.360 ns )                    ; 273:inst31|15                        ; reg_3:universal_register|273:reg0|15                                                                                     ; CLK1       ; CLK1     ; None                        ; None                      ; None                    ;
; N/A                                     ; 44.73 MHz ( period = 22.357 ns )                    ; 273:inst31|14                        ; reg_3:universal_register|273:reg1|14                                                                                     ; CLK1       ; CLK1     ; None                        ; None                      ; None                    ;
; N/A                                     ; 44.73 MHz ( period = 22.355 ns )                    ; 273:inst31|13                        ; 273:IR|13                                                                                                                ; CLK1       ; CLK1     ; None                        ; None                      ; None                    ;
; N/A                                     ; 44.74 MHz ( period = 22.353 ns )                    ; 273:inst31|14                        ; 273:outputdevice|13                                                                                                      ; CLK1       ; CLK1     ; None                        ; None                      ; None                    ;
; N/A                                     ; 44.76 MHz ( period = 22.343 ns )                    ; 273:inst31|18                        ; 273:inst31|18                                                                                                            ; CLK1       ; CLK1     ; None                        ; None                      ; None                    ;
; N/A                                     ; 44.80 MHz ( period = 22.321 ns )                    ; 273:inst30|12                        ; 273:inst31|13                                                                                                            ; CLK1       ; CLK1     ; None                        ; None                      ; None                    ;
; N/A                                     ; 44.81 MHz ( period = 22.314 ns )                    ; 273:inst30|18                        ; 273:IR|19                                                                                                                ; CLK1       ; CLK1     ; None                        ; None                      ; None                    ;
; N/A                                     ; 44.82 MHz ( period = 22.313 ns )                    ; 273:inst31|14                        ; reg_3:universal_register|273:reg2|14                                                                                     ; CLK1       ; CLK1     ; None                        ; None                      ; None                    ;
; N/A                                     ; 44.82 MHz ( period = 22.309 ns )                    ; 273:inst30|18                        ; 273:inst31|19                                                                                                            ; CLK1       ; CLK1     ; None                        ; None                      ; None                    ;
; N/A                                     ; 44.84 MHz ( period = 22.300 ns )                    ; 273:inst31|13                        ; 273:inst30|15                                                                                                            ; CLK1       ; CLK1     ; None                        ; None                      ; None                    ;
; N/A                                     ; 44.90 MHz ( period = 22.270 ns )                    ; 273:inst31|19                        ; 273:IR|19                                                                                                                ; CLK1       ; CLK1     ; None                        ; None                      ; None                    ;
; N/A                                     ; 44.91 MHz ( period = 22.267 ns )                    ; 273:inst30|19                        ; 273:IR|19                                                                                                                ; CLK1       ; CLK1     ; None                        ; None                      ; None                    ;
; N/A                                     ; 44.91 MHz ( period = 22.265 ns )                    ; 273:inst31|19                        ; 273:inst31|19                                                                                                            ; CLK1       ; CLK1     ; None                        ; None                      ; None                    ;
; N/A                                     ; 44.92 MHz ( period = 22.262 ns )                    ; 273:inst30|19                        ; 273:inst31|19                                                                                                            ; CLK1       ; CLK1     ; None                        ; None                      ; None                    ;
; N/A                                     ; 44.92 MHz ( period = 22.261 ns )                    ; 273:inst31|14                        ; 273:address_reg|13                                                                                                       ; CLK1       ; CLK1     ; None                        ; None                      ; None                    ;
; N/A                                     ; 44.92 MHz ( period = 22.261 ns )                    ; 273:inst31|17                        ; 273:inst30|16                                                                                                            ; CLK1       ; CLK1     ; None                        ; None                      ; None                    ;
; N/A                                     ; 44.95 MHz ( period = 22.249 ns )                    ; 273:inst31|16                        ; lpm_ram_dq0:InstructionsRAM|altsyncram:altsyncram_component|altsyncram_dru:auto_generated|ram_block1a7~porta_datain_reg4 ; CLK1       ; CLK1     ; None                        ; None                      ; None                    ;
; N/A                                     ; 44.96 MHz ( period = 22.244 ns )                    ; 273:inst31|14                        ; reg_3:universal_register|273:reg0|14                                                                                     ; CLK1       ; CLK1     ; None                        ; None                      ; None                    ;
; N/A                                     ; 44.97 MHz ( period = 22.239 ns )                    ; 273:inst30|14                        ; lpm_ram_dq0:InstructionsRAM|altsyncram:altsyncram_component|altsyncram_dru:auto_generated|ram_block1a7~porta_datain_reg5 ; CLK1       ; CLK1     ; None                        ; None                      ; None                    ;
; N/A                                     ; 44.97 MHz ( period = 22.239 ns )                    ; 273:inst30|13                        ; 273:inst30|14                                                                                                            ; CLK1       ; CLK1     ; None                        ; None                      ; None                    ;
; N/A                                     ; 45.01 MHz ( period = 22.215 ns )                    ; 273:inst30|17                        ; 273:outputdevice|17                                                                                                      ; CLK1       ; CLK1     ; None                        ; None                      ; None                    ;
; N/A                                     ; 45.04 MHz ( period = 22.204 ns )                    ; 273:inst31|15                        ; reg_3:universal_register|273:reg1|14                                                                                     ; CLK1       ; CLK1     ; None                        ; None                      ; None                    ;
; N/A                                     ; 45.05 MHz ( period = 22.200 ns )                    ; 273:inst31|15                        ; 273:outputdevice|13                                                                                                      ; CLK1       ; CLK1     ; None                        ; None                      ; None                    ;
; N/A                                     ; 45.05 MHz ( period = 22.198 ns )                    ; 273:inst30|18                        ; 273:inst31|18                                                                                                            ; CLK1       ; CLK1     ; None                        ; None                      ; None                    ;
; N/A                                     ; 45.05 MHz ( period = 22.196 ns )                    ; 273:inst31|12                        ; 273:inst31|15                                                                                                            ; CLK1       ; CLK1     ; None                        ; None                      ; None                    ;
; N/A                                     ; 45.10 MHz ( period = 22.174 ns )                    ; 273:inst31|13                        ; 273:inst30|13                                                                                                            ; CLK1       ; CLK1     ; None                        ; None                      ; None                    ;
; N/A                                     ; 45.13 MHz ( period = 22.160 ns )                    ; 273:inst31|15                        ; reg_3:universal_register|273:reg2|14                                                                                     ; CLK1       ; CLK1     ; None                        ; None                      ; None                    ;
; N/A                                     ; 45.14 MHz ( period = 22.154 ns )                    ; 273:inst31|19                        ; 273:inst31|18                                                                                                            ; CLK1       ; CLK1     ; None                        ; None                      ; None                    ;
; N/A                                     ; 45.14 MHz ( period = 22.151 ns )                    ; 273:inst30|19                        ; 273:inst31|18                                                                                                            ; CLK1       ; CLK1     ; None                        ; None                      ; None                    ;
; N/A                                     ; 45.15 MHz ( period = 22.148 ns )                    ; 273:inst31|18                        ; 273:IR|18                                                                                                                ; CLK1       ; CLK1     ; None                        ; None                      ; None                    ;
; N/A                                     ; 45.16 MHz ( period = 22.145 ns )                    ; 273:inst30|13                        ; reg_3:universal_register|273:reg0|15                                                                                     ; CLK1       ; CLK1     ; None                        ; None                      ; None                    ;
; N/A                                     ; 45.16 MHz ( period = 22.143 ns )                    ; 273:inst30|17                        ; reg_3:universal_register|273:reg1|16                                                                                     ; CLK1       ; CLK1     ; None                        ; None                      ; None                    ;
; Timing analysis restricted to 200 rows. ; To change the limit use Settings (Assignments menu) ;                                      ;                                                                                                                          ;            ;          ;                             ;                           ;                         ;
+-----------------------------------------+-----------------------------------------------------+--------------------------------------+--------------------------------------------------------------------------------------------------------------------------+------------+----------+-----------------------------+---------------------------+-------------------------+


+---------------------------------------------------------------------------------------------------------------------------------------------------------------------------------------------------------------------------------------------------------------------------------------------------------------------------------------------------------------------------------------------------------------+
; Clock Hold: 'CLK1'                                                                                                                                                                                                                                                                                                                                                                                            ;
+------------------------------------------+---------------------------------------------------------------------------------------------------------------------------+---------------------------------------------------------------------------------------------------------------------------+------------+----------+----------------------------+----------------------------+--------------------------+
; Minimum Slack                            ; From                                                                                                                      ; To                                                                                                                        ; From Clock ; To Clock ; Required Hold Relationship ; Required Shortest P2P Time ; Actual Shortest P2P Time ;
+------------------------------------------+---------------------------------------------------------------------------------------------------------------------------+---------------------------------------------------------------------------------------------------------------------------+------------+----------+----------------------------+----------------------------+--------------------------+
; Not operational: Clock Skew > Data Delay ; lpm_ram_dq0:InstructionsRAM|altsyncram:altsyncram_component|altsyncram_dru:auto_generated|ram_block1a7~porta_address_reg7 ; 273:inst31|13                                                                                                             ; CLK1       ; CLK1     ; None                       ; None                       ; None                     ;
; Not operational: Clock Skew > Data Delay ; lpm_ram_dq0:InstructionsRAM|altsyncram:altsyncram_component|altsyncram_dru:auto_generated|ram_block1a7~porta_address_reg6 ; 273:inst31|13                                                                                                             ; CLK1       ; CLK1     ; None                       ; None                       ; None                     ;
; Not operational: Clock Skew > Data Delay ; lpm_ram_dq0:InstructionsRAM|altsyncram:altsyncram_component|altsyncram_dru:auto_generated|ram_block1a7~porta_address_reg5 ; 273:inst31|13                                                                                                             ; CLK1       ; CLK1     ; None                       ; None                       ; None                     ;
; Not operational: Clock Skew > Data Delay ; lpm_ram_dq0:InstructionsRAM|altsyncram:altsyncram_component|altsyncram_dru:auto_generated|ram_block1a7~porta_address_reg4 ; 273:inst31|13                                                                                                             ; CLK1       ; CLK1     ; None                       ; None                       ; None                     ;
; Not operational: Clock Skew > Data Delay ; 273:inst30|14                                                                                                             ; 273:address_reg|16                                                                                                        ; CLK1       ; CLK1     ; None                       ; None                       ; None                     ;
; Not operational: Clock Skew > Data Delay ; lpm_ram_dq0:InstructionsRAM|altsyncram:altsyncram_component|altsyncram_dru:auto_generated|ram_block1a7~porta_address_reg7 ; 273:IR|19                                                                                                                 ; CLK1       ; CLK1     ; None                       ; None                       ; None                     ;
; Not operational: Clock Skew > Data Delay ; lpm_ram_dq0:InstructionsRAM|altsyncram:altsyncram_component|altsyncram_dru:auto_generated|ram_block1a7~porta_address_reg6 ; 273:IR|19                                                                                                                 ; CLK1       ; CLK1     ; None                       ; None                       ; None                     ;
; Not operational: Clock Skew > Data Delay ; lpm_ram_dq0:InstructionsRAM|altsyncram:altsyncram_component|altsyncram_dru:auto_generated|ram_block1a7~porta_address_reg5 ; 273:IR|19                                                                                                                 ; CLK1       ; CLK1     ; None                       ; None                       ; None                     ;
; Not operational: Clock Skew > Data Delay ; lpm_ram_dq0:InstructionsRAM|altsyncram:altsyncram_component|altsyncram_dru:auto_generated|ram_block1a7~porta_address_reg4 ; 273:IR|19                                                                                                                 ; CLK1       ; CLK1     ; None                       ; None                       ; None                     ;
; Not operational: Clock Skew > Data Delay ; lpm_ram_dq0:InstructionsRAM|altsyncram:altsyncram_component|altsyncram_dru:auto_generated|ram_block1a7~porta_address_reg3 ; 273:IR|19                                                                                                                 ; CLK1       ; CLK1     ; None                       ; None                       ; None                     ;
; Not operational: Clock Skew > Data Delay ; lpm_ram_dq0:InstructionsRAM|altsyncram:altsyncram_component|altsyncram_dru:auto_generated|ram_block1a7~porta_address_reg2 ; 273:IR|19                                                                                                                 ; CLK1       ; CLK1     ; None                       ; None                       ; None                     ;
; Not operational: Clock Skew > Data Delay ; lpm_ram_dq0:InstructionsRAM|altsyncram:altsyncram_component|altsyncram_dru:auto_generated|ram_block1a7~porta_address_reg1 ; 273:IR|19                                                                                                                 ; CLK1       ; CLK1     ; None                       ; None                       ; None                     ;
; Not operational: Clock Skew > Data Delay ; lpm_ram_dq0:InstructionsRAM|altsyncram:altsyncram_component|altsyncram_dru:auto_generated|ram_block1a7~porta_address_reg0 ; 273:IR|19                                                                                                                 ; CLK1       ; CLK1     ; None                       ; None                       ; None                     ;
; Not operational: Clock Skew > Data Delay ; 273:inst31|19                                                                                                             ; 273:inst30|13                                                                                                             ; CLK1       ; CLK1     ; None                       ; None                       ; None                     ;
; Not operational: Clock Skew > Data Delay ; 273:inst30|16                                                                                                             ; 273:inst31|19                                                                                                             ; CLK1       ; CLK1     ; None                       ; None                       ; None                     ;
; Not operational: Clock Skew > Data Delay ; 273:inst30|19                                                                                                             ; 273:inst31|12                                                                                                             ; CLK1       ; CLK1     ; None                       ; None                       ; None                     ;
; Not operational: Clock Skew > Data Delay ; lpm_rom0:control_memory|altsyncram:altsyncram_component|altsyncram_ecq:auto_generated|ram_block1a15~porta_address_reg5    ; 273:IR|17                                                                                                                 ; CLK1       ; CLK1     ; None                       ; None                       ; None                     ;
; Not operational: Clock Skew > Data Delay ; lpm_rom0:control_memory|altsyncram:altsyncram_component|altsyncram_ecq:auto_generated|ram_block1a15~porta_address_reg4    ; 273:IR|17                                                                                                                 ; CLK1       ; CLK1     ; None                       ; None                       ; None                     ;
; Not operational: Clock Skew > Data Delay ; lpm_rom0:control_memory|altsyncram:altsyncram_component|altsyncram_ecq:auto_generated|ram_block1a15~porta_address_reg3    ; 273:IR|17                                                                                                                 ; CLK1       ; CLK1     ; None                       ; None                       ; None                     ;
; Not operational: Clock Skew > Data Delay ; lpm_rom0:control_memory|altsyncram:altsyncram_component|altsyncram_ecq:auto_generated|ram_block1a15~porta_address_reg2    ; 273:IR|17                                                                                                                 ; CLK1       ; CLK1     ; None                       ; None                       ; None                     ;
; Not operational: Clock Skew > Data Delay ; lpm_rom0:control_memory|altsyncram:altsyncram_component|altsyncram_ecq:auto_generated|ram_block1a15~porta_address_reg1    ; 273:IR|17                                                                                                                 ; CLK1       ; CLK1     ; None                       ; None                       ; None                     ;
; Not operational: Clock Skew > Data Delay ; lpm_rom0:control_memory|altsyncram:altsyncram_component|altsyncram_ecq:auto_generated|ram_block1a15~porta_address_reg0    ; 273:IR|17                                                                                                                 ; CLK1       ; CLK1     ; None                       ; None                       ; None                     ;
; Not operational: Clock Skew > Data Delay ; 273:inst30|18                                                                                                             ; 273:address_reg|19                                                                                                        ; CLK1       ; CLK1     ; None                       ; None                       ; None                     ;
; Not operational: Clock Skew > Data Delay ; 273:inst30|19                                                                                                             ; 273:inst31|14                                                                                                             ; CLK1       ; CLK1     ; None                       ; None                       ; None                     ;
; Not operational: Clock Skew > Data Delay ; 273:inst31|16                                                                                                             ; 273:IR|19                                                                                                                 ; CLK1       ; CLK1     ; None                       ; None                       ; None                     ;
; Not operational: Clock Skew > Data Delay ; 273:inst31|18                                                                                                             ; 273:inst30|19                                                                                                             ; CLK1       ; CLK1     ; None                       ; None                       ; None                     ;
; Not operational: Clock Skew > Data Delay ; 273:inst31|15                                                                                                             ; 273:inst31|16                                                                                                             ; CLK1       ; CLK1     ; None                       ; None                       ; None                     ;
; Not operational: Clock Skew > Data Delay ; lpm_ram_dq0:InstructionsRAM|altsyncram:altsyncram_component|altsyncram_dru:auto_generated|ram_block1a7~porta_address_reg7 ; 273:IR|13                                                                                                                 ; CLK1       ; CLK1     ; None                       ; None                       ; None                     ;
; Not operational: Clock Skew > Data Delay ; lpm_ram_dq0:InstructionsRAM|altsyncram:altsyncram_component|altsyncram_dru:auto_generated|ram_block1a7~porta_address_reg6 ; 273:IR|13                                                                                                                 ; CLK1       ; CLK1     ; None                       ; None                       ; None                     ;
; Not operational: Clock Skew > Data Delay ; lpm_ram_dq0:InstructionsRAM|altsyncram:altsyncram_component|altsyncram_dru:auto_generated|ram_block1a7~porta_address_reg5 ; 273:IR|13                                                                                                                 ; CLK1       ; CLK1     ; None                       ; None                       ; None                     ;
; Not operational: Clock Skew > Data Delay ; lpm_ram_dq0:InstructionsRAM|altsyncram:altsyncram_component|altsyncram_dru:auto_generated|ram_block1a7~porta_address_reg4 ; 273:IR|13                                                                                                                 ; CLK1       ; CLK1     ; None                       ; None                       ; None                     ;
; Not operational: Clock Skew > Data Delay ; lpm_ram_dq0:InstructionsRAM|altsyncram:altsyncram_component|altsyncram_dru:auto_generated|ram_block1a7~porta_address_reg3 ; 273:IR|13                                                                                                                 ; CLK1       ; CLK1     ; None                       ; None                       ; None                     ;
; Not operational: Clock Skew > Data Delay ; lpm_ram_dq0:InstructionsRAM|altsyncram:altsyncram_component|altsyncram_dru:auto_generated|ram_block1a7~porta_address_reg2 ; 273:IR|13                                                                                                                 ; CLK1       ; CLK1     ; None                       ; None                       ; None                     ;
; Not operational: Clock Skew > Data Delay ; lpm_ram_dq0:InstructionsRAM|altsyncram:altsyncram_component|altsyncram_dru:auto_generated|ram_block1a7~porta_address_reg1 ; 273:IR|13                                                                                                                 ; CLK1       ; CLK1     ; None                       ; None                       ; None                     ;
; Not operational: Clock Skew > Data Delay ; lpm_ram_dq0:InstructionsRAM|altsyncram:altsyncram_component|altsyncram_dru:auto_generated|ram_block1a7~porta_address_reg0 ; 273:IR|13                                                                                                                 ; CLK1       ; CLK1     ; None                       ; None                       ; None                     ;
; Not operational: Clock Skew > Data Delay ; 273:inst31|19                                                                                                             ; 273:inst31|13                                                                                                             ; CLK1       ; CLK1     ; None                       ; None                       ; None                     ;
; Not operational: Clock Skew > Data Delay ; 273:inst31|19                                                                                                             ; 273:inst30|15                                                                                                             ; CLK1       ; CLK1     ; None                       ; None                       ; None                     ;
; Not operational: Clock Skew > Data Delay ; 273:inst30|19                                                                                                             ; 273:IR|14                                                                                                                 ; CLK1       ; CLK1     ; None                       ; None                       ; None                     ;
; Not operational: Clock Skew > Data Delay ; 273:inst31|15                                                                                                             ; 273:inst30|17                                                                                                             ; CLK1       ; CLK1     ; None                       ; None                       ; None                     ;
; Not operational: Clock Skew > Data Delay ; 273:inst30|14                                                                                                             ; 273:address_reg|17                                                                                                        ; CLK1       ; CLK1     ; None                       ; None                       ; None                     ;
; Not operational: Clock Skew > Data Delay ; 273:inst30|16                                                                                                             ; 273:IR|18                                                                                                                 ; CLK1       ; CLK1     ; None                       ; None                       ; None                     ;
; Not operational: Clock Skew > Data Delay ; 273:inst31|18                                                                                                             ; 273:inst31|19                                                                                                             ; CLK1       ; CLK1     ; None                       ; None                       ; None                     ;
; Not operational: Clock Skew > Data Delay ; lpm_rom0:control_memory|altsyncram:altsyncram_component|altsyncram_ecq:auto_generated|ram_block1a15~porta_address_reg5    ; 273:IR|16                                                                                                                 ; CLK1       ; CLK1     ; None                       ; None                       ; None                     ;
; Not operational: Clock Skew > Data Delay ; lpm_rom0:control_memory|altsyncram:altsyncram_component|altsyncram_ecq:auto_generated|ram_block1a15~porta_address_reg4    ; 273:IR|16                                                                                                                 ; CLK1       ; CLK1     ; None                       ; None                       ; None                     ;
; Not operational: Clock Skew > Data Delay ; lpm_rom0:control_memory|altsyncram:altsyncram_component|altsyncram_ecq:auto_generated|ram_block1a15~porta_address_reg3    ; 273:IR|16                                                                                                                 ; CLK1       ; CLK1     ; None                       ; None                       ; None                     ;
; Not operational: Clock Skew > Data Delay ; lpm_rom0:control_memory|altsyncram:altsyncram_component|altsyncram_ecq:auto_generated|ram_block1a15~porta_address_reg2    ; 273:IR|16                                                                                                                 ; CLK1       ; CLK1     ; None                       ; None                       ; None                     ;
; Not operational: Clock Skew > Data Delay ; lpm_rom0:control_memory|altsyncram:altsyncram_component|altsyncram_ecq:auto_generated|ram_block1a15~porta_address_reg1    ; 273:IR|16                                                                                                                 ; CLK1       ; CLK1     ; None                       ; None                       ; None                     ;
; Not operational: Clock Skew > Data Delay ; lpm_rom0:control_memory|altsyncram:altsyncram_component|altsyncram_ecq:auto_generated|ram_block1a15~porta_address_reg0    ; 273:IR|16                                                                                                                 ; CLK1       ; CLK1     ; None                       ; None                       ; None                     ;
; Not operational: Clock Skew > Data Delay ; 273:inst31|19                                                                                                             ; 273:IR|13                                                                                                                 ; CLK1       ; CLK1     ; None                       ; None                       ; None                     ;
; Not operational: Clock Skew > Data Delay ; 273:inst31|12                                                                                                             ; 273:address_reg|14                                                                                                        ; CLK1       ; CLK1     ; None                       ; None                       ; None                     ;
; Not operational: Clock Skew > Data Delay ; 273:inst31|15                                                                                                             ; 273:outputdevice|17                                                                                                       ; CLK1       ; CLK1     ; None                       ; None                       ; None                     ;
; Not operational: Clock Skew > Data Delay ; 273:inst31|19                                                                                                             ; 273:inst31|15                                                                                                             ; CLK1       ; CLK1     ; None                       ; None                       ; None                     ;
; Not operational: Clock Skew > Data Delay ; 273:inst31|15                                                                                                             ; 273:inst31|17                                                                                                             ; CLK1       ; CLK1     ; None                       ; None                       ; None                     ;
; Not operational: Clock Skew > Data Delay ; 273:inst31|16                                                                                                             ; 273:address_reg|17                                                                                                        ; CLK1       ; CLK1     ; None                       ; None                       ; None                     ;
; Not operational: Clock Skew > Data Delay ; 273:inst31|14                                                                                                             ; 273:inst30|16                                                                                                             ; CLK1       ; CLK1     ; None                       ; None                       ; None                     ;
; Not operational: Clock Skew > Data Delay ; 273:inst30|17                                                                                                             ; 273:IR|19                                                                                                                 ; CLK1       ; CLK1     ; None                       ; None                       ; None                     ;
; Not operational: Clock Skew > Data Delay ; 273:inst30|15                                                                                                             ; 273:inst30|16                                                                                                             ; CLK1       ; CLK1     ; None                       ; None                       ; None                     ;
; Not operational: Clock Skew > Data Delay ; 273:inst30|18                                                                                                             ; 273:outputdevice|19                                                                                                       ; CLK1       ; CLK1     ; None                       ; None                       ; None                     ;
; Not operational: Clock Skew > Data Delay ; 273:inst31|17                                                                                                             ; 273:IR|19                                                                                                                 ; CLK1       ; CLK1     ; None                       ; None                       ; None                     ;
; Not operational: Clock Skew > Data Delay ; 273:inst30|19                                                                                                             ; 273:outputdevice|13                                                                                                       ; CLK1       ; CLK1     ; None                       ; None                       ; None                     ;
; Not operational: Clock Skew > Data Delay ; 273:inst31|12                                                                                                             ; 273:address_reg|15                                                                                                        ; CLK1       ; CLK1     ; None                       ; None                       ; None                     ;
; Not operational: Clock Skew > Data Delay ; 273:inst31|14                                                                                                             ; 273:inst31|16                                                                                                             ; CLK1       ; CLK1     ; None                       ; None                       ; None                     ;
; Not operational: Clock Skew > Data Delay ; 273:inst30|19                                                                                                             ; 273:IR|15                                                                                                                 ; CLK1       ; CLK1     ; None                       ; None                       ; None                     ;
; Not operational: Clock Skew > Data Delay ; 273:inst30|15                                                                                                             ; 273:inst31|16                                                                                                             ; CLK1       ; CLK1     ; None                       ; None                       ; None                     ;
; Not operational: Clock Skew > Data Delay ; 273:inst31|14                                                                                                             ; 273:inst30|17                                                                                                             ; CLK1       ; CLK1     ; None                       ; None                       ; None                     ;
; Not operational: Clock Skew > Data Delay ; 273:inst30|14                                                                                                             ; 273:outputdevice|16                                                                                                       ; CLK1       ; CLK1     ; None                       ; None                       ; None                     ;
; Not operational: Clock Skew > Data Delay ; 273:inst30|15                                                                                                             ; 273:inst30|17                                                                                                             ; CLK1       ; CLK1     ; None                       ; None                       ; None                     ;
; Not operational: Clock Skew > Data Delay ; 273:inst31|15                                                                                                             ; 273:IR|16                                                                                                                 ; CLK1       ; CLK1     ; None                       ; None                       ; None                     ;
; Not operational: Clock Skew > Data Delay ; 273:inst30|16                                                                                                             ; 273:IR|19                                                                                                                 ; CLK1       ; CLK1     ; None                       ; None                       ; None                     ;
; Not operational: Clock Skew > Data Delay ; 273:inst30|19                                                                                                             ; 273:IR|12                                                                                                                 ; CLK1       ; CLK1     ; None                       ; None                       ; None                     ;
; Not operational: Clock Skew > Data Delay ; 273:inst31|14                                                                                                             ; 273:outputdevice|17                                                                                                       ; CLK1       ; CLK1     ; None                       ; None                       ; None                     ;
; Not operational: Clock Skew > Data Delay ; 273:inst30|15                                                                                                             ; 273:outputdevice|17                                                                                                       ; CLK1       ; CLK1     ; None                       ; None                       ; None                     ;
; Not operational: Clock Skew > Data Delay ; 273:inst31|14                                                                                                             ; 273:inst31|17                                                                                                             ; CLK1       ; CLK1     ; None                       ; None                       ; None                     ;
; Not operational: Clock Skew > Data Delay ; 273:inst30|15                                                                                                             ; 273:inst31|17                                                                                                             ; CLK1       ; CLK1     ; None                       ; None                       ; None                     ;
; Not operational: Clock Skew > Data Delay ; 273:inst31|12                                                                                                             ; 273:outputdevice|15                                                                                                       ; CLK1       ; CLK1     ; None                       ; None                       ; None                     ;
; Not operational: Clock Skew > Data Delay ; 273:inst31|18                                                                                                             ; 273:IR|19                                                                                                                 ; CLK1       ; CLK1     ; None                       ; None                       ; None                     ;
; Not operational: Clock Skew > Data Delay ; 273:inst30|19                                                                                                             ; 273:inst30|13                                                                                                             ; CLK1       ; CLK1     ; None                       ; None                       ; None                     ;
; Not operational: Clock Skew > Data Delay ; 273:inst31|12                                                                                                             ; 273:outputdevice|14                                                                                                       ; CLK1       ; CLK1     ; None                       ; None                       ; None                     ;
; Not operational: Clock Skew > Data Delay ; 273:inst30|16                                                                                                             ; 273:address_reg|17                                                                                                        ; CLK1       ; CLK1     ; None                       ; None                       ; None                     ;
; Not operational: Clock Skew > Data Delay ; 273:inst31|15                                                                                                             ; 273:IR|17                                                                                                                 ; CLK1       ; CLK1     ; None                       ; None                       ; None                     ;
; Not operational: Clock Skew > Data Delay ; 273:inst30|19                                                                                                             ; 273:inst31|13                                                                                                             ; CLK1       ; CLK1     ; None                       ; None                       ; None                     ;
; Not operational: Clock Skew > Data Delay ; 273:inst31|14                                                                                                             ; 273:IR|16                                                                                                                 ; CLK1       ; CLK1     ; None                       ; None                       ; None                     ;
; Not operational: Clock Skew > Data Delay ; 273:inst30|15                                                                                                             ; 273:IR|16                                                                                                                 ; CLK1       ; CLK1     ; None                       ; None                       ; None                     ;
; Not operational: Clock Skew > Data Delay ; 273:inst30|19                                                                                                             ; 273:inst30|15                                                                                                             ; CLK1       ; CLK1     ; None                       ; None                       ; None                     ;
; Not operational: Clock Skew > Data Delay ; 273:inst30|19                                                                                                             ; 273:IR|13                                                                                                                 ; CLK1       ; CLK1     ; None                       ; None                       ; None                     ;
; Not operational: Clock Skew > Data Delay ; 273:inst30|18                                                                                                             ; 273:inst30|19                                                                                                             ; CLK1       ; CLK1     ; None                       ; None                       ; None                     ;
; Not operational: Clock Skew > Data Delay ; 273:inst30|14                                                                                                             ; 273:inst30|16                                                                                                             ; CLK1       ; CLK1     ; None                       ; None                       ; None                     ;
; Not operational: Clock Skew > Data Delay ; 273:inst30|19                                                                                                             ; 273:inst31|15                                                                                                             ; CLK1       ; CLK1     ; None                       ; None                       ; None                     ;
; Not operational: Clock Skew > Data Delay ; 273:inst31|12                                                                                                             ; 273:address_reg|13                                                                                                        ; CLK1       ; CLK1     ; None                       ; None                       ; None                     ;
; Not operational: Clock Skew > Data Delay ; 273:inst31|12                                                                                                             ; 273:inst30|14                                                                                                             ; CLK1       ; CLK1     ; None                       ; None                       ; None                     ;
; Not operational: Clock Skew > Data Delay ; 273:inst30|18                                                                                                             ; 273:inst31|19                                                                                                             ; CLK1       ; CLK1     ; None                       ; None                       ; None                     ;
; Not operational: Clock Skew > Data Delay ; 273:inst30|14                                                                                                             ; 273:inst31|16                                                                                                             ; CLK1       ; CLK1     ; None                       ; None                       ; None                     ;
; Not operational: Clock Skew > Data Delay ; 273:inst31|13                                                                                                             ; 273:address_reg|14                                                                                                        ; CLK1       ; CLK1     ; None                       ; None                       ; None                     ;
; Not operational: Clock Skew > Data Delay ; 273:inst31|14                                                                                                             ; 273:IR|17                                                                                                                 ; CLK1       ; CLK1     ; None                       ; None                       ; None                     ;
; Not operational: Clock Skew > Data Delay ; 273:inst30|15                                                                                                             ; 273:IR|17                                                                                                                 ; CLK1       ; CLK1     ; None                       ; None                       ; None                     ;
; Not operational: Clock Skew > Data Delay ; 273:inst31|12                                                                                                             ; 273:inst31|14                                                                                                             ; CLK1       ; CLK1     ; None                       ; None                       ; None                     ;
; Not operational: Clock Skew > Data Delay ; 273:inst30|14                                                                                                             ; 273:inst30|17                                                                                                             ; CLK1       ; CLK1     ; None                       ; None                       ; None                     ;
; Not operational: Clock Skew > Data Delay ; 273:inst31|13                                                                                                             ; 273:address_reg|15                                                                                                        ; CLK1       ; CLK1     ; None                       ; None                       ; None                     ;
; Not operational: Clock Skew > Data Delay ; 273:inst30|12                                                                                                             ; 273:address_reg|14                                                                                                        ; CLK1       ; CLK1     ; None                       ; None                       ; None                     ;
; Not operational: Clock Skew > Data Delay ; 273:inst30|14                                                                                                             ; 273:outputdevice|17                                                                                                       ; CLK1       ; CLK1     ; None                       ; None                       ; None                     ;
; Not operational: Clock Skew > Data Delay ; 273:inst30|14                                                                                                             ; 273:inst31|17                                                                                                             ; CLK1       ; CLK1     ; None                       ; None                       ; None                     ;
; Not operational: Clock Skew > Data Delay ; 273:inst31|12                                                                                                             ; 273:IR|14                                                                                                                 ; CLK1       ; CLK1     ; None                       ; None                       ; None                     ;
; Not operational: Clock Skew > Data Delay ; 273:inst31|16                                                                                                             ; 273:inst30|17                                                                                                             ; CLK1       ; CLK1     ; None                       ; None                       ; None                     ;
; Not operational: Clock Skew > Data Delay ; 273:inst30|12                                                                                                             ; 273:address_reg|15                                                                                                        ; CLK1       ; CLK1     ; None                       ; None                       ; None                     ;
; Not operational: Clock Skew > Data Delay ; 273:inst31|16                                                                                                             ; 273:outputdevice|17                                                                                                       ; CLK1       ; CLK1     ; None                       ; None                       ; None                     ;
; Not operational: Clock Skew > Data Delay ; 273:inst31|16                                                                                                             ; 273:inst31|17                                                                                                             ; CLK1       ; CLK1     ; None                       ; None                       ; None                     ;
; Not operational: Clock Skew > Data Delay ; 273:inst30|13                                                                                                             ; 273:address_reg|14                                                                                                        ; CLK1       ; CLK1     ; None                       ; None                       ; None                     ;
; Not operational: Clock Skew > Data Delay ; 273:inst31|12                                                                                                             ; 273:outputdevice|13                                                                                                       ; CLK1       ; CLK1     ; None                       ; None                       ; None                     ;
; Not operational: Clock Skew > Data Delay ; 273:inst31|13                                                                                                             ; 273:outputdevice|15                                                                                                       ; CLK1       ; CLK1     ; None                       ; None                       ; None                     ;
; Not operational: Clock Skew > Data Delay ; 273:inst31|12                                                                                                             ; 273:IR|15                                                                                                                 ; CLK1       ; CLK1     ; None                       ; None                       ; None                     ;
; Not operational: Clock Skew > Data Delay ; 273:inst30|13                                                                                                             ; 273:address_reg|15                                                                                                        ; CLK1       ; CLK1     ; None                       ; None                       ; None                     ;
; Not operational: Clock Skew > Data Delay ; 273:inst30|14                                                                                                             ; 273:IR|16                                                                                                                 ; CLK1       ; CLK1     ; None                       ; None                       ; None                     ;
; Not operational: Clock Skew > Data Delay ; 273:inst30|18                                                                                                             ; 273:IR|19                                                                                                                 ; CLK1       ; CLK1     ; None                       ; None                       ; None                     ;
; Not operational: Clock Skew > Data Delay ; 273:inst31|13                                                                                                             ; 273:outputdevice|14                                                                                                       ; CLK1       ; CLK1     ; None                       ; None                       ; None                     ;
; Not operational: Clock Skew > Data Delay ; 273:inst30|12                                                                                                             ; 273:outputdevice|15                                                                                                       ; CLK1       ; CLK1     ; None                       ; None                       ; None                     ;
; Not operational: Clock Skew > Data Delay ; 273:inst30|12                                                                                                             ; 273:outputdevice|14                                                                                                       ; CLK1       ; CLK1     ; None                       ; None                       ; None                     ;
; Not operational: Clock Skew > Data Delay ; 273:inst30|16                                                                                                             ; 273:inst30|17                                                                                                             ; CLK1       ; CLK1     ; None                       ; None                       ; None                     ;
; Not operational: Clock Skew > Data Delay ; 273:inst30|14                                                                                                             ; 273:IR|17                                                                                                                 ; CLK1       ; CLK1     ; None                       ; None                       ; None                     ;
; Not operational: Clock Skew > Data Delay ; 273:inst30|13                                                                                                             ; 273:outputdevice|15                                                                                                       ; CLK1       ; CLK1     ; None                       ; None                       ; None                     ;
; Not operational: Clock Skew > Data Delay ; 273:inst31|12                                                                                                             ; 273:inst30|13                                                                                                             ; CLK1       ; CLK1     ; None                       ; None                       ; None                     ;
; Not operational: Clock Skew > Data Delay ; 273:inst30|16                                                                                                             ; 273:outputdevice|17                                                                                                       ; CLK1       ; CLK1     ; None                       ; None                       ; None                     ;
; Not operational: Clock Skew > Data Delay ; 273:inst30|16                                                                                                             ; 273:inst31|17                                                                                                             ; CLK1       ; CLK1     ; None                       ; None                       ; None                     ;
; Not operational: Clock Skew > Data Delay ; 273:inst31|13                                                                                                             ; 273:inst30|14                                                                                                             ; CLK1       ; CLK1     ; None                       ; None                       ; None                     ;
; Not operational: Clock Skew > Data Delay ; 273:inst31|16                                                                                                             ; 273:IR|17                                                                                                                 ; CLK1       ; CLK1     ; None                       ; None                       ; None                     ;
; Not operational: Clock Skew > Data Delay ; 273:inst30|13                                                                                                             ; 273:outputdevice|14                                                                                                       ; CLK1       ; CLK1     ; None                       ; None                       ; None                     ;
; Not operational: Clock Skew > Data Delay ; 273:inst31|12                                                                                                             ; 273:inst31|13                                                                                                             ; CLK1       ; CLK1     ; None                       ; None                       ; None                     ;
; Not operational: Clock Skew > Data Delay ; 273:inst31|12                                                                                                             ; 273:inst30|15                                                                                                             ; CLK1       ; CLK1     ; None                       ; None                       ; None                     ;
; Not operational: Clock Skew > Data Delay ; 273:inst31|13                                                                                                             ; 273:inst31|14                                                                                                             ; CLK1       ; CLK1     ; None                       ; None                       ; None                     ;
; Not operational: Clock Skew > Data Delay ; 273:inst30|12                                                                                                             ; 273:address_reg|13                                                                                                        ; CLK1       ; CLK1     ; None                       ; None                       ; None                     ;
; Not operational: Clock Skew > Data Delay ; 273:inst30|12                                                                                                             ; 273:inst30|14                                                                                                             ; CLK1       ; CLK1     ; None                       ; None                       ; None                     ;
; Not operational: Clock Skew > Data Delay ; 273:inst31|12                                                                                                             ; 273:IR|13                                                                                                                 ; CLK1       ; CLK1     ; None                       ; None                       ; None                     ;
; Not operational: Clock Skew > Data Delay ; 273:inst31|12                                                                                                             ; 273:inst31|15                                                                                                             ; CLK1       ; CLK1     ; None                       ; None                       ; None                     ;
; Not operational: Clock Skew > Data Delay ; 273:inst31|13                                                                                                             ; 273:IR|14                                                                                                                 ; CLK1       ; CLK1     ; None                       ; None                       ; None                     ;
; Not operational: Clock Skew > Data Delay ; 273:inst30|12                                                                                                             ; 273:inst31|14                                                                                                             ; CLK1       ; CLK1     ; None                       ; None                       ; None                     ;
; Not operational: Clock Skew > Data Delay ; 273:inst30|13                                                                                                             ; 273:inst30|14                                                                                                             ; CLK1       ; CLK1     ; None                       ; None                       ; None                     ;
; Not operational: Clock Skew > Data Delay ; 273:inst30|12                                                                                                             ; 273:IR|14                                                                                                                 ; CLK1       ; CLK1     ; None                       ; None                       ; None                     ;
; Not operational: Clock Skew > Data Delay ; 273:inst30|13                                                                                                             ; 273:inst31|14                                                                                                             ; CLK1       ; CLK1     ; None                       ; None                       ; None                     ;
; Not operational: Clock Skew > Data Delay ; 273:inst31|13                                                                                                             ; 273:IR|15                                                                                                                 ; CLK1       ; CLK1     ; None                       ; None                       ; None                     ;
; Not operational: Clock Skew > Data Delay ; 273:inst30|16                                                                                                             ; 273:IR|17                                                                                                                 ; CLK1       ; CLK1     ; None                       ; None                       ; None                     ;
; Not operational: Clock Skew > Data Delay ; 273:inst30|12                                                                                                             ; 273:outputdevice|13                                                                                                       ; CLK1       ; CLK1     ; None                       ; None                       ; None                     ;
; Not operational: Clock Skew > Data Delay ; 273:inst30|13                                                                                                             ; 273:IR|14                                                                                                                 ; CLK1       ; CLK1     ; None                       ; None                       ; None                     ;
; Not operational: Clock Skew > Data Delay ; 273:inst30|12                                                                                                             ; 273:IR|15                                                                                                                 ; CLK1       ; CLK1     ; None                       ; None                       ; None                     ;
; Not operational: Clock Skew > Data Delay ; 273:inst31|14                                                                                                             ; 273:address_reg|15                                                                                                        ; CLK1       ; CLK1     ; None                       ; None                       ; None                     ;
; Not operational: Clock Skew > Data Delay ; 273:inst30|13                                                                                                             ; 273:IR|15                                                                                                                 ; CLK1       ; CLK1     ; None                       ; None                       ; None                     ;
; Not operational: Clock Skew > Data Delay ; se6_1:microaddress_register|inst40                                                                                        ; lpm_rom0:control_memory|altsyncram:altsyncram_component|altsyncram_ecq:auto_generated|ram_block1a15~porta_address_reg0    ; CLK1       ; CLK1     ; None                       ; None                       ; None                     ;
; Not operational: Clock Skew > Data Delay ; 273:inst30|12                                                                                                             ; 273:inst30|13                                                                                                             ; CLK1       ; CLK1     ; None                       ; None                       ; None                     ;
; Not operational: Clock Skew > Data Delay ; 273:inst31|13                                                                                                             ; 273:inst30|15                                                                                                             ; CLK1       ; CLK1     ; None                       ; None                       ; None                     ;
; Not operational: Clock Skew > Data Delay ; 273:inst30|12                                                                                                             ; 273:inst31|13                                                                                                             ; CLK1       ; CLK1     ; None                       ; None                       ; None                     ;
; Not operational: Clock Skew > Data Delay ; 273:inst31|13                                                                                                             ; 273:inst31|15                                                                                                             ; CLK1       ; CLK1     ; None                       ; None                       ; None                     ;
; Not operational: Clock Skew > Data Delay ; 273:inst30|12                                                                                                             ; 273:inst30|15                                                                                                             ; CLK1       ; CLK1     ; None                       ; None                       ; None                     ;
; Not operational: Clock Skew > Data Delay ; 273:inst31|14                                                                                                             ; 273:outputdevice|15                                                                                                       ; CLK1       ; CLK1     ; None                       ; None                       ; None                     ;
; Not operational: Clock Skew > Data Delay ; 273:inst30|12                                                                                                             ; 273:IR|13                                                                                                                 ; CLK1       ; CLK1     ; None                       ; None                       ; None                     ;
; Not operational: Clock Skew > Data Delay ; 273:inst30|12                                                                                                             ; 273:inst31|15                                                                                                             ; CLK1       ; CLK1     ; None                       ; None                       ; None                     ;
; Not operational: Clock Skew > Data Delay ; se6_1:microaddress_register|inst45                                                                                        ; lpm_rom0:control_memory|altsyncram:altsyncram_component|altsyncram_ecq:auto_generated|ram_block1a15~porta_address_reg5    ; CLK1       ; CLK1     ; None                       ; None                       ; None                     ;
; Not operational: Clock Skew > Data Delay ; se6_1:microaddress_register|inst42                                                                                        ; lpm_rom0:control_memory|altsyncram:altsyncram_component|altsyncram_ecq:auto_generated|ram_block1a15~porta_address_reg2    ; CLK1       ; CLK1     ; None                       ; None                       ; None                     ;
; Not operational: Clock Skew > Data Delay ; se6_1:microaddress_register|inst43                                                                                        ; lpm_rom0:control_memory|altsyncram:altsyncram_component|altsyncram_ecq:auto_generated|ram_block1a15~porta_address_reg3    ; CLK1       ; CLK1     ; None                       ; None                       ; None                     ;
; Not operational: Clock Skew > Data Delay ; 273:inst30|13                                                                                                             ; 273:inst30|15                                                                                                             ; CLK1       ; CLK1     ; None                       ; None                       ; None                     ;
; Not operational: Clock Skew > Data Delay ; 273:inst30|13                                                                                                             ; 273:inst31|15                                                                                                             ; CLK1       ; CLK1     ; None                       ; None                       ; None                     ;
; Not operational: Clock Skew > Data Delay ; t4:inst12|inst2                                                                                                           ; t4:inst12|inst3                                                                                                           ; CLK1       ; CLK1     ; None                       ; None                       ; None                     ;
; Not operational: Clock Skew > Data Delay ; t4:inst12|inst                                                                                                            ; t4:inst12|inst                                                                                                            ; CLK1       ; CLK1     ; None                       ; None                       ; None                     ;
; Not operational: Clock Skew > Data Delay ; 273:inst30|14                                                                                                             ; 273:address_reg|15                                                                                                        ; CLK1       ; CLK1     ; None                       ; None                       ; None                     ;
; Not operational: Clock Skew > Data Delay ; t4:inst12|inst3                                                                                                           ; t4:inst12|inst                                                                                                            ; CLK1       ; CLK1     ; None                       ; None                       ; None                     ;
; Not operational: Clock Skew > Data Delay ; se6_1:microaddress_register|inst41                                                                                        ; lpm_rom0:control_memory|altsyncram:altsyncram_component|altsyncram_ecq:auto_generated|ram_block1a15~porta_address_reg1    ; CLK1       ; CLK1     ; None                       ; None                       ; None                     ;
; Not operational: Clock Skew > Data Delay ; 273:inst30|14                                                                                                             ; 273:outputdevice|15                                                                                                       ; CLK1       ; CLK1     ; None                       ; None                       ; None                     ;
; Not operational: Clock Skew > Data Delay ; t4:inst12|inst2                                                                                                           ; t4:inst12|inst                                                                                                            ; CLK1       ; CLK1     ; None                       ; None                       ; None                     ;
; Not operational: Clock Skew > Data Delay ; se6_1:microaddress_register|inst44                                                                                        ; lpm_rom0:control_memory|altsyncram:altsyncram_component|altsyncram_ecq:auto_generated|ram_block1a15~porta_address_reg4    ; CLK1       ; CLK1     ; None                       ; None                       ; None                     ;
; Not operational: Clock Skew > Data Delay ; 273:inst31|14                                                                                                             ; 273:IR|15                                                                                                                 ; CLK1       ; CLK1     ; None                       ; None                       ; None                     ;
; Not operational: Clock Skew > Data Delay ; 273:inst31|14                                                                                                             ; 273:inst30|15                                                                                                             ; CLK1       ; CLK1     ; None                       ; None                       ; None                     ;
; Not operational: Clock Skew > Data Delay ; 273:inst31|14                                                                                                             ; 273:inst31|15                                                                                                             ; CLK1       ; CLK1     ; None                       ; None                       ; None                     ;
; Not operational: Clock Skew > Data Delay ; t4:inst12|inst                                                                                                            ; t4:inst12|inst1                                                                                                           ; CLK1       ; CLK1     ; None                       ; None                       ; None                     ;
; Not operational: Clock Skew > Data Delay ; 273:inst30|14                                                                                                             ; 273:IR|15                                                                                                                 ; CLK1       ; CLK1     ; None                       ; None                       ; None                     ;
; Not operational: Clock Skew > Data Delay ; t4:inst12|inst1                                                                                                           ; t4:inst12|inst2                                                                                                           ; CLK1       ; CLK1     ; None                       ; None                       ; None                     ;
; Not operational: Clock Skew > Data Delay ; 273:inst30|14                                                                                                             ; 273:inst30|15                                                                                                             ; CLK1       ; CLK1     ; None                       ; None                       ; None                     ;
; Not operational: Clock Skew > Data Delay ; t4:inst12|inst1                                                                                                           ; t4:inst12|inst                                                                                                            ; CLK1       ; CLK1     ; None                       ; None                       ; None                     ;
; Not operational: Clock Skew > Data Delay ; 273:inst30|14                                                                                                             ; 273:inst31|15                                                                                                             ; CLK1       ; CLK1     ; None                       ; None                       ; None                     ;
; Not operational: Clock Skew > Data Delay ; 273:address_reg|15                                                                                                        ; lpm_ram_dq0:InstructionsRAM|altsyncram:altsyncram_component|altsyncram_dru:auto_generated|ram_block1a7~porta_address_reg4 ; CLK1       ; CLK1     ; None                       ; None                       ; None                     ;
; Not operational: Clock Skew > Data Delay ; 273:address_reg|13                                                                                                        ; lpm_ram_dq0:InstructionsRAM|altsyncram:altsyncram_component|altsyncram_dru:auto_generated|ram_block1a7~porta_address_reg6 ; CLK1       ; CLK1     ; None                       ; None                       ; None                     ;
; Not operational: Clock Skew > Data Delay ; 273:address_reg|14                                                                                                        ; lpm_ram_dq0:InstructionsRAM|altsyncram:altsyncram_component|altsyncram_dru:auto_generated|ram_block1a7~porta_address_reg5 ; CLK1       ; CLK1     ; None                       ; None                       ; None                     ;
; Not operational: Clock Skew > Data Delay ; 273:address_reg|12                                                                                                        ; lpm_ram_dq0:InstructionsRAM|altsyncram:altsyncram_component|altsyncram_dru:auto_generated|ram_block1a7~porta_address_reg7 ; CLK1       ; CLK1     ; None                       ; None                       ; None                     ;
; Not operational: Clock Skew > Data Delay ; lpm_ram_dq0:InstructionsRAM|altsyncram:altsyncram_component|altsyncram_dru:auto_generated|ram_block1a7~porta_datain_reg0  ; lpm_ram_dq0:InstructionsRAM|altsyncram:altsyncram_component|altsyncram_dru:auto_generated|ram_block1a7~porta_memory_reg0  ; CLK1       ; CLK1     ; None                       ; None                       ; None                     ;
; Not operational: Clock Skew > Data Delay ; lpm_ram_dq0:InstructionsRAM|altsyncram:altsyncram_component|altsyncram_dru:auto_generated|ram_block1a7~porta_datain_reg1  ; lpm_ram_dq0:InstructionsRAM|altsyncram:altsyncram_component|altsyncram_dru:auto_generated|ram_block1a7~porta_memory_reg1  ; CLK1       ; CLK1     ; None                       ; None                       ; None                     ;
; Not operational: Clock Skew > Data Delay ; lpm_ram_dq0:InstructionsRAM|altsyncram:altsyncram_component|altsyncram_dru:auto_generated|ram_block1a7~porta_datain_reg2  ; lpm_ram_dq0:InstructionsRAM|altsyncram:altsyncram_component|altsyncram_dru:auto_generated|ram_block1a7~porta_memory_reg2  ; CLK1       ; CLK1     ; None                       ; None                       ; None                     ;
; Not operational: Clock Skew > Data Delay ; lpm_ram_dq0:InstructionsRAM|altsyncram:altsyncram_component|altsyncram_dru:auto_generated|ram_block1a7~porta_datain_reg3  ; lpm_ram_dq0:InstructionsRAM|altsyncram:altsyncram_component|altsyncram_dru:auto_generated|ram_block1a7~porta_memory_reg3  ; CLK1       ; CLK1     ; None                       ; None                       ; None                     ;
; Not operational: Clock Skew > Data Delay ; lpm_ram_dq0:InstructionsRAM|altsyncram:altsyncram_component|altsyncram_dru:auto_generated|ram_block1a7~porta_datain_reg4  ; lpm_ram_dq0:InstructionsRAM|altsyncram:altsyncram_component|altsyncram_dru:auto_generated|ram_block1a7~porta_memory_reg4  ; CLK1       ; CLK1     ; None                       ; None                       ; None                     ;
; Not operational: Clock Skew > Data Delay ; lpm_ram_dq0:InstructionsRAM|altsyncram:altsyncram_component|altsyncram_dru:auto_generated|ram_block1a7~porta_datain_reg5  ; lpm_ram_dq0:InstructionsRAM|altsyncram:altsyncram_component|altsyncram_dru:auto_generated|ram_block1a7~porta_memory_reg5  ; CLK1       ; CLK1     ; None                       ; None                       ; None                     ;
; Not operational: Clock Skew > Data Delay ; lpm_ram_dq0:InstructionsRAM|altsyncram:altsyncram_component|altsyncram_dru:auto_generated|ram_block1a7~porta_datain_reg6  ; lpm_ram_dq0:InstructionsRAM|altsyncram:altsyncram_component|altsyncram_dru:auto_generated|ram_block1a7~porta_memory_reg6  ; CLK1       ; CLK1     ; None                       ; None                       ; None                     ;
; Not operational: Clock Skew > Data Delay ; lpm_ram_dq0:InstructionsRAM|altsyncram:altsyncram_component|altsyncram_dru:auto_generated|ram_block1a7~porta_datain_reg7  ; lpm_ram_dq0:InstructionsRAM|altsyncram:altsyncram_component|altsyncram_dru:auto_generated|ram_block1a7~porta_memory_reg7  ; CLK1       ; CLK1     ; None                       ; None                       ; None                     ;
; Not operational: Clock Skew > Data Delay ; 273:address_reg|17                                                                                                        ; lpm_ram_dq0:InstructionsRAM|altsyncram:altsyncram_component|altsyncram_dru:auto_generated|ram_block1a7~porta_address_reg2 ; CLK1       ; CLK1     ; None                       ; None                       ; None                     ;
; Not operational: Clock Skew > Data Delay ; 273:address_reg|16                                                                                                        ; lpm_ram_dq0:InstructionsRAM|altsyncram:altsyncram_component|altsyncram_dru:auto_generated|ram_block1a7~porta_address_reg3 ; CLK1       ; CLK1     ; None                       ; None                       ; None                     ;
; Not operational: Clock Skew > Data Delay ; 273:address_reg|19                                                                                                        ; lpm_ram_dq0:InstructionsRAM|altsyncram:altsyncram_component|altsyncram_dru:auto_generated|ram_block1a7~porta_address_reg0 ; CLK1       ; CLK1     ; None                       ; None                       ; None                     ;
; Not operational: Clock Skew > Data Delay ; 273:address_reg|18                                                                                                        ; lpm_ram_dq0:InstructionsRAM|altsyncram:altsyncram_component|altsyncram_dru:auto_generated|ram_block1a7~porta_address_reg1 ; CLK1       ; CLK1     ; None                       ; None                       ; None                     ;
; Not operational: Clock Skew > Data Delay ; 273:address_reg|15                                                                                                        ; lpm_ram_dq0:InstructionsRAM|altsyncram:altsyncram_component|altsyncram_dru:auto_generated|ram_block1a7~porta_datain_reg3  ; CLK1       ; CLK1     ; None                       ; None                       ; None                     ;
; Not operational: Clock Skew > Data Delay ; 273:inst31|13                                                                                                             ; lpm_ram_dq0:InstructionsRAM|altsyncram:altsyncram_component|altsyncram_dru:auto_generated|ram_block1a7~porta_datain_reg0  ; CLK1       ; CLK1     ; None                       ; None                       ; None                     ;
; Not operational: Clock Skew > Data Delay ; 273:inst31|15                                                                                                             ; lpm_ram_dq0:InstructionsRAM|altsyncram:altsyncram_component|altsyncram_dru:auto_generated|ram_block1a7~porta_datain_reg3  ; CLK1       ; CLK1     ; None                       ; None                       ; None                     ;
; Not operational: Clock Skew > Data Delay ; 273:address_reg|17                                                                                                        ; lpm_ram_dq0:InstructionsRAM|altsyncram:altsyncram_component|altsyncram_dru:auto_generated|ram_block1a7~porta_datain_reg5  ; CLK1       ; CLK1     ; None                       ; None                       ; None                     ;
; Not operational: Clock Skew > Data Delay ; 273:inst31|15                                                                                                             ; lpm_ram_dq0:InstructionsRAM|altsyncram:altsyncram_component|altsyncram_dru:auto_generated|ram_block1a7~porta_datain_reg2  ; CLK1       ; CLK1     ; None                       ; None                       ; None                     ;
; Not operational: Clock Skew > Data Delay ; 273:address_reg|14                                                                                                        ; lpm_ram_dq0:InstructionsRAM|altsyncram:altsyncram_component|altsyncram_dru:auto_generated|ram_block1a7~porta_datain_reg2  ; CLK1       ; CLK1     ; None                       ; None                       ; None                     ;
; Not operational: Clock Skew > Data Delay ; 273:inst31|14                                                                                                             ; lpm_ram_dq0:InstructionsRAM|altsyncram:altsyncram_component|altsyncram_dru:auto_generated|ram_block1a7~porta_datain_reg2  ; CLK1       ; CLK1     ; None                       ; None                       ; None                     ;
; Not operational: Clock Skew > Data Delay ; 273:address_reg|16                                                                                                        ; lpm_ram_dq0:InstructionsRAM|altsyncram:altsyncram_component|altsyncram_dru:auto_generated|ram_block1a7~porta_datain_reg4  ; CLK1       ; CLK1     ; None                       ; None                       ; None                     ;
; Not operational: Clock Skew > Data Delay ; 273:inst31|16                                                                                                             ; lpm_ram_dq0:InstructionsRAM|altsyncram:altsyncram_component|altsyncram_dru:auto_generated|ram_block1a7~porta_datain_reg4  ; CLK1       ; CLK1     ; None                       ; None                       ; None                     ;
; Timing analysis restricted to 200 rows.  ; To change the limit use Settings (Assignments menu)                                                                       ;                                                                                                                           ;            ;          ;                            ;                            ;                          ;
+------------------------------------------+---------------------------------------------------------------------------------------------------------------------------+---------------------------------------------------------------------------------------------------------------------------+------------+----------+----------------------------+----------------------------+--------------------------+


+---------------------------------------------------------------------------------------------------------------------------------------------------------------------------------+
; tsu                                                                                                                                                                             ;
+-------+--------------+------------+-------+--------------------------------------------------------------------------------------------------------------------------+----------+
; Slack ; Required tsu ; Actual tsu ; From  ; To                                                                                                                       ; To Clock ;
+-------+--------------+------------+-------+--------------------------------------------------------------------------------------------------------------------------+----------+
; N/A   ; None         ; -0.501 ns  ; d0[0] ; lpm_ram_dq0:InstructionsRAM|altsyncram:altsyncram_component|altsyncram_dru:auto_generated|ram_block1a7~porta_datain_reg6 ; CLK1     ;
; N/A   ; None         ; -0.938 ns  ; d0[6] ; lpm_ram_dq0:InstructionsRAM|altsyncram:altsyncram_component|altsyncram_dru:auto_generated|ram_block1a7~porta_datain_reg1 ; CLK1     ;
; N/A   ; None         ; -1.020 ns  ; d0[3] ; lpm_ram_dq0:InstructionsRAM|altsyncram:altsyncram_component|altsyncram_dru:auto_generated|ram_block1a7~porta_datain_reg4 ; CLK1     ;
; N/A   ; None         ; -1.237 ns  ; d0[2] ; lpm_ram_dq0:InstructionsRAM|altsyncram:altsyncram_component|altsyncram_dru:auto_generated|ram_block1a7~porta_datain_reg5 ; CLK1     ;
; N/A   ; None         ; -1.453 ns  ; d0[1] ; lpm_ram_dq0:InstructionsRAM|altsyncram:altsyncram_component|altsyncram_dru:auto_generated|ram_block1a7~porta_datain_reg7 ; CLK1     ;
; N/A   ; None         ; -1.917 ns  ; d0[7] ; lpm_ram_dq0:InstructionsRAM|altsyncram:altsyncram_component|altsyncram_dru:auto_generated|ram_block1a7~porta_datain_reg0 ; CLK1     ;
; N/A   ; None         ; -1.983 ns  ; d0[5] ; lpm_ram_dq0:InstructionsRAM|altsyncram:altsyncram_component|altsyncram_dru:auto_generated|ram_block1a7~porta_datain_reg2 ; CLK1     ;
; N/A   ; None         ; -2.176 ns  ; d0[0] ; 273:IR|19                                                                                                                ; CLK1     ;
; N/A   ; None         ; -2.181 ns  ; d0[0] ; 273:inst31|19                                                                                                            ; CLK1     ;
; N/A   ; None         ; -2.260 ns  ; d0[3] ; 273:inst31|16                                                                                                            ; CLK1     ;
; N/A   ; None         ; -2.264 ns  ; d0[6] ; 273:inst31|13                                                                                                            ; CLK1     ;
; N/A   ; None         ; -2.309 ns  ; d0[3] ; 273:IR|16                                                                                                                ; CLK1     ;
; N/A   ; None         ; -2.528 ns  ; d0[2] ; 273:IR|17                                                                                                                ; CLK1     ;
; N/A   ; None         ; -2.539 ns  ; d0[2] ; 273:inst31|17                                                                                                            ; CLK1     ;
; N/A   ; None         ; -2.606 ns  ; d0[6] ; 273:IR|13                                                                                                                ; CLK1     ;
; N/A   ; None         ; -2.705 ns  ; d0[0] ; 273:inst30|19                                                                                                            ; CLK1     ;
; N/A   ; None         ; -2.781 ns  ; d0[3] ; 273:inst30|16                                                                                                            ; CLK1     ;
; N/A   ; None         ; -2.787 ns  ; d0[6] ; 273:inst30|13                                                                                                            ; CLK1     ;
; N/A   ; None         ; -2.822 ns  ; d0[4] ; lpm_ram_dq0:InstructionsRAM|altsyncram:altsyncram_component|altsyncram_dru:auto_generated|ram_block1a7~porta_datain_reg3 ; CLK1     ;
; N/A   ; None         ; -2.899 ns  ; d0[0] ; reg_3:universal_register|273:reg1|19                                                                                     ; CLK1     ;
; N/A   ; None         ; -2.901 ns  ; d0[6] ; reg_3:universal_register|273:reg2|13                                                                                     ; CLK1     ;
; N/A   ; None         ; -2.980 ns  ; d0[6] ; reg_3:universal_register|273:reg1|13                                                                                     ; CLK1     ;
; N/A   ; None         ; -3.059 ns  ; d0[6] ; reg_3:universal_register|273:reg0|13                                                                                     ; CLK1     ;
; N/A   ; None         ; -3.061 ns  ; d0[2] ; 273:inst30|17                                                                                                            ; CLK1     ;
; N/A   ; None         ; -3.138 ns  ; d0[1] ; 273:inst31|18                                                                                                            ; CLK1     ;
; N/A   ; None         ; -3.157 ns  ; d0[4] ; 273:inst31|15                                                                                                            ; CLK1     ;
; N/A   ; None         ; -3.219 ns  ; d0[3] ; reg_3:universal_register|273:reg1|16                                                                                     ; CLK1     ;
; N/A   ; None         ; -3.254 ns  ; d0[0] ; reg_3:universal_register|273:reg2|19                                                                                     ; CLK1     ;
; N/A   ; None         ; -3.333 ns  ; d0[1] ; 273:IR|18                                                                                                                ; CLK1     ;
; N/A   ; None         ; -3.356 ns  ; d0[5] ; 273:inst31|14                                                                                                            ; CLK1     ;
; N/A   ; None         ; -3.366 ns  ; d0[3] ; reg_3:universal_register|273:reg0|16                                                                                     ; CLK1     ;
; N/A   ; None         ; -3.454 ns  ; d0[3] ; reg_3:universal_register|273:reg2|16                                                                                     ; CLK1     ;
; N/A   ; None         ; -3.484 ns  ; d0[0] ; reg_3:universal_register|273:reg0|19                                                                                     ; CLK1     ;
; N/A   ; None         ; -3.576 ns  ; d0[7] ; 273:IR|12                                                                                                                ; CLK1     ;
; N/A   ; None         ; -3.586 ns  ; d0[2] ; 273:outputdevice|17                                                                                                      ; CLK1     ;
; N/A   ; None         ; -3.592 ns  ; d0[7] ; 273:inst31|12                                                                                                            ; CLK1     ;
; N/A   ; None         ; -3.659 ns  ; d0[1] ; 273:inst30|18                                                                                                            ; CLK1     ;
; N/A   ; None         ; -3.660 ns  ; d0[2] ; reg_3:universal_register|273:reg1|17                                                                                     ; CLK1     ;
; N/A   ; None         ; -3.666 ns  ; d0[7] ; reg_3:universal_register|273:reg2|12                                                                                     ; CLK1     ;
; N/A   ; None         ; -3.680 ns  ; d0[4] ; 273:inst30|15                                                                                                            ; CLK1     ;
; N/A   ; None         ; -3.684 ns  ; d0[2] ; reg_3:universal_register|273:reg2|17                                                                                     ; CLK1     ;
; N/A   ; None         ; -3.690 ns  ; d0[5] ; 273:IR|14                                                                                                                ; CLK1     ;
; N/A   ; None         ; -3.718 ns  ; d0[6] ; 273:outputdevice|13                                                                                                      ; CLK1     ;
; N/A   ; None         ; -3.790 ns  ; d0[3] ; 273:outputdevice|16                                                                                                      ; CLK1     ;
; N/A   ; None         ; -3.809 ns  ; d0[0] ; 273:address_reg|19                                                                                                       ; CLK1     ;
; N/A   ; None         ; -3.810 ns  ; d0[6] ; 273:address_reg|13                                                                                                       ; CLK1     ;
; N/A   ; None         ; -3.823 ns  ; d0[2] ; reg_3:universal_register|273:reg0|17                                                                                     ; CLK1     ;
; N/A   ; None         ; -3.842 ns  ; d0[0] ; 273:outputdevice|19                                                                                                      ; CLK1     ;
; N/A   ; None         ; -3.881 ns  ; d0[5] ; 273:inst30|14                                                                                                            ; CLK1     ;
; N/A   ; None         ; -3.882 ns  ; d0[7] ; reg_3:universal_register|273:reg1|12                                                                                     ; CLK1     ;
; N/A   ; None         ; -3.933 ns  ; d0[3] ; 273:address_reg|16                                                                                                       ; CLK1     ;
; N/A   ; None         ; -4.006 ns  ; d0[1] ; reg_3:universal_register|273:reg1|18                                                                                     ; CLK1     ;
; N/A   ; None         ; -4.045 ns  ; d0[7] ; reg_3:universal_register|273:reg0|12                                                                                     ; CLK1     ;
; N/A   ; None         ; -4.080 ns  ; d0[4] ; 273:IR|15                                                                                                                ; CLK1     ;
; N/A   ; None         ; -4.119 ns  ; d0[7] ; 273:inst30|12                                                                                                            ; CLK1     ;
; N/A   ; None         ; -4.128 ns  ; d0[4] ; reg_3:universal_register|273:reg2|15                                                                                     ; CLK1     ;
; N/A   ; None         ; -4.131 ns  ; d0[5] ; reg_3:universal_register|273:reg1|14                                                                                     ; CLK1     ;
; N/A   ; None         ; -4.175 ns  ; d0[5] ; reg_3:universal_register|273:reg2|14                                                                                     ; CLK1     ;
; N/A   ; None         ; -4.230 ns  ; d0[2] ; 273:address_reg|17                                                                                                       ; CLK1     ;
; N/A   ; None         ; -4.244 ns  ; d0[5] ; reg_3:universal_register|273:reg0|14                                                                                     ; CLK1     ;
; N/A   ; None         ; -4.248 ns  ; d0[1] ; reg_3:universal_register|273:reg2|18                                                                                     ; CLK1     ;
; N/A   ; None         ; -4.291 ns  ; d0[4] ; reg_3:universal_register|273:reg1|15                                                                                     ; CLK1     ;
; N/A   ; None         ; -4.375 ns  ; d0[1] ; reg_3:universal_register|273:reg0|18                                                                                     ; CLK1     ;
; N/A   ; None         ; -4.577 ns  ; d0[4] ; reg_3:universal_register|273:reg0|15                                                                                     ; CLK1     ;
; N/A   ; None         ; -4.611 ns  ; d0[1] ; 273:outputdevice|18                                                                                                      ; CLK1     ;
; N/A   ; None         ; -4.657 ns  ; d0[7] ; 273:outputdevice|12                                                                                                      ; CLK1     ;
; N/A   ; None         ; -4.731 ns  ; d0[5] ; 273:outputdevice|14                                                                                                      ; CLK1     ;
; N/A   ; None         ; -4.752 ns  ; d0[1] ; 273:address_reg|18                                                                                                       ; CLK1     ;
; N/A   ; None         ; -4.818 ns  ; d0[7] ; 273:address_reg|12                                                                                                       ; CLK1     ;
; N/A   ; None         ; -4.891 ns  ; d0[5] ; 273:address_reg|14                                                                                                       ; CLK1     ;
; N/A   ; None         ; -5.404 ns  ; d0[4] ; 273:address_reg|15                                                                                                       ; CLK1     ;
; N/A   ; None         ; -5.419 ns  ; d0[4] ; 273:outputdevice|15                                                                                                      ; CLK1     ;
+-------+--------------+------------+-------+--------------------------------------------------------------------------------------------------------------------------+----------+


+-----------------------------------------------------------------------------------------------------------------------------------------------------------------------------------------------------------------------------------------------------------+
; tco                                                                                                                                                                                                                                                       ;
+-----------------------------------------+-----------------------------------------------------+------------+------------------------------------------------------------------------------------------------------------------------+--------+------------+
; Slack                                   ; Required tco                                        ; Actual tco ; From                                                                                                                   ; To     ; From Clock ;
+-----------------------------------------+-----------------------------------------------------+------------+------------------------------------------------------------------------------------------------------------------------+--------+------------+
; N/A                                     ; None                                                ; 37.672 ns  ; 273:inst30|14                                                                                                          ; d1[4]  ; CLK1       ;
; N/A                                     ; None                                                ; 37.566 ns  ; 273:inst30|15                                                                                                          ; d1[4]  ; CLK1       ;
; N/A                                     ; None                                                ; 37.395 ns  ; 273:inst31|14                                                                                                          ; d1[4]  ; CLK1       ;
; N/A                                     ; None                                                ; 37.242 ns  ; 273:inst31|15                                                                                                          ; d1[4]  ; CLK1       ;
; N/A                                     ; None                                                ; 37.117 ns  ; 273:inst30|14                                                                                                          ; d1[6]  ; CLK1       ;
; N/A                                     ; None                                                ; 37.027 ns  ; 273:inst30|13                                                                                                          ; d1[4]  ; CLK1       ;
; N/A                                     ; None                                                ; 37.011 ns  ; 273:inst30|15                                                                                                          ; d1[6]  ; CLK1       ;
; N/A                                     ; None                                                ; 36.949 ns  ; 273:inst30|14                                                                                                          ; d1[5]  ; CLK1       ;
; N/A                                     ; None                                                ; 36.898 ns  ; 273:inst31|18                                                                                                          ; d1[0]  ; CLK1       ;
; N/A                                     ; None                                                ; 36.843 ns  ; 273:inst30|15                                                                                                          ; d1[5]  ; CLK1       ;
; N/A                                     ; None                                                ; 36.840 ns  ; 273:inst31|14                                                                                                          ; d1[6]  ; CLK1       ;
; N/A                                     ; None                                                ; 36.753 ns  ; 273:inst30|18                                                                                                          ; d1[0]  ; CLK1       ;
; N/A                                     ; None                                                ; 36.723 ns  ; 273:inst30|17                                                                                                          ; d1[2]  ; CLK1       ;
; N/A                                     ; None                                                ; 36.709 ns  ; 273:inst31|19                                                                                                          ; d1[0]  ; CLK1       ;
; N/A                                     ; None                                                ; 36.706 ns  ; 273:inst30|19                                                                                                          ; d1[0]  ; CLK1       ;
; N/A                                     ; None                                                ; 36.687 ns  ; 273:inst31|15                                                                                                          ; d1[6]  ; CLK1       ;
; N/A                                     ; None                                                ; 36.672 ns  ; 273:inst31|14                                                                                                          ; d1[5]  ; CLK1       ;
; N/A                                     ; None                                                ; 36.519 ns  ; 273:inst31|15                                                                                                          ; d1[5]  ; CLK1       ;
; N/A                                     ; None                                                ; 36.472 ns  ; 273:inst30|13                                                                                                          ; d1[6]  ; CLK1       ;
; N/A                                     ; None                                                ; 36.403 ns  ; 273:inst31|17                                                                                                          ; d1[2]  ; CLK1       ;
; N/A                                     ; None                                                ; 36.304 ns  ; 273:inst30|13                                                                                                          ; d1[5]  ; CLK1       ;
; N/A                                     ; None                                                ; 36.285 ns  ; 273:inst31|13                                                                                                          ; d1[4]  ; CLK1       ;
; N/A                                     ; None                                                ; 36.225 ns  ; 273:inst30|17                                                                                                          ; d1[3]  ; CLK1       ;
; N/A                                     ; None                                                ; 36.135 ns  ; 273:inst30|17                                                                                                          ; d1[0]  ; CLK1       ;
; N/A                                     ; None                                                ; 35.909 ns  ; 273:inst30|12                                                                                                          ; d1[4]  ; CLK1       ;
; N/A                                     ; None                                                ; 35.905 ns  ; 273:inst31|17                                                                                                          ; d1[3]  ; CLK1       ;
; N/A                                     ; None                                                ; 35.815 ns  ; 273:inst31|17                                                                                                          ; d1[0]  ; CLK1       ;
; N/A                                     ; None                                                ; 35.759 ns  ; 273:inst30|12                                                                                                          ; d1[7]  ; CLK1       ;
; N/A                                     ; None                                                ; 35.730 ns  ; 273:inst31|13                                                                                                          ; d1[6]  ; CLK1       ;
; N/A                                     ; None                                                ; 35.711 ns  ; 273:inst31|18                                                                                                          ; d1[1]  ; CLK1       ;
; N/A                                     ; None                                                ; 35.680 ns  ; 273:inst31|13                                                                                                          ; d1[7]  ; CLK1       ;
; N/A                                     ; None                                                ; 35.658 ns  ; 273:inst31|12                                                                                                          ; d1[4]  ; CLK1       ;
; N/A                                     ; None                                                ; 35.566 ns  ; 273:inst30|18                                                                                                          ; d1[1]  ; CLK1       ;
; N/A                                     ; None                                                ; 35.562 ns  ; 273:inst31|13                                                                                                          ; d1[5]  ; CLK1       ;
; N/A                                     ; None                                                ; 35.532 ns  ; 273:inst30|13                                                                                                          ; d1[7]  ; CLK1       ;
; N/A                                     ; None                                                ; 35.522 ns  ; 273:inst31|19                                                                                                          ; d1[1]  ; CLK1       ;
; N/A                                     ; None                                                ; 35.519 ns  ; 273:inst30|19                                                                                                          ; d1[1]  ; CLK1       ;
; N/A                                     ; None                                                ; 35.508 ns  ; 273:inst31|12                                                                                                          ; d1[7]  ; CLK1       ;
; N/A                                     ; None                                                ; 35.368 ns  ; 273:inst30|18                                                                                                          ; d1[2]  ; CLK1       ;
; N/A                                     ; None                                                ; 35.354 ns  ; 273:inst30|12                                                                                                          ; d1[6]  ; CLK1       ;
; N/A                                     ; None                                                ; 35.186 ns  ; 273:inst30|12                                                                                                          ; d1[5]  ; CLK1       ;
; N/A                                     ; None                                                ; 35.103 ns  ; 273:inst31|12                                                                                                          ; d1[6]  ; CLK1       ;
; N/A                                     ; None                                                ; 35.049 ns  ; 273:inst31|18                                                                                                          ; d1[2]  ; CLK1       ;
; N/A                                     ; None                                                ; 35.023 ns  ; 273:inst30|16                                                                                                          ; d1[2]  ; CLK1       ;
; N/A                                     ; None                                                ; 34.948 ns  ; 273:inst30|17                                                                                                          ; d1[1]  ; CLK1       ;
; N/A                                     ; None                                                ; 34.935 ns  ; 273:inst31|12                                                                                                          ; d1[5]  ; CLK1       ;
; N/A                                     ; None                                                ; 34.870 ns  ; 273:inst30|18                                                                                                          ; d1[3]  ; CLK1       ;
; N/A                                     ; None                                                ; 34.630 ns  ; 273:inst31|16                                                                                                          ; d1[2]  ; CLK1       ;
; N/A                                     ; None                                                ; 34.628 ns  ; 273:inst31|17                                                                                                          ; d1[1]  ; CLK1       ;
; N/A                                     ; None                                                ; 34.551 ns  ; 273:inst31|18                                                                                                          ; d1[3]  ; CLK1       ;
; N/A                                     ; None                                                ; 34.525 ns  ; 273:inst30|16                                                                                                          ; d1[3]  ; CLK1       ;
; N/A                                     ; None                                                ; 34.435 ns  ; 273:inst30|16                                                                                                          ; d1[0]  ; CLK1       ;
; N/A                                     ; None                                                ; 34.398 ns  ; 273:inst30|14                                                                                                          ; d1[2]  ; CLK1       ;
; N/A                                     ; None                                                ; 34.292 ns  ; 273:inst30|15                                                                                                          ; d1[2]  ; CLK1       ;
; N/A                                     ; None                                                ; 34.132 ns  ; 273:inst31|16                                                                                                          ; d1[3]  ; CLK1       ;
; N/A                                     ; None                                                ; 34.121 ns  ; 273:inst31|14                                                                                                          ; d1[2]  ; CLK1       ;
; N/A                                     ; None                                                ; 34.066 ns  ; 273:inst31|18                                                                                                          ; d1[4]  ; CLK1       ;
; N/A                                     ; None                                                ; 34.042 ns  ; 273:inst31|16                                                                                                          ; d1[0]  ; CLK1       ;
; N/A                                     ; None                                                ; 33.968 ns  ; 273:inst31|15                                                                                                          ; d1[2]  ; CLK1       ;
; N/A                                     ; None                                                ; 33.921 ns  ; 273:inst30|18                                                                                                          ; d1[4]  ; CLK1       ;
; N/A                                     ; None                                                ; 33.916 ns  ; 273:inst31|18                                                                                                          ; d1[7]  ; CLK1       ;
; N/A                                     ; None                                                ; 33.900 ns  ; 273:inst30|14                                                                                                          ; d1[3]  ; CLK1       ;
; N/A                                     ; None                                                ; 33.877 ns  ; 273:inst31|19                                                                                                          ; d1[4]  ; CLK1       ;
; N/A                                     ; None                                                ; 33.874 ns  ; 273:inst30|19                                                                                                          ; d1[4]  ; CLK1       ;
; N/A                                     ; None                                                ; 33.810 ns  ; 273:inst30|14                                                                                                          ; d1[0]  ; CLK1       ;
; N/A                                     ; None                                                ; 33.794 ns  ; 273:inst30|15                                                                                                          ; d1[3]  ; CLK1       ;
; N/A                                     ; None                                                ; 33.771 ns  ; 273:inst30|18                                                                                                          ; d1[7]  ; CLK1       ;
; N/A                                     ; None                                                ; 33.753 ns  ; 273:inst30|13                                                                                                          ; d1[2]  ; CLK1       ;
; N/A                                     ; None                                                ; 33.727 ns  ; 273:inst31|19                                                                                                          ; d1[7]  ; CLK1       ;
; N/A                                     ; None                                                ; 33.724 ns  ; 273:inst30|19                                                                                                          ; d1[7]  ; CLK1       ;
; N/A                                     ; None                                                ; 33.704 ns  ; 273:inst30|15                                                                                                          ; d1[0]  ; CLK1       ;
; N/A                                     ; None                                                ; 33.623 ns  ; 273:inst31|14                                                                                                          ; d1[3]  ; CLK1       ;
; N/A                                     ; None                                                ; 33.533 ns  ; 273:inst31|14                                                                                                          ; d1[0]  ; CLK1       ;
; N/A                                     ; None                                                ; 33.511 ns  ; 273:inst31|18                                                                                                          ; d1[6]  ; CLK1       ;
; N/A                                     ; None                                                ; 33.470 ns  ; 273:inst31|15                                                                                                          ; d1[3]  ; CLK1       ;
; N/A                                     ; None                                                ; 33.380 ns  ; 273:inst31|15                                                                                                          ; d1[0]  ; CLK1       ;
; N/A                                     ; None                                                ; 33.366 ns  ; 273:inst30|18                                                                                                          ; d1[6]  ; CLK1       ;
; N/A                                     ; None                                                ; 33.343 ns  ; 273:inst31|18                                                                                                          ; d1[5]  ; CLK1       ;
; N/A                                     ; None                                                ; 33.322 ns  ; 273:inst31|19                                                                                                          ; d1[6]  ; CLK1       ;
; N/A                                     ; None                                                ; 33.319 ns  ; 273:inst30|19                                                                                                          ; d1[6]  ; CLK1       ;
; N/A                                     ; None                                                ; 33.303 ns  ; 273:inst30|17                                                                                                          ; d1[4]  ; CLK1       ;
; N/A                                     ; None                                                ; 33.255 ns  ; 273:inst30|13                                                                                                          ; d1[3]  ; CLK1       ;
; N/A                                     ; None                                                ; 33.248 ns  ; 273:inst30|16                                                                                                          ; d1[1]  ; CLK1       ;
; N/A                                     ; None                                                ; 33.198 ns  ; 273:inst30|18                                                                                                          ; d1[5]  ; CLK1       ;
; N/A                                     ; None                                                ; 33.165 ns  ; 273:inst30|13                                                                                                          ; d1[0]  ; CLK1       ;
; N/A                                     ; None                                                ; 33.154 ns  ; 273:inst31|19                                                                                                          ; d1[5]  ; CLK1       ;
; N/A                                     ; None                                                ; 33.153 ns  ; 273:inst30|17                                                                                                          ; d1[7]  ; CLK1       ;
; N/A                                     ; None                                                ; 33.151 ns  ; 273:inst30|19                                                                                                          ; d1[5]  ; CLK1       ;
; N/A                                     ; None                                                ; 33.087 ns  ; lpm_rom0:control_memory|altsyncram:altsyncram_component|altsyncram_ecq:auto_generated|ram_block1a15~porta_address_reg0 ; d1[4]  ; CLK1       ;
; N/A                                     ; None                                                ; 33.087 ns  ; lpm_rom0:control_memory|altsyncram:altsyncram_component|altsyncram_ecq:auto_generated|ram_block1a15~porta_address_reg1 ; d1[4]  ; CLK1       ;
; N/A                                     ; None                                                ; 33.087 ns  ; lpm_rom0:control_memory|altsyncram:altsyncram_component|altsyncram_ecq:auto_generated|ram_block1a15~porta_address_reg2 ; d1[4]  ; CLK1       ;
; N/A                                     ; None                                                ; 33.087 ns  ; lpm_rom0:control_memory|altsyncram:altsyncram_component|altsyncram_ecq:auto_generated|ram_block1a15~porta_address_reg3 ; d1[4]  ; CLK1       ;
; N/A                                     ; None                                                ; 33.087 ns  ; lpm_rom0:control_memory|altsyncram:altsyncram_component|altsyncram_ecq:auto_generated|ram_block1a15~porta_address_reg4 ; d1[4]  ; CLK1       ;
; N/A                                     ; None                                                ; 33.087 ns  ; lpm_rom0:control_memory|altsyncram:altsyncram_component|altsyncram_ecq:auto_generated|ram_block1a15~porta_address_reg5 ; d1[4]  ; CLK1       ;
; N/A                                     ; None                                                ; 33.011 ns  ; 273:inst31|13                                                                                                          ; d1[2]  ; CLK1       ;
; N/A                                     ; None                                                ; 32.983 ns  ; 273:inst31|17                                                                                                          ; d1[4]  ; CLK1       ;
; N/A                                     ; None                                                ; 32.855 ns  ; 273:inst31|16                                                                                                          ; d1[1]  ; CLK1       ;
; N/A                                     ; None                                                ; 32.833 ns  ; 273:inst31|17                                                                                                          ; d1[7]  ; CLK1       ;
; N/A                                     ; None                                                ; 32.748 ns  ; 273:inst30|17                                                                                                          ; d1[6]  ; CLK1       ;
; N/A                                     ; None                                                ; 32.732 ns  ; lpm_rom0:control_memory|altsyncram:altsyncram_component|altsyncram_ecq:auto_generated|ram_block1a15~porta_address_reg0 ; d1[0]  ; CLK1       ;
; N/A                                     ; None                                                ; 32.732 ns  ; lpm_rom0:control_memory|altsyncram:altsyncram_component|altsyncram_ecq:auto_generated|ram_block1a15~porta_address_reg1 ; d1[0]  ; CLK1       ;
; N/A                                     ; None                                                ; 32.732 ns  ; lpm_rom0:control_memory|altsyncram:altsyncram_component|altsyncram_ecq:auto_generated|ram_block1a15~porta_address_reg2 ; d1[0]  ; CLK1       ;
; N/A                                     ; None                                                ; 32.732 ns  ; lpm_rom0:control_memory|altsyncram:altsyncram_component|altsyncram_ecq:auto_generated|ram_block1a15~porta_address_reg3 ; d1[0]  ; CLK1       ;
; N/A                                     ; None                                                ; 32.732 ns  ; lpm_rom0:control_memory|altsyncram:altsyncram_component|altsyncram_ecq:auto_generated|ram_block1a15~porta_address_reg4 ; d1[0]  ; CLK1       ;
; N/A                                     ; None                                                ; 32.732 ns  ; lpm_rom0:control_memory|altsyncram:altsyncram_component|altsyncram_ecq:auto_generated|ram_block1a15~porta_address_reg5 ; d1[0]  ; CLK1       ;
; N/A                                     ; None                                                ; 32.635 ns  ; 273:inst30|12                                                                                                          ; d1[2]  ; CLK1       ;
; N/A                                     ; None                                                ; 32.623 ns  ; 273:inst30|14                                                                                                          ; d1[1]  ; CLK1       ;
; N/A                                     ; None                                                ; 32.580 ns  ; 273:inst30|17                                                                                                          ; d1[5]  ; CLK1       ;
; N/A                                     ; None                                                ; 32.532 ns  ; lpm_rom0:control_memory|altsyncram:altsyncram_component|altsyncram_ecq:auto_generated|ram_block1a15~porta_address_reg0 ; d1[6]  ; CLK1       ;
; N/A                                     ; None                                                ; 32.532 ns  ; lpm_rom0:control_memory|altsyncram:altsyncram_component|altsyncram_ecq:auto_generated|ram_block1a15~porta_address_reg1 ; d1[6]  ; CLK1       ;
; N/A                                     ; None                                                ; 32.532 ns  ; lpm_rom0:control_memory|altsyncram:altsyncram_component|altsyncram_ecq:auto_generated|ram_block1a15~porta_address_reg2 ; d1[6]  ; CLK1       ;
; N/A                                     ; None                                                ; 32.532 ns  ; lpm_rom0:control_memory|altsyncram:altsyncram_component|altsyncram_ecq:auto_generated|ram_block1a15~porta_address_reg3 ; d1[6]  ; CLK1       ;
; N/A                                     ; None                                                ; 32.532 ns  ; lpm_rom0:control_memory|altsyncram:altsyncram_component|altsyncram_ecq:auto_generated|ram_block1a15~porta_address_reg4 ; d1[6]  ; CLK1       ;
; N/A                                     ; None                                                ; 32.532 ns  ; lpm_rom0:control_memory|altsyncram:altsyncram_component|altsyncram_ecq:auto_generated|ram_block1a15~porta_address_reg5 ; d1[6]  ; CLK1       ;
; N/A                                     ; None                                                ; 32.517 ns  ; 273:inst30|15                                                                                                          ; d1[1]  ; CLK1       ;
; N/A                                     ; None                                                ; 32.513 ns  ; 273:inst31|13                                                                                                          ; d1[3]  ; CLK1       ;
; N/A                                     ; None                                                ; 32.428 ns  ; 273:inst31|17                                                                                                          ; d1[6]  ; CLK1       ;
; N/A                                     ; None                                                ; 32.423 ns  ; 273:inst31|13                                                                                                          ; d1[0]  ; CLK1       ;
; N/A                                     ; None                                                ; 32.384 ns  ; 273:inst31|12                                                                                                          ; d1[2]  ; CLK1       ;
; N/A                                     ; None                                                ; 32.364 ns  ; lpm_rom0:control_memory|altsyncram:altsyncram_component|altsyncram_ecq:auto_generated|ram_block1a15~porta_address_reg0 ; d1[5]  ; CLK1       ;
; N/A                                     ; None                                                ; 32.364 ns  ; lpm_rom0:control_memory|altsyncram:altsyncram_component|altsyncram_ecq:auto_generated|ram_block1a15~porta_address_reg1 ; d1[5]  ; CLK1       ;
; N/A                                     ; None                                                ; 32.364 ns  ; lpm_rom0:control_memory|altsyncram:altsyncram_component|altsyncram_ecq:auto_generated|ram_block1a15~porta_address_reg2 ; d1[5]  ; CLK1       ;
; N/A                                     ; None                                                ; 32.364 ns  ; lpm_rom0:control_memory|altsyncram:altsyncram_component|altsyncram_ecq:auto_generated|ram_block1a15~porta_address_reg3 ; d1[5]  ; CLK1       ;
; N/A                                     ; None                                                ; 32.364 ns  ; lpm_rom0:control_memory|altsyncram:altsyncram_component|altsyncram_ecq:auto_generated|ram_block1a15~porta_address_reg4 ; d1[5]  ; CLK1       ;
; N/A                                     ; None                                                ; 32.364 ns  ; lpm_rom0:control_memory|altsyncram:altsyncram_component|altsyncram_ecq:auto_generated|ram_block1a15~porta_address_reg5 ; d1[5]  ; CLK1       ;
; N/A                                     ; None                                                ; 32.346 ns  ; 273:inst31|14                                                                                                          ; d1[1]  ; CLK1       ;
; N/A                                     ; None                                                ; 32.260 ns  ; 273:inst31|17                                                                                                          ; d1[5]  ; CLK1       ;
; N/A                                     ; None                                                ; 32.193 ns  ; 273:inst31|15                                                                                                          ; d1[1]  ; CLK1       ;
; N/A                                     ; None                                                ; 32.153 ns  ; lpm_rom0:control_memory|altsyncram:altsyncram_component|altsyncram_ecq:auto_generated|ram_block1a15~porta_address_reg0 ; d1[2]  ; CLK1       ;
; N/A                                     ; None                                                ; 32.153 ns  ; lpm_rom0:control_memory|altsyncram:altsyncram_component|altsyncram_ecq:auto_generated|ram_block1a15~porta_address_reg1 ; d1[2]  ; CLK1       ;
; N/A                                     ; None                                                ; 32.153 ns  ; lpm_rom0:control_memory|altsyncram:altsyncram_component|altsyncram_ecq:auto_generated|ram_block1a15~porta_address_reg2 ; d1[2]  ; CLK1       ;
; N/A                                     ; None                                                ; 32.153 ns  ; lpm_rom0:control_memory|altsyncram:altsyncram_component|altsyncram_ecq:auto_generated|ram_block1a15~porta_address_reg3 ; d1[2]  ; CLK1       ;
; N/A                                     ; None                                                ; 32.153 ns  ; lpm_rom0:control_memory|altsyncram:altsyncram_component|altsyncram_ecq:auto_generated|ram_block1a15~porta_address_reg4 ; d1[2]  ; CLK1       ;
; N/A                                     ; None                                                ; 32.153 ns  ; lpm_rom0:control_memory|altsyncram:altsyncram_component|altsyncram_ecq:auto_generated|ram_block1a15~porta_address_reg5 ; d1[2]  ; CLK1       ;
; N/A                                     ; None                                                ; 32.137 ns  ; 273:inst30|12                                                                                                          ; d1[3]  ; CLK1       ;
; N/A                                     ; None                                                ; 32.047 ns  ; 273:inst30|12                                                                                                          ; d1[0]  ; CLK1       ;
; N/A                                     ; None                                                ; 31.978 ns  ; 273:inst30|13                                                                                                          ; d1[1]  ; CLK1       ;
; N/A                                     ; None                                                ; 31.886 ns  ; 273:inst31|12                                                                                                          ; d1[3]  ; CLK1       ;
; N/A                                     ; None                                                ; 31.796 ns  ; 273:inst31|12                                                                                                          ; d1[0]  ; CLK1       ;
; N/A                                     ; None                                                ; 31.655 ns  ; lpm_rom0:control_memory|altsyncram:altsyncram_component|altsyncram_ecq:auto_generated|ram_block1a15~porta_address_reg0 ; d1[3]  ; CLK1       ;
; N/A                                     ; None                                                ; 31.655 ns  ; lpm_rom0:control_memory|altsyncram:altsyncram_component|altsyncram_ecq:auto_generated|ram_block1a15~porta_address_reg1 ; d1[3]  ; CLK1       ;
; N/A                                     ; None                                                ; 31.655 ns  ; lpm_rom0:control_memory|altsyncram:altsyncram_component|altsyncram_ecq:auto_generated|ram_block1a15~porta_address_reg2 ; d1[3]  ; CLK1       ;
; N/A                                     ; None                                                ; 31.655 ns  ; lpm_rom0:control_memory|altsyncram:altsyncram_component|altsyncram_ecq:auto_generated|ram_block1a15~porta_address_reg3 ; d1[3]  ; CLK1       ;
; N/A                                     ; None                                                ; 31.655 ns  ; lpm_rom0:control_memory|altsyncram:altsyncram_component|altsyncram_ecq:auto_generated|ram_block1a15~porta_address_reg4 ; d1[3]  ; CLK1       ;
; N/A                                     ; None                                                ; 31.655 ns  ; lpm_rom0:control_memory|altsyncram:altsyncram_component|altsyncram_ecq:auto_generated|ram_block1a15~porta_address_reg5 ; d1[3]  ; CLK1       ;
; N/A                                     ; None                                                ; 31.603 ns  ; 273:inst30|16                                                                                                          ; d1[4]  ; CLK1       ;
; N/A                                     ; None                                                ; 31.545 ns  ; lpm_rom0:control_memory|altsyncram:altsyncram_component|altsyncram_ecq:auto_generated|ram_block1a15~porta_address_reg0 ; d1[1]  ; CLK1       ;
; N/A                                     ; None                                                ; 31.545 ns  ; lpm_rom0:control_memory|altsyncram:altsyncram_component|altsyncram_ecq:auto_generated|ram_block1a15~porta_address_reg1 ; d1[1]  ; CLK1       ;
; N/A                                     ; None                                                ; 31.545 ns  ; lpm_rom0:control_memory|altsyncram:altsyncram_component|altsyncram_ecq:auto_generated|ram_block1a15~porta_address_reg2 ; d1[1]  ; CLK1       ;
; N/A                                     ; None                                                ; 31.545 ns  ; lpm_rom0:control_memory|altsyncram:altsyncram_component|altsyncram_ecq:auto_generated|ram_block1a15~porta_address_reg3 ; d1[1]  ; CLK1       ;
; N/A                                     ; None                                                ; 31.545 ns  ; lpm_rom0:control_memory|altsyncram:altsyncram_component|altsyncram_ecq:auto_generated|ram_block1a15~porta_address_reg4 ; d1[1]  ; CLK1       ;
; N/A                                     ; None                                                ; 31.545 ns  ; lpm_rom0:control_memory|altsyncram:altsyncram_component|altsyncram_ecq:auto_generated|ram_block1a15~porta_address_reg5 ; d1[1]  ; CLK1       ;
; N/A                                     ; None                                                ; 31.453 ns  ; 273:inst30|16                                                                                                          ; d1[7]  ; CLK1       ;
; N/A                                     ; None                                                ; 31.236 ns  ; 273:inst31|13                                                                                                          ; d1[1]  ; CLK1       ;
; N/A                                     ; None                                                ; 31.210 ns  ; 273:inst31|16                                                                                                          ; d1[4]  ; CLK1       ;
; N/A                                     ; None                                                ; 31.196 ns  ; lpm_rom0:control_memory|altsyncram:altsyncram_component|altsyncram_ecq:auto_generated|ram_block1a15~porta_address_reg0 ; d1[7]  ; CLK1       ;
; N/A                                     ; None                                                ; 31.196 ns  ; lpm_rom0:control_memory|altsyncram:altsyncram_component|altsyncram_ecq:auto_generated|ram_block1a15~porta_address_reg1 ; d1[7]  ; CLK1       ;
; N/A                                     ; None                                                ; 31.196 ns  ; lpm_rom0:control_memory|altsyncram:altsyncram_component|altsyncram_ecq:auto_generated|ram_block1a15~porta_address_reg2 ; d1[7]  ; CLK1       ;
; N/A                                     ; None                                                ; 31.196 ns  ; lpm_rom0:control_memory|altsyncram:altsyncram_component|altsyncram_ecq:auto_generated|ram_block1a15~porta_address_reg3 ; d1[7]  ; CLK1       ;
; N/A                                     ; None                                                ; 31.196 ns  ; lpm_rom0:control_memory|altsyncram:altsyncram_component|altsyncram_ecq:auto_generated|ram_block1a15~porta_address_reg4 ; d1[7]  ; CLK1       ;
; N/A                                     ; None                                                ; 31.196 ns  ; lpm_rom0:control_memory|altsyncram:altsyncram_component|altsyncram_ecq:auto_generated|ram_block1a15~porta_address_reg5 ; d1[7]  ; CLK1       ;
; N/A                                     ; None                                                ; 31.060 ns  ; 273:inst31|16                                                                                                          ; d1[7]  ; CLK1       ;
; N/A                                     ; None                                                ; 31.048 ns  ; 273:inst30|16                                                                                                          ; d1[6]  ; CLK1       ;
; N/A                                     ; None                                                ; 30.880 ns  ; 273:inst30|16                                                                                                          ; d1[5]  ; CLK1       ;
; N/A                                     ; None                                                ; 30.860 ns  ; 273:inst30|12                                                                                                          ; d1[1]  ; CLK1       ;
; N/A                                     ; None                                                ; 30.828 ns  ; 273:inst30|14                                                                                                          ; d1[7]  ; CLK1       ;
; N/A                                     ; None                                                ; 30.722 ns  ; 273:inst30|15                                                                                                          ; d1[7]  ; CLK1       ;
; N/A                                     ; None                                                ; 30.655 ns  ; 273:inst31|16                                                                                                          ; d1[6]  ; CLK1       ;
; N/A                                     ; None                                                ; 30.609 ns  ; 273:inst31|12                                                                                                          ; d1[1]  ; CLK1       ;
; N/A                                     ; None                                                ; 30.603 ns  ; 273:inst31|19                                                                                                          ; d1[2]  ; CLK1       ;
; N/A                                     ; None                                                ; 30.600 ns  ; 273:inst30|19                                                                                                          ; d1[2]  ; CLK1       ;
; N/A                                     ; None                                                ; 30.551 ns  ; 273:inst31|14                                                                                                          ; d1[7]  ; CLK1       ;
; N/A                                     ; None                                                ; 30.487 ns  ; 273:inst31|16                                                                                                          ; d1[5]  ; CLK1       ;
; N/A                                     ; None                                                ; 30.398 ns  ; 273:inst31|15                                                                                                          ; d1[7]  ; CLK1       ;
; N/A                                     ; None                                                ; 30.105 ns  ; 273:inst31|19                                                                                                          ; d1[3]  ; CLK1       ;
; N/A                                     ; None                                                ; 30.102 ns  ; 273:inst30|19                                                                                                          ; d1[3]  ; CLK1       ;
; N/A                                     ; None                                                ; 28.900 ns  ; 273:IR|14                                                                                                              ; I[5]   ; CLK1       ;
; N/A                                     ; None                                                ; 28.764 ns  ; 273:outputdevice|15                                                                                                    ; led[4] ; CLK1       ;
; N/A                                     ; None                                                ; 28.659 ns  ; 273:IR|16                                                                                                              ; I[3]   ; CLK1       ;
; N/A                                     ; None                                                ; 28.650 ns  ; 273:outputdevice|12                                                                                                    ; led[7] ; CLK1       ;
; N/A                                     ; None                                                ; 28.601 ns  ; 273:IR|19                                                                                                              ; I[0]   ; CLK1       ;
; N/A                                     ; None                                                ; 28.542 ns  ; 273:IR|13                                                                                                              ; I[6]   ; CLK1       ;
; N/A                                     ; None                                                ; 28.323 ns  ; 273:IR|12                                                                                                              ; I[7]   ; CLK1       ;
; N/A                                     ; None                                                ; 28.278 ns  ; 273:IR|18                                                                                                              ; I[1]   ; CLK1       ;
; N/A                                     ; None                                                ; 28.254 ns  ; 273:outputdevice|14                                                                                                    ; led[5] ; CLK1       ;
; N/A                                     ; None                                                ; 28.108 ns  ; 273:outputdevice|18                                                                                                    ; led[1] ; CLK1       ;
; N/A                                     ; None                                                ; 28.107 ns  ; 273:outputdevice|19                                                                                                    ; led[0] ; CLK1       ;
; N/A                                     ; None                                                ; 28.090 ns  ; 273:IR|15                                                                                                              ; I[4]   ; CLK1       ;
; N/A                                     ; None                                                ; 28.003 ns  ; 273:IR|17                                                                                                              ; I[2]   ; CLK1       ;
; N/A                                     ; None                                                ; 27.998 ns  ; 273:outputdevice|13                                                                                                    ; led[6] ; CLK1       ;
; N/A                                     ; None                                                ; 27.980 ns  ; 273:outputdevice|16                                                                                                    ; led[3] ; CLK1       ;
; N/A                                     ; None                                                ; 27.937 ns  ; 273:outputdevice|17                                                                                                    ; led[2] ; CLK1       ;
; N/A                                     ; None                                                ; 25.580 ns  ; lpm_rom0:control_memory|altsyncram:altsyncram_component|altsyncram_ecq:auto_generated|ram_block1a15~porta_address_reg0 ; PC_B   ; CLK1       ;
; N/A                                     ; None                                                ; 25.580 ns  ; lpm_rom0:control_memory|altsyncram:altsyncram_component|altsyncram_ecq:auto_generated|ram_block1a15~porta_address_reg1 ; PC_B   ; CLK1       ;
; N/A                                     ; None                                                ; 25.580 ns  ; lpm_rom0:control_memory|altsyncram:altsyncram_component|altsyncram_ecq:auto_generated|ram_block1a15~porta_address_reg2 ; PC_B   ; CLK1       ;
; N/A                                     ; None                                                ; 25.580 ns  ; lpm_rom0:control_memory|altsyncram:altsyncram_component|altsyncram_ecq:auto_generated|ram_block1a15~porta_address_reg3 ; PC_B   ; CLK1       ;
; N/A                                     ; None                                                ; 25.580 ns  ; lpm_rom0:control_memory|altsyncram:altsyncram_component|altsyncram_ecq:auto_generated|ram_block1a15~porta_address_reg4 ; PC_B   ; CLK1       ;
; N/A                                     ; None                                                ; 25.580 ns  ; lpm_rom0:control_memory|altsyncram:altsyncram_component|altsyncram_ecq:auto_generated|ram_block1a15~porta_address_reg5 ; PC_B   ; CLK1       ;
; N/A                                     ; None                                                ; 25.125 ns  ; lpm_rom0:control_memory|altsyncram:altsyncram_component|altsyncram_ecq:auto_generated|ram_block1a15~porta_address_reg0 ; LDPC   ; CLK1       ;
; N/A                                     ; None                                                ; 25.125 ns  ; lpm_rom0:control_memory|altsyncram:altsyncram_component|altsyncram_ecq:auto_generated|ram_block1a15~porta_address_reg1 ; LDPC   ; CLK1       ;
; Timing analysis restricted to 200 rows. ; To change the limit use Settings (Assignments menu) ;            ;                                                                                                                        ;        ;            ;
+-----------------------------------------+-----------------------------------------------------+------------+------------------------------------------------------------------------------------------------------------------------+--------+------------+


+-------------------------------------------------------------+
; tpd                                                         ;
+-------+-------------------+-----------------+-------+-------+
; Slack ; Required P2P Time ; Actual P2P Time ; From  ; To    ;
+-------+-------------------+-----------------+-------+-------+
; N/A   ; None              ; 10.404 ns       ; d0[2] ; in[2] ;
; N/A   ; None              ; 10.295 ns       ; d0[4] ; in[4] ;
; N/A   ; None              ; 10.166 ns       ; d0[0] ; in[0] ;
; N/A   ; None              ; 9.854 ns        ; d0[1] ; in[1] ;
; N/A   ; None              ; 9.497 ns        ; d0[3] ; in[3] ;
; N/A   ; None              ; 9.339 ns        ; d0[5] ; in[5] ;
; N/A   ; None              ; 9.182 ns        ; d0[7] ; in[7] ;
; N/A   ; None              ; 8.418 ns        ; d0[6] ; in[6] ;
+-------+-------------------+-----------------+-------+-------+


+---------------------------------------------------------------------------------------------------------------------------------------------------------------------------------------+
; th                                                                                                                                                                                    ;
+---------------+-------------+-----------+-------+--------------------------------------------------------------------------------------------------------------------------+----------+
; Minimum Slack ; Required th ; Actual th ; From  ; To                                                                                                                       ; To Clock ;
+---------------+-------------+-----------+-------+--------------------------------------------------------------------------------------------------------------------------+----------+
; N/A           ; None        ; 21.755 ns ; d0[4] ; reg_3:universal_register|273:reg0|15                                                                                     ; CLK1     ;
; N/A           ; None        ; 21.553 ns ; d0[1] ; reg_3:universal_register|273:reg0|18                                                                                     ; CLK1     ;
; N/A           ; None        ; 21.469 ns ; d0[4] ; reg_3:universal_register|273:reg1|15                                                                                     ; CLK1     ;
; N/A           ; None        ; 21.426 ns ; d0[1] ; reg_3:universal_register|273:reg2|18                                                                                     ; CLK1     ;
; N/A           ; None        ; 21.422 ns ; d0[5] ; reg_3:universal_register|273:reg0|14                                                                                     ; CLK1     ;
; N/A           ; None        ; 21.353 ns ; d0[5] ; reg_3:universal_register|273:reg2|14                                                                                     ; CLK1     ;
; N/A           ; None        ; 21.309 ns ; d0[5] ; reg_3:universal_register|273:reg1|14                                                                                     ; CLK1     ;
; N/A           ; None        ; 21.306 ns ; d0[4] ; reg_3:universal_register|273:reg2|15                                                                                     ; CLK1     ;
; N/A           ; None        ; 21.223 ns ; d0[7] ; reg_3:universal_register|273:reg0|12                                                                                     ; CLK1     ;
; N/A           ; None        ; 21.184 ns ; d0[1] ; reg_3:universal_register|273:reg1|18                                                                                     ; CLK1     ;
; N/A           ; None        ; 21.060 ns ; d0[7] ; reg_3:universal_register|273:reg1|12                                                                                     ; CLK1     ;
; N/A           ; None        ; 21.001 ns ; d0[2] ; reg_3:universal_register|273:reg0|17                                                                                     ; CLK1     ;
; N/A           ; None        ; 20.862 ns ; d0[2] ; reg_3:universal_register|273:reg2|17                                                                                     ; CLK1     ;
; N/A           ; None        ; 20.844 ns ; d0[7] ; reg_3:universal_register|273:reg2|12                                                                                     ; CLK1     ;
; N/A           ; None        ; 20.838 ns ; d0[2] ; reg_3:universal_register|273:reg1|17                                                                                     ; CLK1     ;
; N/A           ; None        ; 20.662 ns ; d0[0] ; reg_3:universal_register|273:reg0|19                                                                                     ; CLK1     ;
; N/A           ; None        ; 20.632 ns ; d0[3] ; reg_3:universal_register|273:reg2|16                                                                                     ; CLK1     ;
; N/A           ; None        ; 20.544 ns ; d0[3] ; reg_3:universal_register|273:reg0|16                                                                                     ; CLK1     ;
; N/A           ; None        ; 20.432 ns ; d0[0] ; reg_3:universal_register|273:reg2|19                                                                                     ; CLK1     ;
; N/A           ; None        ; 20.397 ns ; d0[3] ; reg_3:universal_register|273:reg1|16                                                                                     ; CLK1     ;
; N/A           ; None        ; 20.237 ns ; d0[6] ; reg_3:universal_register|273:reg0|13                                                                                     ; CLK1     ;
; N/A           ; None        ; 20.158 ns ; d0[6] ; reg_3:universal_register|273:reg1|13                                                                                     ; CLK1     ;
; N/A           ; None        ; 20.079 ns ; d0[6] ; reg_3:universal_register|273:reg2|13                                                                                     ; CLK1     ;
; N/A           ; None        ; 20.077 ns ; d0[0] ; reg_3:universal_register|273:reg1|19                                                                                     ; CLK1     ;
; N/A           ; None        ; 17.734 ns ; d0[4] ; 273:address_reg|15                                                                                                       ; CLK1     ;
; N/A           ; None        ; 17.478 ns ; d0[4] ; 273:outputdevice|15                                                                                                      ; CLK1     ;
; N/A           ; None        ; 17.221 ns ; d0[5] ; 273:address_reg|14                                                                                                       ; CLK1     ;
; N/A           ; None        ; 17.148 ns ; d0[7] ; 273:address_reg|12                                                                                                       ; CLK1     ;
; N/A           ; None        ; 17.082 ns ; d0[1] ; 273:address_reg|18                                                                                                       ; CLK1     ;
; N/A           ; None        ; 16.790 ns ; d0[5] ; 273:outputdevice|14                                                                                                      ; CLK1     ;
; N/A           ; None        ; 16.772 ns ; d0[7] ; 273:inst30|12                                                                                                            ; CLK1     ;
; N/A           ; None        ; 16.733 ns ; d0[4] ; 273:IR|15                                                                                                                ; CLK1     ;
; N/A           ; None        ; 16.716 ns ; d0[7] ; 273:outputdevice|12                                                                                                      ; CLK1     ;
; N/A           ; None        ; 16.681 ns ; d0[7] ; 273:inst31|12                                                                                                            ; CLK1     ;
; N/A           ; None        ; 16.670 ns ; d0[1] ; 273:outputdevice|18                                                                                                      ; CLK1     ;
; N/A           ; None        ; 16.560 ns ; d0[2] ; 273:address_reg|17                                                                                                       ; CLK1     ;
; N/A           ; None        ; 16.534 ns ; d0[5] ; 273:inst30|14                                                                                                            ; CLK1     ;
; N/A           ; None        ; 16.445 ns ; d0[5] ; 273:inst31|14                                                                                                            ; CLK1     ;
; N/A           ; None        ; 16.343 ns ; d0[5] ; 273:IR|14                                                                                                                ; CLK1     ;
; N/A           ; None        ; 16.333 ns ; d0[4] ; 273:inst30|15                                                                                                            ; CLK1     ;
; N/A           ; None        ; 16.312 ns ; d0[1] ; 273:inst30|18                                                                                                            ; CLK1     ;
; N/A           ; None        ; 16.263 ns ; d0[3] ; 273:address_reg|16                                                                                                       ; CLK1     ;
; N/A           ; None        ; 16.246 ns ; d0[4] ; 273:inst31|15                                                                                                            ; CLK1     ;
; N/A           ; None        ; 16.229 ns ; d0[7] ; 273:IR|12                                                                                                                ; CLK1     ;
; N/A           ; None        ; 16.227 ns ; d0[1] ; 273:inst31|18                                                                                                            ; CLK1     ;
; N/A           ; None        ; 16.140 ns ; d0[6] ; 273:address_reg|13                                                                                                       ; CLK1     ;
; N/A           ; None        ; 16.139 ns ; d0[0] ; 273:address_reg|19                                                                                                       ; CLK1     ;
; N/A           ; None        ; 15.986 ns ; d0[1] ; 273:IR|18                                                                                                                ; CLK1     ;
; N/A           ; None        ; 15.901 ns ; d0[0] ; 273:outputdevice|19                                                                                                      ; CLK1     ;
; N/A           ; None        ; 15.849 ns ; d0[3] ; 273:outputdevice|16                                                                                                      ; CLK1     ;
; N/A           ; None        ; 15.777 ns ; d0[6] ; 273:outputdevice|13                                                                                                      ; CLK1     ;
; N/A           ; None        ; 15.714 ns ; d0[2] ; 273:inst30|17                                                                                                            ; CLK1     ;
; N/A           ; None        ; 15.645 ns ; d0[2] ; 273:outputdevice|17                                                                                                      ; CLK1     ;
; N/A           ; None        ; 15.628 ns ; d0[2] ; 273:inst31|17                                                                                                            ; CLK1     ;
; N/A           ; None        ; 15.440 ns ; d0[6] ; 273:inst30|13                                                                                                            ; CLK1     ;
; N/A           ; None        ; 15.434 ns ; d0[3] ; 273:inst30|16                                                                                                            ; CLK1     ;
; N/A           ; None        ; 15.358 ns ; d0[0] ; 273:inst30|19                                                                                                            ; CLK1     ;
; N/A           ; None        ; 15.353 ns ; d0[6] ; 273:inst31|13                                                                                                            ; CLK1     ;
; N/A           ; None        ; 15.349 ns ; d0[3] ; 273:inst31|16                                                                                                            ; CLK1     ;
; N/A           ; None        ; 15.270 ns ; d0[0] ; 273:inst31|19                                                                                                            ; CLK1     ;
; N/A           ; None        ; 15.259 ns ; d0[6] ; 273:IR|13                                                                                                                ; CLK1     ;
; N/A           ; None        ; 15.181 ns ; d0[2] ; 273:IR|17                                                                                                                ; CLK1     ;
; N/A           ; None        ; 14.962 ns ; d0[3] ; 273:IR|16                                                                                                                ; CLK1     ;
; N/A           ; None        ; 14.829 ns ; d0[0] ; 273:IR|19                                                                                                                ; CLK1     ;
; N/A           ; None        ; 7.319 ns  ; d0[4] ; lpm_ram_dq0:InstructionsRAM|altsyncram:altsyncram_component|altsyncram_dru:auto_generated|ram_block1a7~porta_datain_reg3 ; CLK1     ;
; N/A           ; None        ; 6.480 ns  ; d0[5] ; lpm_ram_dq0:InstructionsRAM|altsyncram:altsyncram_component|altsyncram_dru:auto_generated|ram_block1a7~porta_datain_reg2 ; CLK1     ;
; N/A           ; None        ; 6.414 ns  ; d0[7] ; lpm_ram_dq0:InstructionsRAM|altsyncram:altsyncram_component|altsyncram_dru:auto_generated|ram_block1a7~porta_datain_reg0 ; CLK1     ;
; N/A           ; None        ; 5.950 ns  ; d0[1] ; lpm_ram_dq0:InstructionsRAM|altsyncram:altsyncram_component|altsyncram_dru:auto_generated|ram_block1a7~porta_datain_reg7 ; CLK1     ;
; N/A           ; None        ; 5.734 ns  ; d0[2] ; lpm_ram_dq0:InstructionsRAM|altsyncram:altsyncram_component|altsyncram_dru:auto_generated|ram_block1a7~porta_datain_reg5 ; CLK1     ;
; N/A           ; None        ; 5.517 ns  ; d0[3] ; lpm_ram_dq0:InstructionsRAM|altsyncram:altsyncram_component|altsyncram_dru:auto_generated|ram_block1a7~porta_datain_reg4 ; CLK1     ;
; N/A           ; None        ; 5.435 ns  ; d0[6] ; lpm_ram_dq0:InstructionsRAM|altsyncram:altsyncram_component|altsyncram_dru:auto_generated|ram_block1a7~porta_datain_reg1 ; CLK1     ;
; N/A           ; None        ; 4.998 ns  ; d0[0] ; lpm_ram_dq0:InstructionsRAM|altsyncram:altsyncram_component|altsyncram_dru:auto_generated|ram_block1a7~porta_datain_reg6 ; CLK1     ;
+---------------+-------------+-----------+-------+--------------------------------------------------------------------------------------------------------------------------+----------+


+-----------------------------------------------------------------------------------------------------------------------------------------------------------------------------------------------------------------------------------------------------------------+
; Minimum tco                                                                                                                                                                                                                                                     ;
+-----------------------------------------+-----------------------------------------------------+----------------+------------------------------------------------------------------------------------------------------------------------+----------+------------+
; Minimum Slack                           ; Required Min tco                                    ; Actual Min tco ; From                                                                                                                   ; To       ; From Clock ;
+-----------------------------------------+-----------------------------------------------------+----------------+------------------------------------------------------------------------------------------------------------------------+----------+------------+
; N/A                                     ; None                                                ; 14.097 ns      ; se6_1:microaddress_register|inst45                                                                                     ; uaddr[6] ; CLK1       ;
; N/A                                     ; None                                                ; 14.266 ns      ; se6_1:microaddress_register|inst41                                                                                     ; uaddr[2] ; CLK1       ;
; N/A                                     ; None                                                ; 14.515 ns      ; se6_1:microaddress_register|inst40                                                                                     ; uaddr[1] ; CLK1       ;
; N/A                                     ; None                                                ; 14.765 ns      ; se6_1:microaddress_register|inst44                                                                                     ; uaddr[5] ; CLK1       ;
; N/A                                     ; None                                                ; 14.858 ns      ; se6_1:microaddress_register|inst42                                                                                     ; uaddr[3] ; CLK1       ;
; N/A                                     ; None                                                ; 14.882 ns      ; se6_1:microaddress_register|inst43                                                                                     ; uaddr[4] ; CLK1       ;
; N/A                                     ; None                                                ; 15.460 ns      ; 273:IR|17                                                                                                              ; I[2]     ; CLK1       ;
; N/A                                     ; None                                                ; 15.547 ns      ; 273:IR|15                                                                                                              ; I[4]     ; CLK1       ;
; N/A                                     ; None                                                ; 15.735 ns      ; 273:IR|18                                                                                                              ; I[1]     ; CLK1       ;
; N/A                                     ; None                                                ; 15.780 ns      ; 273:IR|12                                                                                                              ; I[7]     ; CLK1       ;
; N/A                                     ; None                                                ; 15.988 ns      ; 273:outputdevice|17                                                                                                    ; led[2]   ; CLK1       ;
; N/A                                     ; None                                                ; 15.999 ns      ; 273:IR|13                                                                                                              ; I[6]     ; CLK1       ;
; N/A                                     ; None                                                ; 16.031 ns      ; 273:outputdevice|16                                                                                                    ; led[3]   ; CLK1       ;
; N/A                                     ; None                                                ; 16.049 ns      ; 273:outputdevice|13                                                                                                    ; led[6]   ; CLK1       ;
; N/A                                     ; None                                                ; 16.058 ns      ; 273:IR|19                                                                                                              ; I[0]     ; CLK1       ;
; N/A                                     ; None                                                ; 16.116 ns      ; 273:IR|16                                                                                                              ; I[3]     ; CLK1       ;
; N/A                                     ; None                                                ; 16.158 ns      ; 273:outputdevice|19                                                                                                    ; led[0]   ; CLK1       ;
; N/A                                     ; None                                                ; 16.159 ns      ; 273:outputdevice|18                                                                                                    ; led[1]   ; CLK1       ;
; N/A                                     ; None                                                ; 16.271 ns      ; 273:inst31|15                                                                                                          ; d1[5]    ; CLK1       ;
; N/A                                     ; None                                                ; 16.305 ns      ; 273:outputdevice|14                                                                                                    ; led[5]   ; CLK1       ;
; N/A                                     ; None                                                ; 16.354 ns      ; 273:inst31|13                                                                                                          ; d1[6]    ; CLK1       ;
; N/A                                     ; None                                                ; 16.357 ns      ; 273:IR|14                                                                                                              ; I[5]     ; CLK1       ;
; N/A                                     ; None                                                ; 16.370 ns      ; 273:inst31|16                                                                                                          ; d1[3]    ; CLK1       ;
; N/A                                     ; None                                                ; 16.395 ns      ; 273:inst31|14                                                                                                          ; d1[5]    ; CLK1       ;
; N/A                                     ; None                                                ; 16.462 ns      ; 273:inst31|13                                                                                                          ; d1[7]    ; CLK1       ;
; N/A                                     ; None                                                ; 16.594 ns      ; 273:inst31|18                                                                                                          ; d1[3]    ; CLK1       ;
; N/A                                     ; None                                                ; 16.674 ns      ; 273:inst31|18                                                                                                          ; d1[1]    ; CLK1       ;
; N/A                                     ; None                                                ; 16.680 ns      ; 273:inst30|14                                                                                                          ; d1[5]    ; CLK1       ;
; N/A                                     ; None                                                ; 16.701 ns      ; 273:outputdevice|12                                                                                                    ; led[7]   ; CLK1       ;
; N/A                                     ; None                                                ; 16.766 ns      ; 273:inst31|14                                                                                                          ; d1[6]    ; CLK1       ;
; N/A                                     ; None                                                ; 16.804 ns      ; 273:inst31|19                                                                                                          ; d1[3]    ; CLK1       ;
; N/A                                     ; None                                                ; 16.815 ns      ; 273:outputdevice|15                                                                                                    ; led[4]   ; CLK1       ;
; N/A                                     ; None                                                ; 16.835 ns      ; 273:inst31|19                                                                                                          ; d1[1]    ; CLK1       ;
; N/A                                     ; None                                                ; 16.922 ns      ; 273:inst30|15                                                                                                          ; d1[5]    ; CLK1       ;
; N/A                                     ; None                                                ; 17.006 ns      ; 273:inst30|13                                                                                                          ; d1[6]    ; CLK1       ;
; N/A                                     ; None                                                ; 17.010 ns      ; 273:inst31|15                                                                                                          ; d1[7]    ; CLK1       ;
; N/A                                     ; None                                                ; 17.085 ns      ; 273:inst31|12                                                                                                          ; d1[1]    ; CLK1       ;
; N/A                                     ; None                                                ; 17.092 ns      ; 273:inst31|18                                                                                                          ; d1[2]    ; CLK1       ;
; N/A                                     ; None                                                ; 17.109 ns      ; 273:inst30|18                                                                                                          ; d1[1]    ; CLK1       ;
; N/A                                     ; None                                                ; 17.117 ns      ; 273:inst31|15                                                                                                          ; d1[6]    ; CLK1       ;
; N/A                                     ; None                                                ; 17.137 ns      ; 273:inst31|12                                                                                                          ; d1[7]    ; CLK1       ;
; N/A                                     ; None                                                ; 17.202 ns      ; 273:inst31|15                                                                                                          ; d1[4]    ; CLK1       ;
; N/A                                     ; None                                                ; 17.205 ns      ; 273:inst30|19                                                                                                          ; d1[1]    ; CLK1       ;
; N/A                                     ; None                                                ; 17.282 ns      ; 273:inst31|14                                                                                                          ; d1[7]    ; CLK1       ;
; N/A                                     ; None                                                ; 17.295 ns      ; 273:inst30|15                                                                                                          ; d1[7]    ; CLK1       ;
; N/A                                     ; None                                                ; 17.302 ns      ; 273:inst31|19                                                                                                          ; d1[2]    ; CLK1       ;
; N/A                                     ; None                                                ; 17.313 ns      ; 273:inst30|13                                                                                                          ; d1[7]    ; CLK1       ;
; N/A                                     ; None                                                ; 17.315 ns      ; 273:inst30|16                                                                                                          ; d1[3]    ; CLK1       ;
; N/A                                     ; None                                                ; 17.349 ns      ; 273:inst30|18                                                                                                          ; d1[3]    ; CLK1       ;
; N/A                                     ; None                                                ; 17.392 ns      ; 273:inst31|16                                                                                                          ; d1[5]    ; CLK1       ;
; N/A                                     ; None                                                ; 17.418 ns      ; 273:inst30|19                                                                                                          ; d1[3]    ; CLK1       ;
; N/A                                     ; None                                                ; 17.421 ns      ; 273:inst30|12                                                                                                          ; d1[7]    ; CLK1       ;
; N/A                                     ; None                                                ; 17.423 ns      ; 273:inst30|17                                                                                                          ; d1[3]    ; CLK1       ;
; N/A                                     ; None                                                ; 17.425 ns      ; 273:inst30|15                                                                                                          ; d1[6]    ; CLK1       ;
; N/A                                     ; None                                                ; 17.434 ns      ; 273:inst31|17                                                                                                          ; d1[3]    ; CLK1       ;
; N/A                                     ; None                                                ; 17.523 ns      ; 273:inst30|14                                                                                                          ; d1[6]    ; CLK1       ;
; N/A                                     ; None                                                ; 17.560 ns      ; 273:inst31|16                                                                                                          ; d1[6]    ; CLK1       ;
; N/A                                     ; None                                                ; 17.573 ns      ; 273:inst30|17                                                                                                          ; d1[2]    ; CLK1       ;
; N/A                                     ; None                                                ; 17.584 ns      ; 273:inst31|17                                                                                                          ; d1[2]    ; CLK1       ;
; N/A                                     ; None                                                ; 17.595 ns      ; 273:inst31|19                                                                                                          ; d1[0]    ; CLK1       ;
; N/A                                     ; None                                                ; 17.602 ns      ; 273:inst30|17                                                                                                          ; d1[5]    ; CLK1       ;
; N/A                                     ; None                                                ; 17.613 ns      ; 273:inst31|17                                                                                                          ; d1[5]    ; CLK1       ;
; N/A                                     ; None                                                ; 17.620 ns      ; 273:inst30|15                                                                                                          ; d1[4]    ; CLK1       ;
; N/A                                     ; None                                                ; 17.770 ns      ; 273:inst30|17                                                                                                          ; d1[6]    ; CLK1       ;
; N/A                                     ; None                                                ; 17.781 ns      ; 273:inst31|17                                                                                                          ; d1[6]    ; CLK1       ;
; N/A                                     ; None                                                ; 17.796 ns      ; 273:inst30|16                                                                                                          ; d1[5]    ; CLK1       ;
; N/A                                     ; None                                                ; 17.802 ns      ; 273:inst31|13                                                                                                          ; d1[1]    ; CLK1       ;
; N/A                                     ; None                                                ; 17.847 ns      ; 273:inst30|18                                                                                                          ; d1[2]    ; CLK1       ;
; N/A                                     ; None                                                ; 17.857 ns      ; 273:inst30|14                                                                                                          ; d1[7]    ; CLK1       ;
; N/A                                     ; None                                                ; 17.887 ns      ; lpm_rom0:control_memory|altsyncram:altsyncram_component|altsyncram_ecq:auto_generated|ram_block1a15~porta_address_reg5 ; M[1]     ; CLK1       ;
; N/A                                     ; None                                                ; 17.887 ns      ; lpm_rom0:control_memory|altsyncram:altsyncram_component|altsyncram_ecq:auto_generated|ram_block1a15~porta_address_reg4 ; M[1]     ; CLK1       ;
; N/A                                     ; None                                                ; 17.887 ns      ; lpm_rom0:control_memory|altsyncram:altsyncram_component|altsyncram_ecq:auto_generated|ram_block1a15~porta_address_reg3 ; M[1]     ; CLK1       ;
; N/A                                     ; None                                                ; 17.887 ns      ; lpm_rom0:control_memory|altsyncram:altsyncram_component|altsyncram_ecq:auto_generated|ram_block1a15~porta_address_reg2 ; M[1]     ; CLK1       ;
; N/A                                     ; None                                                ; 17.887 ns      ; lpm_rom0:control_memory|altsyncram:altsyncram_component|altsyncram_ecq:auto_generated|ram_block1a15~porta_address_reg1 ; M[1]     ; CLK1       ;
; N/A                                     ; None                                                ; 17.887 ns      ; lpm_rom0:control_memory|altsyncram:altsyncram_component|altsyncram_ecq:auto_generated|ram_block1a15~porta_address_reg0 ; M[1]     ; CLK1       ;
; N/A                                     ; None                                                ; 17.914 ns      ; 273:inst30|12                                                                                                          ; d1[1]    ; CLK1       ;
; N/A                                     ; None                                                ; 17.916 ns      ; 273:inst30|19                                                                                                          ; d1[2]    ; CLK1       ;
; N/A                                     ; None                                                ; 17.927 ns      ; 273:inst31|18                                                                                                          ; d1[5]    ; CLK1       ;
; N/A                                     ; None                                                ; 17.964 ns      ; 273:inst30|16                                                                                                          ; d1[6]    ; CLK1       ;
; N/A                                     ; None                                                ; 17.965 ns      ; 273:inst31|16                                                                                                          ; d1[7]    ; CLK1       ;
; N/A                                     ; None                                                ; 18.090 ns      ; 273:inst30|13                                                                                                          ; d1[1]    ; CLK1       ;
; N/A                                     ; None                                                ; 18.090 ns      ; 273:inst30|19                                                                                                          ; d1[0]    ; CLK1       ;
; N/A                                     ; None                                                ; 18.095 ns      ; 273:inst31|18                                                                                                          ; d1[6]    ; CLK1       ;
; N/A                                     ; None                                                ; 18.115 ns      ; 273:inst31|16                                                                                                          ; d1[4]    ; CLK1       ;
; N/A                                     ; None                                                ; 18.175 ns      ; 273:inst30|17                                                                                                          ; d1[7]    ; CLK1       ;
; N/A                                     ; None                                                ; 18.186 ns      ; 273:inst31|17                                                                                                          ; d1[7]    ; CLK1       ;
; N/A                                     ; None                                                ; 18.197 ns      ; lpm_rom0:control_memory|altsyncram:altsyncram_component|altsyncram_ecq:auto_generated|ram_block1a15~porta_address_reg5 ; M[11]    ; CLK1       ;
; N/A                                     ; None                                                ; 18.197 ns      ; lpm_rom0:control_memory|altsyncram:altsyncram_component|altsyncram_ecq:auto_generated|ram_block1a15~porta_address_reg4 ; M[11]    ; CLK1       ;
; N/A                                     ; None                                                ; 18.197 ns      ; lpm_rom0:control_memory|altsyncram:altsyncram_component|altsyncram_ecq:auto_generated|ram_block1a15~porta_address_reg3 ; M[11]    ; CLK1       ;
; N/A                                     ; None                                                ; 18.197 ns      ; lpm_rom0:control_memory|altsyncram:altsyncram_component|altsyncram_ecq:auto_generated|ram_block1a15~porta_address_reg2 ; M[11]    ; CLK1       ;
; N/A                                     ; None                                                ; 18.197 ns      ; lpm_rom0:control_memory|altsyncram:altsyncram_component|altsyncram_ecq:auto_generated|ram_block1a15~porta_address_reg1 ; M[11]    ; CLK1       ;
; N/A                                     ; None                                                ; 18.197 ns      ; lpm_rom0:control_memory|altsyncram:altsyncram_component|altsyncram_ecq:auto_generated|ram_block1a15~porta_address_reg0 ; M[11]    ; CLK1       ;
; N/A                                     ; None                                                ; 18.200 ns      ; lpm_rom0:control_memory|altsyncram:altsyncram_component|altsyncram_ecq:auto_generated|ram_block1a15~porta_address_reg5 ; M[12]    ; CLK1       ;
; N/A                                     ; None                                                ; 18.200 ns      ; lpm_rom0:control_memory|altsyncram:altsyncram_component|altsyncram_ecq:auto_generated|ram_block1a15~porta_address_reg4 ; M[12]    ; CLK1       ;
; N/A                                     ; None                                                ; 18.200 ns      ; lpm_rom0:control_memory|altsyncram:altsyncram_component|altsyncram_ecq:auto_generated|ram_block1a15~porta_address_reg3 ; M[12]    ; CLK1       ;
; N/A                                     ; None                                                ; 18.200 ns      ; lpm_rom0:control_memory|altsyncram:altsyncram_component|altsyncram_ecq:auto_generated|ram_block1a15~porta_address_reg2 ; M[12]    ; CLK1       ;
; N/A                                     ; None                                                ; 18.200 ns      ; lpm_rom0:control_memory|altsyncram:altsyncram_component|altsyncram_ecq:auto_generated|ram_block1a15~porta_address_reg1 ; M[12]    ; CLK1       ;
; N/A                                     ; None                                                ; 18.200 ns      ; lpm_rom0:control_memory|altsyncram:altsyncram_component|altsyncram_ecq:auto_generated|ram_block1a15~porta_address_reg0 ; M[12]    ; CLK1       ;
; N/A                                     ; None                                                ; 18.204 ns      ; lpm_rom0:control_memory|altsyncram:altsyncram_component|altsyncram_ecq:auto_generated|ram_block1a15~porta_address_reg5 ; M[4]     ; CLK1       ;
; N/A                                     ; None                                                ; 18.204 ns      ; lpm_rom0:control_memory|altsyncram:altsyncram_component|altsyncram_ecq:auto_generated|ram_block1a15~porta_address_reg4 ; M[4]     ; CLK1       ;
; N/A                                     ; None                                                ; 18.204 ns      ; lpm_rom0:control_memory|altsyncram:altsyncram_component|altsyncram_ecq:auto_generated|ram_block1a15~porta_address_reg3 ; M[4]     ; CLK1       ;
; N/A                                     ; None                                                ; 18.204 ns      ; lpm_rom0:control_memory|altsyncram:altsyncram_component|altsyncram_ecq:auto_generated|ram_block1a15~porta_address_reg2 ; M[4]     ; CLK1       ;
; N/A                                     ; None                                                ; 18.204 ns      ; lpm_rom0:control_memory|altsyncram:altsyncram_component|altsyncram_ecq:auto_generated|ram_block1a15~porta_address_reg1 ; M[4]     ; CLK1       ;
; N/A                                     ; None                                                ; 18.204 ns      ; lpm_rom0:control_memory|altsyncram:altsyncram_component|altsyncram_ecq:auto_generated|ram_block1a15~porta_address_reg0 ; M[4]     ; CLK1       ;
; N/A                                     ; None                                                ; 18.272 ns      ; 273:inst31|12                                                                                                          ; d1[0]    ; CLK1       ;
; N/A                                     ; None                                                ; 18.325 ns      ; 273:inst30|17                                                                                                          ; d1[4]    ; CLK1       ;
; N/A                                     ; None                                                ; 18.336 ns      ; 273:inst31|17                                                                                                          ; d1[4]    ; CLK1       ;
; N/A                                     ; None                                                ; 18.362 ns      ; 273:inst31|12                                                                                                          ; d1[3]    ; CLK1       ;
; N/A                                     ; None                                                ; 18.369 ns      ; 273:inst30|16                                                                                                          ; d1[7]    ; CLK1       ;
; N/A                                     ; None                                                ; 18.380 ns      ; lpm_rom0:control_memory|altsyncram:altsyncram_component|altsyncram_ecq:auto_generated|ram_block1a15~porta_address_reg5 ; M[6]     ; CLK1       ;
; N/A                                     ; None                                                ; 18.380 ns      ; lpm_rom0:control_memory|altsyncram:altsyncram_component|altsyncram_ecq:auto_generated|ram_block1a15~porta_address_reg4 ; M[6]     ; CLK1       ;
; N/A                                     ; None                                                ; 18.380 ns      ; lpm_rom0:control_memory|altsyncram:altsyncram_component|altsyncram_ecq:auto_generated|ram_block1a15~porta_address_reg3 ; M[6]     ; CLK1       ;
; N/A                                     ; None                                                ; 18.380 ns      ; lpm_rom0:control_memory|altsyncram:altsyncram_component|altsyncram_ecq:auto_generated|ram_block1a15~porta_address_reg2 ; M[6]     ; CLK1       ;
; N/A                                     ; None                                                ; 18.380 ns      ; lpm_rom0:control_memory|altsyncram:altsyncram_component|altsyncram_ecq:auto_generated|ram_block1a15~porta_address_reg1 ; M[6]     ; CLK1       ;
; N/A                                     ; None                                                ; 18.380 ns      ; lpm_rom0:control_memory|altsyncram:altsyncram_component|altsyncram_ecq:auto_generated|ram_block1a15~porta_address_reg0 ; M[6]     ; CLK1       ;
; N/A                                     ; None                                                ; 18.455 ns      ; lpm_rom0:control_memory|altsyncram:altsyncram_component|altsyncram_ecq:auto_generated|ram_block1a15~porta_address_reg5 ; M[18]    ; CLK1       ;
; N/A                                     ; None                                                ; 18.455 ns      ; lpm_rom0:control_memory|altsyncram:altsyncram_component|altsyncram_ecq:auto_generated|ram_block1a15~porta_address_reg4 ; M[18]    ; CLK1       ;
; N/A                                     ; None                                                ; 18.455 ns      ; lpm_rom0:control_memory|altsyncram:altsyncram_component|altsyncram_ecq:auto_generated|ram_block1a15~porta_address_reg3 ; M[18]    ; CLK1       ;
; N/A                                     ; None                                                ; 18.455 ns      ; lpm_rom0:control_memory|altsyncram:altsyncram_component|altsyncram_ecq:auto_generated|ram_block1a15~porta_address_reg2 ; M[18]    ; CLK1       ;
; N/A                                     ; None                                                ; 18.455 ns      ; lpm_rom0:control_memory|altsyncram:altsyncram_component|altsyncram_ecq:auto_generated|ram_block1a15~porta_address_reg1 ; M[18]    ; CLK1       ;
; N/A                                     ; None                                                ; 18.455 ns      ; lpm_rom0:control_memory|altsyncram:altsyncram_component|altsyncram_ecq:auto_generated|ram_block1a15~porta_address_reg0 ; M[18]    ; CLK1       ;
; N/A                                     ; None                                                ; 18.500 ns      ; 273:inst31|18                                                                                                          ; d1[7]    ; CLK1       ;
; N/A                                     ; None                                                ; 18.519 ns      ; 273:inst30|16                                                                                                          ; d1[4]    ; CLK1       ;
; N/A                                     ; None                                                ; 18.650 ns      ; lpm_rom0:control_memory|altsyncram:altsyncram_component|altsyncram_ecq:auto_generated|ram_block1a15~porta_address_reg5 ; M[20]    ; CLK1       ;
; N/A                                     ; None                                                ; 18.650 ns      ; lpm_rom0:control_memory|altsyncram:altsyncram_component|altsyncram_ecq:auto_generated|ram_block1a15~porta_address_reg4 ; M[20]    ; CLK1       ;
; N/A                                     ; None                                                ; 18.650 ns      ; lpm_rom0:control_memory|altsyncram:altsyncram_component|altsyncram_ecq:auto_generated|ram_block1a15~porta_address_reg3 ; M[20]    ; CLK1       ;
; N/A                                     ; None                                                ; 18.650 ns      ; lpm_rom0:control_memory|altsyncram:altsyncram_component|altsyncram_ecq:auto_generated|ram_block1a15~porta_address_reg2 ; M[20]    ; CLK1       ;
; N/A                                     ; None                                                ; 18.650 ns      ; lpm_rom0:control_memory|altsyncram:altsyncram_component|altsyncram_ecq:auto_generated|ram_block1a15~porta_address_reg1 ; M[20]    ; CLK1       ;
; N/A                                     ; None                                                ; 18.650 ns      ; lpm_rom0:control_memory|altsyncram:altsyncram_component|altsyncram_ecq:auto_generated|ram_block1a15~porta_address_reg0 ; M[20]    ; CLK1       ;
; N/A                                     ; None                                                ; 18.650 ns      ; 273:inst31|18                                                                                                          ; d1[4]    ; CLK1       ;
; N/A                                     ; None                                                ; 18.682 ns      ; 273:inst30|18                                                                                                          ; d1[5]    ; CLK1       ;
; N/A                                     ; None                                                ; 18.707 ns      ; lpm_rom0:control_memory|altsyncram:altsyncram_component|altsyncram_ecq:auto_generated|ram_block1a15~porta_address_reg5 ; M[3]     ; CLK1       ;
; N/A                                     ; None                                                ; 18.707 ns      ; lpm_rom0:control_memory|altsyncram:altsyncram_component|altsyncram_ecq:auto_generated|ram_block1a15~porta_address_reg4 ; M[3]     ; CLK1       ;
; N/A                                     ; None                                                ; 18.707 ns      ; lpm_rom0:control_memory|altsyncram:altsyncram_component|altsyncram_ecq:auto_generated|ram_block1a15~porta_address_reg3 ; M[3]     ; CLK1       ;
; N/A                                     ; None                                                ; 18.707 ns      ; lpm_rom0:control_memory|altsyncram:altsyncram_component|altsyncram_ecq:auto_generated|ram_block1a15~porta_address_reg2 ; M[3]     ; CLK1       ;
; N/A                                     ; None                                                ; 18.707 ns      ; lpm_rom0:control_memory|altsyncram:altsyncram_component|altsyncram_ecq:auto_generated|ram_block1a15~porta_address_reg1 ; M[3]     ; CLK1       ;
; N/A                                     ; None                                                ; 18.707 ns      ; lpm_rom0:control_memory|altsyncram:altsyncram_component|altsyncram_ecq:auto_generated|ram_block1a15~porta_address_reg0 ; M[3]     ; CLK1       ;
; N/A                                     ; None                                                ; 18.805 ns      ; 273:inst31|15                                                                                                          ; d1[1]    ; CLK1       ;
; N/A                                     ; None                                                ; 18.831 ns      ; lpm_rom0:control_memory|altsyncram:altsyncram_component|altsyncram_ecq:auto_generated|ram_block1a15~porta_address_reg5 ; M[2]     ; CLK1       ;
; N/A                                     ; None                                                ; 18.831 ns      ; lpm_rom0:control_memory|altsyncram:altsyncram_component|altsyncram_ecq:auto_generated|ram_block1a15~porta_address_reg4 ; M[2]     ; CLK1       ;
; N/A                                     ; None                                                ; 18.831 ns      ; lpm_rom0:control_memory|altsyncram:altsyncram_component|altsyncram_ecq:auto_generated|ram_block1a15~porta_address_reg3 ; M[2]     ; CLK1       ;
; N/A                                     ; None                                                ; 18.831 ns      ; lpm_rom0:control_memory|altsyncram:altsyncram_component|altsyncram_ecq:auto_generated|ram_block1a15~porta_address_reg2 ; M[2]     ; CLK1       ;
; N/A                                     ; None                                                ; 18.831 ns      ; lpm_rom0:control_memory|altsyncram:altsyncram_component|altsyncram_ecq:auto_generated|ram_block1a15~porta_address_reg1 ; M[2]     ; CLK1       ;
; N/A                                     ; None                                                ; 18.831 ns      ; lpm_rom0:control_memory|altsyncram:altsyncram_component|altsyncram_ecq:auto_generated|ram_block1a15~porta_address_reg0 ; M[2]     ; CLK1       ;
; N/A                                     ; None                                                ; 18.847 ns      ; lpm_rom0:control_memory|altsyncram:altsyncram_component|altsyncram_ecq:auto_generated|ram_block1a15~porta_address_reg5 ; M[5]     ; CLK1       ;
; N/A                                     ; None                                                ; 18.847 ns      ; lpm_rom0:control_memory|altsyncram:altsyncram_component|altsyncram_ecq:auto_generated|ram_block1a15~porta_address_reg4 ; M[5]     ; CLK1       ;
; N/A                                     ; None                                                ; 18.847 ns      ; lpm_rom0:control_memory|altsyncram:altsyncram_component|altsyncram_ecq:auto_generated|ram_block1a15~porta_address_reg3 ; M[5]     ; CLK1       ;
; N/A                                     ; None                                                ; 18.847 ns      ; lpm_rom0:control_memory|altsyncram:altsyncram_component|altsyncram_ecq:auto_generated|ram_block1a15~porta_address_reg2 ; M[5]     ; CLK1       ;
; N/A                                     ; None                                                ; 18.847 ns      ; lpm_rom0:control_memory|altsyncram:altsyncram_component|altsyncram_ecq:auto_generated|ram_block1a15~porta_address_reg1 ; M[5]     ; CLK1       ;
; N/A                                     ; None                                                ; 18.847 ns      ; lpm_rom0:control_memory|altsyncram:altsyncram_component|altsyncram_ecq:auto_generated|ram_block1a15~porta_address_reg0 ; M[5]     ; CLK1       ;
; N/A                                     ; None                                                ; 18.849 ns      ; lpm_rom0:control_memory|altsyncram:altsyncram_component|altsyncram_ecq:auto_generated|ram_block1a15~porta_address_reg5 ; M[14]    ; CLK1       ;
; N/A                                     ; None                                                ; 18.849 ns      ; lpm_rom0:control_memory|altsyncram:altsyncram_component|altsyncram_ecq:auto_generated|ram_block1a15~porta_address_reg4 ; M[14]    ; CLK1       ;
; N/A                                     ; None                                                ; 18.849 ns      ; lpm_rom0:control_memory|altsyncram:altsyncram_component|altsyncram_ecq:auto_generated|ram_block1a15~porta_address_reg3 ; M[14]    ; CLK1       ;
; N/A                                     ; None                                                ; 18.849 ns      ; lpm_rom0:control_memory|altsyncram:altsyncram_component|altsyncram_ecq:auto_generated|ram_block1a15~porta_address_reg2 ; M[14]    ; CLK1       ;
; N/A                                     ; None                                                ; 18.849 ns      ; lpm_rom0:control_memory|altsyncram:altsyncram_component|altsyncram_ecq:auto_generated|ram_block1a15~porta_address_reg1 ; M[14]    ; CLK1       ;
; N/A                                     ; None                                                ; 18.849 ns      ; lpm_rom0:control_memory|altsyncram:altsyncram_component|altsyncram_ecq:auto_generated|ram_block1a15~porta_address_reg0 ; M[14]    ; CLK1       ;
; N/A                                     ; None                                                ; 18.850 ns      ; 273:inst30|18                                                                                                          ; d1[6]    ; CLK1       ;
; N/A                                     ; None                                                ; 18.860 ns      ; 273:inst31|12                                                                                                          ; d1[2]    ; CLK1       ;
; N/A                                     ; None                                                ; 18.989 ns      ; 273:inst31|13                                                                                                          ; d1[0]    ; CLK1       ;
; N/A                                     ; None                                                ; 19.015 ns      ; lpm_rom0:control_memory|altsyncram:altsyncram_component|altsyncram_ecq:auto_generated|ram_block1a15~porta_address_reg5 ; M[7]     ; CLK1       ;
; N/A                                     ; None                                                ; 19.015 ns      ; lpm_rom0:control_memory|altsyncram:altsyncram_component|altsyncram_ecq:auto_generated|ram_block1a15~porta_address_reg4 ; M[7]     ; CLK1       ;
; N/A                                     ; None                                                ; 19.015 ns      ; lpm_rom0:control_memory|altsyncram:altsyncram_component|altsyncram_ecq:auto_generated|ram_block1a15~porta_address_reg3 ; M[7]     ; CLK1       ;
; N/A                                     ; None                                                ; 19.015 ns      ; lpm_rom0:control_memory|altsyncram:altsyncram_component|altsyncram_ecq:auto_generated|ram_block1a15~porta_address_reg2 ; M[7]     ; CLK1       ;
; N/A                                     ; None                                                ; 19.015 ns      ; lpm_rom0:control_memory|altsyncram:altsyncram_component|altsyncram_ecq:auto_generated|ram_block1a15~porta_address_reg1 ; M[7]     ; CLK1       ;
; N/A                                     ; None                                                ; 19.015 ns      ; lpm_rom0:control_memory|altsyncram:altsyncram_component|altsyncram_ecq:auto_generated|ram_block1a15~porta_address_reg0 ; M[7]     ; CLK1       ;
; N/A                                     ; None                                                ; 19.058 ns      ; lpm_rom0:control_memory|altsyncram:altsyncram_component|altsyncram_ecq:auto_generated|ram_block1a15~porta_address_reg5 ; M[10]    ; CLK1       ;
; N/A                                     ; None                                                ; 19.058 ns      ; lpm_rom0:control_memory|altsyncram:altsyncram_component|altsyncram_ecq:auto_generated|ram_block1a15~porta_address_reg4 ; M[10]    ; CLK1       ;
; N/A                                     ; None                                                ; 19.058 ns      ; lpm_rom0:control_memory|altsyncram:altsyncram_component|altsyncram_ecq:auto_generated|ram_block1a15~porta_address_reg3 ; M[10]    ; CLK1       ;
; N/A                                     ; None                                                ; 19.058 ns      ; lpm_rom0:control_memory|altsyncram:altsyncram_component|altsyncram_ecq:auto_generated|ram_block1a15~porta_address_reg2 ; M[10]    ; CLK1       ;
; N/A                                     ; None                                                ; 19.058 ns      ; lpm_rom0:control_memory|altsyncram:altsyncram_component|altsyncram_ecq:auto_generated|ram_block1a15~porta_address_reg1 ; M[10]    ; CLK1       ;
; N/A                                     ; None                                                ; 19.058 ns      ; lpm_rom0:control_memory|altsyncram:altsyncram_component|altsyncram_ecq:auto_generated|ram_block1a15~porta_address_reg0 ; M[10]    ; CLK1       ;
; N/A                                     ; None                                                ; 19.066 ns      ; lpm_rom0:control_memory|altsyncram:altsyncram_component|altsyncram_ecq:auto_generated|ram_block1a15~porta_address_reg5 ; M[21]    ; CLK1       ;
; N/A                                     ; None                                                ; 19.066 ns      ; lpm_rom0:control_memory|altsyncram:altsyncram_component|altsyncram_ecq:auto_generated|ram_block1a15~porta_address_reg4 ; M[21]    ; CLK1       ;
; N/A                                     ; None                                                ; 19.066 ns      ; lpm_rom0:control_memory|altsyncram:altsyncram_component|altsyncram_ecq:auto_generated|ram_block1a15~porta_address_reg3 ; M[21]    ; CLK1       ;
; N/A                                     ; None                                                ; 19.066 ns      ; lpm_rom0:control_memory|altsyncram:altsyncram_component|altsyncram_ecq:auto_generated|ram_block1a15~porta_address_reg2 ; M[21]    ; CLK1       ;
; N/A                                     ; None                                                ; 19.066 ns      ; lpm_rom0:control_memory|altsyncram:altsyncram_component|altsyncram_ecq:auto_generated|ram_block1a15~porta_address_reg1 ; M[21]    ; CLK1       ;
; N/A                                     ; None                                                ; 19.066 ns      ; lpm_rom0:control_memory|altsyncram:altsyncram_component|altsyncram_ecq:auto_generated|ram_block1a15~porta_address_reg0 ; M[21]    ; CLK1       ;
; N/A                                     ; None                                                ; 19.067 ns      ; lpm_rom0:control_memory|altsyncram:altsyncram_component|altsyncram_ecq:auto_generated|ram_block1a15~porta_address_reg5 ; M[24]    ; CLK1       ;
; N/A                                     ; None                                                ; 19.067 ns      ; lpm_rom0:control_memory|altsyncram:altsyncram_component|altsyncram_ecq:auto_generated|ram_block1a15~porta_address_reg4 ; M[24]    ; CLK1       ;
; N/A                                     ; None                                                ; 19.067 ns      ; lpm_rom0:control_memory|altsyncram:altsyncram_component|altsyncram_ecq:auto_generated|ram_block1a15~porta_address_reg3 ; M[24]    ; CLK1       ;
; N/A                                     ; None                                                ; 19.067 ns      ; lpm_rom0:control_memory|altsyncram:altsyncram_component|altsyncram_ecq:auto_generated|ram_block1a15~porta_address_reg2 ; M[24]    ; CLK1       ;
; N/A                                     ; None                                                ; 19.067 ns      ; lpm_rom0:control_memory|altsyncram:altsyncram_component|altsyncram_ecq:auto_generated|ram_block1a15~porta_address_reg1 ; M[24]    ; CLK1       ;
; N/A                                     ; None                                                ; 19.067 ns      ; lpm_rom0:control_memory|altsyncram:altsyncram_component|altsyncram_ecq:auto_generated|ram_block1a15~porta_address_reg0 ; M[24]    ; CLK1       ;
; N/A                                     ; None                                                ; 19.071 ns      ; lpm_rom0:control_memory|altsyncram:altsyncram_component|altsyncram_ecq:auto_generated|ram_block1a15~porta_address_reg5 ; M[15]    ; CLK1       ;
; N/A                                     ; None                                                ; 19.071 ns      ; lpm_rom0:control_memory|altsyncram:altsyncram_component|altsyncram_ecq:auto_generated|ram_block1a15~porta_address_reg4 ; M[15]    ; CLK1       ;
; N/A                                     ; None                                                ; 19.071 ns      ; lpm_rom0:control_memory|altsyncram:altsyncram_component|altsyncram_ecq:auto_generated|ram_block1a15~porta_address_reg3 ; M[15]    ; CLK1       ;
; N/A                                     ; None                                                ; 19.071 ns      ; lpm_rom0:control_memory|altsyncram:altsyncram_component|altsyncram_ecq:auto_generated|ram_block1a15~porta_address_reg2 ; M[15]    ; CLK1       ;
; N/A                                     ; None                                                ; 19.071 ns      ; lpm_rom0:control_memory|altsyncram:altsyncram_component|altsyncram_ecq:auto_generated|ram_block1a15~porta_address_reg1 ; M[15]    ; CLK1       ;
; N/A                                     ; None                                                ; 19.071 ns      ; lpm_rom0:control_memory|altsyncram:altsyncram_component|altsyncram_ecq:auto_generated|ram_block1a15~porta_address_reg0 ; M[15]    ; CLK1       ;
; N/A                                     ; None                                                ; 19.077 ns      ; lpm_rom0:control_memory|altsyncram:altsyncram_component|altsyncram_ecq:auto_generated|ram_block1a15~porta_address_reg5 ; M[23]    ; CLK1       ;
; N/A                                     ; None                                                ; 19.077 ns      ; lpm_rom0:control_memory|altsyncram:altsyncram_component|altsyncram_ecq:auto_generated|ram_block1a15~porta_address_reg4 ; M[23]    ; CLK1       ;
; N/A                                     ; None                                                ; 19.077 ns      ; lpm_rom0:control_memory|altsyncram:altsyncram_component|altsyncram_ecq:auto_generated|ram_block1a15~porta_address_reg3 ; M[23]    ; CLK1       ;
; N/A                                     ; None                                                ; 19.077 ns      ; lpm_rom0:control_memory|altsyncram:altsyncram_component|altsyncram_ecq:auto_generated|ram_block1a15~porta_address_reg2 ; M[23]    ; CLK1       ;
; N/A                                     ; None                                                ; 19.077 ns      ; lpm_rom0:control_memory|altsyncram:altsyncram_component|altsyncram_ecq:auto_generated|ram_block1a15~porta_address_reg1 ; M[23]    ; CLK1       ;
; N/A                                     ; None                                                ; 19.077 ns      ; lpm_rom0:control_memory|altsyncram:altsyncram_component|altsyncram_ecq:auto_generated|ram_block1a15~porta_address_reg0 ; M[23]    ; CLK1       ;
; N/A                                     ; None                                                ; 19.077 ns      ; 273:inst31|14                                                                                                          ; d1[1]    ; CLK1       ;
; N/A                                     ; None                                                ; 19.079 ns      ; 273:inst31|13                                                                                                          ; d1[3]    ; CLK1       ;
; N/A                                     ; None                                                ; 19.090 ns      ; 273:inst30|15                                                                                                          ; d1[1]    ; CLK1       ;
; N/A                                     ; None                                                ; 19.101 ns      ; 273:inst30|12                                                                                                          ; d1[0]    ; CLK1       ;
; N/A                                     ; None                                                ; 19.173 ns      ; lpm_rom0:control_memory|altsyncram:altsyncram_component|altsyncram_ecq:auto_generated|ram_block1a15~porta_address_reg5 ; M[19]    ; CLK1       ;
; Timing analysis restricted to 200 rows. ; To change the limit use Settings (Assignments menu) ;                ;                                                                                                                        ;          ;            ;
+-----------------------------------------+-----------------------------------------------------+----------------+------------------------------------------------------------------------------------------------------------------------+----------+------------+


+---------------------------------------------------------------------+
; Minimum tpd                                                         ;
+---------------+-------------------+-----------------+-------+-------+
; Minimum Slack ; Required P2P Time ; Actual P2P Time ; From  ; To    ;
+---------------+-------------------+-----------------+-------+-------+
; N/A           ; None              ; 8.414 ns        ; d0[6] ; in[6] ;
; N/A           ; None              ; 9.178 ns        ; d0[7] ; in[7] ;
; N/A           ; None              ; 9.335 ns        ; d0[5] ; in[5] ;
; N/A           ; None              ; 9.482 ns        ; d0[3] ; in[3] ;
; N/A           ; None              ; 9.850 ns        ; d0[1] ; in[1] ;
; N/A           ; None              ; 10.151 ns       ; d0[0] ; in[0] ;
; N/A           ; None              ; 10.291 ns       ; d0[4] ; in[4] ;
; N/A           ; None              ; 10.400 ns       ; d0[2] ; in[2] ;
+---------------+-------------------+-----------------+-------+-------+


+--------------------------+
; Timing Analyzer Messages ;
+--------------------------+
Info: *******************************************************************
Info: Running Quartus II Timing Analyzer
    Info: Version 4.1 Build 181 06/29/2004 SJ Full Version
    Info: Processing started: Fri Dec 29 04:50:23 2023
Info: Command: quartus_tan --import_settings_files=off --export_settings_files=off project -c project --timing_analysis_only
Info: Found combinational loop of 6 nodes
    Info: Node ALU2:inst7|74181:inst|78~15
    Info: Node ALU2:inst7|inst2~0
    Info: Node ALU2:inst7|74181:inst1|78~287
    Info: Node ALU2:inst7|74181:inst1|78~283
    Info: Node ALU2:inst7|74181:inst1|78~284
    Info: Node ALU2:inst7|74181:inst|74~100
Warning: Found pins functioning as undefined clocks and/or memory enables
    Info: Assuming node CLK1 is an undefined clock
Warning: Found 35 node(s) in clock paths which may be acting as ripple and/or gated clocks -- node(s) analyzed as buffer(s) resulting in clock skew
    Info: Detected gated clock reg_3:universal_register|inst~38 as buffer
    Info: Detected gated clock inst18 as buffer
    Info: Detected gated clock reg_3:universal_register|inst7~8 as buffer
    Info: Detected gated clock reg_3:universal_register|inst6~17 as buffer
    Info: Detected gated clock reg_3:universal_register|inst~39 as buffer
    Info: Detected ripple clock 273:IR|19 as buffer
    Info: Detected ripple clock 273:IR|18 as buffer
    Info: Detected gated clock inst17 as buffer
    Info: Detected gated clock reg_3:universal_register|inst~40 as buffer
    Info: Detected ripple clock 273:IR|17 as buffer
    Info: Detected ripple clock 273:IR|16 as buffer
    Info: Detected gated clock inst23~18 as buffer
    Info: Detected gated clock inst22 as buffer
    Info: Detected gated clock inst16 as buffer
    Info: Detected gated clock inst15 as buffer
    Info: Detected ripple clock t4:inst12|inst4 as buffer
    Info: Detected ripple clock lpm_rom0:control_memory|altsyncram:altsyncram_component|altsyncram_ecq:auto_generated|ram_block1a15~porta_address_reg5 as buffer
    Info: Detected ripple clock lpm_rom0:control_memory|altsyncram:altsyncram_component|altsyncram_ecq:auto_generated|ram_block1a15~porta_address_reg4 as buffer
    Info: Detected ripple clock lpm_rom0:control_memory|altsyncram:altsyncram_component|altsyncram_ecq:auto_generated|ram_block1a15~porta_address_reg3 as buffer
    Info: Detected ripple clock lpm_rom0:control_memory|altsyncram:altsyncram_component|altsyncram_ecq:auto_generated|ram_block1a15~porta_address_reg2 as buffer
    Info: Detected gated clock t4:inst12|inst13 as buffer
    Info: Detected ripple clock t4:inst12|inst2 as buffer
    Info: Detected ripple clock t4:inst12|inst3 as buffer
    Info: Detected ripple clock t4:inst12|inst1 as buffer
    Info: Detected ripple clock lpm_rom0:control_memory|altsyncram:altsyncram_component|altsyncram_ecq:auto_generated|ram_block1a15~porta_address_reg1 as buffer
    Info: Detected ripple clock t4:inst12|inst as buffer
    Info: Detected ripple clock lpm_rom0:control_memory|altsyncram:altsyncram_component|altsyncram_ecq:auto_generated|ram_block1a15~porta_address_reg0 as buffer
    Info: Detected gated clock lpm_rom0:control_memory|altsyncram:altsyncram_component|altsyncram_ecq:auto_generated|q_a[16] as buffer
    Info: Detected gated clock lpm_rom0:control_memory|altsyncram:altsyncram_component|altsyncram_ecq:auto_generated|q_a[14] as buffer
    Info: Detected gated clock lpm_rom0:control_memory|altsyncram:altsyncram_component|altsyncram_ecq:auto_generated|q_a[13] as buffer
    Info: Detected gated clock lpm_rom0:control_memory|altsyncram:altsyncram_component|altsyncram_ecq:auto_generated|q_a[12] as buffer
    Info: Detected gated clock lpm_rom0:control_memory|altsyncram:altsyncram_component|altsyncram_ecq:auto_generated|q_a[8] as buffer
    Info: Detected gated clock lpm_rom0:control_memory|altsyncram:altsyncram_component|altsyncram_ecq:auto_generated|q_a[7] as buffer
    Info: Detected gated clock lpm_rom0:control_memory|altsyncram:altsyncram_component|altsyncram_ecq:auto_generated|q_a[6] as buffer
    Info: Detected gated clock lpm_rom0:control_memory|altsyncram:altsyncram_component|altsyncram_ecq:auto_generated|q_a[15] as buffer
Info: Clock CLK1 has Internal fmax of 39.35 MHz between source register 273:inst30|14 and destination memory lpm_ram_dq0:InstructionsRAM|altsyncram:altsyncram_component|altsyncram_dru:auto_generated|ram_block1a7~porta_datain_reg1 (period= 25.41 ns)
    Info: + Longest register to memory delay is 11.099 ns
        Info: 1: + IC(0.000 ns) + CELL(0.000 ns) = 0.000 ns; Loc. = LC_X33_Y21_N6; Fanout = 2; REG Node = '273:inst30|14'
        Info: 2: + IC(0.390 ns) + CELL(0.075 ns) = 0.465 ns; Loc. = LC_X33_Y21_N4; Fanout = 4; COMB Node = 'ALU2:inst7|74181:inst|47~51'
        Info: 3: + IC(0.811 ns) + CELL(0.075 ns) = 1.351 ns; Loc. = LC_X33_Y21_N9; Fanout = 7; COMB Node = 'ALU2:inst7|74181:inst|74~98'
        Info: 4: + IC(0.000 ns) + CELL(6.594 ns) = 7.945 ns; Loc. = LC_X33_Y21_N5; Fanout = 4; COMB LOOP Node = 'ALU2:inst7|74181:inst1|78~284'
            Info: Loc. = LC_X36_Y23_N4; Node ALU2:inst7|74181:inst1|78~287
            Info: Loc. = LC_X34_Y23_N5; Node ALU2:inst7|inst2~0
            Info: Loc. = LC_X39_Y23_N7; Node ALU2:inst7|74181:inst1|78~283
            Info: Loc. = LC_X33_Y21_N5; Node ALU2:inst7|74181:inst1|78~284
            Info: Loc. = LC_X34_Y21_N6; Node ALU2:inst7|74181:inst|74~100
            Info: Loc. = LC_X35_Y21_N1; Node ALU2:inst7|74181:inst|78~15
        Info: 5: + IC(0.507 ns) + CELL(0.075 ns) = 8.527 ns; Loc. = LC_X33_Y21_N7; Fanout = 1; COMB Node = 'ALU2:inst7|74181:inst|74~5'
        Info: 6: + IC(0.329 ns) + CELL(0.183 ns) = 9.039 ns; Loc. = LC_X33_Y21_N0; Fanout = 3; COMB Node = 'ALU2:inst7|74181:inst|82'
        Info: 7: + IC(0.134 ns) + CELL(0.075 ns) = 9.248 ns; Loc. = LC_X33_Y21_N1; Fanout = 2; COMB Node = 'lpm_mux0:inst39|lpm_mux:lpm_mux_component|mux_jgc:auto_generated|w_result452w~171'
        Info: 8: + IC(0.494 ns) + CELL(0.075 ns) = 9.817 ns; Loc. = LC_X34_Y21_N4; Fanout = 9; COMB Node = '273:address_reg|13~COMBOUT'
        Info: 9: + IC(1.039 ns) + CELL(0.243 ns) = 11.099 ns; Loc. = M4K_X37_Y21; Fanout = 1; MEM Node = 'lpm_ram_dq0:InstructionsRAM|altsyncram:altsyncram_component|altsyncram_dru:auto_generated|ram_block1a7~porta_datain_reg1'
        Info: Total cell delay = 7.395 ns ( 66.63 % )
        Info: Total interconnect delay = 3.704 ns ( 33.37 % )
    Info: - Smallest clock skew is -14.024 ns
        Info: + Shortest clock path from clock CLK1 to destination memory is 10.053 ns
            Info: 1: + IC(0.000 ns) + CELL(1.087 ns) = 1.087 ns; Loc. = PIN_G9; Fanout = 1; CLK Node = 'CLK1'
            Info: 2: + IC(1.356 ns) + CELL(0.075 ns) = 2.518 ns; Loc. = LC_X31_Y20_N5; Fanout = 5; COMB Node = 't4:inst12|inst13'
            Info: 3: + IC(3.557 ns) + CELL(0.698 ns) = 6.773 ns; Loc. = LC_X8_Y17_N2; Fanout = 33; REG Node = 't4:inst12|inst1'
            Info: 4: + IC(2.768 ns) + CELL(0.512 ns) = 10.053 ns; Loc. = M4K_X37_Y21; Fanout = 1; MEM Node = 'lpm_ram_dq0:InstructionsRAM|altsyncram:altsyncram_component|altsyncram_dru:auto_generated|ram_block1a7~porta_datain_reg1'
            Info: Total cell delay = 2.372 ns ( 23.59 % )
            Info: Total interconnect delay = 7.681 ns ( 76.41 % )
        Info: - Longest clock path from clock CLK1 to source register is 24.077 ns
            Info: 1: + IC(0.000 ns) + CELL(1.087 ns) = 1.087 ns; Loc. = PIN_G9; Fanout = 1; CLK Node = 'CLK1'
            Info: 2: + IC(1.356 ns) + CELL(0.075 ns) = 2.518 ns; Loc. = LC_X31_Y20_N5; Fanout = 5; COMB Node = 't4:inst12|inst13'
            Info: 3: + IC(3.404 ns) + CELL(0.698 ns) = 6.620 ns; Loc. = LC_X31_Y20_N5; Fanout = 1; REG Node = 't4:inst12|inst4'
            Info: 4: + IC(0.000 ns) + CELL(0.230 ns) = 6.850 ns; Loc. = LC_X31_Y20_N5; Fanout = 5; COMB Node = 't4:inst12|inst13'
            Info: 5: + IC(3.404 ns) + CELL(0.698 ns) = 10.952 ns; Loc. = LC_X31_Y20_N2; Fanout = 8; REG Node = 't4:inst12|inst'
            Info: 6: + IC(3.542 ns) + CELL(0.932 ns) = 15.426 ns; Loc. = M4K_X37_Y20; Fanout = 24; MEM Node = 'lpm_rom0:control_memory|altsyncram:altsyncram_component|altsyncram_ecq:auto_generated|ram_block1a15~porta_address_reg0'
            Info: 7: + IC(0.000 ns) + CELL(3.069 ns) = 18.495 ns; Loc. = M4K_X37_Y20; Fanout = 9; MEM Node = 'lpm_rom0:control_memory|altsyncram:altsyncram_component|altsyncram_ecq:auto_generated|q_a[12]'
            Info: 8: + IC(0.967 ns) + CELL(0.366 ns) = 19.828 ns; Loc. = LC_X32_Y20_N6; Fanout = 8; COMB Node = 'inst16'
            Info: 9: + IC(3.707 ns) + CELL(0.542 ns) = 24.077 ns; Loc. = LC_X33_Y21_N6; Fanout = 2; REG Node = '273:inst30|14'
            Info: Total cell delay = 7.697 ns ( 31.97 % )
            Info: Total interconnect delay = 16.380 ns ( 68.03 % )
    Info: + Micro clock to output delay of source is 0.156 ns
    Info: + Micro setup delay of destination is 0.131 ns
Warning: Circuit may not operate. Detected 201 non-operational path(s) clocked by clock CLK1 with clock skew larger than data delay. See Compilation Report for details.
Info: Found hold time violation between source  pin or register lpm_ram_dq0:InstructionsRAM|altsyncram:altsyncram_component|altsyncram_dru:auto_generated|ram_block1a7~porta_address_reg7 and destination pin or register 273:inst31|13 for clock CLK1 (Hold time is 6.203 ns)
    Info: + Largest clock skew is 13.938 ns
        Info: + Longest clock path from clock CLK1 to destination register is 23.991 ns
            Info: 1: + IC(0.000 ns) + CELL(1.087 ns) = 1.087 ns; Loc. = PIN_G9; Fanout = 1; CLK Node = 'CLK1'
            Info: 2: + IC(1.356 ns) + CELL(0.075 ns) = 2.518 ns; Loc. = LC_X31_Y20_N5; Fanout = 5; COMB Node = 't4:inst12|inst13'
            Info: 3: + IC(3.404 ns) + CELL(0.698 ns) = 6.620 ns; Loc. = LC_X31_Y20_N5; Fanout = 1; REG Node = 't4:inst12|inst4'
            Info: 4: + IC(0.000 ns) + CELL(0.230 ns) = 6.850 ns; Loc. = LC_X31_Y20_N5; Fanout = 5; COMB Node = 't4:inst12|inst13'
            Info: 5: + IC(3.404 ns) + CELL(0.698 ns) = 10.952 ns; Loc. = LC_X31_Y20_N2; Fanout = 8; REG Node = 't4:inst12|inst'
            Info: 6: + IC(3.542 ns) + CELL(0.932 ns) = 15.426 ns; Loc. = M4K_X37_Y20; Fanout = 24; MEM Node = 'lpm_rom0:control_memory|altsyncram:altsyncram_component|altsyncram_ecq:auto_generated|ram_block1a15~porta_address_reg0'
            Info: 7: + IC(0.000 ns) + CELL(3.069 ns) = 18.495 ns; Loc. = M4K_X37_Y20; Fanout = 9; MEM Node = 'lpm_rom0:control_memory|altsyncram:altsyncram_component|altsyncram_ecq:auto_generated|q_a[12]'
            Info: 8: + IC(0.968 ns) + CELL(0.366 ns) = 19.829 ns; Loc. = LC_X32_Y20_N5; Fanout = 8; COMB Node = 'inst15'
            Info: 9: + IC(3.620 ns) + CELL(0.542 ns) = 23.991 ns; Loc. = LC_X35_Y21_N2; Fanout = 2; REG Node = '273:inst31|13'
            Info: Total cell delay = 7.697 ns ( 32.08 % )
            Info: Total interconnect delay = 16.294 ns ( 67.92 % )
        Info: - Shortest clock path from clock CLK1 to source memory is 10.053 ns
            Info: 1: + IC(0.000 ns) + CELL(1.087 ns) = 1.087 ns; Loc. = PIN_G9; Fanout = 1; CLK Node = 'CLK1'
            Info: 2: + IC(1.356 ns) + CELL(0.075 ns) = 2.518 ns; Loc. = LC_X31_Y20_N5; Fanout = 5; COMB Node = 't4:inst12|inst13'
            Info: 3: + IC(3.557 ns) + CELL(0.698 ns) = 6.773 ns; Loc. = LC_X8_Y17_N2; Fanout = 33; REG Node = 't4:inst12|inst1'
            Info: 4: + IC(2.768 ns) + CELL(0.512 ns) = 10.053 ns; Loc. = M4K_X37_Y21; Fanout = 8; MEM Node = 'lpm_ram_dq0:InstructionsRAM|altsyncram:altsyncram_component|altsyncram_dru:auto_generated|ram_block1a7~porta_address_reg7'
            Info: Total cell delay = 2.372 ns ( 23.59 % )
            Info: Total interconnect delay = 7.681 ns ( 76.41 % )
    Info: - Micro clock to output delay of source is 0.420 ns
    Info: - Shortest memory to register delay is 7.415 ns
        Info: 1: + IC(0.000 ns) + CELL(0.000 ns) = 0.000 ns; Loc. = M4K_X37_Y21; Fanout = 8; MEM Node = 'lpm_ram_dq0:InstructionsRAM|altsyncram:altsyncram_component|altsyncram_dru:auto_generated|ram_block1a7~porta_address_reg7'
        Info: 2: + IC(0.000 ns) + CELL(3.069 ns) = 3.069 ns; Loc. = M4K_X37_Y21; Fanout = 1; MEM Node = 'lpm_ram_dq0:InstructionsRAM|altsyncram:altsyncram_component|altsyncram_dru:auto_generated|q_a[6]'
        Info: 3: + IC(1.178 ns) + CELL(0.183 ns) = 4.430 ns; Loc. = LC_X33_Y23_N7; Fanout = 1; COMB Node = 'lpm_mux0:inst39|lpm_mux:lpm_mux_component|mux_jgc:auto_generated|w_result453w~212'
        Info: 4: + IC(1.014 ns) + CELL(0.366 ns) = 5.810 ns; Loc. = LC_X33_Y21_N1; Fanout = 2; COMB Node = 'lpm_mux0:inst39|lpm_mux:lpm_mux_component|mux_jgc:auto_generated|w_result452w~171'
        Info: 5: + IC(0.494 ns) + CELL(0.075 ns) = 6.379 ns; Loc. = LC_X34_Y21_N4; Fanout = 9; COMB Node = '273:address_reg|13~COMBOUT'
        Info: 6: + IC(0.951 ns) + CELL(0.085 ns) = 7.415 ns; Loc. = LC_X35_Y21_N2; Fanout = 2; REG Node = '273:inst31|13'
        Info: Total cell delay = 3.778 ns ( 50.95 % )
        Info: Total interconnect delay = 3.637 ns ( 49.05 % )
    Info: + Micro hold delay of destination is 0.100 ns
Info: tsu for memory lpm_ram_dq0:InstructionsRAM|altsyncram:altsyncram_component|altsyncram_dru:auto_generated|ram_block1a7~porta_datain_reg6 (data pin = d0[0], clock pin = CLK1) is -0.501 ns
    Info: + Longest pin to memory delay is 9.421 ns
        Info: 1: + IC(0.000 ns) + CELL(1.234 ns) = 1.234 ns; Loc. = PIN_J6; Fanout = 3; PIN Node = 'd0[0]'
        Info: 2: + IC(4.368 ns) + CELL(0.366 ns) = 5.968 ns; Loc. = LC_X36_Y22_N0; Fanout = 1; COMB Node = 'lpm_mux0:inst39|lpm_mux:lpm_mux_component|mux_jgc:auto_generated|w_result37w~165'
        Info: 3: + IC(1.234 ns) + CELL(0.280 ns) = 7.482 ns; Loc. = LC_X34_Y23_N1; Fanout = 2; COMB Node = 'lpm_mux0:inst39|lpm_mux:lpm_mux_component|mux_jgc:auto_generated|w_result36w~168'
        Info: 4: + IC(0.134 ns) + CELL(0.075 ns) = 7.691 ns; Loc. = LC_X34_Y23_N2; Fanout = 9; COMB Node = '273:address_reg|19~COMBOUT'
        Info: 5: + IC(1.487 ns) + CELL(0.243 ns) = 9.421 ns; Loc. = M4K_X37_Y21; Fanout = 1; MEM Node = 'lpm_ram_dq0:InstructionsRAM|altsyncram:altsyncram_component|altsyncram_dru:auto_generated|ram_block1a7~porta_datain_reg6'
        Info: Total cell delay = 2.198 ns ( 23.33 % )
        Info: Total interconnect delay = 7.223 ns ( 76.67 % )
    Info: + Micro setup delay of destination is 0.131 ns
    Info: - Shortest clock path from clock CLK1 to destination memory is 10.053 ns
        Info: 1: + IC(0.000 ns) + CELL(1.087 ns) = 1.087 ns; Loc. = PIN_G9; Fanout = 1; CLK Node = 'CLK1'
        Info: 2: + IC(1.356 ns) + CELL(0.075 ns) = 2.518 ns; Loc. = LC_X31_Y20_N5; Fanout = 5; COMB Node = 't4:inst12|inst13'
        Info: 3: + IC(3.557 ns) + CELL(0.698 ns) = 6.773 ns; Loc. = LC_X8_Y17_N2; Fanout = 33; REG Node = 't4:inst12|inst1'
        Info: 4: + IC(2.768 ns) + CELL(0.512 ns) = 10.053 ns; Loc. = M4K_X37_Y21; Fanout = 1; MEM Node = 'lpm_ram_dq0:InstructionsRAM|altsyncram:altsyncram_component|altsyncram_dru:auto_generated|ram_block1a7~porta_datain_reg6'
        Info: Total cell delay = 2.372 ns ( 23.59 % )
        Info: Total interconnect delay = 7.681 ns ( 76.41 % )
Info: tco from clock CLK1 to destination pin d1[4] through register 273:inst30|14 is 37.672 ns
    Info: + Longest clock path from clock CLK1 to source register is 24.077 ns
        Info: 1: + IC(0.000 ns) + CELL(1.087 ns) = 1.087 ns; Loc. = PIN_G9; Fanout = 1; CLK Node = 'CLK1'
        Info: 2: + IC(1.356 ns) + CELL(0.075 ns) = 2.518 ns; Loc. = LC_X31_Y20_N5; Fanout = 5; COMB Node = 't4:inst12|inst13'
        Info: 3: + IC(3.404 ns) + CELL(0.698 ns) = 6.620 ns; Loc. = LC_X31_Y20_N5; Fanout = 1; REG Node = 't4:inst12|inst4'
        Info: 4: + IC(0.000 ns) + CELL(0.230 ns) = 6.850 ns; Loc. = LC_X31_Y20_N5; Fanout = 5; COMB Node = 't4:inst12|inst13'
        Info: 5: + IC(3.404 ns) + CELL(0.698 ns) = 10.952 ns; Loc. = LC_X31_Y20_N2; Fanout = 8; REG Node = 't4:inst12|inst'
        Info: 6: + IC(3.542 ns) + CELL(0.932 ns) = 15.426 ns; Loc. = M4K_X37_Y20; Fanout = 24; MEM Node = 'lpm_rom0:control_memory|altsyncram:altsyncram_component|altsyncram_ecq:auto_generated|ram_block1a15~porta_address_reg0'
        Info: 7: + IC(0.000 ns) + CELL(3.069 ns) = 18.495 ns; Loc. = M4K_X37_Y20; Fanout = 9; MEM Node = 'lpm_rom0:control_memory|altsyncram:altsyncram_component|altsyncram_ecq:auto_generated|q_a[12]'
        Info: 8: + IC(0.967 ns) + CELL(0.366 ns) = 19.828 ns; Loc. = LC_X32_Y20_N6; Fanout = 8; COMB Node = 'inst16'
        Info: 9: + IC(3.707 ns) + CELL(0.542 ns) = 24.077 ns; Loc. = LC_X33_Y21_N6; Fanout = 2; REG Node = '273:inst30|14'
        Info: Total cell delay = 7.697 ns ( 31.97 % )
        Info: Total interconnect delay = 16.380 ns ( 68.03 % )
    Info: + Micro clock to output delay of source is 0.156 ns
    Info: + Longest register to pin delay is 13.439 ns
        Info: 1: + IC(0.000 ns) + CELL(0.000 ns) = 0.000 ns; Loc. = LC_X33_Y21_N6; Fanout = 2; REG Node = '273:inst30|14'
        Info: 2: + IC(0.390 ns) + CELL(0.075 ns) = 0.465 ns; Loc. = LC_X33_Y21_N4; Fanout = 4; COMB Node = 'ALU2:inst7|74181:inst|47~51'
        Info: 3: + IC(0.811 ns) + CELL(0.075 ns) = 1.351 ns; Loc. = LC_X33_Y21_N9; Fanout = 7; COMB Node = 'ALU2:inst7|74181:inst|74~98'
        Info: 4: + IC(0.000 ns) + CELL(6.594 ns) = 7.945 ns; Loc. = LC_X33_Y21_N5; Fanout = 4; COMB LOOP Node = 'ALU2:inst7|74181:inst1|78~284'
            Info: Loc. = LC_X36_Y23_N4; Node ALU2:inst7|74181:inst1|78~287
            Info: Loc. = LC_X34_Y23_N5; Node ALU2:inst7|inst2~0
            Info: Loc. = LC_X39_Y23_N7; Node ALU2:inst7|74181:inst1|78~283
            Info: Loc. = LC_X33_Y21_N5; Node ALU2:inst7|74181:inst1|78~284
            Info: Loc. = LC_X34_Y21_N6; Node ALU2:inst7|74181:inst|74~100
            Info: Loc. = LC_X35_Y21_N1; Node ALU2:inst7|74181:inst|78~15
        Info: 5: + IC(0.804 ns) + CELL(0.075 ns) = 8.824 ns; Loc. = LC_X36_Y21_N5; Fanout = 3; COMB Node = 'ALU2:inst7|74181:inst|80'
        Info: 6: + IC(2.211 ns) + CELL(2.404 ns) = 13.439 ns; Loc. = PIN_P8; Fanout = 0; PIN Node = 'd1[4]'
        Info: Total cell delay = 9.223 ns ( 68.63 % )
        Info: Total interconnect delay = 4.216 ns ( 31.37 % )
Info: Longest tpd from source pin d0[2] to destination pin in[2] is 10.404 ns
    Info: 1: + IC(0.000 ns) + CELL(0.972 ns) = 0.972 ns; Loc. = PIN_B11; Fanout = 3; PIN Node = 'd0[2]'
    Info: 2: + IC(4.490 ns) + CELL(0.341 ns) = 5.803 ns; Loc. = LC_X36_Y22_N3; Fanout = 1; COMB Node = 'inst36[2]~COUT1'
    Info: 3: + IC(0.000 ns) + CELL(0.365 ns) = 6.168 ns; Loc. = LC_X36_Y22_N4; Fanout = 1; COMB Node = 'inst36[2]~41'
    Info: 4: + IC(1.832 ns) + CELL(2.404 ns) = 10.404 ns; Loc. = PIN_A7; Fanout = 0; PIN Node = 'in[2]'
    Info: Total cell delay = 4.082 ns ( 39.23 % )
    Info: Total interconnect delay = 6.322 ns ( 60.77 % )
Info: th for register reg_3:universal_register|273:reg0|15 (data pin = d0[4], clock pin = CLK1) is 21.755 ns
    Info: + Longest clock path from clock CLK1 to destination register is 29.212 ns
        Info: 1: + IC(0.000 ns) + CELL(1.087 ns) = 1.087 ns; Loc. = PIN_G9; Fanout = 1; CLK Node = 'CLK1'
        Info: 2: + IC(1.356 ns) + CELL(0.075 ns) = 2.518 ns; Loc. = LC_X31_Y20_N5; Fanout = 5; COMB Node = 't4:inst12|inst13'
        Info: 3: + IC(3.404 ns) + CELL(0.698 ns) = 6.620 ns; Loc. = LC_X31_Y20_N5; Fanout = 1; REG Node = 't4:inst12|inst4'
        Info: 4: + IC(0.000 ns) + CELL(0.230 ns) = 6.850 ns; Loc. = LC_X31_Y20_N5; Fanout = 5; COMB Node = 't4:inst12|inst13'
        Info: 5: + IC(3.404 ns) + CELL(0.698 ns) = 10.952 ns; Loc. = LC_X31_Y20_N2; Fanout = 8; REG Node = 't4:inst12|inst'
        Info: 6: + IC(3.542 ns) + CELL(0.932 ns) = 15.426 ns; Loc. = M4K_X37_Y20; Fanout = 24; MEM Node = 'lpm_rom0:control_memory|altsyncram:altsyncram_component|altsyncram_ecq:auto_generated|ram_block1a15~porta_address_reg0'
        Info: 7: + IC(0.000 ns) + CELL(3.069 ns) = 18.495 ns; Loc. = M4K_X37_Y20; Fanout = 9; MEM Node = 'lpm_rom0:control_memory|altsyncram:altsyncram_component|altsyncram_ecq:auto_generated|q_a[12]'
        Info: 8: + IC(0.967 ns) + CELL(0.366 ns) = 19.828 ns; Loc. = LC_X32_Y20_N7; Fanout = 8; COMB Node = 'inst23~18'
        Info: 9: + IC(3.494 ns) + CELL(0.698 ns) = 24.020 ns; Loc. = LC_X32_Y20_N3; Fanout = 3; REG Node = '273:IR|16'
        Info: 10: + IC(0.000 ns) + CELL(0.230 ns) = 24.250 ns; Loc. = LC_X32_Y20_N3; Fanout = 1; COMB Node = 'reg_3:universal_register|inst~38'
        Info: 11: + IC(0.134 ns) + CELL(0.075 ns) = 24.459 ns; Loc. = LC_X32_Y20_N4; Fanout = 3; COMB Node = 'reg_3:universal_register|inst~39'
        Info: 12: + IC(0.523 ns) + CELL(0.075 ns) = 25.057 ns; Loc. = LC_X33_Y20_N6; Fanout = 8; COMB Node = 'reg_3:universal_register|inst7~8'
        Info: 13: + IC(3.613 ns) + CELL(0.542 ns) = 29.212 ns; Loc. = LC_X32_Y23_N7; Fanout = 1; REG Node = 'reg_3:universal_register|273:reg0|15'
        Info: Total cell delay = 8.775 ns ( 30.04 % )
        Info: Total interconnect delay = 20.437 ns ( 69.96 % )
    Info: + Micro hold delay of destination is 0.100 ns
    Info: - Shortest pin to register delay is 7.557 ns
        Info: 1: + IC(0.000 ns) + CELL(1.234 ns) = 1.234 ns; Loc. = PIN_H2; Fanout = 3; PIN Node = 'd0[4]'
        Info: 2: + IC(3.966 ns) + CELL(0.183 ns) = 5.383 ns; Loc. = LC_X36_Y21_N3; Fanout = 1; COMB Node = 'lpm_mux0:inst39|lpm_mux:lpm_mux_component|mux_jgc:auto_generated|w_result315w~130'
        Info: 3: + IC(0.333 ns) + CELL(0.183 ns) = 5.899 ns; Loc. = LC_X36_Y21_N6; Fanout = 2; COMB Node = 'lpm_mux0:inst39|lpm_mux:lpm_mux_component|mux_jgc:auto_generated|w_result314w~163'
        Info: 4: + IC(0.134 ns) + CELL(0.075 ns) = 6.108 ns; Loc. = LC_X36_Y21_N7; Fanout = 9; COMB Node = '273:address_reg|15~COMBOUT'
        Info: 5: + IC(1.364 ns) + CELL(0.085 ns) = 7.557 ns; Loc. = LC_X32_Y23_N7; Fanout = 1; REG Node = 'reg_3:universal_register|273:reg0|15'
        Info: Total cell delay = 1.760 ns ( 23.29 % )
        Info: Total interconnect delay = 5.797 ns ( 76.71 % )
Info: Minimum tco from clock CLK1 to destination pin uaddr[6] through register se6_1:microaddress_register|inst45 is 14.097 ns
    Info: + Shortest clock path from clock CLK1 to source register is 10.067 ns
        Info: 1: + IC(0.000 ns) + CELL(1.087 ns) = 1.087 ns; Loc. = PIN_G9; Fanout = 1; CLK Node = 'CLK1'
        Info: 2: + IC(1.356 ns) + CELL(0.075 ns) = 2.518 ns; Loc. = LC_X31_Y20_N5; Fanout = 5; COMB Node = 't4:inst12|inst13'
        Info: 3: + IC(3.557 ns) + CELL(0.698 ns) = 6.773 ns; Loc. = LC_X8_Y17_N2; Fanout = 33; REG Node = 't4:inst12|inst1'
        Info: 4: + IC(2.752 ns) + CELL(0.542 ns) = 10.067 ns; Loc. = LC_X40_Y20_N2; Fanout = 2; REG Node = 'se6_1:microaddress_register|inst45'
        Info: Total cell delay = 2.402 ns ( 23.86 % )
        Info: Total interconnect delay = 7.665 ns ( 76.14 % )
    Info: + Micro clock to output delay of source is 0.156 ns
    Info: + Shortest register to pin delay is 3.874 ns
        Info: 1: + IC(0.000 ns) + CELL(0.000 ns) = 0.000 ns; Loc. = LC_X40_Y20_N2; Fanout = 2; REG Node = 'se6_1:microaddress_register|inst45'
        Info: 2: + IC(1.470 ns) + CELL(2.404 ns) = 3.874 ns; Loc. = PIN_D7; Fanout = 0; PIN Node = 'uaddr[6]'
        Info: Total cell delay = 2.404 ns ( 62.05 % )
        Info: Total interconnect delay = 1.470 ns ( 37.95 % )
Info: Shortest tpd from source pin d0[6] to destination pin in[6] is 8.414 ns
    Info: 1: + IC(0.000 ns) + CELL(1.234 ns) = 1.234 ns; Loc. = PIN_K17; Fanout = 3; PIN Node = 'd0[6]'
    Info: 2: + IC(3.183 ns) + CELL(0.344 ns) = 4.761 ns; Loc. = LC_X1_Y23_N1; Fanout = 1; COMB Node = 'inst36[6]~COUT0'
    Info: 3: + IC(0.000 ns) + CELL(0.358 ns) = 5.119 ns; Loc. = LC_X1_Y23_N2; Fanout = 1; COMB Node = 'inst36[6]~17'
    Info: 4: + IC(0.919 ns) + CELL(2.376 ns) = 8.414 ns; Loc. = PIN_F21; Fanout = 0; PIN Node = 'in[6]'
    Info: Total cell delay = 4.312 ns ( 51.25 % )
    Info: Total interconnect delay = 4.102 ns ( 48.75 % )
Info: Quartus II Timing Analyzer was successful. 0 errors, 3 warnings
    Info: Processing ended: Fri Dec 29 04:50:23 2023
    Info: Elapsed time: 00:00:00


