Timing Analyzer report for shixi
Fri Dec 29 05:21:18 2023
Version 4.1 Build 181 06/29/2004 SJ Full Version


---------------------
; Table of Contents ;
---------------------
  1. Legal Notice
  2. Timing Analyzer Settings
  3. Timing Analyzer Summary
  4. Clock Settings Summary
  5. Clock Setup: 'CLK1'
  6. Clock Hold: 'CLK1'
  7. tsu
  8. tco
  9. th
 10. Minimum tco
 11. Timing Analyzer Messages



----------------
; Legal Notice ;
----------------
Copyright (C) 1991-2004 Altera Corporation
Any  megafunction  design,  and related netlist (encrypted  or  decrypted),
support information,  device programming or simulation file,  and any other
associated  documentation or information  provided by  Altera  or a partner
under  Altera's   Megafunction   Partnership   Program  may  be  used  only
to program  PLD  devices (but not masked  PLD  devices) from  Altera.   Any
other  use  of such  megafunction  design,  netlist,  support  information,
device programming or simulation file,  or any other  related documentation
or information  is prohibited  for  any  other purpose,  including, but not
limited to  modification,  reverse engineering,  de-compiling, or use  with
any other  silicon devices,  unless such use is  explicitly  licensed under
a separate agreement with  Altera  or a megafunction partner.  Title to the
intellectual property,  including patents,  copyrights,  trademarks,  trade
secrets,  or maskworks,  embodied in any such megafunction design, netlist,
support  information,  device programming or simulation file,  or any other
related documentation or information provided by  Altera  or a megafunction
partner, remains with Altera, the megafunction partner, or their respective
licensors. No other licenses, including any licenses needed under any third
party's intellectual property, are provided herein.



+----------------------------------------------------------------------------------------+
; Timing Analyzer Settings                                                               ;
+-------------------------------------------------------+--------------------+------+----+
; Option                                                ; Setting            ; From ; To ;
+-------------------------------------------------------+--------------------+------+----+
; Device name                                           ; EP1S10B672C6       ;      ;    ;
; Timing Models                                         ; Production         ;      ;    ;
; Number of source nodes to report per destination node ; 10                 ;      ;    ;
; Number of destination nodes to report                 ; 10                 ;      ;    ;
; Number of paths to report                             ; 200                ;      ;    ;
; Run Minimum Analysis                                  ; On                 ;      ;    ;
; Use Minimum Timing Models                             ; Off                ;      ;    ;
; Report IO Paths Separately                            ; Off                ;      ;    ;
; Clock Analysis Only                                   ; Off                ;      ;    ;
; Default hold multicycle                               ; Same as Multicycle ;      ;    ;
; Cut paths between unrelated clock domains             ; On                 ;      ;    ;
; Cut off read during write signal paths                ; On                 ;      ;    ;
; Cut off clear and preset signal paths                 ; On                 ;      ;    ;
; Cut off feedback from I/O pins                        ; On                 ;      ;    ;
; Ignore Clock Settings                                 ; Off                ;      ;    ;
; Analyze latches as synchronous elements               ; Off                ;      ;    ;
+-------------------------------------------------------+--------------------+------+----+


+----------------------------------------------------------------------------------------------------------------------------------------------------------------------------------------------------------------------------------------------------------------------------------------------------------+
; Timing Analyzer Summary                                                                                                                                                                                                                                                                                  ;
+------------------------------+------------------------------------------+---------------+----------------------------------+--------------------+-----------------------------------------------------------------------------------------------------------------+------------+----------+--------------+
; Type                         ; Slack                                    ; Required Time ; Actual Time                      ; From               ; To                                                                                                              ; From Clock ; To Clock ; Failed Paths ;
+------------------------------+------------------------------------------+---------------+----------------------------------+--------------------+-----------------------------------------------------------------------------------------------------------------+------------+----------+--------------+
; Worst-case tsu               ; N/A                                      ; None          ; -0.173 ns                        ; d0[6]              ; lpm_ram_dq0:inst10|altsyncram:altsyncram_component|altsyncram_dru:auto_generated|ram_block1a7~porta_datain_reg1 ;            ; CLK1     ; 0            ;
; Worst-case tco               ; N/A                                      ; None          ; 41.937 ns                        ; 273:inst8|14       ; d1[4]                                                                                                           ; CLK1       ;          ; 0            ;
; Worst-case th                ; N/A                                      ; None          ; 24.778 ns                        ; d0[0]              ; reg_3:inst1|273:reg2|19                                                                                         ;            ; CLK1     ; 0            ;
; Worst-case Minimum tco       ; N/A                                      ; None          ; 15.100 ns                        ; se6_1:inst7|inst41 ; uaddr[2]                                                                                                        ; CLK1       ;          ; 0            ;
; Clock Setup: 'CLK1'          ; N/A                                      ; None          ; 34.51 MHz ( period = 28.980 ns ) ; 273:inst8|14       ; lpm_ram_dq0:inst10|altsyncram:altsyncram_component|altsyncram_dru:auto_generated|ram_block1a7~porta_datain_reg3 ; CLK1       ; CLK1     ; 0            ;
; Clock Hold: 'CLK1'           ; Not operational: Clock Skew > Data Delay ; None          ; N/A                              ; 273:inst20|15      ; reg_3:inst1|273:reg2|15                                                                                         ; CLK1       ; CLK1     ; 2252         ;
; Total number of failed paths ;                                          ;               ;                                  ;                    ;                                                                                                                 ;            ;          ; 2252         ;
+------------------------------+------------------------------------------+---------------+----------------------------------+--------------------+-----------------------------------------------------------------------------------------------------------------+------------+----------+--------------+


+--------------------------------------------------------------------------------------------------------------------------------------+
; Clock Settings Summary                                                                                                               ;
+-----------------+--------------------+----------+------------------+----------+-----------------------+---------------------+--------+
; Clock Node Name ; Clock Setting Name ; Type     ; Fmax Requirement ; Based on ; Multiply Base Fmax by ; Divide Base Fmax by ; Offset ;
+-----------------+--------------------+----------+------------------+----------+-----------------------+---------------------+--------+
; CLK1            ;                    ; User Pin ; NONE             ; NONE     ; N/A                   ; N/A                 ; N/A    ;
+-----------------+--------------------+----------+------------------+----------+-----------------------+---------------------+--------+


+-------------------------------------------------------------------------------------------------------------------------------------------------------------------------------------------------------------------------------------------------------------------------------------------------------------------------------------------------------+
; Clock Setup: 'CLK1'                                                                                                                                                                                                                                                                                                                                   ;
+-----------------------------------------+-----------------------------------------------------+-------------------------+-----------------------------------------------------------------------------------------------------------------+------------+----------+-----------------------------+---------------------------+-------------------------+
; Slack                                   ; Actual fmax (period)                                ; From                    ; To                                                                                                              ; From Clock ; To Clock ; Required Setup Relationship ; Required Longest P2P Time ; Actual Longest P2P Time ;
+-----------------------------------------+-----------------------------------------------------+-------------------------+-----------------------------------------------------------------------------------------------------------------+------------+----------+-----------------------------+---------------------------+-------------------------+
; N/A                                     ; 34.51 MHz ( period = 28.980 ns )                    ; 273:inst8|14            ; lpm_ram_dq0:inst10|altsyncram:altsyncram_component|altsyncram_dru:auto_generated|ram_block1a7~porta_datain_reg3 ; CLK1       ; CLK1     ; None                        ; None                      ; None                    ;
; N/A                                     ; 34.60 MHz ( period = 28.904 ns )                    ; 273:inst8|14            ; lpm_ram_dq0:inst10|altsyncram:altsyncram_component|altsyncram_dru:auto_generated|ram_block1a7~porta_datain_reg2 ; CLK1       ; CLK1     ; None                        ; None                      ; None                    ;
; N/A                                     ; 34.99 MHz ( period = 28.577 ns )                    ; 273:inst8|19            ; lpm_ram_dq0:inst10|altsyncram:altsyncram_component|altsyncram_dru:auto_generated|ram_block1a7~porta_datain_reg7 ; CLK1       ; CLK1     ; None                        ; None                      ; None                    ;
; N/A                                     ; 35.10 MHz ( period = 28.491 ns )                    ; 273:inst8|18            ; lpm_ram_dq0:inst10|altsyncram:altsyncram_component|altsyncram_dru:auto_generated|ram_block1a7~porta_datain_reg7 ; CLK1       ; CLK1     ; None                        ; None                      ; None                    ;
; N/A                                     ; 35.11 MHz ( period = 28.484 ns )                    ; 273:inst8|15            ; lpm_ram_dq0:inst10|altsyncram:altsyncram_component|altsyncram_dru:auto_generated|ram_block1a7~porta_datain_reg3 ; CLK1       ; CLK1     ; None                        ; None                      ; None                    ;
; N/A                                     ; 35.17 MHz ( period = 28.437 ns )                    ; 273:inst8|14            ; lpm_ram_dq0:inst10|altsyncram:altsyncram_component|altsyncram_dru:auto_generated|ram_block1a7~porta_datain_reg1 ; CLK1       ; CLK1     ; None                        ; None                      ; None                    ;
; N/A                                     ; 35.20 MHz ( period = 28.408 ns )                    ; 273:inst8|15            ; lpm_ram_dq0:inst10|altsyncram:altsyncram_component|altsyncram_dru:auto_generated|ram_block1a7~porta_datain_reg2 ; CLK1       ; CLK1     ; None                        ; None                      ; None                    ;
; N/A                                     ; 35.41 MHz ( period = 28.238 ns )                    ; 273:inst8|13            ; lpm_ram_dq0:inst10|altsyncram:altsyncram_component|altsyncram_dru:auto_generated|ram_block1a7~porta_datain_reg3 ; CLK1       ; CLK1     ; None                        ; None                      ; None                    ;
; N/A                                     ; 35.51 MHz ( period = 28.162 ns )                    ; 273:inst8|13            ; lpm_ram_dq0:inst10|altsyncram:altsyncram_component|altsyncram_dru:auto_generated|ram_block1a7~porta_datain_reg2 ; CLK1       ; CLK1     ; None                        ; None                      ; None                    ;
; N/A                                     ; 35.55 MHz ( period = 28.127 ns )                    ; 273:inst19|15           ; lpm_ram_dq0:inst10|altsyncram:altsyncram_component|altsyncram_dru:auto_generated|ram_block1a7~porta_datain_reg3 ; CLK1       ; CLK1     ; None                        ; None                      ; None                    ;
; N/A                                     ; 35.64 MHz ( period = 28.062 ns )                    ; 273:inst19|13           ; lpm_ram_dq0:inst10|altsyncram:altsyncram_component|altsyncram_dru:auto_generated|ram_block1a7~porta_datain_reg3 ; CLK1       ; CLK1     ; None                        ; None                      ; None                    ;
; N/A                                     ; 35.65 MHz ( period = 28.051 ns )                    ; 273:inst19|15           ; lpm_ram_dq0:inst10|altsyncram:altsyncram_component|altsyncram_dru:auto_generated|ram_block1a7~porta_datain_reg2 ; CLK1       ; CLK1     ; None                        ; None                      ; None                    ;
; N/A                                     ; 35.72 MHz ( period = 27.997 ns )                    ; 273:inst19|14           ; lpm_ram_dq0:inst10|altsyncram:altsyncram_component|altsyncram_dru:auto_generated|ram_block1a7~porta_datain_reg3 ; CLK1       ; CLK1     ; None                        ; None                      ; None                    ;
; N/A                                     ; 35.73 MHz ( period = 27.986 ns )                    ; 273:inst19|13           ; lpm_ram_dq0:inst10|altsyncram:altsyncram_component|altsyncram_dru:auto_generated|ram_block1a7~porta_datain_reg2 ; CLK1       ; CLK1     ; None                        ; None                      ; None                    ;
; N/A                                     ; 35.79 MHz ( period = 27.941 ns )                    ; 273:inst8|15            ; lpm_ram_dq0:inst10|altsyncram:altsyncram_component|altsyncram_dru:auto_generated|ram_block1a7~porta_datain_reg1 ; CLK1       ; CLK1     ; None                        ; None                      ; None                    ;
; N/A                                     ; 35.82 MHz ( period = 27.921 ns )                    ; 273:inst19|14           ; lpm_ram_dq0:inst10|altsyncram:altsyncram_component|altsyncram_dru:auto_generated|ram_block1a7~porta_datain_reg2 ; CLK1       ; CLK1     ; None                        ; None                      ; None                    ;
; N/A                                     ; 35.88 MHz ( period = 27.873 ns )                    ; 273:inst8|19            ; lpm_ram_dq0:inst10|altsyncram:altsyncram_component|altsyncram_dru:auto_generated|ram_block1a7~porta_datain_reg6 ; CLK1       ; CLK1     ; None                        ; None                      ; None                    ;
; N/A                                     ; 35.88 MHz ( period = 27.867 ns )                    ; 273:inst19|19           ; lpm_ram_dq0:inst10|altsyncram:altsyncram_component|altsyncram_dru:auto_generated|ram_block1a7~porta_datain_reg7 ; CLK1       ; CLK1     ; None                        ; None                      ; None                    ;
; N/A                                     ; 35.95 MHz ( period = 27.815 ns )                    ; 273:inst8|14            ; 273:inst19|15                                                                                                   ; CLK1       ; CLK1     ; None                        ; None                      ; None                    ;
; N/A                                     ; 35.99 MHz ( period = 27.787 ns )                    ; 273:inst8|18            ; lpm_ram_dq0:inst10|altsyncram:altsyncram_component|altsyncram_dru:auto_generated|ram_block1a7~porta_datain_reg6 ; CLK1       ; CLK1     ; None                        ; None                      ; None                    ;
; N/A                                     ; 35.99 MHz ( period = 27.783 ns )                    ; 273:inst8|14            ; 273:inst19|14                                                                                                   ; CLK1       ; CLK1     ; None                        ; None                      ; None                    ;
; N/A                                     ; 36.10 MHz ( period = 27.699 ns )                    ; 273:inst8|14            ; 273:inst8|15                                                                                                    ; CLK1       ; CLK1     ; None                        ; None                      ; None                    ;
; N/A                                     ; 36.11 MHz ( period = 27.695 ns )                    ; 273:inst8|13            ; lpm_ram_dq0:inst10|altsyncram:altsyncram_component|altsyncram_dru:auto_generated|ram_block1a7~porta_datain_reg1 ; CLK1       ; CLK1     ; None                        ; None                      ; None                    ;
; N/A                                     ; 36.12 MHz ( period = 27.689 ns )                    ; 273:inst19|18           ; lpm_ram_dq0:inst10|altsyncram:altsyncram_component|altsyncram_dru:auto_generated|ram_block1a7~porta_datain_reg7 ; CLK1       ; CLK1     ; None                        ; None                      ; None                    ;
; N/A                                     ; 36.14 MHz ( period = 27.673 ns )                    ; 273:inst8|14            ; 273:inst8|14                                                                                                    ; CLK1       ; CLK1     ; None                        ; None                      ; None                    ;
; N/A                                     ; 36.25 MHz ( period = 27.584 ns )                    ; 273:inst19|15           ; lpm_ram_dq0:inst10|altsyncram:altsyncram_component|altsyncram_dru:auto_generated|ram_block1a7~porta_datain_reg1 ; CLK1       ; CLK1     ; None                        ; None                      ; None                    ;
; N/A                                     ; 36.34 MHz ( period = 27.519 ns )                    ; 273:inst19|13           ; lpm_ram_dq0:inst10|altsyncram:altsyncram_component|altsyncram_dru:auto_generated|ram_block1a7~porta_datain_reg1 ; CLK1       ; CLK1     ; None                        ; None                      ; None                    ;
; N/A                                     ; 36.42 MHz ( period = 27.454 ns )                    ; 273:inst19|14           ; lpm_ram_dq0:inst10|altsyncram:altsyncram_component|altsyncram_dru:auto_generated|ram_block1a7~porta_datain_reg1 ; CLK1       ; CLK1     ; None                        ; None                      ; None                    ;
; N/A                                     ; 36.60 MHz ( period = 27.319 ns )                    ; 273:inst8|15            ; 273:inst19|15                                                                                                   ; CLK1       ; CLK1     ; None                        ; None                      ; None                    ;
; N/A                                     ; 36.65 MHz ( period = 27.287 ns )                    ; 273:inst8|15            ; 273:inst19|14                                                                                                   ; CLK1       ; CLK1     ; None                        ; None                      ; None                    ;
; N/A                                     ; 36.66 MHz ( period = 27.274 ns )                    ; reg_3:inst1|273:reg1|14 ; lpm_ram_dq0:inst10|altsyncram:altsyncram_component|altsyncram_dru:auto_generated|ram_block1a7~porta_datain_reg2 ; CLK1       ; CLK1     ; None                        ; None                      ; None                    ;
; N/A                                     ; 36.67 MHz ( period = 27.273 ns )                    ; reg_3:inst1|273:reg1|17 ; lpm_ram_dq0:inst10|altsyncram:altsyncram_component|altsyncram_dru:auto_generated|ram_block1a7~porta_datain_reg5 ; CLK1       ; CLK1     ; None                        ; None                      ; None                    ;
; N/A                                     ; 36.75 MHz ( period = 27.213 ns )                    ; 273:inst8|14            ; reg_3:inst1|273:reg0|14                                                                                         ; CLK1       ; CLK1     ; None                        ; None                      ; None                    ;
; N/A                                     ; 36.76 MHz ( period = 27.203 ns )                    ; 273:inst8|15            ; 273:inst8|15                                                                                                    ; CLK1       ; CLK1     ; None                        ; None                      ; None                    ;
; N/A                                     ; 36.76 MHz ( period = 27.200 ns )                    ; 273:inst8|14            ; 273:inst19|13                                                                                                   ; CLK1       ; CLK1     ; None                        ; None                      ; None                    ;
; N/A                                     ; 36.79 MHz ( period = 27.180 ns )                    ; reg_3:inst1|273:reg1|13 ; lpm_ram_dq0:inst10|altsyncram:altsyncram_component|altsyncram_dru:auto_generated|ram_block1a7~porta_datain_reg1 ; CLK1       ; CLK1     ; None                        ; None                      ; None                    ;
; N/A                                     ; 36.79 MHz ( period = 27.180 ns )                    ; 273:inst8|14            ; 273:inst22|14                                                                                                   ; CLK1       ; CLK1     ; None                        ; None                      ; None                    ;
; N/A                                     ; 36.80 MHz ( period = 27.177 ns )                    ; 273:inst8|15            ; 273:inst8|14                                                                                                    ; CLK1       ; CLK1     ; None                        ; None                      ; None                    ;
; N/A                                     ; 36.81 MHz ( period = 27.163 ns )                    ; 273:inst19|19           ; lpm_ram_dq0:inst10|altsyncram:altsyncram_component|altsyncram_dru:auto_generated|ram_block1a7~porta_datain_reg6 ; CLK1       ; CLK1     ; None                        ; None                      ; None                    ;
; N/A                                     ; 36.89 MHz ( period = 27.109 ns )                    ; 273:inst8|14            ; 273:inst22|15                                                                                                   ; CLK1       ; CLK1     ; None                        ; None                      ; None                    ;
; N/A                                     ; 36.92 MHz ( period = 27.086 ns )                    ; 273:inst8|14            ; 273:inst8|13                                                                                                    ; CLK1       ; CLK1     ; None                        ; None                      ; None                    ;
; N/A                                     ; 36.94 MHz ( period = 27.073 ns )                    ; 273:inst8|13            ; 273:inst19|15                                                                                                   ; CLK1       ; CLK1     ; None                        ; None                      ; None                    ;
; N/A                                     ; 36.98 MHz ( period = 27.045 ns )                    ; 273:inst8|19            ; 273:inst19|18                                                                                                   ; CLK1       ; CLK1     ; None                        ; None                      ; None                    ;
; N/A                                     ; 36.98 MHz ( period = 27.041 ns )                    ; 273:inst8|13            ; 273:inst19|14                                                                                                   ; CLK1       ; CLK1     ; None                        ; None                      ; None                    ;
; N/A                                     ; 37.04 MHz ( period = 26.998 ns )                    ; 273:inst8|14            ; reg_3:inst1|273:reg0|13                                                                                         ; CLK1       ; CLK1     ; None                        ; None                      ; None                    ;
; N/A                                     ; 37.05 MHz ( period = 26.988 ns )                    ; reg_3:inst1|273:reg1|18 ; lpm_ram_dq0:inst10|altsyncram:altsyncram_component|altsyncram_dru:auto_generated|ram_block1a7~porta_datain_reg7 ; CLK1       ; CLK1     ; None                        ; None                      ; None                    ;
; N/A                                     ; 37.06 MHz ( period = 26.985 ns )                    ; 273:inst19|18           ; lpm_ram_dq0:inst10|altsyncram:altsyncram_component|altsyncram_dru:auto_generated|ram_block1a7~porta_datain_reg6 ; CLK1       ; CLK1     ; None                        ; None                      ; None                    ;
; N/A                                     ; 37.09 MHz ( period = 26.962 ns )                    ; 273:inst19|15           ; 273:inst19|15                                                                                                   ; CLK1       ; CLK1     ; None                        ; None                      ; None                    ;
; N/A                                     ; 37.09 MHz ( period = 26.959 ns )                    ; 273:inst8|18            ; 273:inst19|18                                                                                                   ; CLK1       ; CLK1     ; None                        ; None                      ; None                    ;
; N/A                                     ; 37.10 MHz ( period = 26.957 ns )                    ; 273:inst8|13            ; 273:inst8|15                                                                                                    ; CLK1       ; CLK1     ; None                        ; None                      ; None                    ;
; N/A                                     ; 37.13 MHz ( period = 26.932 ns )                    ; 273:inst8|19            ; 273:inst8|18                                                                                                    ; CLK1       ; CLK1     ; None                        ; None                      ; None                    ;
; N/A                                     ; 37.13 MHz ( period = 26.931 ns )                    ; 273:inst8|13            ; 273:inst8|14                                                                                                    ; CLK1       ; CLK1     ; None                        ; None                      ; None                    ;
; N/A                                     ; 37.13 MHz ( period = 26.930 ns )                    ; 273:inst19|15           ; 273:inst19|14                                                                                                   ; CLK1       ; CLK1     ; None                        ; None                      ; None                    ;
; N/A                                     ; 37.18 MHz ( period = 26.897 ns )                    ; 273:inst19|13           ; 273:inst19|15                                                                                                   ; CLK1       ; CLK1     ; None                        ; None                      ; None                    ;
; N/A                                     ; 37.20 MHz ( period = 26.884 ns )                    ; 273:inst8|19            ; 273:inst19|19                                                                                                   ; CLK1       ; CLK1     ; None                        ; None                      ; None                    ;
; N/A                                     ; 37.22 MHz ( period = 26.865 ns )                    ; 273:inst19|13           ; 273:inst19|14                                                                                                   ; CLK1       ; CLK1     ; None                        ; None                      ; None                    ;
; N/A                                     ; 37.25 MHz ( period = 26.846 ns )                    ; 273:inst8|18            ; 273:inst8|18                                                                                                    ; CLK1       ; CLK1     ; None                        ; None                      ; None                    ;
; N/A                                     ; 37.25 MHz ( period = 26.846 ns )                    ; 273:inst19|15           ; 273:inst8|15                                                                                                    ; CLK1       ; CLK1     ; None                        ; None                      ; None                    ;
; N/A                                     ; 37.25 MHz ( period = 26.844 ns )                    ; 273:inst8|19            ; 273:inst22|18                                                                                                   ; CLK1       ; CLK1     ; None                        ; None                      ; None                    ;
; N/A                                     ; 37.27 MHz ( period = 26.832 ns )                    ; 273:inst19|14           ; 273:inst19|15                                                                                                   ; CLK1       ; CLK1     ; None                        ; None                      ; None                    ;
; N/A                                     ; 37.29 MHz ( period = 26.820 ns )                    ; 273:inst19|15           ; 273:inst8|14                                                                                                    ; CLK1       ; CLK1     ; None                        ; None                      ; None                    ;
; N/A                                     ; 37.31 MHz ( period = 26.800 ns )                    ; 273:inst19|14           ; 273:inst19|14                                                                                                   ; CLK1       ; CLK1     ; None                        ; None                      ; None                    ;
; N/A                                     ; 37.32 MHz ( period = 26.798 ns )                    ; 273:inst8|18            ; 273:inst19|19                                                                                                   ; CLK1       ; CLK1     ; None                        ; None                      ; None                    ;
; N/A                                     ; 37.34 MHz ( period = 26.781 ns )                    ; 273:inst8|12            ; lpm_ram_dq0:inst10|altsyncram:altsyncram_component|altsyncram_dru:auto_generated|ram_block1a7~porta_datain_reg3 ; CLK1       ; CLK1     ; None                        ; None                      ; None                    ;
; N/A                                     ; 37.34 MHz ( period = 26.781 ns )                    ; 273:inst19|13           ; 273:inst8|15                                                                                                    ; CLK1       ; CLK1     ; None                        ; None                      ; None                    ;
; N/A                                     ; 37.35 MHz ( period = 26.775 ns )                    ; 273:inst8|19            ; 273:inst8|19                                                                                                    ; CLK1       ; CLK1     ; None                        ; None                      ; None                    ;
; N/A                                     ; 37.37 MHz ( period = 26.758 ns )                    ; 273:inst8|18            ; 273:inst22|18                                                                                                   ; CLK1       ; CLK1     ; None                        ; None                      ; None                    ;
; N/A                                     ; 37.38 MHz ( period = 26.755 ns )                    ; 273:inst19|13           ; 273:inst8|14                                                                                                    ; CLK1       ; CLK1     ; None                        ; None                      ; None                    ;
; N/A                                     ; 37.43 MHz ( period = 26.717 ns )                    ; 273:inst8|15            ; reg_3:inst1|273:reg0|14                                                                                         ; CLK1       ; CLK1     ; None                        ; None                      ; None                    ;
; N/A                                     ; 37.43 MHz ( period = 26.716 ns )                    ; 273:inst19|14           ; 273:inst8|15                                                                                                    ; CLK1       ; CLK1     ; None                        ; None                      ; None                    ;
; N/A                                     ; 37.45 MHz ( period = 26.705 ns )                    ; 273:inst8|12            ; lpm_ram_dq0:inst10|altsyncram:altsyncram_component|altsyncram_dru:auto_generated|ram_block1a7~porta_datain_reg2 ; CLK1       ; CLK1     ; None                        ; None                      ; None                    ;
; N/A                                     ; 37.45 MHz ( period = 26.704 ns )                    ; 273:inst8|15            ; 273:inst19|13                                                                                                   ; CLK1       ; CLK1     ; None                        ; None                      ; None                    ;
; N/A                                     ; 37.46 MHz ( period = 26.692 ns )                    ; 273:inst8|14            ; reg_3:inst1|273:reg0|15                                                                                         ; CLK1       ; CLK1     ; None                        ; None                      ; None                    ;
; N/A                                     ; 37.47 MHz ( period = 26.690 ns )                    ; 273:inst19|14           ; 273:inst8|14                                                                                                    ; CLK1       ; CLK1     ; None                        ; None                      ; None                    ;
; N/A                                     ; 37.47 MHz ( period = 26.689 ns )                    ; 273:inst8|18            ; 273:inst8|19                                                                                                    ; CLK1       ; CLK1     ; None                        ; None                      ; None                    ;
; N/A                                     ; 37.48 MHz ( period = 26.684 ns )                    ; 273:inst8|15            ; 273:inst22|14                                                                                                   ; CLK1       ; CLK1     ; None                        ; None                      ; None                    ;
; N/A                                     ; 37.49 MHz ( period = 26.676 ns )                    ; reg_3:inst1|273:reg1|19 ; lpm_ram_dq0:inst10|altsyncram:altsyncram_component|altsyncram_dru:auto_generated|ram_block1a7~porta_datain_reg6 ; CLK1       ; CLK1     ; None                        ; None                      ; None                    ;
; N/A                                     ; 37.52 MHz ( period = 26.656 ns )                    ; 273:inst8|14            ; 273:inst22|13                                                                                                   ; CLK1       ; CLK1     ; None                        ; None                      ; None                    ;
; N/A                                     ; 37.58 MHz ( period = 26.613 ns )                    ; 273:inst8|15            ; 273:inst22|15                                                                                                   ; CLK1       ; CLK1     ; None                        ; None                      ; None                    ;
; N/A                                     ; 37.61 MHz ( period = 26.590 ns )                    ; 273:inst8|15            ; 273:inst8|13                                                                                                    ; CLK1       ; CLK1     ; None                        ; None                      ; None                    ;
; N/A                                     ; 37.61 MHz ( period = 26.587 ns )                    ; 273:inst8|19            ; 273:inst22|19                                                                                                   ; CLK1       ; CLK1     ; None                        ; None                      ; None                    ;
; N/A                                     ; 37.62 MHz ( period = 26.580 ns )                    ; reg_3:inst1|273:reg1|12 ; lpm_ram_dq0:inst10|altsyncram:altsyncram_component|altsyncram_dru:auto_generated|ram_block1a7~porta_datain_reg0 ; CLK1       ; CLK1     ; None                        ; None                      ; None                    ;
; N/A                                     ; 37.63 MHz ( period = 26.575 ns )                    ; reg_3:inst1|273:reg1|15 ; lpm_ram_dq0:inst10|altsyncram:altsyncram_component|altsyncram_dru:auto_generated|ram_block1a7~porta_datain_reg3 ; CLK1       ; CLK1     ; None                        ; None                      ; None                    ;
; N/A                                     ; 37.73 MHz ( period = 26.502 ns )                    ; 273:inst8|15            ; reg_3:inst1|273:reg0|13                                                                                         ; CLK1       ; CLK1     ; None                        ; None                      ; None                    ;
; N/A                                     ; 37.73 MHz ( period = 26.501 ns )                    ; 273:inst8|18            ; 273:inst22|19                                                                                                   ; CLK1       ; CLK1     ; None                        ; None                      ; None                    ;
; N/A                                     ; 37.78 MHz ( period = 26.471 ns )                    ; 273:inst8|13            ; reg_3:inst1|273:reg0|14                                                                                         ; CLK1       ; CLK1     ; None                        ; None                      ; None                    ;
; N/A                                     ; 37.80 MHz ( period = 26.458 ns )                    ; 273:inst8|13            ; 273:inst19|13                                                                                                   ; CLK1       ; CLK1     ; None                        ; None                      ; None                    ;
; N/A                                     ; 37.82 MHz ( period = 26.438 ns )                    ; 273:inst8|13            ; 273:inst22|14                                                                                                   ; CLK1       ; CLK1     ; None                        ; None                      ; None                    ;
; N/A                                     ; 37.85 MHz ( period = 26.423 ns )                    ; 273:inst19|12           ; lpm_ram_dq0:inst10|altsyncram:altsyncram_component|altsyncram_dru:auto_generated|ram_block1a7~porta_datain_reg3 ; CLK1       ; CLK1     ; None                        ; None                      ; None                    ;
; N/A                                     ; 37.93 MHz ( period = 26.367 ns )                    ; 273:inst8|13            ; 273:inst22|15                                                                                                   ; CLK1       ; CLK1     ; None                        ; None                      ; None                    ;
; N/A                                     ; 37.94 MHz ( period = 26.360 ns )                    ; 273:inst19|15           ; reg_3:inst1|273:reg0|14                                                                                         ; CLK1       ; CLK1     ; None                        ; None                      ; None                    ;
; N/A                                     ; 37.95 MHz ( period = 26.347 ns )                    ; 273:inst19|12           ; lpm_ram_dq0:inst10|altsyncram:altsyncram_component|altsyncram_dru:auto_generated|ram_block1a7~porta_datain_reg2 ; CLK1       ; CLK1     ; None                        ; None                      ; None                    ;
; N/A                                     ; 37.95 MHz ( period = 26.347 ns )                    ; 273:inst19|15           ; 273:inst19|13                                                                                                   ; CLK1       ; CLK1     ; None                        ; None                      ; None                    ;
; N/A                                     ; 37.96 MHz ( period = 26.344 ns )                    ; 273:inst8|13            ; 273:inst8|13                                                                                                    ; CLK1       ; CLK1     ; None                        ; None                      ; None                    ;
; N/A                                     ; 37.97 MHz ( period = 26.335 ns )                    ; 273:inst19|19           ; 273:inst19|18                                                                                                   ; CLK1       ; CLK1     ; None                        ; None                      ; None                    ;
; N/A                                     ; 37.98 MHz ( period = 26.327 ns )                    ; 273:inst19|15           ; 273:inst22|14                                                                                                   ; CLK1       ; CLK1     ; None                        ; None                      ; None                    ;
; N/A                                     ; 38.03 MHz ( period = 26.295 ns )                    ; 273:inst19|13           ; reg_3:inst1|273:reg0|14                                                                                         ; CLK1       ; CLK1     ; None                        ; None                      ; None                    ;
; N/A                                     ; 38.05 MHz ( period = 26.282 ns )                    ; 273:inst19|13           ; 273:inst19|13                                                                                                   ; CLK1       ; CLK1     ; None                        ; None                      ; None                    ;
; N/A                                     ; 38.08 MHz ( period = 26.262 ns )                    ; 273:inst19|13           ; 273:inst22|14                                                                                                   ; CLK1       ; CLK1     ; None                        ; None                      ; None                    ;
; N/A                                     ; 38.09 MHz ( period = 26.256 ns )                    ; 273:inst8|13            ; reg_3:inst1|273:reg0|13                                                                                         ; CLK1       ; CLK1     ; None                        ; None                      ; None                    ;
; N/A                                     ; 38.09 MHz ( period = 26.256 ns )                    ; 273:inst19|15           ; 273:inst22|15                                                                                                   ; CLK1       ; CLK1     ; None                        ; None                      ; None                    ;
; N/A                                     ; 38.10 MHz ( period = 26.249 ns )                    ; 273:inst8|14            ; reg_3:inst1|273:reg1|14                                                                                         ; CLK1       ; CLK1     ; None                        ; None                      ; None                    ;
; N/A                                     ; 38.11 MHz ( period = 26.238 ns )                    ; 273:inst8|12            ; lpm_ram_dq0:inst10|altsyncram:altsyncram_component|altsyncram_dru:auto_generated|ram_block1a7~porta_datain_reg1 ; CLK1       ; CLK1     ; None                        ; None                      ; None                    ;
; N/A                                     ; 38.12 MHz ( period = 26.233 ns )                    ; 273:inst19|15           ; 273:inst8|13                                                                                                    ; CLK1       ; CLK1     ; None                        ; None                      ; None                    ;
; N/A                                     ; 38.12 MHz ( period = 26.230 ns )                    ; 273:inst19|14           ; reg_3:inst1|273:reg0|14                                                                                         ; CLK1       ; CLK1     ; None                        ; None                      ; None                    ;
; N/A                                     ; 38.14 MHz ( period = 26.222 ns )                    ; 273:inst19|19           ; 273:inst8|18                                                                                                    ; CLK1       ; CLK1     ; None                        ; None                      ; None                    ;
; N/A                                     ; 38.14 MHz ( period = 26.217 ns )                    ; 273:inst19|14           ; 273:inst19|13                                                                                                   ; CLK1       ; CLK1     ; None                        ; None                      ; None                    ;
; N/A                                     ; 38.17 MHz ( period = 26.197 ns )                    ; 273:inst19|14           ; 273:inst22|14                                                                                                   ; CLK1       ; CLK1     ; None                        ; None                      ; None                    ;
; N/A                                     ; 38.17 MHz ( period = 26.196 ns )                    ; 273:inst8|15            ; reg_3:inst1|273:reg0|15                                                                                         ; CLK1       ; CLK1     ; None                        ; None                      ; None                    ;
; N/A                                     ; 38.18 MHz ( period = 26.193 ns )                    ; 273:inst8|14            ; reg_3:inst1|273:reg2|14                                                                                         ; CLK1       ; CLK1     ; None                        ; None                      ; None                    ;
; N/A                                     ; 38.18 MHz ( period = 26.191 ns )                    ; 273:inst19|13           ; 273:inst22|15                                                                                                   ; CLK1       ; CLK1     ; None                        ; None                      ; None                    ;
; N/A                                     ; 38.21 MHz ( period = 26.174 ns )                    ; 273:inst19|19           ; 273:inst19|19                                                                                                   ; CLK1       ; CLK1     ; None                        ; None                      ; None                    ;
; N/A                                     ; 38.21 MHz ( period = 26.168 ns )                    ; 273:inst19|13           ; 273:inst8|13                                                                                                    ; CLK1       ; CLK1     ; None                        ; None                      ; None                    ;
; N/A                                     ; 38.23 MHz ( period = 26.160 ns )                    ; 273:inst8|15            ; 273:inst22|13                                                                                                   ; CLK1       ; CLK1     ; None                        ; None                      ; None                    ;
; N/A                                     ; 38.23 MHz ( period = 26.157 ns )                    ; 273:inst19|18           ; 273:inst19|18                                                                                                   ; CLK1       ; CLK1     ; None                        ; None                      ; None                    ;
; N/A                                     ; 38.24 MHz ( period = 26.153 ns )                    ; reg_3:inst1|273:reg1|14 ; 273:inst19|14                                                                                                   ; CLK1       ; CLK1     ; None                        ; None                      ; None                    ;
; N/A                                     ; 38.25 MHz ( period = 26.145 ns )                    ; 273:inst19|15           ; reg_3:inst1|273:reg0|13                                                                                         ; CLK1       ; CLK1     ; None                        ; None                      ; None                    ;
; N/A                                     ; 38.26 MHz ( period = 26.137 ns )                    ; 273:inst8|14            ; reg_3:inst1|273:reg1|13                                                                                         ; CLK1       ; CLK1     ; None                        ; None                      ; None                    ;
; N/A                                     ; 38.26 MHz ( period = 26.134 ns )                    ; 273:inst19|19           ; 273:inst22|18                                                                                                   ; CLK1       ; CLK1     ; None                        ; None                      ; None                    ;
; N/A                                     ; 38.27 MHz ( period = 26.127 ns )                    ; reg_3:inst1|273:reg1|17 ; 273:inst19|17                                                                                                   ; CLK1       ; CLK1     ; None                        ; None                      ; None                    ;
; N/A                                     ; 38.28 MHz ( period = 26.126 ns )                    ; 273:inst19|14           ; 273:inst22|15                                                                                                   ; CLK1       ; CLK1     ; None                        ; None                      ; None                    ;
; N/A                                     ; 38.31 MHz ( period = 26.103 ns )                    ; 273:inst19|14           ; 273:inst8|13                                                                                                    ; CLK1       ; CLK1     ; None                        ; None                      ; None                    ;
; N/A                                     ; 38.34 MHz ( period = 26.080 ns )                    ; 273:inst19|13           ; reg_3:inst1|273:reg0|13                                                                                         ; CLK1       ; CLK1     ; None                        ; None                      ; None                    ;
; N/A                                     ; 38.37 MHz ( period = 26.065 ns )                    ; 273:inst19|19           ; 273:inst8|19                                                                                                    ; CLK1       ; CLK1     ; None                        ; None                      ; None                    ;
; N/A                                     ; 38.37 MHz ( period = 26.059 ns )                    ; 273:inst8|12            ; lpm_ram_dq0:inst10|altsyncram:altsyncram_component|altsyncram_dru:auto_generated|ram_block1a7~porta_datain_reg0 ; CLK1       ; CLK1     ; None                        ; None                      ; None                    ;
; N/A                                     ; 38.38 MHz ( period = 26.052 ns )                    ; reg_3:inst1|273:reg1|16 ; lpm_ram_dq0:inst10|altsyncram:altsyncram_component|altsyncram_dru:auto_generated|ram_block1a7~porta_datain_reg4 ; CLK1       ; CLK1     ; None                        ; None                      ; None                    ;
; N/A                                     ; 38.39 MHz ( period = 26.047 ns )                    ; 273:inst8|19            ; reg_3:inst1|273:reg0|18                                                                                         ; CLK1       ; CLK1     ; None                        ; None                      ; None                    ;
; N/A                                     ; 38.40 MHz ( period = 26.044 ns )                    ; 273:inst19|18           ; 273:inst8|18                                                                                                    ; CLK1       ; CLK1     ; None                        ; None                      ; None                    ;
; N/A                                     ; 38.40 MHz ( period = 26.043 ns )                    ; reg_3:inst1|273:reg1|14 ; 273:inst8|14                                                                                                    ; CLK1       ; CLK1     ; None                        ; None                      ; None                    ;
; N/A                                     ; 38.44 MHz ( period = 26.016 ns )                    ; reg_3:inst1|273:reg1|17 ; 273:inst8|17                                                                                                    ; CLK1       ; CLK1     ; None                        ; None                      ; None                    ;
; N/A                                     ; 38.44 MHz ( period = 26.015 ns )                    ; 273:inst19|14           ; reg_3:inst1|273:reg0|13                                                                                         ; CLK1       ; CLK1     ; None                        ; None                      ; None                    ;
; N/A                                     ; 38.47 MHz ( period = 25.996 ns )                    ; 273:inst19|18           ; 273:inst19|19                                                                                                   ; CLK1       ; CLK1     ; None                        ; None                      ; None                    ;
; N/A                                     ; 38.49 MHz ( period = 25.980 ns )                    ; 273:inst8|18            ; lpm_ram_dq0:inst10|altsyncram:altsyncram_component|altsyncram_dru:auto_generated|ram_block1a7~porta_datain_reg4 ; CLK1       ; CLK1     ; None                        ; None                      ; None                    ;
; N/A                                     ; 38.51 MHz ( period = 25.969 ns )                    ; 273:inst8|17            ; lpm_ram_dq0:inst10|altsyncram:altsyncram_component|altsyncram_dru:auto_generated|ram_block1a7~porta_datain_reg7 ; CLK1       ; CLK1     ; None                        ; None                      ; None                    ;
; N/A                                     ; 38.52 MHz ( period = 25.961 ns )                    ; 273:inst8|18            ; reg_3:inst1|273:reg0|18                                                                                         ; CLK1       ; CLK1     ; None                        ; None                      ; None                    ;
; N/A                                     ; 38.53 MHz ( period = 25.956 ns )                    ; 273:inst19|18           ; 273:inst22|18                                                                                                   ; CLK1       ; CLK1     ; None                        ; None                      ; None                    ;
; N/A                                     ; 38.54 MHz ( period = 25.950 ns )                    ; 273:inst8|13            ; reg_3:inst1|273:reg0|15                                                                                         ; CLK1       ; CLK1     ; None                        ; None                      ; None                    ;
; N/A                                     ; 38.55 MHz ( period = 25.943 ns )                    ; reg_3:inst1|273:reg1|13 ; 273:inst19|13                                                                                                   ; CLK1       ; CLK1     ; None                        ; None                      ; None                    ;
; N/A                                     ; 38.57 MHz ( period = 25.927 ns )                    ; 273:inst8|13            ; lpm_ram_dq0:inst10|altsyncram:altsyncram_component|altsyncram_dru:auto_generated|ram_block1a7~porta_datain_reg0 ; CLK1       ; CLK1     ; None                        ; None                      ; None                    ;
; N/A                                     ; 38.57 MHz ( period = 25.926 ns )                    ; 273:inst8|14            ; reg_3:inst1|273:reg1|15                                                                                         ; CLK1       ; CLK1     ; None                        ; None                      ; None                    ;
; N/A                                     ; 38.59 MHz ( period = 25.914 ns )                    ; 273:inst8|13            ; 273:inst22|13                                                                                                   ; CLK1       ; CLK1     ; None                        ; None                      ; None                    ;
; N/A                                     ; 38.59 MHz ( period = 25.914 ns )                    ; 273:inst8|19            ; 273:inst21|18                                                                                                   ; CLK1       ; CLK1     ; None                        ; None                      ; None                    ;
; N/A                                     ; 38.61 MHz ( period = 25.900 ns )                    ; 273:inst8|18            ; lpm_ram_dq0:inst10|altsyncram:altsyncram_component|altsyncram_dru:auto_generated|ram_block1a7~porta_datain_reg5 ; CLK1       ; CLK1     ; None                        ; None                      ; None                    ;
; N/A                                     ; 38.63 MHz ( period = 25.887 ns )                    ; 273:inst19|18           ; 273:inst8|19                                                                                                    ; CLK1       ; CLK1     ; None                        ; None                      ; None                    ;
; N/A                                     ; 38.64 MHz ( period = 25.880 ns )                    ; 273:inst19|12           ; lpm_ram_dq0:inst10|altsyncram:altsyncram_component|altsyncram_dru:auto_generated|ram_block1a7~porta_datain_reg1 ; CLK1       ; CLK1     ; None                        ; None                      ; None                    ;
; N/A                                     ; 38.64 MHz ( period = 25.877 ns )                    ; 273:inst19|19           ; 273:inst22|19                                                                                                   ; CLK1       ; CLK1     ; None                        ; None                      ; None                    ;
; N/A                                     ; 38.70 MHz ( period = 25.839 ns )                    ; 273:inst19|15           ; reg_3:inst1|273:reg0|15                                                                                         ; CLK1       ; CLK1     ; None                        ; None                      ; None                    ;
; N/A                                     ; 38.72 MHz ( period = 25.829 ns )                    ; reg_3:inst1|273:reg1|13 ; 273:inst8|13                                                                                                    ; CLK1       ; CLK1     ; None                        ; None                      ; None                    ;
; N/A                                     ; 38.72 MHz ( period = 25.828 ns )                    ; 273:inst8|18            ; 273:inst21|18                                                                                                   ; CLK1       ; CLK1     ; None                        ; None                      ; None                    ;
; N/A                                     ; 38.72 MHz ( period = 25.826 ns )                    ; 273:inst8|16            ; lpm_ram_dq0:inst10|altsyncram:altsyncram_component|altsyncram_dru:auto_generated|ram_block1a7~porta_datain_reg7 ; CLK1       ; CLK1     ; None                        ; None                      ; None                    ;
; N/A                                     ; 38.76 MHz ( period = 25.803 ns )                    ; 273:inst19|15           ; 273:inst22|13                                                                                                   ; CLK1       ; CLK1     ; None                        ; None                      ; None                    ;
; N/A                                     ; 38.79 MHz ( period = 25.782 ns )                    ; reg_3:inst1|273:reg1|17 ; reg_3:inst1|273:reg0|17                                                                                         ; CLK1       ; CLK1     ; None                        ; None                      ; None                    ;
; N/A                                     ; 38.80 MHz ( period = 25.775 ns )                    ; 273:inst8|14            ; reg_3:inst1|273:reg2|13                                                                                         ; CLK1       ; CLK1     ; None                        ; None                      ; None                    ;
; N/A                                     ; 38.80 MHz ( period = 25.774 ns )                    ; 273:inst19|13           ; reg_3:inst1|273:reg0|15                                                                                         ; CLK1       ; CLK1     ; None                        ; None                      ; None                    ;
; N/A                                     ; 38.80 MHz ( period = 25.770 ns )                    ; reg_3:inst1|273:reg2|14 ; lpm_ram_dq0:inst10|altsyncram:altsyncram_component|altsyncram_dru:auto_generated|ram_block1a7~porta_datain_reg2 ; CLK1       ; CLK1     ; None                        ; None                      ; None                    ;
; N/A                                     ; 38.83 MHz ( period = 25.753 ns )                    ; 273:inst8|15            ; reg_3:inst1|273:reg1|14                                                                                         ; CLK1       ; CLK1     ; None                        ; None                      ; None                    ;
; N/A                                     ; 38.85 MHz ( period = 25.741 ns )                    ; reg_3:inst1|273:reg1|13 ; reg_3:inst1|273:reg0|13                                                                                         ; CLK1       ; CLK1     ; None                        ; None                      ; None                    ;
; N/A                                     ; 38.85 MHz ( period = 25.738 ns )                    ; 273:inst19|13           ; 273:inst22|13                                                                                                   ; CLK1       ; CLK1     ; None                        ; None                      ; None                    ;
; N/A                                     ; 38.88 MHz ( period = 25.717 ns )                    ; 273:inst8|14            ; 273:inst21|14                                                                                                   ; CLK1       ; CLK1     ; None                        ; None                      ; None                    ;
; N/A                                     ; 38.90 MHz ( period = 25.709 ns )                    ; 273:inst19|14           ; reg_3:inst1|273:reg0|15                                                                                         ; CLK1       ; CLK1     ; None                        ; None                      ; None                    ;
; N/A                                     ; 38.91 MHz ( period = 25.701 ns )                    ; 273:inst19|12           ; lpm_ram_dq0:inst10|altsyncram:altsyncram_component|altsyncram_dru:auto_generated|ram_block1a7~porta_datain_reg0 ; CLK1       ; CLK1     ; None                        ; None                      ; None                    ;
; N/A                                     ; 38.91 MHz ( period = 25.699 ns )                    ; 273:inst19|18           ; 273:inst22|19                                                                                                   ; CLK1       ; CLK1     ; None                        ; None                      ; None                    ;
; N/A                                     ; 38.92 MHz ( period = 25.697 ns )                    ; 273:inst8|15            ; reg_3:inst1|273:reg2|14                                                                                         ; CLK1       ; CLK1     ; None                        ; None                      ; None                    ;
; N/A                                     ; 38.93 MHz ( period = 25.687 ns )                    ; reg_3:inst1|273:reg1|19 ; 273:inst19|19                                                                                                   ; CLK1       ; CLK1     ; None                        ; None                      ; None                    ;
; N/A                                     ; 38.95 MHz ( period = 25.673 ns )                    ; 273:inst19|14           ; 273:inst22|13                                                                                                   ; CLK1       ; CLK1     ; None                        ; None                      ; None                    ;
; N/A                                     ; 38.96 MHz ( period = 25.666 ns )                    ; 273:inst8|14            ; reg_3:inst1|273:reg2|15                                                                                         ; CLK1       ; CLK1     ; None                        ; None                      ; None                    ;
; N/A                                     ; 38.99 MHz ( period = 25.645 ns )                    ; 273:inst8|17            ; lpm_ram_dq0:inst10|altsyncram:altsyncram_component|altsyncram_dru:auto_generated|ram_block1a7~porta_datain_reg4 ; CLK1       ; CLK1     ; None                        ; None                      ; None                    ;
; N/A                                     ; 39.00 MHz ( period = 25.641 ns )                    ; 273:inst8|15            ; reg_3:inst1|273:reg1|13                                                                                         ; CLK1       ; CLK1     ; None                        ; None                      ; None                    ;
; N/A                                     ; 39.03 MHz ( period = 25.621 ns )                    ; 273:inst19|18           ; lpm_ram_dq0:inst10|altsyncram:altsyncram_component|altsyncram_dru:auto_generated|ram_block1a7~porta_datain_reg4 ; CLK1       ; CLK1     ; None                        ; None                      ; None                    ;
; N/A                                     ; 39.04 MHz ( period = 25.616 ns )                    ; 273:inst8|12            ; 273:inst19|15                                                                                                   ; CLK1       ; CLK1     ; None                        ; None                      ; None                    ;
; N/A                                     ; 39.06 MHz ( period = 25.602 ns )                    ; 273:inst8|19            ; reg_3:inst1|273:reg0|19                                                                                         ; CLK1       ; CLK1     ; None                        ; None                      ; None                    ;
; N/A                                     ; 39.09 MHz ( period = 25.584 ns )                    ; 273:inst8|12            ; 273:inst19|14                                                                                                   ; CLK1       ; CLK1     ; None                        ; None                      ; None                    ;
; N/A                                     ; 39.09 MHz ( period = 25.583 ns )                    ; reg_3:inst1|273:reg1|14 ; reg_3:inst1|273:reg0|14                                                                                         ; CLK1       ; CLK1     ; None                        ; None                      ; None                    ;
; N/A                                     ; 39.09 MHz ( period = 25.583 ns )                    ; reg_3:inst1|273:reg1|17 ; 273:inst22|17                                                                                                   ; CLK1       ; CLK1     ; None                        ; None                      ; None                    ;
; N/A                                     ; 39.10 MHz ( period = 25.578 ns )                    ; reg_3:inst1|273:reg1|19 ; 273:inst8|19                                                                                                    ; CLK1       ; CLK1     ; None                        ; None                      ; None                    ;
; N/A                                     ; 39.12 MHz ( period = 25.565 ns )                    ; 273:inst8|17            ; lpm_ram_dq0:inst10|altsyncram:altsyncram_component|altsyncram_dru:auto_generated|ram_block1a7~porta_datain_reg5 ; CLK1       ; CLK1     ; None                        ; None                      ; None                    ;
; N/A                                     ; 39.13 MHz ( period = 25.557 ns )                    ; reg_3:inst1|273:reg2|18 ; lpm_ram_dq0:inst10|altsyncram:altsyncram_component|altsyncram_dru:auto_generated|ram_block1a7~porta_datain_reg7 ; CLK1       ; CLK1     ; None                        ; None                      ; None                    ;
; N/A                                     ; 39.14 MHz ( period = 25.550 ns )                    ; reg_3:inst1|273:reg1|14 ; 273:inst22|14                                                                                                   ; CLK1       ; CLK1     ; None                        ; None                      ; None                    ;
; N/A                                     ; 39.15 MHz ( period = 25.541 ns )                    ; 273:inst19|18           ; lpm_ram_dq0:inst10|altsyncram:altsyncram_component|altsyncram_dru:auto_generated|ram_block1a7~porta_datain_reg5 ; CLK1       ; CLK1     ; None                        ; None                      ; None                    ;
; N/A                                     ; 39.16 MHz ( period = 25.539 ns )                    ; 273:inst8|14            ; lpm_ram_dq0:inst10|altsyncram:altsyncram_component|altsyncram_dru:auto_generated|ram_block1a7~porta_datain_reg7 ; CLK1       ; CLK1     ; None                        ; None                      ; None                    ;
; N/A                                     ; 39.19 MHz ( period = 25.519 ns )                    ; reg_3:inst1|273:reg2|17 ; lpm_ram_dq0:inst10|altsyncram:altsyncram_component|altsyncram_dru:auto_generated|ram_block1a7~porta_datain_reg5 ; CLK1       ; CLK1     ; None                        ; None                      ; None                    ;
; N/A                                     ; 39.19 MHz ( period = 25.516 ns )                    ; 273:inst8|18            ; reg_3:inst1|273:reg0|19                                                                                         ; CLK1       ; CLK1     ; None                        ; None                      ; None                    ;
; N/A                                     ; 39.20 MHz ( period = 25.507 ns )                    ; 273:inst8|13            ; reg_3:inst1|273:reg1|14                                                                                         ; CLK1       ; CLK1     ; None                        ; None                      ; None                    ;
; N/A                                     ; 39.21 MHz ( period = 25.502 ns )                    ; 273:inst8|16            ; lpm_ram_dq0:inst10|altsyncram:altsyncram_component|altsyncram_dru:auto_generated|ram_block1a7~porta_datain_reg4 ; CLK1       ; CLK1     ; None                        ; None                      ; None                    ;
; N/A                                     ; 39.22 MHz ( period = 25.500 ns )                    ; 273:inst8|12            ; 273:inst8|15                                                                                                    ; CLK1       ; CLK1     ; None                        ; None                      ; None                    ;
; N/A                                     ; 39.22 MHz ( period = 25.496 ns )                    ; reg_3:inst1|273:reg2|12 ; lpm_ram_dq0:inst10|altsyncram:altsyncram_component|altsyncram_dru:auto_generated|ram_block1a7~porta_datain_reg0 ; CLK1       ; CLK1     ; None                        ; None                      ; None                    ;
; N/A                                     ; 39.24 MHz ( period = 25.483 ns )                    ; reg_3:inst1|273:reg2|13 ; lpm_ram_dq0:inst10|altsyncram:altsyncram_component|altsyncram_dru:auto_generated|ram_block1a7~porta_datain_reg1 ; CLK1       ; CLK1     ; None                        ; None                      ; None                    ;
; N/A                                     ; 39.26 MHz ( period = 25.474 ns )                    ; 273:inst8|12            ; 273:inst8|14                                                                                                    ; CLK1       ; CLK1     ; None                        ; None                      ; None                    ;
; N/A                                     ; 39.26 MHz ( period = 25.472 ns )                    ; 273:inst8|14            ; 273:inst20|15                                                                                                   ; CLK1       ; CLK1     ; None                        ; None                      ; None                    ;
; N/A                                     ; 39.28 MHz ( period = 25.456 ns )                    ; reg_3:inst1|273:reg1|18 ; 273:inst19|18                                                                                                   ; CLK1       ; CLK1     ; None                        ; None                      ; None                    ;
; N/A                                     ; 39.29 MHz ( period = 25.451 ns )                    ; 273:inst8|13            ; reg_3:inst1|273:reg2|14                                                                                         ; CLK1       ; CLK1     ; None                        ; None                      ; None                    ;
; N/A                                     ; 39.32 MHz ( period = 25.430 ns )                    ; 273:inst8|15            ; reg_3:inst1|273:reg1|15                                                                                         ; CLK1       ; CLK1     ; None                        ; None                      ; None                    ;
; N/A                                     ; 39.34 MHz ( period = 25.422 ns )                    ; 273:inst8|16            ; lpm_ram_dq0:inst10|altsyncram:altsyncram_component|altsyncram_dru:auto_generated|ram_block1a7~porta_datain_reg5 ; CLK1       ; CLK1     ; None                        ; None                      ; None                    ;
; N/A                                     ; 39.35 MHz ( period = 25.410 ns )                    ; reg_3:inst1|273:reg1|15 ; 273:inst19|15                                                                                                   ; CLK1       ; CLK1     ; None                        ; None                      ; None                    ;
; N/A                                     ; 39.37 MHz ( period = 25.399 ns )                    ; reg_3:inst1|273:reg1|13 ; 273:inst22|13                                                                                                   ; CLK1       ; CLK1     ; None                        ; None                      ; None                    ;
; N/A                                     ; 39.38 MHz ( period = 25.396 ns )                    ; 273:inst19|15           ; reg_3:inst1|273:reg1|14                                                                                         ; CLK1       ; CLK1     ; None                        ; None                      ; None                    ;
; N/A                                     ; 39.38 MHz ( period = 25.395 ns )                    ; 273:inst8|13            ; reg_3:inst1|273:reg1|13                                                                                         ; CLK1       ; CLK1     ; None                        ; None                      ; None                    ;
; N/A                                     ; 39.38 MHz ( period = 25.392 ns )                    ; reg_3:inst1|273:reg0|14 ; lpm_ram_dq0:inst10|altsyncram:altsyncram_component|altsyncram_dru:auto_generated|ram_block1a7~porta_datain_reg2 ; CLK1       ; CLK1     ; None                        ; None                      ; None                    ;
; N/A                                     ; 39.39 MHz ( period = 25.390 ns )                    ; reg_3:inst1|273:reg1|19 ; 273:inst22|19                                                                                                   ; CLK1       ; CLK1     ; None                        ; None                      ; None                    ;
; N/A                                     ; 39.41 MHz ( period = 25.373 ns )                    ; 273:inst19|17           ; lpm_ram_dq0:inst10|altsyncram:altsyncram_component|altsyncram_dru:auto_generated|ram_block1a7~porta_datain_reg7 ; CLK1       ; CLK1     ; None                        ; None                      ; None                    ;
; Timing analysis restricted to 200 rows. ; To change the limit use Settings (Assignments menu) ;                         ;                                                                                                                 ;            ;          ;                             ;                           ;                         ;
+-----------------------------------------+-----------------------------------------------------+-------------------------+-----------------------------------------------------------------------------------------------------------------+------------+----------+-----------------------------+---------------------------+-------------------------+


+---------------------------------------------------------------------------------------------------------------------------------------------------------------------------------------------------------------------------------------------------------------------------------------------------------------------------------------------------------------------------------------------+
; Clock Hold: 'CLK1'                                                                                                                                                                                                                                                                                                                                                                          ;
+------------------------------------------+------------------------------------------------------------------------------------------------------------------+------------------------------------------------------------------------------------------------------------------+------------+----------+----------------------------+----------------------------+--------------------------+
; Minimum Slack                            ; From                                                                                                             ; To                                                                                                               ; From Clock ; To Clock ; Required Hold Relationship ; Required Shortest P2P Time ; Actual Shortest P2P Time ;
+------------------------------------------+------------------------------------------------------------------------------------------------------------------+------------------------------------------------------------------------------------------------------------------+------------+----------+----------------------------+----------------------------+--------------------------+
; Not operational: Clock Skew > Data Delay ; 273:inst19|14                                                                                                    ; 273:inst21|17                                                                                                    ; CLK1       ; CLK1     ; None                       ; None                       ; None                     ;
; Not operational: Clock Skew > Data Delay ; 273:inst8|14                                                                                                     ; 273:inst19|17                                                                                                    ; CLK1       ; CLK1     ; None                       ; None                       ; None                     ;
; Not operational: Clock Skew > Data Delay ; 273:inst19|15                                                                                                    ; 273:inst21|18                                                                                                    ; CLK1       ; CLK1     ; None                       ; None                       ; None                     ;
; Not operational: Clock Skew > Data Delay ; 273:inst8|15                                                                                                     ; 273:inst19|18                                                                                                    ; CLK1       ; CLK1     ; None                       ; None                       ; None                     ;
; Not operational: Clock Skew > Data Delay ; 273:inst8|14                                                                                                     ; 273:inst19|18                                                                                                    ; CLK1       ; CLK1     ; None                       ; None                       ; None                     ;
; Not operational: Clock Skew > Data Delay ; 273:inst19|15                                                                                                    ; 273:inst22|16                                                                                                    ; CLK1       ; CLK1     ; None                       ; None                       ; None                     ;
; Not operational: Clock Skew > Data Delay ; 273:inst19|17                                                                                                    ; 273:inst8|19                                                                                                     ; CLK1       ; CLK1     ; None                       ; None                       ; None                     ;
; Not operational: Clock Skew > Data Delay ; 273:inst8|13                                                                                                     ; 273:inst20|14                                                                                                    ; CLK1       ; CLK1     ; None                       ; None                       ; None                     ;
; Not operational: Clock Skew > Data Delay ; 273:inst19|14                                                                                                    ; 273:inst19|17                                                                                                    ; CLK1       ; CLK1     ; None                       ; None                       ; None                     ;
; Not operational: Clock Skew > Data Delay ; 273:inst19|14                                                                                                    ; 273:inst19|18                                                                                                    ; CLK1       ; CLK1     ; None                       ; None                       ; None                     ;
; Not operational: Clock Skew > Data Delay ; 273:inst19|17                                                                                                    ; 273:inst8|18                                                                                                     ; CLK1       ; CLK1     ; None                       ; None                       ; None                     ;
; Not operational: Clock Skew > Data Delay ; 273:inst8|13                                                                                                     ; 273:inst20|15                                                                                                    ; CLK1       ; CLK1     ; None                       ; None                       ; None                     ;
; Not operational: Clock Skew > Data Delay ; 273:inst8|16                                                                                                     ; 273:inst8|19                                                                                                     ; CLK1       ; CLK1     ; None                       ; None                       ; None                     ;
; Not operational: Clock Skew > Data Delay ; 273:inst8|15                                                                                                     ; 273:inst19|16                                                                                                    ; CLK1       ; CLK1     ; None                       ; None                       ; None                     ;
; Not operational: Clock Skew > Data Delay ; 273:inst19|12                                                                                                    ; 273:inst8|13                                                                                                     ; CLK1       ; CLK1     ; None                       ; None                       ; None                     ;
; Not operational: Clock Skew > Data Delay ; 273:inst8|14                                                                                                     ; 273:inst19|16                                                                                                    ; CLK1       ; CLK1     ; None                       ; None                       ; None                     ;
; Not operational: Clock Skew > Data Delay ; lpm_ram_dq0:inst10|altsyncram:altsyncram_component|altsyncram_dru:auto_generated|ram_block1a7~porta_address_reg7 ; 273:inst22|18                                                                                                    ; CLK1       ; CLK1     ; None                       ; None                       ; None                     ;
; Not operational: Clock Skew > Data Delay ; lpm_ram_dq0:inst10|altsyncram:altsyncram_component|altsyncram_dru:auto_generated|ram_block1a7~porta_address_reg6 ; 273:inst22|18                                                                                                    ; CLK1       ; CLK1     ; None                       ; None                       ; None                     ;
; Not operational: Clock Skew > Data Delay ; lpm_ram_dq0:inst10|altsyncram:altsyncram_component|altsyncram_dru:auto_generated|ram_block1a7~porta_address_reg5 ; 273:inst22|18                                                                                                    ; CLK1       ; CLK1     ; None                       ; None                       ; None                     ;
; Not operational: Clock Skew > Data Delay ; lpm_ram_dq0:inst10|altsyncram:altsyncram_component|altsyncram_dru:auto_generated|ram_block1a7~porta_address_reg4 ; 273:inst22|18                                                                                                    ; CLK1       ; CLK1     ; None                       ; None                       ; None                     ;
; Not operational: Clock Skew > Data Delay ; lpm_ram_dq0:inst10|altsyncram:altsyncram_component|altsyncram_dru:auto_generated|ram_block1a7~porta_address_reg3 ; 273:inst22|18                                                                                                    ; CLK1       ; CLK1     ; None                       ; None                       ; None                     ;
; Not operational: Clock Skew > Data Delay ; lpm_ram_dq0:inst10|altsyncram:altsyncram_component|altsyncram_dru:auto_generated|ram_block1a7~porta_address_reg2 ; 273:inst22|18                                                                                                    ; CLK1       ; CLK1     ; None                       ; None                       ; None                     ;
; Not operational: Clock Skew > Data Delay ; lpm_ram_dq0:inst10|altsyncram:altsyncram_component|altsyncram_dru:auto_generated|ram_block1a7~porta_address_reg1 ; 273:inst22|18                                                                                                    ; CLK1       ; CLK1     ; None                       ; None                       ; None                     ;
; Not operational: Clock Skew > Data Delay ; lpm_ram_dq0:inst10|altsyncram:altsyncram_component|altsyncram_dru:auto_generated|ram_block1a7~porta_address_reg0 ; 273:inst22|18                                                                                                    ; CLK1       ; CLK1     ; None                       ; None                       ; None                     ;
; Not operational: Clock Skew > Data Delay ; 273:inst19|16                                                                                                    ; 273:inst8|19                                                                                                     ; CLK1       ; CLK1     ; None                       ; None                       ; None                     ;
; Not operational: Clock Skew > Data Delay ; 273:inst19|12                                                                                                    ; 273:inst21|13                                                                                                    ; CLK1       ; CLK1     ; None                       ; None                       ; None                     ;
; Not operational: Clock Skew > Data Delay ; 273:inst19|12                                                                                                    ; 273:inst21|15                                                                                                    ; CLK1       ; CLK1     ; None                       ; None                       ; None                     ;
; Not operational: Clock Skew > Data Delay ; 273:inst19|12                                                                                                    ; 273:inst22|13                                                                                                    ; CLK1       ; CLK1     ; None                       ; None                       ; None                     ;
; Not operational: Clock Skew > Data Delay ; 273:inst8|15                                                                                                     ; 273:inst21|18                                                                                                    ; CLK1       ; CLK1     ; None                       ; None                       ; None                     ;
; Not operational: Clock Skew > Data Delay ; lpm_ram_dq0:inst10|altsyncram:altsyncram_component|altsyncram_dru:auto_generated|ram_block1a7~porta_address_reg7 ; 273:inst8|13                                                                                                     ; CLK1       ; CLK1     ; None                       ; None                       ; None                     ;
; Not operational: Clock Skew > Data Delay ; lpm_ram_dq0:inst10|altsyncram:altsyncram_component|altsyncram_dru:auto_generated|ram_block1a7~porta_address_reg6 ; 273:inst8|13                                                                                                     ; CLK1       ; CLK1     ; None                       ; None                       ; None                     ;
; Not operational: Clock Skew > Data Delay ; lpm_ram_dq0:inst10|altsyncram:altsyncram_component|altsyncram_dru:auto_generated|ram_block1a7~porta_address_reg5 ; 273:inst8|13                                                                                                     ; CLK1       ; CLK1     ; None                       ; None                       ; None                     ;
; Not operational: Clock Skew > Data Delay ; lpm_ram_dq0:inst10|altsyncram:altsyncram_component|altsyncram_dru:auto_generated|ram_block1a7~porta_address_reg4 ; 273:inst8|13                                                                                                     ; CLK1       ; CLK1     ; None                       ; None                       ; None                     ;
; Not operational: Clock Skew > Data Delay ; lpm_ram_dq0:inst10|altsyncram:altsyncram_component|altsyncram_dru:auto_generated|ram_block1a7~porta_address_reg3 ; 273:inst8|13                                                                                                     ; CLK1       ; CLK1     ; None                       ; None                       ; None                     ;
; Not operational: Clock Skew > Data Delay ; lpm_ram_dq0:inst10|altsyncram:altsyncram_component|altsyncram_dru:auto_generated|ram_block1a7~porta_address_reg2 ; 273:inst8|13                                                                                                     ; CLK1       ; CLK1     ; None                       ; None                       ; None                     ;
; Not operational: Clock Skew > Data Delay ; lpm_ram_dq0:inst10|altsyncram:altsyncram_component|altsyncram_dru:auto_generated|ram_block1a7~porta_address_reg1 ; 273:inst8|13                                                                                                     ; CLK1       ; CLK1     ; None                       ; None                       ; None                     ;
; Not operational: Clock Skew > Data Delay ; lpm_ram_dq0:inst10|altsyncram:altsyncram_component|altsyncram_dru:auto_generated|ram_block1a7~porta_address_reg0 ; 273:inst8|13                                                                                                     ; CLK1       ; CLK1     ; None                       ; None                       ; None                     ;
; Not operational: Clock Skew > Data Delay ; 273:inst8|18                                                                                                     ; 273:inst21|19                                                                                                    ; CLK1       ; CLK1     ; None                       ; None                       ; None                     ;
; Not operational: Clock Skew > Data Delay ; 273:inst8|14                                                                                                     ; 273:inst21|18                                                                                                    ; CLK1       ; CLK1     ; None                       ; None                       ; None                     ;
; Not operational: Clock Skew > Data Delay ; 273:inst8|15                                                                                                     ; 273:inst22|16                                                                                                    ; CLK1       ; CLK1     ; None                       ; None                       ; None                     ;
; Not operational: Clock Skew > Data Delay ; 273:inst19|17                                                                                                    ; 273:inst22|19                                                                                                    ; CLK1       ; CLK1     ; None                       ; None                       ; None                     ;
; Not operational: Clock Skew > Data Delay ; lpm_ram_dq0:inst10|altsyncram:altsyncram_component|altsyncram_dru:auto_generated|ram_block1a7~porta_address_reg7 ; 273:inst21|13                                                                                                    ; CLK1       ; CLK1     ; None                       ; None                       ; None                     ;
; Not operational: Clock Skew > Data Delay ; lpm_ram_dq0:inst10|altsyncram:altsyncram_component|altsyncram_dru:auto_generated|ram_block1a7~porta_address_reg6 ; 273:inst21|13                                                                                                    ; CLK1       ; CLK1     ; None                       ; None                       ; None                     ;
; Not operational: Clock Skew > Data Delay ; lpm_ram_dq0:inst10|altsyncram:altsyncram_component|altsyncram_dru:auto_generated|ram_block1a7~porta_address_reg5 ; 273:inst21|13                                                                                                    ; CLK1       ; CLK1     ; None                       ; None                       ; None                     ;
; Not operational: Clock Skew > Data Delay ; lpm_ram_dq0:inst10|altsyncram:altsyncram_component|altsyncram_dru:auto_generated|ram_block1a7~porta_address_reg4 ; 273:inst21|13                                                                                                    ; CLK1       ; CLK1     ; None                       ; None                       ; None                     ;
; Not operational: Clock Skew > Data Delay ; lpm_ram_dq0:inst10|altsyncram:altsyncram_component|altsyncram_dru:auto_generated|ram_block1a7~porta_address_reg3 ; 273:inst21|13                                                                                                    ; CLK1       ; CLK1     ; None                       ; None                       ; None                     ;
; Not operational: Clock Skew > Data Delay ; lpm_ram_dq0:inst10|altsyncram:altsyncram_component|altsyncram_dru:auto_generated|ram_block1a7~porta_address_reg2 ; 273:inst21|13                                                                                                    ; CLK1       ; CLK1     ; None                       ; None                       ; None                     ;
; Not operational: Clock Skew > Data Delay ; lpm_ram_dq0:inst10|altsyncram:altsyncram_component|altsyncram_dru:auto_generated|ram_block1a7~porta_address_reg1 ; 273:inst21|13                                                                                                    ; CLK1       ; CLK1     ; None                       ; None                       ; None                     ;
; Not operational: Clock Skew > Data Delay ; lpm_ram_dq0:inst10|altsyncram:altsyncram_component|altsyncram_dru:auto_generated|ram_block1a7~porta_address_reg0 ; 273:inst21|13                                                                                                    ; CLK1       ; CLK1     ; None                       ; None                       ; None                     ;
; Not operational: Clock Skew > Data Delay ; 273:inst8|14                                                                                                     ; 273:inst22|16                                                                                                    ; CLK1       ; CLK1     ; None                       ; None                       ; None                     ;
; Not operational: Clock Skew > Data Delay ; lpm_ram_dq0:inst10|altsyncram:altsyncram_component|altsyncram_dru:auto_generated|ram_block1a7~porta_address_reg7 ; 273:inst22|13                                                                                                    ; CLK1       ; CLK1     ; None                       ; None                       ; None                     ;
; Not operational: Clock Skew > Data Delay ; lpm_ram_dq0:inst10|altsyncram:altsyncram_component|altsyncram_dru:auto_generated|ram_block1a7~porta_address_reg6 ; 273:inst22|13                                                                                                    ; CLK1       ; CLK1     ; None                       ; None                       ; None                     ;
; Not operational: Clock Skew > Data Delay ; lpm_ram_dq0:inst10|altsyncram:altsyncram_component|altsyncram_dru:auto_generated|ram_block1a7~porta_address_reg5 ; 273:inst22|13                                                                                                    ; CLK1       ; CLK1     ; None                       ; None                       ; None                     ;
; Not operational: Clock Skew > Data Delay ; lpm_ram_dq0:inst10|altsyncram:altsyncram_component|altsyncram_dru:auto_generated|ram_block1a7~porta_address_reg4 ; 273:inst22|13                                                                                                    ; CLK1       ; CLK1     ; None                       ; None                       ; None                     ;
; Not operational: Clock Skew > Data Delay ; lpm_ram_dq0:inst10|altsyncram:altsyncram_component|altsyncram_dru:auto_generated|ram_block1a7~porta_address_reg3 ; 273:inst22|13                                                                                                    ; CLK1       ; CLK1     ; None                       ; None                       ; None                     ;
; Not operational: Clock Skew > Data Delay ; lpm_ram_dq0:inst10|altsyncram:altsyncram_component|altsyncram_dru:auto_generated|ram_block1a7~porta_address_reg2 ; 273:inst22|13                                                                                                    ; CLK1       ; CLK1     ; None                       ; None                       ; None                     ;
; Not operational: Clock Skew > Data Delay ; lpm_ram_dq0:inst10|altsyncram:altsyncram_component|altsyncram_dru:auto_generated|ram_block1a7~porta_address_reg1 ; 273:inst22|13                                                                                                    ; CLK1       ; CLK1     ; None                       ; None                       ; None                     ;
; Not operational: Clock Skew > Data Delay ; lpm_ram_dq0:inst10|altsyncram:altsyncram_component|altsyncram_dru:auto_generated|ram_block1a7~porta_address_reg0 ; 273:inst22|13                                                                                                    ; CLK1       ; CLK1     ; None                       ; None                       ; None                     ;
; Not operational: Clock Skew > Data Delay ; 273:inst19|14                                                                                                    ; 273:inst19|16                                                                                                    ; CLK1       ; CLK1     ; None                       ; None                       ; None                     ;
; Not operational: Clock Skew > Data Delay ; 273:inst8|16                                                                                                     ; 273:inst8|17                                                                                                     ; CLK1       ; CLK1     ; None                       ; None                       ; None                     ;
; Not operational: Clock Skew > Data Delay ; 273:inst8|16                                                                                                     ; 273:inst8|18                                                                                                     ; CLK1       ; CLK1     ; None                       ; None                       ; None                     ;
; Not operational: Clock Skew > Data Delay ; 273:inst8|16                                                                                                     ; 273:inst22|17                                                                                                    ; CLK1       ; CLK1     ; None                       ; None                       ; None                     ;
; Not operational: Clock Skew > Data Delay ; 273:inst19|16                                                                                                    ; 273:inst8|17                                                                                                     ; CLK1       ; CLK1     ; None                       ; None                       ; None                     ;
; Not operational: Clock Skew > Data Delay ; 273:inst19|18                                                                                                    ; 273:inst21|19                                                                                                    ; CLK1       ; CLK1     ; None                       ; None                       ; None                     ;
; Not operational: Clock Skew > Data Delay ; 273:inst19|14                                                                                                    ; 273:inst21|18                                                                                                    ; CLK1       ; CLK1     ; None                       ; None                       ; None                     ;
; Not operational: Clock Skew > Data Delay ; 273:inst19|16                                                                                                    ; 273:inst8|18                                                                                                     ; CLK1       ; CLK1     ; None                       ; None                       ; None                     ;
; Not operational: Clock Skew > Data Delay ; 273:inst19|14                                                                                                    ; 273:inst22|16                                                                                                    ; CLK1       ; CLK1     ; None                       ; None                       ; None                     ;
; Not operational: Clock Skew > Data Delay ; 273:inst19|16                                                                                                    ; 273:inst22|17                                                                                                    ; CLK1       ; CLK1     ; None                       ; None                       ; None                     ;
; Not operational: Clock Skew > Data Delay ; lpm_ram_dq0:inst10|altsyncram:altsyncram_component|altsyncram_dru:auto_generated|ram_block1a7~porta_address_reg7 ; 273:inst19|18                                                                                                    ; CLK1       ; CLK1     ; None                       ; None                       ; None                     ;
; Not operational: Clock Skew > Data Delay ; lpm_ram_dq0:inst10|altsyncram:altsyncram_component|altsyncram_dru:auto_generated|ram_block1a7~porta_address_reg6 ; 273:inst19|18                                                                                                    ; CLK1       ; CLK1     ; None                       ; None                       ; None                     ;
; Not operational: Clock Skew > Data Delay ; lpm_ram_dq0:inst10|altsyncram:altsyncram_component|altsyncram_dru:auto_generated|ram_block1a7~porta_address_reg5 ; 273:inst19|18                                                                                                    ; CLK1       ; CLK1     ; None                       ; None                       ; None                     ;
; Not operational: Clock Skew > Data Delay ; lpm_ram_dq0:inst10|altsyncram:altsyncram_component|altsyncram_dru:auto_generated|ram_block1a7~porta_address_reg4 ; 273:inst19|18                                                                                                    ; CLK1       ; CLK1     ; None                       ; None                       ; None                     ;
; Not operational: Clock Skew > Data Delay ; lpm_ram_dq0:inst10|altsyncram:altsyncram_component|altsyncram_dru:auto_generated|ram_block1a7~porta_address_reg3 ; 273:inst19|18                                                                                                    ; CLK1       ; CLK1     ; None                       ; None                       ; None                     ;
; Not operational: Clock Skew > Data Delay ; lpm_ram_dq0:inst10|altsyncram:altsyncram_component|altsyncram_dru:auto_generated|ram_block1a7~porta_address_reg2 ; 273:inst19|18                                                                                                    ; CLK1       ; CLK1     ; None                       ; None                       ; None                     ;
; Not operational: Clock Skew > Data Delay ; lpm_ram_dq0:inst10|altsyncram:altsyncram_component|altsyncram_dru:auto_generated|ram_block1a7~porta_address_reg1 ; 273:inst19|18                                                                                                    ; CLK1       ; CLK1     ; None                       ; None                       ; None                     ;
; Not operational: Clock Skew > Data Delay ; lpm_ram_dq0:inst10|altsyncram:altsyncram_component|altsyncram_dru:auto_generated|ram_block1a7~porta_address_reg0 ; 273:inst19|18                                                                                                    ; CLK1       ; CLK1     ; None                       ; None                       ; None                     ;
; Not operational: Clock Skew > Data Delay ; 273:inst8|17                                                                                                     ; 273:inst8|19                                                                                                     ; CLK1       ; CLK1     ; None                       ; None                       ; None                     ;
; Not operational: Clock Skew > Data Delay ; 273:inst8|16                                                                                                     ; 273:inst22|19                                                                                                    ; CLK1       ; CLK1     ; None                       ; None                       ; None                     ;
; Not operational: Clock Skew > Data Delay ; 273:inst19|16                                                                                                    ; 273:inst22|19                                                                                                    ; CLK1       ; CLK1     ; None                       ; None                       ; None                     ;
; Not operational: Clock Skew > Data Delay ; 273:inst19|17                                                                                                    ; 273:inst22|18                                                                                                    ; CLK1       ; CLK1     ; None                       ; None                       ; None                     ;
; Not operational: Clock Skew > Data Delay ; 273:inst19|17                                                                                                    ; 273:inst19|19                                                                                                    ; CLK1       ; CLK1     ; None                       ; None                       ; None                     ;
; Not operational: Clock Skew > Data Delay ; 273:inst19|13                                                                                                    ; 273:inst21|15                                                                                                    ; CLK1       ; CLK1     ; None                       ; None                       ; None                     ;
; Not operational: Clock Skew > Data Delay ; 273:inst8|17                                                                                                     ; 273:inst8|18                                                                                                     ; CLK1       ; CLK1     ; None                       ; None                       ; None                     ;
; Not operational: Clock Skew > Data Delay ; 273:inst19|12                                                                                                    ; 273:inst22|15                                                                                                    ; CLK1       ; CLK1     ; None                       ; None                       ; None                     ;
; Not operational: Clock Skew > Data Delay ; 273:inst8|16                                                                                                     ; 273:inst22|18                                                                                                    ; CLK1       ; CLK1     ; None                       ; None                       ; None                     ;
; Not operational: Clock Skew > Data Delay ; 273:inst19|17                                                                                                    ; 273:inst19|18                                                                                                    ; CLK1       ; CLK1     ; None                       ; None                       ; None                     ;
; Not operational: Clock Skew > Data Delay ; 273:inst8|17                                                                                                     ; 273:inst22|19                                                                                                    ; CLK1       ; CLK1     ; None                       ; None                       ; None                     ;
; Not operational: Clock Skew > Data Delay ; 273:inst19|16                                                                                                    ; 273:inst22|18                                                                                                    ; CLK1       ; CLK1     ; None                       ; None                       ; None                     ;
; Not operational: Clock Skew > Data Delay ; lpm_ram_dq0:inst10|altsyncram:altsyncram_component|altsyncram_dru:auto_generated|ram_block1a7~porta_address_reg7 ; 273:inst21|18                                                                                                    ; CLK1       ; CLK1     ; None                       ; None                       ; None                     ;
; Not operational: Clock Skew > Data Delay ; lpm_ram_dq0:inst10|altsyncram:altsyncram_component|altsyncram_dru:auto_generated|ram_block1a7~porta_address_reg6 ; 273:inst21|18                                                                                                    ; CLK1       ; CLK1     ; None                       ; None                       ; None                     ;
; Not operational: Clock Skew > Data Delay ; lpm_ram_dq0:inst10|altsyncram:altsyncram_component|altsyncram_dru:auto_generated|ram_block1a7~porta_address_reg5 ; 273:inst21|18                                                                                                    ; CLK1       ; CLK1     ; None                       ; None                       ; None                     ;
; Not operational: Clock Skew > Data Delay ; lpm_ram_dq0:inst10|altsyncram:altsyncram_component|altsyncram_dru:auto_generated|ram_block1a7~porta_address_reg4 ; 273:inst21|18                                                                                                    ; CLK1       ; CLK1     ; None                       ; None                       ; None                     ;
; Not operational: Clock Skew > Data Delay ; lpm_ram_dq0:inst10|altsyncram:altsyncram_component|altsyncram_dru:auto_generated|ram_block1a7~porta_address_reg3 ; 273:inst21|18                                                                                                    ; CLK1       ; CLK1     ; None                       ; None                       ; None                     ;
; Not operational: Clock Skew > Data Delay ; lpm_ram_dq0:inst10|altsyncram:altsyncram_component|altsyncram_dru:auto_generated|ram_block1a7~porta_address_reg2 ; 273:inst21|18                                                                                                    ; CLK1       ; CLK1     ; None                       ; None                       ; None                     ;
; Not operational: Clock Skew > Data Delay ; lpm_ram_dq0:inst10|altsyncram:altsyncram_component|altsyncram_dru:auto_generated|ram_block1a7~porta_address_reg1 ; 273:inst21|18                                                                                                    ; CLK1       ; CLK1     ; None                       ; None                       ; None                     ;
; Not operational: Clock Skew > Data Delay ; lpm_ram_dq0:inst10|altsyncram:altsyncram_component|altsyncram_dru:auto_generated|ram_block1a7~porta_address_reg0 ; 273:inst21|18                                                                                                    ; CLK1       ; CLK1     ; None                       ; None                       ; None                     ;
; Not operational: Clock Skew > Data Delay ; 273:inst8|16                                                                                                     ; 273:inst19|19                                                                                                    ; CLK1       ; CLK1     ; None                       ; None                       ; None                     ;
; Not operational: Clock Skew > Data Delay ; 273:inst19|12                                                                                                    ; 273:inst22|14                                                                                                    ; CLK1       ; CLK1     ; None                       ; None                       ; None                     ;
; Not operational: Clock Skew > Data Delay ; 273:inst19|12                                                                                                    ; 273:inst21|14                                                                                                    ; CLK1       ; CLK1     ; None                       ; None                       ; None                     ;
; Not operational: Clock Skew > Data Delay ; 273:inst19|12                                                                                                    ; 273:inst19|13                                                                                                    ; CLK1       ; CLK1     ; None                       ; None                       ; None                     ;
; Not operational: Clock Skew > Data Delay ; 273:inst19|12                                                                                                    ; 273:inst8|14                                                                                                     ; CLK1       ; CLK1     ; None                       ; None                       ; None                     ;
; Not operational: Clock Skew > Data Delay ; 273:inst8|16                                                                                                     ; 273:inst21|17                                                                                                    ; CLK1       ; CLK1     ; None                       ; None                       ; None                     ;
; Not operational: Clock Skew > Data Delay ; 273:inst19|16                                                                                                    ; 273:inst19|19                                                                                                    ; CLK1       ; CLK1     ; None                       ; None                       ; None                     ;
; Not operational: Clock Skew > Data Delay ; 273:inst19|12                                                                                                    ; 273:inst8|15                                                                                                     ; CLK1       ; CLK1     ; None                       ; None                       ; None                     ;
; Not operational: Clock Skew > Data Delay ; 273:inst19|16                                                                                                    ; 273:inst21|17                                                                                                    ; CLK1       ; CLK1     ; None                       ; None                       ; None                     ;
; Not operational: Clock Skew > Data Delay ; lpm_ram_dq0:inst10|altsyncram:altsyncram_component|altsyncram_dru:auto_generated|ram_block1a7~porta_address_reg7 ; 273:inst19|13                                                                                                    ; CLK1       ; CLK1     ; None                       ; None                       ; None                     ;
; Not operational: Clock Skew > Data Delay ; lpm_ram_dq0:inst10|altsyncram:altsyncram_component|altsyncram_dru:auto_generated|ram_block1a7~porta_address_reg6 ; 273:inst19|13                                                                                                    ; CLK1       ; CLK1     ; None                       ; None                       ; None                     ;
; Not operational: Clock Skew > Data Delay ; lpm_ram_dq0:inst10|altsyncram:altsyncram_component|altsyncram_dru:auto_generated|ram_block1a7~porta_address_reg5 ; 273:inst19|13                                                                                                    ; CLK1       ; CLK1     ; None                       ; None                       ; None                     ;
; Not operational: Clock Skew > Data Delay ; lpm_ram_dq0:inst10|altsyncram:altsyncram_component|altsyncram_dru:auto_generated|ram_block1a7~porta_address_reg4 ; 273:inst19|13                                                                                                    ; CLK1       ; CLK1     ; None                       ; None                       ; None                     ;
; Not operational: Clock Skew > Data Delay ; lpm_ram_dq0:inst10|altsyncram:altsyncram_component|altsyncram_dru:auto_generated|ram_block1a7~porta_address_reg3 ; 273:inst19|13                                                                                                    ; CLK1       ; CLK1     ; None                       ; None                       ; None                     ;
; Not operational: Clock Skew > Data Delay ; lpm_ram_dq0:inst10|altsyncram:altsyncram_component|altsyncram_dru:auto_generated|ram_block1a7~porta_address_reg2 ; 273:inst19|13                                                                                                    ; CLK1       ; CLK1     ; None                       ; None                       ; None                     ;
; Not operational: Clock Skew > Data Delay ; lpm_ram_dq0:inst10|altsyncram:altsyncram_component|altsyncram_dru:auto_generated|ram_block1a7~porta_address_reg1 ; 273:inst19|13                                                                                                    ; CLK1       ; CLK1     ; None                       ; None                       ; None                     ;
; Not operational: Clock Skew > Data Delay ; lpm_ram_dq0:inst10|altsyncram:altsyncram_component|altsyncram_dru:auto_generated|ram_block1a7~porta_address_reg0 ; 273:inst19|13                                                                                                    ; CLK1       ; CLK1     ; None                       ; None                       ; None                     ;
; Not operational: Clock Skew > Data Delay ; 273:inst8|16                                                                                                     ; 273:inst19|17                                                                                                    ; CLK1       ; CLK1     ; None                       ; None                       ; None                     ;
; Not operational: Clock Skew > Data Delay ; 273:inst8|12                                                                                                     ; 273:inst8|13                                                                                                     ; CLK1       ; CLK1     ; None                       ; None                       ; None                     ;
; Not operational: Clock Skew > Data Delay ; 273:inst8|16                                                                                                     ; 273:inst19|18                                                                                                    ; CLK1       ; CLK1     ; None                       ; None                       ; None                     ;
; Not operational: Clock Skew > Data Delay ; 273:inst8|12                                                                                                     ; 273:inst21|13                                                                                                    ; CLK1       ; CLK1     ; None                       ; None                       ; None                     ;
; Not operational: Clock Skew > Data Delay ; 273:inst8|12                                                                                                     ; 273:inst21|15                                                                                                    ; CLK1       ; CLK1     ; None                       ; None                       ; None                     ;
; Not operational: Clock Skew > Data Delay ; 273:inst19|16                                                                                                    ; 273:inst19|17                                                                                                    ; CLK1       ; CLK1     ; None                       ; None                       ; None                     ;
; Not operational: Clock Skew > Data Delay ; 273:inst8|12                                                                                                     ; 273:inst22|13                                                                                                    ; CLK1       ; CLK1     ; None                       ; None                       ; None                     ;
; Not operational: Clock Skew > Data Delay ; 273:inst19|16                                                                                                    ; 273:inst19|18                                                                                                    ; CLK1       ; CLK1     ; None                       ; None                       ; None                     ;
; Not operational: Clock Skew > Data Delay ; 273:inst8|17                                                                                                     ; 273:inst22|18                                                                                                    ; CLK1       ; CLK1     ; None                       ; None                       ; None                     ;
; Not operational: Clock Skew > Data Delay ; 273:inst8|18                                                                                                     ; 273:inst8|19                                                                                                     ; CLK1       ; CLK1     ; None                       ; None                       ; None                     ;
; Not operational: Clock Skew > Data Delay ; 273:inst8|17                                                                                                     ; 273:inst19|19                                                                                                    ; CLK1       ; CLK1     ; None                       ; None                       ; None                     ;
; Not operational: Clock Skew > Data Delay ; 273:inst19|13                                                                                                    ; 273:inst22|15                                                                                                    ; CLK1       ; CLK1     ; None                       ; None                       ; None                     ;
; Not operational: Clock Skew > Data Delay ; 273:inst19|17                                                                                                    ; 273:inst21|18                                                                                                    ; CLK1       ; CLK1     ; None                       ; None                       ; None                     ;
; Not operational: Clock Skew > Data Delay ; 273:inst19|13                                                                                                    ; 273:inst22|14                                                                                                    ; CLK1       ; CLK1     ; None                       ; None                       ; None                     ;
; Not operational: Clock Skew > Data Delay ; 273:inst19|13                                                                                                    ; 273:inst21|14                                                                                                    ; CLK1       ; CLK1     ; None                       ; None                       ; None                     ;
; Not operational: Clock Skew > Data Delay ; 273:inst19|18                                                                                                    ; 273:inst8|19                                                                                                     ; CLK1       ; CLK1     ; None                       ; None                       ; None                     ;
; Not operational: Clock Skew > Data Delay ; 273:inst19|13                                                                                                    ; 273:inst8|14                                                                                                     ; CLK1       ; CLK1     ; None                       ; None                       ; None                     ;
; Not operational: Clock Skew > Data Delay ; 273:inst19|13                                                                                                    ; 273:inst8|15                                                                                                     ; CLK1       ; CLK1     ; None                       ; None                       ; None                     ;
; Not operational: Clock Skew > Data Delay ; 273:inst8|17                                                                                                     ; 273:inst19|18                                                                                                    ; CLK1       ; CLK1     ; None                       ; None                       ; None                     ;
; Not operational: Clock Skew > Data Delay ; 273:inst8|16                                                                                                     ; 273:inst21|18                                                                                                    ; CLK1       ; CLK1     ; None                       ; None                       ; None                     ;
; Not operational: Clock Skew > Data Delay ; 273:inst19|16                                                                                                    ; 273:inst21|18                                                                                                    ; CLK1       ; CLK1     ; None                       ; None                       ; None                     ;
; Not operational: Clock Skew > Data Delay ; 273:inst8|18                                                                                                     ; 273:inst22|19                                                                                                    ; CLK1       ; CLK1     ; None                       ; None                       ; None                     ;
; Not operational: Clock Skew > Data Delay ; 273:inst8|13                                                                                                     ; 273:inst21|15                                                                                                    ; CLK1       ; CLK1     ; None                       ; None                       ; None                     ;
; Not operational: Clock Skew > Data Delay ; 273:inst19|12                                                                                                    ; 273:inst19|14                                                                                                    ; CLK1       ; CLK1     ; None                       ; None                       ; None                     ;
; Not operational: Clock Skew > Data Delay ; 273:inst8|12                                                                                                     ; 273:inst22|15                                                                                                    ; CLK1       ; CLK1     ; None                       ; None                       ; None                     ;
; Not operational: Clock Skew > Data Delay ; 273:inst8|14                                                                                                     ; 273:inst20|15                                                                                                    ; CLK1       ; CLK1     ; None                       ; None                       ; None                     ;
; Not operational: Clock Skew > Data Delay ; 273:inst19|12                                                                                                    ; 273:inst19|15                                                                                                    ; CLK1       ; CLK1     ; None                       ; None                       ; None                     ;
; Not operational: Clock Skew > Data Delay ; 273:inst19|18                                                                                                    ; 273:inst22|19                                                                                                    ; CLK1       ; CLK1     ; None                       ; None                       ; None                     ;
; Not operational: Clock Skew > Data Delay ; 273:inst8|12                                                                                                     ; 273:inst22|14                                                                                                    ; CLK1       ; CLK1     ; None                       ; None                       ; None                     ;
; Not operational: Clock Skew > Data Delay ; 273:inst8|12                                                                                                     ; 273:inst21|14                                                                                                    ; CLK1       ; CLK1     ; None                       ; None                       ; None                     ;
; Not operational: Clock Skew > Data Delay ; 273:inst8|12                                                                                                     ; 273:inst19|13                                                                                                    ; CLK1       ; CLK1     ; None                       ; None                       ; None                     ;
; Not operational: Clock Skew > Data Delay ; 273:inst8|12                                                                                                     ; 273:inst8|14                                                                                                     ; CLK1       ; CLK1     ; None                       ; None                       ; None                     ;
; Not operational: Clock Skew > Data Delay ; 273:inst19|14                                                                                                    ; 273:inst20|15                                                                                                    ; CLK1       ; CLK1     ; None                       ; None                       ; None                     ;
; Not operational: Clock Skew > Data Delay ; 273:inst8|12                                                                                                     ; 273:inst8|15                                                                                                     ; CLK1       ; CLK1     ; None                       ; None                       ; None                     ;
; Not operational: Clock Skew > Data Delay ; 273:inst8|17                                                                                                     ; 273:inst21|18                                                                                                    ; CLK1       ; CLK1     ; None                       ; None                       ; None                     ;
; Not operational: Clock Skew > Data Delay ; 273:inst8|18                                                                                                     ; 273:inst19|19                                                                                                    ; CLK1       ; CLK1     ; None                       ; None                       ; None                     ;
; Not operational: Clock Skew > Data Delay ; 273:inst19|18                                                                                                    ; 273:inst19|19                                                                                                    ; CLK1       ; CLK1     ; None                       ; None                       ; None                     ;
; Not operational: Clock Skew > Data Delay ; 273:inst19|13                                                                                                    ; 273:inst19|14                                                                                                    ; CLK1       ; CLK1     ; None                       ; None                       ; None                     ;
; Not operational: Clock Skew > Data Delay ; 273:inst19|13                                                                                                    ; 273:inst19|15                                                                                                    ; CLK1       ; CLK1     ; None                       ; None                       ; None                     ;
; Not operational: Clock Skew > Data Delay ; 273:inst8|13                                                                                                     ; 273:inst22|15                                                                                                    ; CLK1       ; CLK1     ; None                       ; None                       ; None                     ;
; Not operational: Clock Skew > Data Delay ; 273:inst8|13                                                                                                     ; 273:inst22|14                                                                                                    ; CLK1       ; CLK1     ; None                       ; None                       ; None                     ;
; Not operational: Clock Skew > Data Delay ; 273:inst8|13                                                                                                     ; 273:inst21|14                                                                                                    ; CLK1       ; CLK1     ; None                       ; None                       ; None                     ;
; Not operational: Clock Skew > Data Delay ; 273:inst8|13                                                                                                     ; 273:inst8|14                                                                                                     ; CLK1       ; CLK1     ; None                       ; None                       ; None                     ;
; Not operational: Clock Skew > Data Delay ; 273:inst8|13                                                                                                     ; 273:inst8|15                                                                                                     ; CLK1       ; CLK1     ; None                       ; None                       ; None                     ;
; Not operational: Clock Skew > Data Delay ; se6_1:inst7|inst40                                                                                               ; lpm_rom0:inst12|altsyncram:altsyncram_component|altsyncram_ecq:auto_generated|ram_block1a14~porta_address_reg0   ; CLK1       ; CLK1     ; None                       ; None                       ; None                     ;
; Not operational: Clock Skew > Data Delay ; 273:inst8|12                                                                                                     ; 273:inst19|14                                                                                                    ; CLK1       ; CLK1     ; None                       ; None                       ; None                     ;
; Not operational: Clock Skew > Data Delay ; t4:inst4|inst                                                                                                    ; t4:inst4|inst                                                                                                    ; CLK1       ; CLK1     ; None                       ; None                       ; None                     ;
; Not operational: Clock Skew > Data Delay ; 273:inst8|12                                                                                                     ; 273:inst19|15                                                                                                    ; CLK1       ; CLK1     ; None                       ; None                       ; None                     ;
; Not operational: Clock Skew > Data Delay ; t4:inst4|inst2                                                                                                   ; t4:inst4|inst3                                                                                                   ; CLK1       ; CLK1     ; None                       ; None                       ; None                     ;
; Not operational: Clock Skew > Data Delay ; se6_1:inst7|inst42                                                                                               ; lpm_rom0:inst12|altsyncram:altsyncram_component|altsyncram_ecq:auto_generated|ram_block1a14~porta_address_reg2   ; CLK1       ; CLK1     ; None                       ; None                       ; None                     ;
; Not operational: Clock Skew > Data Delay ; se6_1:inst7|inst45                                                                                               ; lpm_rom0:inst12|altsyncram:altsyncram_component|altsyncram_ecq:auto_generated|ram_block1a14~porta_address_reg5   ; CLK1       ; CLK1     ; None                       ; None                       ; None                     ;
; Not operational: Clock Skew > Data Delay ; se6_1:inst7|inst43                                                                                               ; lpm_rom0:inst12|altsyncram:altsyncram_component|altsyncram_ecq:auto_generated|ram_block1a14~porta_address_reg3   ; CLK1       ; CLK1     ; None                       ; None                       ; None                     ;
; Not operational: Clock Skew > Data Delay ; 273:inst8|13                                                                                                     ; 273:inst19|14                                                                                                    ; CLK1       ; CLK1     ; None                       ; None                       ; None                     ;
; Not operational: Clock Skew > Data Delay ; 273:inst8|13                                                                                                     ; 273:inst19|15                                                                                                    ; CLK1       ; CLK1     ; None                       ; None                       ; None                     ;
; Not operational: Clock Skew > Data Delay ; 273:inst8|14                                                                                                     ; 273:inst21|15                                                                                                    ; CLK1       ; CLK1     ; None                       ; None                       ; None                     ;
; Not operational: Clock Skew > Data Delay ; 273:inst19|14                                                                                                    ; 273:inst21|15                                                                                                    ; CLK1       ; CLK1     ; None                       ; None                       ; None                     ;
; Not operational: Clock Skew > Data Delay ; se6_1:inst7|inst41                                                                                               ; lpm_rom0:inst12|altsyncram:altsyncram_component|altsyncram_ecq:auto_generated|ram_block1a14~porta_address_reg1   ; CLK1       ; CLK1     ; None                       ; None                       ; None                     ;
; Not operational: Clock Skew > Data Delay ; se6_1:inst7|inst44                                                                                               ; lpm_rom0:inst12|altsyncram:altsyncram_component|altsyncram_ecq:auto_generated|ram_block1a14~porta_address_reg4   ; CLK1       ; CLK1     ; None                       ; None                       ; None                     ;
; Not operational: Clock Skew > Data Delay ; 273:inst8|14                                                                                                     ; 273:inst22|15                                                                                                    ; CLK1       ; CLK1     ; None                       ; None                       ; None                     ;
; Not operational: Clock Skew > Data Delay ; t4:inst4|inst1                                                                                                   ; t4:inst4|inst2                                                                                                   ; CLK1       ; CLK1     ; None                       ; None                       ; None                     ;
; Not operational: Clock Skew > Data Delay ; 273:inst19|14                                                                                                    ; 273:inst22|15                                                                                                    ; CLK1       ; CLK1     ; None                       ; None                       ; None                     ;
; Not operational: Clock Skew > Data Delay ; 273:inst8|14                                                                                                     ; 273:inst8|15                                                                                                     ; CLK1       ; CLK1     ; None                       ; None                       ; None                     ;
; Not operational: Clock Skew > Data Delay ; 273:inst19|14                                                                                                    ; 273:inst8|15                                                                                                     ; CLK1       ; CLK1     ; None                       ; None                       ; None                     ;
; Not operational: Clock Skew > Data Delay ; 273:inst8|14                                                                                                     ; 273:inst19|15                                                                                                    ; CLK1       ; CLK1     ; None                       ; None                       ; None                     ;
; Not operational: Clock Skew > Data Delay ; t4:inst4|inst                                                                                                    ; t4:inst4|inst1                                                                                                   ; CLK1       ; CLK1     ; None                       ; None                       ; None                     ;
; Not operational: Clock Skew > Data Delay ; 273:inst19|14                                                                                                    ; 273:inst19|15                                                                                                    ; CLK1       ; CLK1     ; None                       ; None                       ; None                     ;
; Not operational: Clock Skew > Data Delay ; t4:inst4|inst2                                                                                                   ; t4:inst4|inst                                                                                                    ; CLK1       ; CLK1     ; None                       ; None                       ; None                     ;
; Not operational: Clock Skew > Data Delay ; t4:inst4|inst1                                                                                                   ; t4:inst4|inst                                                                                                    ; CLK1       ; CLK1     ; None                       ; None                       ; None                     ;
; Not operational: Clock Skew > Data Delay ; t4:inst4|inst3                                                                                                   ; t4:inst4|inst                                                                                                    ; CLK1       ; CLK1     ; None                       ; None                       ; None                     ;
; Not operational: Clock Skew > Data Delay ; 273:inst20|12                                                                                                    ; lpm_ram_dq0:inst10|altsyncram:altsyncram_component|altsyncram_dru:auto_generated|ram_block1a7~porta_address_reg7 ; CLK1       ; CLK1     ; None                       ; None                       ; None                     ;
; Not operational: Clock Skew > Data Delay ; 273:inst20|13                                                                                                    ; lpm_ram_dq0:inst10|altsyncram:altsyncram_component|altsyncram_dru:auto_generated|ram_block1a7~porta_address_reg6 ; CLK1       ; CLK1     ; None                       ; None                       ; None                     ;
; Not operational: Clock Skew > Data Delay ; 273:inst20|16                                                                                                    ; lpm_ram_dq0:inst10|altsyncram:altsyncram_component|altsyncram_dru:auto_generated|ram_block1a7~porta_address_reg3 ; CLK1       ; CLK1     ; None                       ; None                       ; None                     ;
; Not operational: Clock Skew > Data Delay ; 273:inst20|17                                                                                                    ; lpm_ram_dq0:inst10|altsyncram:altsyncram_component|altsyncram_dru:auto_generated|ram_block1a7~porta_address_reg2 ; CLK1       ; CLK1     ; None                       ; None                       ; None                     ;
; Not operational: Clock Skew > Data Delay ; lpm_ram_dq0:inst10|altsyncram:altsyncram_component|altsyncram_dru:auto_generated|ram_block1a7~porta_datain_reg0  ; lpm_ram_dq0:inst10|altsyncram:altsyncram_component|altsyncram_dru:auto_generated|ram_block1a7~porta_memory_reg0  ; CLK1       ; CLK1     ; None                       ; None                       ; None                     ;
; Not operational: Clock Skew > Data Delay ; lpm_ram_dq0:inst10|altsyncram:altsyncram_component|altsyncram_dru:auto_generated|ram_block1a7~porta_datain_reg1  ; lpm_ram_dq0:inst10|altsyncram:altsyncram_component|altsyncram_dru:auto_generated|ram_block1a7~porta_memory_reg1  ; CLK1       ; CLK1     ; None                       ; None                       ; None                     ;
; Not operational: Clock Skew > Data Delay ; lpm_ram_dq0:inst10|altsyncram:altsyncram_component|altsyncram_dru:auto_generated|ram_block1a7~porta_datain_reg2  ; lpm_ram_dq0:inst10|altsyncram:altsyncram_component|altsyncram_dru:auto_generated|ram_block1a7~porta_memory_reg2  ; CLK1       ; CLK1     ; None                       ; None                       ; None                     ;
; Not operational: Clock Skew > Data Delay ; lpm_ram_dq0:inst10|altsyncram:altsyncram_component|altsyncram_dru:auto_generated|ram_block1a7~porta_datain_reg3  ; lpm_ram_dq0:inst10|altsyncram:altsyncram_component|altsyncram_dru:auto_generated|ram_block1a7~porta_memory_reg3  ; CLK1       ; CLK1     ; None                       ; None                       ; None                     ;
; Not operational: Clock Skew > Data Delay ; lpm_ram_dq0:inst10|altsyncram:altsyncram_component|altsyncram_dru:auto_generated|ram_block1a7~porta_datain_reg4  ; lpm_ram_dq0:inst10|altsyncram:altsyncram_component|altsyncram_dru:auto_generated|ram_block1a7~porta_memory_reg4  ; CLK1       ; CLK1     ; None                       ; None                       ; None                     ;
; Not operational: Clock Skew > Data Delay ; lpm_ram_dq0:inst10|altsyncram:altsyncram_component|altsyncram_dru:auto_generated|ram_block1a7~porta_datain_reg5  ; lpm_ram_dq0:inst10|altsyncram:altsyncram_component|altsyncram_dru:auto_generated|ram_block1a7~porta_memory_reg5  ; CLK1       ; CLK1     ; None                       ; None                       ; None                     ;
; Not operational: Clock Skew > Data Delay ; lpm_ram_dq0:inst10|altsyncram:altsyncram_component|altsyncram_dru:auto_generated|ram_block1a7~porta_datain_reg6  ; lpm_ram_dq0:inst10|altsyncram:altsyncram_component|altsyncram_dru:auto_generated|ram_block1a7~porta_memory_reg6  ; CLK1       ; CLK1     ; None                       ; None                       ; None                     ;
; Not operational: Clock Skew > Data Delay ; lpm_ram_dq0:inst10|altsyncram:altsyncram_component|altsyncram_dru:auto_generated|ram_block1a7~porta_datain_reg7  ; lpm_ram_dq0:inst10|altsyncram:altsyncram_component|altsyncram_dru:auto_generated|ram_block1a7~porta_memory_reg7  ; CLK1       ; CLK1     ; None                       ; None                       ; None                     ;
; Not operational: Clock Skew > Data Delay ; 273:inst20|18                                                                                                    ; lpm_ram_dq0:inst10|altsyncram:altsyncram_component|altsyncram_dru:auto_generated|ram_block1a7~porta_address_reg1 ; CLK1       ; CLK1     ; None                       ; None                       ; None                     ;
; Not operational: Clock Skew > Data Delay ; 273:inst20|15                                                                                                    ; lpm_ram_dq0:inst10|altsyncram:altsyncram_component|altsyncram_dru:auto_generated|ram_block1a7~porta_address_reg4 ; CLK1       ; CLK1     ; None                       ; None                       ; None                     ;
; Not operational: Clock Skew > Data Delay ; 273:inst20|14                                                                                                    ; lpm_ram_dq0:inst10|altsyncram:altsyncram_component|altsyncram_dru:auto_generated|ram_block1a7~porta_address_reg5 ; CLK1       ; CLK1     ; None                       ; None                       ; None                     ;
; Not operational: Clock Skew > Data Delay ; 273:inst19|16                                                                                                    ; lpm_ram_dq0:inst10|altsyncram:altsyncram_component|altsyncram_dru:auto_generated|ram_block1a7~porta_datain_reg4  ; CLK1       ; CLK1     ; None                       ; None                       ; None                     ;
; Not operational: Clock Skew > Data Delay ; 273:inst19|15                                                                                                    ; lpm_ram_dq0:inst10|altsyncram:altsyncram_component|altsyncram_dru:auto_generated|ram_block1a7~porta_datain_reg0  ; CLK1       ; CLK1     ; None                       ; None                       ; None                     ;
; Not operational: Clock Skew > Data Delay ; 273:inst8|16                                                                                                     ; lpm_ram_dq0:inst10|altsyncram:altsyncram_component|altsyncram_dru:auto_generated|ram_block1a7~porta_datain_reg4  ; CLK1       ; CLK1     ; None                       ; None                       ; None                     ;
; Timing analysis restricted to 200 rows.  ; To change the limit use Settings (Assignments menu)                                                              ;                                                                                                                  ;            ;          ;                            ;                            ;                          ;
+------------------------------------------+------------------------------------------------------------------------------------------------------------------+------------------------------------------------------------------------------------------------------------------+------------+----------+----------------------------+----------------------------+--------------------------+


+------------------------------------------------------------------------------------------------------------------------------------------------------------------------+
; tsu                                                                                                                                                                    ;
+-------+--------------+------------+-------+-----------------------------------------------------------------------------------------------------------------+----------+
; Slack ; Required tsu ; Actual tsu ; From  ; To                                                                                                              ; To Clock ;
+-------+--------------+------------+-------+-----------------------------------------------------------------------------------------------------------------+----------+
; N/A   ; None         ; -0.173 ns  ; d0[6] ; lpm_ram_dq0:inst10|altsyncram:altsyncram_component|altsyncram_dru:auto_generated|ram_block1a7~porta_datain_reg1 ; CLK1     ;
; N/A   ; None         ; -0.528 ns  ; d0[1] ; lpm_ram_dq0:inst10|altsyncram:altsyncram_component|altsyncram_dru:auto_generated|ram_block1a7~porta_datain_reg7 ; CLK1     ;
; N/A   ; None         ; -1.303 ns  ; d0[2] ; lpm_ram_dq0:inst10|altsyncram:altsyncram_component|altsyncram_dru:auto_generated|ram_block1a7~porta_datain_reg5 ; CLK1     ;
; N/A   ; None         ; -1.410 ns  ; d0[6] ; 273:inst19|13                                                                                                   ; CLK1     ;
; N/A   ; None         ; -1.524 ns  ; d0[6] ; 273:inst8|13                                                                                                    ; CLK1     ;
; N/A   ; None         ; -1.588 ns  ; d0[4] ; lpm_ram_dq0:inst10|altsyncram:altsyncram_component|altsyncram_dru:auto_generated|ram_block1a7~porta_datain_reg3 ; CLK1     ;
; N/A   ; None         ; -1.612 ns  ; d0[6] ; reg_3:inst1|273:reg0|13                                                                                         ; CLK1     ;
; N/A   ; None         ; -1.954 ns  ; d0[6] ; 273:inst22|13                                                                                                   ; CLK1     ;
; N/A   ; None         ; -1.959 ns  ; d0[0] ; lpm_ram_dq0:inst10|altsyncram:altsyncram_component|altsyncram_dru:auto_generated|ram_block1a7~porta_datain_reg6 ; CLK1     ;
; N/A   ; None         ; -2.060 ns  ; d0[1] ; 273:inst19|18                                                                                                   ; CLK1     ;
; N/A   ; None         ; -2.096 ns  ; d0[3] ; lpm_ram_dq0:inst10|altsyncram:altsyncram_component|altsyncram_dru:auto_generated|ram_block1a7~porta_datain_reg4 ; CLK1     ;
; N/A   ; None         ; -2.173 ns  ; d0[1] ; 273:inst8|18                                                                                                    ; CLK1     ;
; N/A   ; None         ; -2.261 ns  ; d0[1] ; 273:inst22|18                                                                                                   ; CLK1     ;
; N/A   ; None         ; -2.278 ns  ; d0[5] ; lpm_ram_dq0:inst10|altsyncram:altsyncram_component|altsyncram_dru:auto_generated|ram_block1a7~porta_datain_reg2 ; CLK1     ;
; N/A   ; None         ; -2.449 ns  ; d0[2] ; 273:inst19|17                                                                                                   ; CLK1     ;
; N/A   ; None         ; -2.473 ns  ; d0[6] ; reg_3:inst1|273:reg1|13                                                                                         ; CLK1     ;
; N/A   ; None         ; -2.549 ns  ; d0[7] ; lpm_ram_dq0:inst10|altsyncram:altsyncram_component|altsyncram_dru:auto_generated|ram_block1a7~porta_datain_reg0 ; CLK1     ;
; N/A   ; None         ; -2.560 ns  ; d0[2] ; 273:inst8|17                                                                                                    ; CLK1     ;
; N/A   ; None         ; -2.753 ns  ; d0[4] ; 273:inst19|15                                                                                                   ; CLK1     ;
; N/A   ; None         ; -2.794 ns  ; d0[2] ; reg_3:inst1|273:reg0|17                                                                                         ; CLK1     ;
; N/A   ; None         ; -2.835 ns  ; d0[6] ; reg_3:inst1|273:reg2|13                                                                                         ; CLK1     ;
; N/A   ; None         ; -2.869 ns  ; d0[4] ; 273:inst8|15                                                                                                    ; CLK1     ;
; N/A   ; None         ; -2.948 ns  ; d0[0] ; 273:inst19|19                                                                                                   ; CLK1     ;
; N/A   ; None         ; -2.952 ns  ; d0[3] ; 273:inst22|16                                                                                                   ; CLK1     ;
; N/A   ; None         ; -2.993 ns  ; d0[2] ; 273:inst22|17                                                                                                   ; CLK1     ;
; N/A   ; None         ; -3.011 ns  ; d0[3] ; 273:inst19|16                                                                                                   ; CLK1     ;
; N/A   ; None         ; -3.057 ns  ; d0[0] ; 273:inst8|19                                                                                                    ; CLK1     ;
; N/A   ; None         ; -3.058 ns  ; d0[1] ; reg_3:inst1|273:reg0|18                                                                                         ; CLK1     ;
; N/A   ; None         ; -3.089 ns  ; d0[3] ; reg_3:inst1|273:reg0|16                                                                                         ; CLK1     ;
; N/A   ; None         ; -3.127 ns  ; d0[3] ; 273:inst8|16                                                                                                    ; CLK1     ;
; N/A   ; None         ; -3.191 ns  ; d0[1] ; 273:inst21|18                                                                                                   ; CLK1     ;
; N/A   ; None         ; -3.245 ns  ; d0[0] ; 273:inst22|19                                                                                                   ; CLK1     ;
; N/A   ; None         ; -3.399 ns  ; d0[5] ; 273:inst19|14                                                                                                   ; CLK1     ;
; N/A   ; None         ; -3.441 ns  ; d0[6] ; 273:inst21|13                                                                                                   ; CLK1     ;
; N/A   ; None         ; -3.459 ns  ; d0[4] ; 273:inst22|15                                                                                                   ; CLK1     ;
; N/A   ; None         ; -3.497 ns  ; d0[6] ; 273:inst20|13                                                                                                   ; CLK1     ;
; N/A   ; None         ; -3.509 ns  ; d0[5] ; 273:inst8|14                                                                                                    ; CLK1     ;
; N/A   ; None         ; -3.819 ns  ; d0[7] ; 273:inst19|12                                                                                                   ; CLK1     ;
; N/A   ; None         ; -3.876 ns  ; d0[4] ; reg_3:inst1|273:reg0|15                                                                                         ; CLK1     ;
; N/A   ; None         ; -3.929 ns  ; d0[7] ; 273:inst8|12                                                                                                    ; CLK1     ;
; N/A   ; None         ; -3.969 ns  ; d0[5] ; reg_3:inst1|273:reg0|14                                                                                         ; CLK1     ;
; N/A   ; None         ; -4.002 ns  ; d0[5] ; 273:inst22|14                                                                                                   ; CLK1     ;
; N/A   ; None         ; -4.027 ns  ; d0[2] ; 273:inst21|17                                                                                                   ; CLK1     ;
; N/A   ; None         ; -4.042 ns  ; d0[2] ; reg_3:inst1|273:reg2|17                                                                                         ; CLK1     ;
; N/A   ; None         ; -4.061 ns  ; d0[1] ; reg_3:inst1|273:reg2|18                                                                                         ; CLK1     ;
; N/A   ; None         ; -4.083 ns  ; d0[7] ; 273:inst22|12                                                                                                   ; CLK1     ;
; N/A   ; None         ; -4.087 ns  ; d0[1] ; reg_3:inst1|273:reg1|18                                                                                         ; CLK1     ;
; N/A   ; None         ; -4.127 ns  ; d0[3] ; reg_3:inst1|273:reg2|16                                                                                         ; CLK1     ;
; N/A   ; None         ; -4.135 ns  ; d0[3] ; reg_3:inst1|273:reg1|16                                                                                         ; CLK1     ;
; N/A   ; None         ; -4.230 ns  ; d0[0] ; reg_3:inst1|273:reg0|19                                                                                         ; CLK1     ;
; N/A   ; None         ; -4.234 ns  ; d0[7] ; reg_3:inst1|273:reg0|12                                                                                         ; CLK1     ;
; N/A   ; None         ; -4.277 ns  ; d0[2] ; reg_3:inst1|273:reg1|17                                                                                         ; CLK1     ;
; N/A   ; None         ; -4.347 ns  ; d0[1] ; 273:inst20|18                                                                                                   ; CLK1     ;
; N/A   ; None         ; -4.642 ns  ; d0[4] ; reg_3:inst1|273:reg1|15                                                                                         ; CLK1     ;
; N/A   ; None         ; -4.662 ns  ; d0[2] ; 273:inst20|17                                                                                                   ; CLK1     ;
; N/A   ; None         ; -4.902 ns  ; d0[4] ; reg_3:inst1|273:reg2|15                                                                                         ; CLK1     ;
; N/A   ; None         ; -4.933 ns  ; d0[5] ; reg_3:inst1|273:reg1|14                                                                                         ; CLK1     ;
; N/A   ; None         ; -4.989 ns  ; d0[5] ; reg_3:inst1|273:reg2|14                                                                                         ; CLK1     ;
; N/A   ; None         ; -5.031 ns  ; d0[7] ; reg_3:inst1|273:reg2|12                                                                                         ; CLK1     ;
; N/A   ; None         ; -5.069 ns  ; d0[7] ; reg_3:inst1|273:reg1|12                                                                                         ; CLK1     ;
; N/A   ; None         ; -5.096 ns  ; d0[4] ; 273:inst20|15                                                                                                   ; CLK1     ;
; N/A   ; None         ; -5.097 ns  ; d0[3] ; 273:inst20|16                                                                                                   ; CLK1     ;
; N/A   ; None         ; -5.174 ns  ; d0[0] ; reg_3:inst1|273:reg1|19                                                                                         ; CLK1     ;
; N/A   ; None         ; -5.190 ns  ; d0[3] ; 273:inst21|16                                                                                                   ; CLK1     ;
; N/A   ; None         ; -5.226 ns  ; d0[0] ; reg_3:inst1|273:reg2|19                                                                                         ; CLK1     ;
; N/A   ; None         ; -5.390 ns  ; d0[4] ; 273:inst21|15                                                                                                   ; CLK1     ;
; N/A   ; None         ; -5.465 ns  ; d0[5] ; 273:inst21|14                                                                                                   ; CLK1     ;
; N/A   ; None         ; -5.474 ns  ; d0[0] ; 273:inst20|19                                                                                                   ; CLK1     ;
; N/A   ; None         ; -5.768 ns  ; d0[0] ; 273:inst21|19                                                                                                   ; CLK1     ;
; N/A   ; None         ; -5.856 ns  ; d0[5] ; 273:inst20|14                                                                                                   ; CLK1     ;
; N/A   ; None         ; -5.867 ns  ; d0[7] ; 273:inst20|12                                                                                                   ; CLK1     ;
; N/A   ; None         ; -5.960 ns  ; d0[7] ; 273:inst21|12                                                                                                   ; CLK1     ;
+-------+--------------+------------+-------+-----------------------------------------------------------------------------------------------------------------+----------+


+---------------------------------------------------------------------------------------------------------------------------------------------------------------------------------------------------------------------------------------------------+
; tco                                                                                                                                                                                                                                               ;
+-----------------------------------------+-----------------------------------------------------+------------+----------------------------------------------------------------------------------------------------------------+--------+------------+
; Slack                                   ; Required tco                                        ; Actual tco ; From                                                                                                           ; To     ; From Clock ;
+-----------------------------------------+-----------------------------------------------------+------------+----------------------------------------------------------------------------------------------------------------+--------+------------+
; N/A                                     ; None                                                ; 41.937 ns  ; 273:inst8|14                                                                                                   ; d1[4]  ; CLK1       ;
; N/A                                     ; None                                                ; 41.892 ns  ; 273:inst8|14                                                                                                   ; d1[5]  ; CLK1       ;
; N/A                                     ; None                                                ; 41.441 ns  ; 273:inst8|15                                                                                                   ; d1[4]  ; CLK1       ;
; N/A                                     ; None                                                ; 41.402 ns  ; 273:inst8|14                                                                                                   ; d1[6]  ; CLK1       ;
; N/A                                     ; None                                                ; 41.396 ns  ; 273:inst8|15                                                                                                   ; d1[5]  ; CLK1       ;
; N/A                                     ; None                                                ; 41.195 ns  ; 273:inst8|13                                                                                                   ; d1[4]  ; CLK1       ;
; N/A                                     ; None                                                ; 41.150 ns  ; 273:inst8|13                                                                                                   ; d1[5]  ; CLK1       ;
; N/A                                     ; None                                                ; 41.084 ns  ; 273:inst19|15                                                                                                  ; d1[4]  ; CLK1       ;
; N/A                                     ; None                                                ; 41.039 ns  ; 273:inst19|15                                                                                                  ; d1[5]  ; CLK1       ;
; N/A                                     ; None                                                ; 41.019 ns  ; 273:inst19|13                                                                                                  ; d1[4]  ; CLK1       ;
; N/A                                     ; None                                                ; 40.974 ns  ; 273:inst19|13                                                                                                  ; d1[5]  ; CLK1       ;
; N/A                                     ; None                                                ; 40.954 ns  ; 273:inst19|14                                                                                                  ; d1[4]  ; CLK1       ;
; N/A                                     ; None                                                ; 40.909 ns  ; 273:inst19|14                                                                                                  ; d1[5]  ; CLK1       ;
; N/A                                     ; None                                                ; 40.906 ns  ; 273:inst8|15                                                                                                   ; d1[6]  ; CLK1       ;
; N/A                                     ; None                                                ; 40.660 ns  ; 273:inst8|13                                                                                                   ; d1[6]  ; CLK1       ;
; N/A                                     ; None                                                ; 40.549 ns  ; 273:inst19|15                                                                                                  ; d1[6]  ; CLK1       ;
; N/A                                     ; None                                                ; 40.484 ns  ; 273:inst19|13                                                                                                  ; d1[6]  ; CLK1       ;
; N/A                                     ; None                                                ; 40.419 ns  ; 273:inst19|14                                                                                                  ; d1[6]  ; CLK1       ;
; N/A                                     ; None                                                ; 40.162 ns  ; 273:inst8|19                                                                                                   ; d1[1]  ; CLK1       ;
; N/A                                     ; None                                                ; 40.076 ns  ; 273:inst8|18                                                                                                   ; d1[1]  ; CLK1       ;
; N/A                                     ; None                                                ; 39.936 ns  ; 273:inst8|19                                                                                                   ; d1[0]  ; CLK1       ;
; N/A                                     ; None                                                ; 39.850 ns  ; 273:inst8|18                                                                                                   ; d1[0]  ; CLK1       ;
; N/A                                     ; None                                                ; 39.760 ns  ; 273:inst8|18                                                                                                   ; d1[3]  ; CLK1       ;
; N/A                                     ; None                                                ; 39.738 ns  ; 273:inst8|12                                                                                                   ; d1[4]  ; CLK1       ;
; N/A                                     ; None                                                ; 39.693 ns  ; 273:inst8|12                                                                                                   ; d1[5]  ; CLK1       ;
; N/A                                     ; None                                                ; 39.452 ns  ; 273:inst19|19                                                                                                  ; d1[1]  ; CLK1       ;
; N/A                                     ; None                                                ; 39.425 ns  ; 273:inst8|17                                                                                                   ; d1[3]  ; CLK1       ;
; N/A                                     ; None                                                ; 39.401 ns  ; 273:inst19|18                                                                                                  ; d1[3]  ; CLK1       ;
; N/A                                     ; None                                                ; 39.380 ns  ; 273:inst19|12                                                                                                  ; d1[4]  ; CLK1       ;
; N/A                                     ; None                                                ; 39.335 ns  ; 273:inst19|12                                                                                                  ; d1[5]  ; CLK1       ;
; N/A                                     ; None                                                ; 39.282 ns  ; 273:inst8|16                                                                                                   ; d1[3]  ; CLK1       ;
; N/A                                     ; None                                                ; 39.274 ns  ; 273:inst19|18                                                                                                  ; d1[1]  ; CLK1       ;
; N/A                                     ; None                                                ; 39.226 ns  ; 273:inst19|19                                                                                                  ; d1[0]  ; CLK1       ;
; N/A                                     ; None                                                ; 39.203 ns  ; 273:inst8|12                                                                                                   ; d1[6]  ; CLK1       ;
; N/A                                     ; None                                                ; 39.048 ns  ; 273:inst19|18                                                                                                  ; d1[0]  ; CLK1       ;
; N/A                                     ; None                                                ; 39.013 ns  ; 273:inst8|18                                                                                                   ; d1[2]  ; CLK1       ;
; N/A                                     ; None                                                ; 38.995 ns  ; 273:inst8|14                                                                                                   ; d1[3]  ; CLK1       ;
; N/A                                     ; None                                                ; 38.987 ns  ; 273:inst8|12                                                                                                   ; d1[7]  ; CLK1       ;
; N/A                                     ; None                                                ; 38.855 ns  ; 273:inst8|13                                                                                                   ; d1[7]  ; CLK1       ;
; N/A                                     ; None                                                ; 38.845 ns  ; 273:inst19|12                                                                                                  ; d1[6]  ; CLK1       ;
; N/A                                     ; None                                                ; 38.829 ns  ; 273:inst19|17                                                                                                  ; d1[3]  ; CLK1       ;
; N/A                                     ; None                                                ; 38.799 ns  ; 273:inst19|16                                                                                                  ; d1[3]  ; CLK1       ;
; N/A                                     ; None                                                ; 38.678 ns  ; 273:inst8|17                                                                                                   ; d1[2]  ; CLK1       ;
; N/A                                     ; None                                                ; 38.654 ns  ; 273:inst19|18                                                                                                  ; d1[2]  ; CLK1       ;
; N/A                                     ; None                                                ; 38.629 ns  ; 273:inst19|12                                                                                                  ; d1[7]  ; CLK1       ;
; N/A                                     ; None                                                ; 38.535 ns  ; 273:inst8|16                                                                                                   ; d1[2]  ; CLK1       ;
; N/A                                     ; None                                                ; 38.499 ns  ; 273:inst8|15                                                                                                   ; d1[3]  ; CLK1       ;
; N/A                                     ; None                                                ; 38.253 ns  ; 273:inst8|13                                                                                                   ; d1[3]  ; CLK1       ;
; N/A                                     ; None                                                ; 38.248 ns  ; 273:inst8|14                                                                                                   ; d1[2]  ; CLK1       ;
; N/A                                     ; None                                                ; 38.142 ns  ; 273:inst19|15                                                                                                  ; d1[3]  ; CLK1       ;
; N/A                                     ; None                                                ; 38.082 ns  ; 273:inst19|17                                                                                                  ; d1[2]  ; CLK1       ;
; N/A                                     ; None                                                ; 38.077 ns  ; 273:inst19|13                                                                                                  ; d1[3]  ; CLK1       ;
; N/A                                     ; None                                                ; 38.052 ns  ; 273:inst19|16                                                                                                  ; d1[2]  ; CLK1       ;
; N/A                                     ; None                                                ; 38.012 ns  ; 273:inst19|14                                                                                                  ; d1[3]  ; CLK1       ;
; N/A                                     ; None                                                ; 37.752 ns  ; 273:inst8|15                                                                                                   ; d1[2]  ; CLK1       ;
; N/A                                     ; None                                                ; 37.670 ns  ; 273:inst19|13                                                                                                  ; d1[7]  ; CLK1       ;
; N/A                                     ; None                                                ; 37.554 ns  ; 273:inst8|17                                                                                                   ; d1[1]  ; CLK1       ;
; N/A                                     ; None                                                ; 37.506 ns  ; 273:inst8|13                                                                                                   ; d1[2]  ; CLK1       ;
; N/A                                     ; None                                                ; 37.411 ns  ; 273:inst8|16                                                                                                   ; d1[1]  ; CLK1       ;
; N/A                                     ; None                                                ; 37.395 ns  ; 273:inst19|15                                                                                                  ; d1[2]  ; CLK1       ;
; N/A                                     ; None                                                ; 37.330 ns  ; 273:inst19|13                                                                                                  ; d1[2]  ; CLK1       ;
; N/A                                     ; None                                                ; 37.328 ns  ; 273:inst8|17                                                                                                   ; d1[0]  ; CLK1       ;
; N/A                                     ; None                                                ; 37.265 ns  ; 273:inst19|14                                                                                                  ; d1[2]  ; CLK1       ;
; N/A                                     ; None                                                ; 37.228 ns  ; 273:inst8|19                                                                                                   ; d1[4]  ; CLK1       ;
; N/A                                     ; None                                                ; 37.185 ns  ; 273:inst8|16                                                                                                   ; d1[0]  ; CLK1       ;
; N/A                                     ; None                                                ; 37.183 ns  ; 273:inst8|19                                                                                                   ; d1[5]  ; CLK1       ;
; N/A                                     ; None                                                ; 37.142 ns  ; 273:inst8|18                                                                                                   ; d1[4]  ; CLK1       ;
; N/A                                     ; None                                                ; 37.124 ns  ; 273:inst8|14                                                                                                   ; d1[1]  ; CLK1       ;
; N/A                                     ; None                                                ; 37.097 ns  ; 273:inst8|18                                                                                                   ; d1[5]  ; CLK1       ;
; N/A                                     ; None                                                ; 36.958 ns  ; 273:inst19|17                                                                                                  ; d1[1]  ; CLK1       ;
; N/A                                     ; None                                                ; 36.928 ns  ; 273:inst19|16                                                                                                  ; d1[1]  ; CLK1       ;
; N/A                                     ; None                                                ; 36.898 ns  ; 273:inst8|14                                                                                                   ; d1[0]  ; CLK1       ;
; N/A                                     ; None                                                ; 36.796 ns  ; 273:inst8|12                                                                                                   ; d1[3]  ; CLK1       ;
; N/A                                     ; None                                                ; 36.732 ns  ; 273:inst19|17                                                                                                  ; d1[0]  ; CLK1       ;
; N/A                                     ; None                                                ; 36.702 ns  ; 273:inst19|16                                                                                                  ; d1[0]  ; CLK1       ;
; N/A                                     ; None                                                ; 36.693 ns  ; 273:inst8|19                                                                                                   ; d1[6]  ; CLK1       ;
; N/A                                     ; None                                                ; 36.628 ns  ; 273:inst8|15                                                                                                   ; d1[1]  ; CLK1       ;
; N/A                                     ; None                                                ; 36.607 ns  ; 273:inst8|18                                                                                                   ; d1[6]  ; CLK1       ;
; N/A                                     ; None                                                ; 36.518 ns  ; 273:inst19|19                                                                                                  ; d1[4]  ; CLK1       ;
; N/A                                     ; None                                                ; 36.477 ns  ; 273:inst8|19                                                                                                   ; d1[7]  ; CLK1       ;
; N/A                                     ; None                                                ; 36.473 ns  ; 273:inst19|19                                                                                                  ; d1[5]  ; CLK1       ;
; N/A                                     ; None                                                ; 36.438 ns  ; 273:inst19|12                                                                                                  ; d1[3]  ; CLK1       ;
; N/A                                     ; None                                                ; 36.402 ns  ; 273:inst8|15                                                                                                   ; d1[0]  ; CLK1       ;
; N/A                                     ; None                                                ; 36.391 ns  ; 273:inst8|18                                                                                                   ; d1[7]  ; CLK1       ;
; N/A                                     ; None                                                ; 36.382 ns  ; 273:inst8|13                                                                                                   ; d1[1]  ; CLK1       ;
; N/A                                     ; None                                                ; 36.340 ns  ; 273:inst19|18                                                                                                  ; d1[4]  ; CLK1       ;
; N/A                                     ; None                                                ; 36.295 ns  ; 273:inst19|18                                                                                                  ; d1[5]  ; CLK1       ;
; N/A                                     ; None                                                ; 36.271 ns  ; 273:inst19|15                                                                                                  ; d1[1]  ; CLK1       ;
; N/A                                     ; None                                                ; 36.208 ns  ; lpm_rom0:inst12|altsyncram:altsyncram_component|altsyncram_ecq:auto_generated|ram_block1a14~porta_address_reg0 ; d1[4]  ; CLK1       ;
; N/A                                     ; None                                                ; 36.208 ns  ; lpm_rom0:inst12|altsyncram:altsyncram_component|altsyncram_ecq:auto_generated|ram_block1a14~porta_address_reg1 ; d1[4]  ; CLK1       ;
; N/A                                     ; None                                                ; 36.208 ns  ; lpm_rom0:inst12|altsyncram:altsyncram_component|altsyncram_ecq:auto_generated|ram_block1a14~porta_address_reg2 ; d1[4]  ; CLK1       ;
; N/A                                     ; None                                                ; 36.208 ns  ; lpm_rom0:inst12|altsyncram:altsyncram_component|altsyncram_ecq:auto_generated|ram_block1a14~porta_address_reg3 ; d1[4]  ; CLK1       ;
; N/A                                     ; None                                                ; 36.208 ns  ; lpm_rom0:inst12|altsyncram:altsyncram_component|altsyncram_ecq:auto_generated|ram_block1a14~porta_address_reg4 ; d1[4]  ; CLK1       ;
; N/A                                     ; None                                                ; 36.208 ns  ; lpm_rom0:inst12|altsyncram:altsyncram_component|altsyncram_ecq:auto_generated|ram_block1a14~porta_address_reg5 ; d1[4]  ; CLK1       ;
; N/A                                     ; None                                                ; 36.206 ns  ; 273:inst19|13                                                                                                  ; d1[1]  ; CLK1       ;
; N/A                                     ; None                                                ; 36.163 ns  ; lpm_rom0:inst12|altsyncram:altsyncram_component|altsyncram_ecq:auto_generated|ram_block1a14~porta_address_reg0 ; d1[5]  ; CLK1       ;
; N/A                                     ; None                                                ; 36.163 ns  ; lpm_rom0:inst12|altsyncram:altsyncram_component|altsyncram_ecq:auto_generated|ram_block1a14~porta_address_reg1 ; d1[5]  ; CLK1       ;
; N/A                                     ; None                                                ; 36.163 ns  ; lpm_rom0:inst12|altsyncram:altsyncram_component|altsyncram_ecq:auto_generated|ram_block1a14~porta_address_reg2 ; d1[5]  ; CLK1       ;
; N/A                                     ; None                                                ; 36.163 ns  ; lpm_rom0:inst12|altsyncram:altsyncram_component|altsyncram_ecq:auto_generated|ram_block1a14~porta_address_reg3 ; d1[5]  ; CLK1       ;
; N/A                                     ; None                                                ; 36.163 ns  ; lpm_rom0:inst12|altsyncram:altsyncram_component|altsyncram_ecq:auto_generated|ram_block1a14~porta_address_reg4 ; d1[5]  ; CLK1       ;
; N/A                                     ; None                                                ; 36.163 ns  ; lpm_rom0:inst12|altsyncram:altsyncram_component|altsyncram_ecq:auto_generated|ram_block1a14~porta_address_reg5 ; d1[5]  ; CLK1       ;
; N/A                                     ; None                                                ; 36.156 ns  ; 273:inst8|13                                                                                                   ; d1[0]  ; CLK1       ;
; N/A                                     ; None                                                ; 36.141 ns  ; 273:inst19|14                                                                                                  ; d1[1]  ; CLK1       ;
; N/A                                     ; None                                                ; 36.049 ns  ; 273:inst8|12                                                                                                   ; d1[2]  ; CLK1       ;
; N/A                                     ; None                                                ; 36.045 ns  ; 273:inst19|15                                                                                                  ; d1[0]  ; CLK1       ;
; N/A                                     ; None                                                ; 35.983 ns  ; 273:inst19|19                                                                                                  ; d1[6]  ; CLK1       ;
; N/A                                     ; None                                                ; 35.980 ns  ; 273:inst19|13                                                                                                  ; d1[0]  ; CLK1       ;
; N/A                                     ; None                                                ; 35.915 ns  ; 273:inst19|14                                                                                                  ; d1[0]  ; CLK1       ;
; N/A                                     ; None                                                ; 35.805 ns  ; 273:inst19|18                                                                                                  ; d1[6]  ; CLK1       ;
; N/A                                     ; None                                                ; 35.767 ns  ; 273:inst19|19                                                                                                  ; d1[7]  ; CLK1       ;
; N/A                                     ; None                                                ; 35.691 ns  ; 273:inst19|12                                                                                                  ; d1[2]  ; CLK1       ;
; N/A                                     ; None                                                ; 35.673 ns  ; lpm_rom0:inst12|altsyncram:altsyncram_component|altsyncram_ecq:auto_generated|ram_block1a14~porta_address_reg0 ; d1[6]  ; CLK1       ;
; N/A                                     ; None                                                ; 35.673 ns  ; lpm_rom0:inst12|altsyncram:altsyncram_component|altsyncram_ecq:auto_generated|ram_block1a14~porta_address_reg1 ; d1[6]  ; CLK1       ;
; N/A                                     ; None                                                ; 35.673 ns  ; lpm_rom0:inst12|altsyncram:altsyncram_component|altsyncram_ecq:auto_generated|ram_block1a14~porta_address_reg2 ; d1[6]  ; CLK1       ;
; N/A                                     ; None                                                ; 35.673 ns  ; lpm_rom0:inst12|altsyncram:altsyncram_component|altsyncram_ecq:auto_generated|ram_block1a14~porta_address_reg3 ; d1[6]  ; CLK1       ;
; N/A                                     ; None                                                ; 35.673 ns  ; lpm_rom0:inst12|altsyncram:altsyncram_component|altsyncram_ecq:auto_generated|ram_block1a14~porta_address_reg4 ; d1[6]  ; CLK1       ;
; N/A                                     ; None                                                ; 35.673 ns  ; lpm_rom0:inst12|altsyncram:altsyncram_component|altsyncram_ecq:auto_generated|ram_block1a14~porta_address_reg5 ; d1[6]  ; CLK1       ;
; N/A                                     ; None                                                ; 35.589 ns  ; 273:inst19|18                                                                                                  ; d1[7]  ; CLK1       ;
; N/A                                     ; None                                                ; 34.925 ns  ; 273:inst8|12                                                                                                   ; d1[1]  ; CLK1       ;
; N/A                                     ; None                                                ; 34.699 ns  ; 273:inst8|12                                                                                                   ; d1[0]  ; CLK1       ;
; N/A                                     ; None                                                ; 34.645 ns  ; lpm_rom0:inst12|altsyncram:altsyncram_component|altsyncram_ecq:auto_generated|ram_block1a14~porta_address_reg0 ; d1[1]  ; CLK1       ;
; N/A                                     ; None                                                ; 34.645 ns  ; lpm_rom0:inst12|altsyncram:altsyncram_component|altsyncram_ecq:auto_generated|ram_block1a14~porta_address_reg1 ; d1[1]  ; CLK1       ;
; N/A                                     ; None                                                ; 34.645 ns  ; lpm_rom0:inst12|altsyncram:altsyncram_component|altsyncram_ecq:auto_generated|ram_block1a14~porta_address_reg2 ; d1[1]  ; CLK1       ;
; N/A                                     ; None                                                ; 34.645 ns  ; lpm_rom0:inst12|altsyncram:altsyncram_component|altsyncram_ecq:auto_generated|ram_block1a14~porta_address_reg3 ; d1[1]  ; CLK1       ;
; N/A                                     ; None                                                ; 34.645 ns  ; lpm_rom0:inst12|altsyncram:altsyncram_component|altsyncram_ecq:auto_generated|ram_block1a14~porta_address_reg4 ; d1[1]  ; CLK1       ;
; N/A                                     ; None                                                ; 34.645 ns  ; lpm_rom0:inst12|altsyncram:altsyncram_component|altsyncram_ecq:auto_generated|ram_block1a14~porta_address_reg5 ; d1[1]  ; CLK1       ;
; N/A                                     ; None                                                ; 34.620 ns  ; 273:inst8|17                                                                                                   ; d1[4]  ; CLK1       ;
; N/A                                     ; None                                                ; 34.575 ns  ; 273:inst8|17                                                                                                   ; d1[5]  ; CLK1       ;
; N/A                                     ; None                                                ; 34.567 ns  ; 273:inst19|12                                                                                                  ; d1[1]  ; CLK1       ;
; N/A                                     ; None                                                ; 34.477 ns  ; 273:inst8|16                                                                                                   ; d1[4]  ; CLK1       ;
; N/A                                     ; None                                                ; 34.432 ns  ; 273:inst8|16                                                                                                   ; d1[5]  ; CLK1       ;
; N/A                                     ; None                                                ; 34.419 ns  ; lpm_rom0:inst12|altsyncram:altsyncram_component|altsyncram_ecq:auto_generated|ram_block1a14~porta_address_reg0 ; d1[0]  ; CLK1       ;
; N/A                                     ; None                                                ; 34.419 ns  ; lpm_rom0:inst12|altsyncram:altsyncram_component|altsyncram_ecq:auto_generated|ram_block1a14~porta_address_reg1 ; d1[0]  ; CLK1       ;
; N/A                                     ; None                                                ; 34.419 ns  ; lpm_rom0:inst12|altsyncram:altsyncram_component|altsyncram_ecq:auto_generated|ram_block1a14~porta_address_reg2 ; d1[0]  ; CLK1       ;
; N/A                                     ; None                                                ; 34.419 ns  ; lpm_rom0:inst12|altsyncram:altsyncram_component|altsyncram_ecq:auto_generated|ram_block1a14~porta_address_reg3 ; d1[0]  ; CLK1       ;
; N/A                                     ; None                                                ; 34.419 ns  ; lpm_rom0:inst12|altsyncram:altsyncram_component|altsyncram_ecq:auto_generated|ram_block1a14~porta_address_reg4 ; d1[0]  ; CLK1       ;
; N/A                                     ; None                                                ; 34.419 ns  ; lpm_rom0:inst12|altsyncram:altsyncram_component|altsyncram_ecq:auto_generated|ram_block1a14~porta_address_reg5 ; d1[0]  ; CLK1       ;
; N/A                                     ; None                                                ; 34.341 ns  ; 273:inst19|12                                                                                                  ; d1[0]  ; CLK1       ;
; N/A                                     ; None                                                ; 34.286 ns  ; 273:inst8|19                                                                                                   ; d1[3]  ; CLK1       ;
; N/A                                     ; None                                                ; 34.192 ns  ; lpm_rom0:inst12|altsyncram:altsyncram_component|altsyncram_ecq:auto_generated|ram_block1a14~porta_address_reg0 ; d1[3]  ; CLK1       ;
; N/A                                     ; None                                                ; 34.192 ns  ; lpm_rom0:inst12|altsyncram:altsyncram_component|altsyncram_ecq:auto_generated|ram_block1a14~porta_address_reg1 ; d1[3]  ; CLK1       ;
; N/A                                     ; None                                                ; 34.192 ns  ; lpm_rom0:inst12|altsyncram:altsyncram_component|altsyncram_ecq:auto_generated|ram_block1a14~porta_address_reg2 ; d1[3]  ; CLK1       ;
; N/A                                     ; None                                                ; 34.192 ns  ; lpm_rom0:inst12|altsyncram:altsyncram_component|altsyncram_ecq:auto_generated|ram_block1a14~porta_address_reg3 ; d1[3]  ; CLK1       ;
; N/A                                     ; None                                                ; 34.192 ns  ; lpm_rom0:inst12|altsyncram:altsyncram_component|altsyncram_ecq:auto_generated|ram_block1a14~porta_address_reg4 ; d1[3]  ; CLK1       ;
; N/A                                     ; None                                                ; 34.192 ns  ; lpm_rom0:inst12|altsyncram:altsyncram_component|altsyncram_ecq:auto_generated|ram_block1a14~porta_address_reg5 ; d1[3]  ; CLK1       ;
; N/A                                     ; None                                                ; 34.085 ns  ; 273:inst8|17                                                                                                   ; d1[6]  ; CLK1       ;
; N/A                                     ; None                                                ; 34.024 ns  ; 273:inst19|17                                                                                                  ; d1[4]  ; CLK1       ;
; N/A                                     ; None                                                ; 33.994 ns  ; 273:inst19|16                                                                                                  ; d1[4]  ; CLK1       ;
; N/A                                     ; None                                                ; 33.979 ns  ; 273:inst19|17                                                                                                  ; d1[5]  ; CLK1       ;
; N/A                                     ; None                                                ; 33.949 ns  ; 273:inst19|16                                                                                                  ; d1[5]  ; CLK1       ;
; N/A                                     ; None                                                ; 33.942 ns  ; 273:inst8|16                                                                                                   ; d1[6]  ; CLK1       ;
; N/A                                     ; None                                                ; 33.869 ns  ; 273:inst8|17                                                                                                   ; d1[7]  ; CLK1       ;
; N/A                                     ; None                                                ; 33.726 ns  ; 273:inst8|16                                                                                                   ; d1[7]  ; CLK1       ;
; N/A                                     ; None                                                ; 33.576 ns  ; 273:inst19|19                                                                                                  ; d1[3]  ; CLK1       ;
; N/A                                     ; None                                                ; 33.539 ns  ; 273:inst8|19                                                                                                   ; d1[2]  ; CLK1       ;
; N/A                                     ; None                                                ; 33.491 ns  ; lpm_rom0:inst12|altsyncram:altsyncram_component|altsyncram_ecq:auto_generated|ram_block1a14~porta_address_reg0 ; d1[7]  ; CLK1       ;
; N/A                                     ; None                                                ; 33.491 ns  ; lpm_rom0:inst12|altsyncram:altsyncram_component|altsyncram_ecq:auto_generated|ram_block1a14~porta_address_reg1 ; d1[7]  ; CLK1       ;
; N/A                                     ; None                                                ; 33.491 ns  ; lpm_rom0:inst12|altsyncram:altsyncram_component|altsyncram_ecq:auto_generated|ram_block1a14~porta_address_reg2 ; d1[7]  ; CLK1       ;
; N/A                                     ; None                                                ; 33.491 ns  ; lpm_rom0:inst12|altsyncram:altsyncram_component|altsyncram_ecq:auto_generated|ram_block1a14~porta_address_reg3 ; d1[7]  ; CLK1       ;
; N/A                                     ; None                                                ; 33.491 ns  ; lpm_rom0:inst12|altsyncram:altsyncram_component|altsyncram_ecq:auto_generated|ram_block1a14~porta_address_reg4 ; d1[7]  ; CLK1       ;
; N/A                                     ; None                                                ; 33.491 ns  ; lpm_rom0:inst12|altsyncram:altsyncram_component|altsyncram_ecq:auto_generated|ram_block1a14~porta_address_reg5 ; d1[7]  ; CLK1       ;
; N/A                                     ; None                                                ; 33.489 ns  ; 273:inst19|17                                                                                                  ; d1[6]  ; CLK1       ;
; N/A                                     ; None                                                ; 33.459 ns  ; 273:inst19|16                                                                                                  ; d1[6]  ; CLK1       ;
; N/A                                     ; None                                                ; 33.445 ns  ; lpm_rom0:inst12|altsyncram:altsyncram_component|altsyncram_ecq:auto_generated|ram_block1a14~porta_address_reg0 ; d1[2]  ; CLK1       ;
; N/A                                     ; None                                                ; 33.445 ns  ; lpm_rom0:inst12|altsyncram:altsyncram_component|altsyncram_ecq:auto_generated|ram_block1a14~porta_address_reg1 ; d1[2]  ; CLK1       ;
; N/A                                     ; None                                                ; 33.445 ns  ; lpm_rom0:inst12|altsyncram:altsyncram_component|altsyncram_ecq:auto_generated|ram_block1a14~porta_address_reg2 ; d1[2]  ; CLK1       ;
; N/A                                     ; None                                                ; 33.445 ns  ; lpm_rom0:inst12|altsyncram:altsyncram_component|altsyncram_ecq:auto_generated|ram_block1a14~porta_address_reg3 ; d1[2]  ; CLK1       ;
; N/A                                     ; None                                                ; 33.445 ns  ; lpm_rom0:inst12|altsyncram:altsyncram_component|altsyncram_ecq:auto_generated|ram_block1a14~porta_address_reg4 ; d1[2]  ; CLK1       ;
; N/A                                     ; None                                                ; 33.445 ns  ; lpm_rom0:inst12|altsyncram:altsyncram_component|altsyncram_ecq:auto_generated|ram_block1a14~porta_address_reg5 ; d1[2]  ; CLK1       ;
; N/A                                     ; None                                                ; 33.439 ns  ; 273:inst8|14                                                                                                   ; d1[7]  ; CLK1       ;
; N/A                                     ; None                                                ; 33.273 ns  ; 273:inst19|17                                                                                                  ; d1[7]  ; CLK1       ;
; N/A                                     ; None                                                ; 33.243 ns  ; 273:inst19|16                                                                                                  ; d1[7]  ; CLK1       ;
; N/A                                     ; None                                                ; 32.943 ns  ; 273:inst8|15                                                                                                   ; d1[7]  ; CLK1       ;
; N/A                                     ; None                                                ; 32.829 ns  ; 273:inst19|19                                                                                                  ; d1[2]  ; CLK1       ;
; N/A                                     ; None                                                ; 32.586 ns  ; 273:inst19|15                                                                                                  ; d1[7]  ; CLK1       ;
; N/A                                     ; None                                                ; 32.456 ns  ; 273:inst19|14                                                                                                  ; d1[7]  ; CLK1       ;
; N/A                                     ; None                                                ; 31.749 ns  ; 273:inst22|17                                                                                                  ; I[2]   ; CLK1       ;
; N/A                                     ; None                                                ; 31.732 ns  ; 273:inst22|16                                                                                                  ; I[3]   ; CLK1       ;
; N/A                                     ; None                                                ; 31.275 ns  ; 273:inst22|14                                                                                                  ; I[5]   ; CLK1       ;
; N/A                                     ; None                                                ; 31.242 ns  ; 273:inst22|18                                                                                                  ; I[1]   ; CLK1       ;
; N/A                                     ; None                                                ; 31.115 ns  ; 273:inst22|13                                                                                                  ; I[6]   ; CLK1       ;
; N/A                                     ; None                                                ; 31.070 ns  ; 273:inst22|19                                                                                                  ; I[0]   ; CLK1       ;
; N/A                                     ; None                                                ; 31.054 ns  ; 273:inst22|12                                                                                                  ; I[7]   ; CLK1       ;
; N/A                                     ; None                                                ; 30.972 ns  ; 273:inst21|13                                                                                                  ; led[6] ; CLK1       ;
; N/A                                     ; None                                                ; 30.906 ns  ; 273:inst22|15                                                                                                  ; I[4]   ; CLK1       ;
; N/A                                     ; None                                                ; 30.876 ns  ; 273:inst21|17                                                                                                  ; led[2] ; CLK1       ;
; N/A                                     ; None                                                ; 30.670 ns  ; 273:inst21|19                                                                                                  ; led[0] ; CLK1       ;
; N/A                                     ; None                                                ; 30.632 ns  ; 273:inst21|15                                                                                                  ; led[4] ; CLK1       ;
; N/A                                     ; None                                                ; 30.611 ns  ; 273:inst21|16                                                                                                  ; led[3] ; CLK1       ;
; N/A                                     ; None                                                ; 30.575 ns  ; 273:inst21|14                                                                                                  ; led[5] ; CLK1       ;
; N/A                                     ; None                                                ; 30.528 ns  ; 273:inst21|12                                                                                                  ; led[7] ; CLK1       ;
; N/A                                     ; None                                                ; 30.248 ns  ; 273:inst21|18                                                                                                  ; led[1] ; CLK1       ;
; N/A                                     ; None                                                ; 27.165 ns  ; lpm_rom0:inst12|altsyncram:altsyncram_component|altsyncram_ecq:auto_generated|ram_block1a14~porta_address_reg0 ; LDPC   ; CLK1       ;
; N/A                                     ; None                                                ; 27.165 ns  ; lpm_rom0:inst12|altsyncram:altsyncram_component|altsyncram_ecq:auto_generated|ram_block1a14~porta_address_reg1 ; LDPC   ; CLK1       ;
; N/A                                     ; None                                                ; 27.165 ns  ; lpm_rom0:inst12|altsyncram:altsyncram_component|altsyncram_ecq:auto_generated|ram_block1a14~porta_address_reg2 ; LDPC   ; CLK1       ;
; N/A                                     ; None                                                ; 27.165 ns  ; lpm_rom0:inst12|altsyncram:altsyncram_component|altsyncram_ecq:auto_generated|ram_block1a14~porta_address_reg3 ; LDPC   ; CLK1       ;
; N/A                                     ; None                                                ; 27.165 ns  ; lpm_rom0:inst12|altsyncram:altsyncram_component|altsyncram_ecq:auto_generated|ram_block1a14~porta_address_reg4 ; LDPC   ; CLK1       ;
; N/A                                     ; None                                                ; 27.165 ns  ; lpm_rom0:inst12|altsyncram:altsyncram_component|altsyncram_ecq:auto_generated|ram_block1a14~porta_address_reg5 ; LDPC   ; CLK1       ;
; N/A                                     ; None                                                ; 26.699 ns  ; lpm_rom0:inst12|altsyncram:altsyncram_component|altsyncram_ecq:auto_generated|ram_block1a14~porta_address_reg0 ; SW_B   ; CLK1       ;
; N/A                                     ; None                                                ; 26.699 ns  ; lpm_rom0:inst12|altsyncram:altsyncram_component|altsyncram_ecq:auto_generated|ram_block1a14~porta_address_reg1 ; SW_B   ; CLK1       ;
; Timing analysis restricted to 200 rows. ; To change the limit use Settings (Assignments menu) ;            ;                                                                                                                ;        ;            ;
+-----------------------------------------+-----------------------------------------------------+------------+----------------------------------------------------------------------------------------------------------------+--------+------------+


+------------------------------------------------------------------------------------------------------------------------------------------------------------------------------+
; th                                                                                                                                                                           ;
+---------------+-------------+-----------+-------+-----------------------------------------------------------------------------------------------------------------+----------+
; Minimum Slack ; Required th ; Actual th ; From  ; To                                                                                                              ; To Clock ;
+---------------+-------------+-----------+-------+-----------------------------------------------------------------------------------------------------------------+----------+
; N/A           ; None        ; 24.778 ns ; d0[0] ; reg_3:inst1|273:reg2|19                                                                                         ; CLK1     ;
; N/A           ; None        ; 24.726 ns ; d0[0] ; reg_3:inst1|273:reg1|19                                                                                         ; CLK1     ;
; N/A           ; None        ; 24.621 ns ; d0[7] ; reg_3:inst1|273:reg1|12                                                                                         ; CLK1     ;
; N/A           ; None        ; 24.583 ns ; d0[7] ; reg_3:inst1|273:reg2|12                                                                                         ; CLK1     ;
; N/A           ; None        ; 24.541 ns ; d0[5] ; reg_3:inst1|273:reg2|14                                                                                         ; CLK1     ;
; N/A           ; None        ; 24.485 ns ; d0[5] ; reg_3:inst1|273:reg1|14                                                                                         ; CLK1     ;
; N/A           ; None        ; 24.454 ns ; d0[4] ; reg_3:inst1|273:reg2|15                                                                                         ; CLK1     ;
; N/A           ; None        ; 24.194 ns ; d0[4] ; reg_3:inst1|273:reg1|15                                                                                         ; CLK1     ;
; N/A           ; None        ; 23.829 ns ; d0[2] ; reg_3:inst1|273:reg1|17                                                                                         ; CLK1     ;
; N/A           ; None        ; 23.786 ns ; d0[7] ; reg_3:inst1|273:reg0|12                                                                                         ; CLK1     ;
; N/A           ; None        ; 23.782 ns ; d0[0] ; reg_3:inst1|273:reg0|19                                                                                         ; CLK1     ;
; N/A           ; None        ; 23.687 ns ; d0[3] ; reg_3:inst1|273:reg1|16                                                                                         ; CLK1     ;
; N/A           ; None        ; 23.679 ns ; d0[3] ; reg_3:inst1|273:reg2|16                                                                                         ; CLK1     ;
; N/A           ; None        ; 23.639 ns ; d0[1] ; reg_3:inst1|273:reg1|18                                                                                         ; CLK1     ;
; N/A           ; None        ; 23.613 ns ; d0[1] ; reg_3:inst1|273:reg2|18                                                                                         ; CLK1     ;
; N/A           ; None        ; 23.594 ns ; d0[2] ; reg_3:inst1|273:reg2|17                                                                                         ; CLK1     ;
; N/A           ; None        ; 23.521 ns ; d0[5] ; reg_3:inst1|273:reg0|14                                                                                         ; CLK1     ;
; N/A           ; None        ; 23.428 ns ; d0[4] ; reg_3:inst1|273:reg0|15                                                                                         ; CLK1     ;
; N/A           ; None        ; 22.641 ns ; d0[3] ; reg_3:inst1|273:reg0|16                                                                                         ; CLK1     ;
; N/A           ; None        ; 22.610 ns ; d0[1] ; reg_3:inst1|273:reg0|18                                                                                         ; CLK1     ;
; N/A           ; None        ; 22.387 ns ; d0[6] ; reg_3:inst1|273:reg2|13                                                                                         ; CLK1     ;
; N/A           ; None        ; 22.346 ns ; d0[2] ; reg_3:inst1|273:reg0|17                                                                                         ; CLK1     ;
; N/A           ; None        ; 22.025 ns ; d0[6] ; reg_3:inst1|273:reg1|13                                                                                         ; CLK1     ;
; N/A           ; None        ; 21.164 ns ; d0[6] ; reg_3:inst1|273:reg0|13                                                                                         ; CLK1     ;
; N/A           ; None        ; 20.108 ns ; d0[7] ; 273:inst20|12                                                                                                   ; CLK1     ;
; N/A           ; None        ; 20.097 ns ; d0[5] ; 273:inst20|14                                                                                                   ; CLK1     ;
; N/A           ; None        ; 19.715 ns ; d0[0] ; 273:inst20|19                                                                                                   ; CLK1     ;
; N/A           ; None        ; 19.338 ns ; d0[3] ; 273:inst20|16                                                                                                   ; CLK1     ;
; N/A           ; None        ; 19.337 ns ; d0[4] ; 273:inst20|15                                                                                                   ; CLK1     ;
; N/A           ; None        ; 18.903 ns ; d0[2] ; 273:inst20|17                                                                                                   ; CLK1     ;
; N/A           ; None        ; 18.749 ns ; d0[7] ; 273:inst21|12                                                                                                   ; CLK1     ;
; N/A           ; None        ; 18.652 ns ; d0[7] ; 273:inst8|12                                                                                                    ; CLK1     ;
; N/A           ; None        ; 18.588 ns ; d0[1] ; 273:inst20|18                                                                                                   ; CLK1     ;
; N/A           ; None        ; 18.557 ns ; d0[0] ; 273:inst21|19                                                                                                   ; CLK1     ;
; N/A           ; None        ; 18.342 ns ; d0[7] ; 273:inst22|12                                                                                                   ; CLK1     ;
; N/A           ; None        ; 18.261 ns ; d0[5] ; 273:inst22|14                                                                                                   ; CLK1     ;
; N/A           ; None        ; 18.254 ns ; d0[5] ; 273:inst21|14                                                                                                   ; CLK1     ;
; N/A           ; None        ; 18.232 ns ; d0[5] ; 273:inst8|14                                                                                                    ; CLK1     ;
; N/A           ; None        ; 18.179 ns ; d0[4] ; 273:inst21|15                                                                                                   ; CLK1     ;
; N/A           ; None        ; 18.074 ns ; d0[7] ; 273:inst19|12                                                                                                   ; CLK1     ;
; N/A           ; None        ; 17.979 ns ; d0[3] ; 273:inst21|16                                                                                                   ; CLK1     ;
; N/A           ; None        ; 17.850 ns ; d0[3] ; 273:inst8|16                                                                                                    ; CLK1     ;
; N/A           ; None        ; 17.780 ns ; d0[0] ; 273:inst8|19                                                                                                    ; CLK1     ;
; N/A           ; None        ; 17.738 ns ; d0[6] ; 273:inst20|13                                                                                                   ; CLK1     ;
; N/A           ; None        ; 17.718 ns ; d0[4] ; 273:inst22|15                                                                                                   ; CLK1     ;
; N/A           ; None        ; 17.654 ns ; d0[5] ; 273:inst19|14                                                                                                   ; CLK1     ;
; N/A           ; None        ; 17.592 ns ; d0[4] ; 273:inst8|15                                                                                                    ; CLK1     ;
; N/A           ; None        ; 17.504 ns ; d0[0] ; 273:inst22|19                                                                                                   ; CLK1     ;
; N/A           ; None        ; 17.283 ns ; d0[2] ; 273:inst8|17                                                                                                    ; CLK1     ;
; N/A           ; None        ; 17.266 ns ; d0[3] ; 273:inst19|16                                                                                                   ; CLK1     ;
; N/A           ; None        ; 17.252 ns ; d0[2] ; 273:inst22|17                                                                                                   ; CLK1     ;
; N/A           ; None        ; 17.211 ns ; d0[3] ; 273:inst22|16                                                                                                   ; CLK1     ;
; N/A           ; None        ; 17.203 ns ; d0[0] ; 273:inst19|19                                                                                                   ; CLK1     ;
; N/A           ; None        ; 17.008 ns ; d0[4] ; 273:inst19|15                                                                                                   ; CLK1     ;
; N/A           ; None        ; 16.896 ns ; d0[1] ; 273:inst8|18                                                                                                    ; CLK1     ;
; N/A           ; None        ; 16.816 ns ; d0[2] ; 273:inst21|17                                                                                                   ; CLK1     ;
; N/A           ; None        ; 16.704 ns ; d0[2] ; 273:inst19|17                                                                                                   ; CLK1     ;
; N/A           ; None        ; 16.520 ns ; d0[1] ; 273:inst22|18                                                                                                   ; CLK1     ;
; N/A           ; None        ; 16.315 ns ; d0[1] ; 273:inst19|18                                                                                                   ; CLK1     ;
; N/A           ; None        ; 16.247 ns ; d0[6] ; 273:inst8|13                                                                                                    ; CLK1     ;
; N/A           ; None        ; 16.230 ns ; d0[6] ; 273:inst21|13                                                                                                   ; CLK1     ;
; N/A           ; None        ; 16.213 ns ; d0[6] ; 273:inst22|13                                                                                                   ; CLK1     ;
; N/A           ; None        ; 15.980 ns ; d0[1] ; 273:inst21|18                                                                                                   ; CLK1     ;
; N/A           ; None        ; 15.665 ns ; d0[6] ; 273:inst19|13                                                                                                   ; CLK1     ;
; N/A           ; None        ; 7.251 ns  ; d0[7] ; lpm_ram_dq0:inst10|altsyncram:altsyncram_component|altsyncram_dru:auto_generated|ram_block1a7~porta_datain_reg0 ; CLK1     ;
; N/A           ; None        ; 6.980 ns  ; d0[5] ; lpm_ram_dq0:inst10|altsyncram:altsyncram_component|altsyncram_dru:auto_generated|ram_block1a7~porta_datain_reg2 ; CLK1     ;
; N/A           ; None        ; 6.798 ns  ; d0[3] ; lpm_ram_dq0:inst10|altsyncram:altsyncram_component|altsyncram_dru:auto_generated|ram_block1a7~porta_datain_reg4 ; CLK1     ;
; N/A           ; None        ; 6.661 ns  ; d0[0] ; lpm_ram_dq0:inst10|altsyncram:altsyncram_component|altsyncram_dru:auto_generated|ram_block1a7~porta_datain_reg6 ; CLK1     ;
; N/A           ; None        ; 6.290 ns  ; d0[4] ; lpm_ram_dq0:inst10|altsyncram:altsyncram_component|altsyncram_dru:auto_generated|ram_block1a7~porta_datain_reg3 ; CLK1     ;
; N/A           ; None        ; 6.005 ns  ; d0[2] ; lpm_ram_dq0:inst10|altsyncram:altsyncram_component|altsyncram_dru:auto_generated|ram_block1a7~porta_datain_reg5 ; CLK1     ;
; N/A           ; None        ; 5.230 ns  ; d0[1] ; lpm_ram_dq0:inst10|altsyncram:altsyncram_component|altsyncram_dru:auto_generated|ram_block1a7~porta_datain_reg7 ; CLK1     ;
; N/A           ; None        ; 4.875 ns  ; d0[6] ; lpm_ram_dq0:inst10|altsyncram:altsyncram_component|altsyncram_dru:auto_generated|ram_block1a7~porta_datain_reg1 ; CLK1     ;
+---------------+-------------+-----------+-------+-----------------------------------------------------------------------------------------------------------------+----------+


+---------------------------------------------------------------------------------------------------------------------------------------------------------------------------------------------------------------------------------------------------------+
; Minimum tco                                                                                                                                                                                                                                             ;
+-----------------------------------------+-----------------------------------------------------+----------------+----------------------------------------------------------------------------------------------------------------+----------+------------+
; Minimum Slack                           ; Required Min tco                                    ; Actual Min tco ; From                                                                                                           ; To       ; From Clock ;
+-----------------------------------------+-----------------------------------------------------+----------------+----------------------------------------------------------------------------------------------------------------+----------+------------+
; N/A                                     ; None                                                ; 15.100 ns      ; se6_1:inst7|inst41                                                                                             ; uaddr[2] ; CLK1       ;
; N/A                                     ; None                                                ; 15.101 ns      ; se6_1:inst7|inst42                                                                                             ; uaddr[3] ; CLK1       ;
; N/A                                     ; None                                                ; 15.103 ns      ; se6_1:inst7|inst45                                                                                             ; uaddr[6] ; CLK1       ;
; N/A                                     ; None                                                ; 15.380 ns      ; se6_1:inst7|inst43                                                                                             ; uaddr[4] ; CLK1       ;
; N/A                                     ; None                                                ; 15.483 ns      ; se6_1:inst7|inst44                                                                                             ; uaddr[5] ; CLK1       ;
; N/A                                     ; None                                                ; 15.547 ns      ; se6_1:inst7|inst40                                                                                             ; uaddr[1] ; CLK1       ;
; N/A                                     ; None                                                ; 16.757 ns      ; 273:inst22|15                                                                                                  ; I[4]     ; CLK1       ;
; N/A                                     ; None                                                ; 16.905 ns      ; 273:inst22|12                                                                                                  ; I[7]     ; CLK1       ;
; N/A                                     ; None                                                ; 16.921 ns      ; 273:inst22|19                                                                                                  ; I[0]     ; CLK1       ;
; N/A                                     ; None                                                ; 16.966 ns      ; 273:inst22|13                                                                                                  ; I[6]     ; CLK1       ;
; N/A                                     ; None                                                ; 17.093 ns      ; 273:inst22|18                                                                                                  ; I[1]     ; CLK1       ;
; N/A                                     ; None                                                ; 17.126 ns      ; 273:inst22|14                                                                                                  ; I[5]     ; CLK1       ;
; N/A                                     ; None                                                ; 17.399 ns      ; 273:inst19|15                                                                                                  ; d1[7]    ; CLK1       ;
; N/A                                     ; None                                                ; 17.569 ns      ; 273:inst21|18                                                                                                  ; led[1]   ; CLK1       ;
; N/A                                     ; None                                                ; 17.583 ns      ; 273:inst22|16                                                                                                  ; I[3]     ; CLK1       ;
; N/A                                     ; None                                                ; 17.600 ns      ; 273:inst22|17                                                                                                  ; I[2]     ; CLK1       ;
; N/A                                     ; None                                                ; 17.727 ns      ; 273:inst19|13                                                                                                  ; d1[7]    ; CLK1       ;
; N/A                                     ; None                                                ; 17.736 ns      ; 273:inst8|15                                                                                                   ; d1[7]    ; CLK1       ;
; N/A                                     ; None                                                ; 17.747 ns      ; 273:inst8|14                                                                                                   ; d1[7]    ; CLK1       ;
; N/A                                     ; None                                                ; 17.826 ns      ; 273:inst19|18                                                                                                  ; d1[1]    ; CLK1       ;
; N/A                                     ; None                                                ; 17.849 ns      ; 273:inst21|12                                                                                                  ; led[7]   ; CLK1       ;
; N/A                                     ; None                                                ; 17.857 ns      ; 273:inst19|14                                                                                                  ; d1[7]    ; CLK1       ;
; N/A                                     ; None                                                ; 17.869 ns      ; 273:inst8|18                                                                                                   ; d1[1]    ; CLK1       ;
; N/A                                     ; None                                                ; 17.896 ns      ; 273:inst21|14                                                                                                  ; led[5]   ; CLK1       ;
; N/A                                     ; None                                                ; 17.928 ns      ; 273:inst19|13                                                                                                  ; d1[6]    ; CLK1       ;
; N/A                                     ; None                                                ; 17.932 ns      ; 273:inst21|16                                                                                                  ; led[3]   ; CLK1       ;
; N/A                                     ; None                                                ; 17.941 ns      ; 273:inst19|14                                                                                                  ; d1[5]    ; CLK1       ;
; N/A                                     ; None                                                ; 17.953 ns      ; 273:inst21|15                                                                                                  ; led[4]   ; CLK1       ;
; N/A                                     ; None                                                ; 17.991 ns      ; 273:inst21|19                                                                                                  ; led[0]   ; CLK1       ;
; N/A                                     ; None                                                ; 18.008 ns      ; 273:inst8|14                                                                                                   ; d1[6]    ; CLK1       ;
; N/A                                     ; None                                                ; 18.016 ns      ; 273:inst19|15                                                                                                  ; d1[6]    ; CLK1       ;
; N/A                                     ; None                                                ; 18.084 ns      ; 273:inst8|13                                                                                                   ; d1[7]    ; CLK1       ;
; N/A                                     ; None                                                ; 18.118 ns      ; 273:inst19|14                                                                                                  ; d1[6]    ; CLK1       ;
; N/A                                     ; None                                                ; 18.132 ns      ; 273:inst19|16                                                                                                  ; d1[3]    ; CLK1       ;
; N/A                                     ; None                                                ; 18.139 ns      ; 273:inst8|17                                                                                                   ; d1[2]    ; CLK1       ;
; N/A                                     ; None                                                ; 18.146 ns      ; 273:inst19|12                                                                                                  ; d1[7]    ; CLK1       ;
; N/A                                     ; None                                                ; 18.197 ns      ; 273:inst21|17                                                                                                  ; led[2]   ; CLK1       ;
; N/A                                     ; None                                                ; 18.247 ns      ; 273:inst19|17                                                                                                  ; d1[2]    ; CLK1       ;
; N/A                                     ; None                                                ; 18.293 ns      ; 273:inst21|13                                                                                                  ; led[6]   ; CLK1       ;
; N/A                                     ; None                                                ; 18.299 ns      ; 273:inst8|13                                                                                                   ; d1[6]    ; CLK1       ;
; N/A                                     ; None                                                ; 18.309 ns      ; 273:inst8|14                                                                                                   ; d1[5]    ; CLK1       ;
; N/A                                     ; None                                                ; 18.353 ns      ; 273:inst8|15                                                                                                   ; d1[6]    ; CLK1       ;
; N/A                                     ; None                                                ; 18.389 ns      ; 273:inst8|16                                                                                                   ; d1[3]    ; CLK1       ;
; N/A                                     ; None                                                ; 18.471 ns      ; 273:inst19|15                                                                                                  ; d1[5]    ; CLK1       ;
; N/A                                     ; None                                                ; 18.506 ns      ; 273:inst19|18                                                                                                  ; d1[2]    ; CLK1       ;
; N/A                                     ; None                                                ; 18.516 ns      ; 273:inst19|15                                                                                                  ; d1[4]    ; CLK1       ;
; N/A                                     ; None                                                ; 18.546 ns      ; 273:inst19|17                                                                                                  ; d1[7]    ; CLK1       ;
; N/A                                     ; None                                                ; 18.572 ns      ; 273:inst8|19                                                                                                   ; d1[2]    ; CLK1       ;
; N/A                                     ; None                                                ; 18.591 ns      ; 273:inst19|19                                                                                                  ; d1[2]    ; CLK1       ;
; N/A                                     ; None                                                ; 18.603 ns      ; 273:inst8|12                                                                                                   ; d1[7]    ; CLK1       ;
; N/A                                     ; None                                                ; 18.681 ns      ; 273:inst19|19                                                                                                  ; d1[0]    ; CLK1       ;
; N/A                                     ; None                                                ; 18.690 ns      ; 273:inst19|19                                                                                                  ; d1[1]    ; CLK1       ;
; N/A                                     ; None                                                ; 18.747 ns      ; 273:inst8|18                                                                                                   ; d1[2]    ; CLK1       ;
; N/A                                     ; None                                                ; 18.750 ns      ; 273:inst8|16                                                                                                   ; d1[7]    ; CLK1       ;
; N/A                                     ; None                                                ; 18.762 ns      ; 273:inst19|17                                                                                                  ; d1[6]    ; CLK1       ;
; N/A                                     ; None                                                ; 18.782 ns      ; 273:inst19|16                                                                                                  ; d1[7]    ; CLK1       ;
; N/A                                     ; None                                                ; 18.803 ns      ; 273:inst8|19                                                                                                   ; d1[0]    ; CLK1       ;
; N/A                                     ; None                                                ; 18.808 ns      ; 273:inst8|15                                                                                                   ; d1[5]    ; CLK1       ;
; N/A                                     ; None                                                ; 18.824 ns      ; 273:inst8|19                                                                                                   ; d1[1]    ; CLK1       ;
; N/A                                     ; None                                                ; 18.853 ns      ; 273:inst8|15                                                                                                   ; d1[4]    ; CLK1       ;
; N/A                                     ; None                                                ; 18.879 ns      ; 273:inst19|12                                                                                                  ; d1[0]    ; CLK1       ;
; N/A                                     ; None                                                ; 18.887 ns      ; 273:inst8|17                                                                                                   ; d1[3]    ; CLK1       ;
; N/A                                     ; None                                                ; 18.966 ns      ; 273:inst8|16                                                                                                   ; d1[6]    ; CLK1       ;
; N/A                                     ; None                                                ; 18.995 ns      ; 273:inst19|17                                                                                                  ; d1[3]    ; CLK1       ;
; N/A                                     ; None                                                ; 18.998 ns      ; 273:inst19|16                                                                                                  ; d1[6]    ; CLK1       ;
; N/A                                     ; None                                                ; 19.020 ns      ; 273:inst8|17                                                                                                   ; d1[7]    ; CLK1       ;
; N/A                                     ; None                                                ; 19.105 ns      ; 273:inst19|12                                                                                                  ; d1[1]    ; CLK1       ;
; N/A                                     ; None                                                ; 19.236 ns      ; 273:inst8|17                                                                                                   ; d1[6]    ; CLK1       ;
; N/A                                     ; None                                                ; 19.237 ns      ; 273:inst19|13                                                                                                  ; d1[0]    ; CLK1       ;
; N/A                                     ; None                                                ; 19.252 ns      ; 273:inst19|17                                                                                                  ; d1[5]    ; CLK1       ;
; N/A                                     ; None                                                ; 19.253 ns      ; 273:inst19|18                                                                                                  ; d1[3]    ; CLK1       ;
; N/A                                     ; None                                                ; 19.297 ns      ; 273:inst19|17                                                                                                  ; d1[4]    ; CLK1       ;
; N/A                                     ; None                                                ; 19.319 ns      ; 273:inst8|19                                                                                                   ; d1[3]    ; CLK1       ;
; N/A                                     ; None                                                ; 19.338 ns      ; 273:inst19|19                                                                                                  ; d1[3]    ; CLK1       ;
; N/A                                     ; None                                                ; 19.456 ns      ; 273:inst8|16                                                                                                   ; d1[5]    ; CLK1       ;
; N/A                                     ; None                                                ; 19.463 ns      ; 273:inst19|13                                                                                                  ; d1[1]    ; CLK1       ;
; N/A                                     ; None                                                ; 19.488 ns      ; 273:inst19|16                                                                                                  ; d1[5]    ; CLK1       ;
; N/A                                     ; None                                                ; 19.494 ns      ; 273:inst8|18                                                                                                   ; d1[3]    ; CLK1       ;
; N/A                                     ; None                                                ; 19.501 ns      ; 273:inst8|16                                                                                                   ; d1[4]    ; CLK1       ;
; N/A                                     ; None                                                ; 19.533 ns      ; 273:inst19|16                                                                                                  ; d1[4]    ; CLK1       ;
; N/A                                     ; None                                                ; 19.582 ns      ; 273:inst8|12                                                                                                   ; d1[0]    ; CLK1       ;
; N/A                                     ; None                                                ; 19.591 ns      ; 273:inst8|18                                                                                                   ; d1[7]    ; CLK1       ;
; N/A                                     ; None                                                ; 19.592 ns      ; lpm_rom0:inst12|altsyncram:altsyncram_component|altsyncram_ecq:auto_generated|ram_block1a14~porta_address_reg5 ; M[15]    ; CLK1       ;
; N/A                                     ; None                                                ; 19.592 ns      ; lpm_rom0:inst12|altsyncram:altsyncram_component|altsyncram_ecq:auto_generated|ram_block1a14~porta_address_reg4 ; M[15]    ; CLK1       ;
; N/A                                     ; None                                                ; 19.592 ns      ; lpm_rom0:inst12|altsyncram:altsyncram_component|altsyncram_ecq:auto_generated|ram_block1a14~porta_address_reg3 ; M[15]    ; CLK1       ;
; N/A                                     ; None                                                ; 19.592 ns      ; lpm_rom0:inst12|altsyncram:altsyncram_component|altsyncram_ecq:auto_generated|ram_block1a14~porta_address_reg2 ; M[15]    ; CLK1       ;
; N/A                                     ; None                                                ; 19.592 ns      ; lpm_rom0:inst12|altsyncram:altsyncram_component|altsyncram_ecq:auto_generated|ram_block1a14~porta_address_reg1 ; M[15]    ; CLK1       ;
; N/A                                     ; None                                                ; 19.592 ns      ; lpm_rom0:inst12|altsyncram:altsyncram_component|altsyncram_ecq:auto_generated|ram_block1a14~porta_address_reg0 ; M[15]    ; CLK1       ;
; N/A                                     ; None                                                ; 19.700 ns      ; 273:inst19|18                                                                                                  ; d1[7]    ; CLK1       ;
; N/A                                     ; None                                                ; 19.726 ns      ; 273:inst8|17                                                                                                   ; d1[5]    ; CLK1       ;
; N/A                                     ; None                                                ; 19.735 ns      ; lpm_rom0:inst12|altsyncram:altsyncram_component|altsyncram_ecq:auto_generated|ram_block1a14~porta_address_reg5 ; M[2]     ; CLK1       ;
; N/A                                     ; None                                                ; 19.735 ns      ; lpm_rom0:inst12|altsyncram:altsyncram_component|altsyncram_ecq:auto_generated|ram_block1a14~porta_address_reg4 ; M[2]     ; CLK1       ;
; N/A                                     ; None                                                ; 19.735 ns      ; lpm_rom0:inst12|altsyncram:altsyncram_component|altsyncram_ecq:auto_generated|ram_block1a14~porta_address_reg3 ; M[2]     ; CLK1       ;
; N/A                                     ; None                                                ; 19.735 ns      ; lpm_rom0:inst12|altsyncram:altsyncram_component|altsyncram_ecq:auto_generated|ram_block1a14~porta_address_reg2 ; M[2]     ; CLK1       ;
; N/A                                     ; None                                                ; 19.735 ns      ; lpm_rom0:inst12|altsyncram:altsyncram_component|altsyncram_ecq:auto_generated|ram_block1a14~porta_address_reg1 ; M[2]     ; CLK1       ;
; N/A                                     ; None                                                ; 19.735 ns      ; lpm_rom0:inst12|altsyncram:altsyncram_component|altsyncram_ecq:auto_generated|ram_block1a14~porta_address_reg0 ; M[2]     ; CLK1       ;
; N/A                                     ; None                                                ; 19.771 ns      ; 273:inst8|17                                                                                                   ; d1[4]    ; CLK1       ;
; N/A                                     ; None                                                ; 19.784 ns      ; lpm_rom0:inst12|altsyncram:altsyncram_component|altsyncram_ecq:auto_generated|ram_block1a14~porta_address_reg5 ; M[4]     ; CLK1       ;
; N/A                                     ; None                                                ; 19.784 ns      ; lpm_rom0:inst12|altsyncram:altsyncram_component|altsyncram_ecq:auto_generated|ram_block1a14~porta_address_reg4 ; M[4]     ; CLK1       ;
; N/A                                     ; None                                                ; 19.784 ns      ; lpm_rom0:inst12|altsyncram:altsyncram_component|altsyncram_ecq:auto_generated|ram_block1a14~porta_address_reg3 ; M[4]     ; CLK1       ;
; N/A                                     ; None                                                ; 19.784 ns      ; lpm_rom0:inst12|altsyncram:altsyncram_component|altsyncram_ecq:auto_generated|ram_block1a14~porta_address_reg2 ; M[4]     ; CLK1       ;
; N/A                                     ; None                                                ; 19.784 ns      ; lpm_rom0:inst12|altsyncram:altsyncram_component|altsyncram_ecq:auto_generated|ram_block1a14~porta_address_reg1 ; M[4]     ; CLK1       ;
; N/A                                     ; None                                                ; 19.784 ns      ; lpm_rom0:inst12|altsyncram:altsyncram_component|altsyncram_ecq:auto_generated|ram_block1a14~porta_address_reg0 ; M[4]     ; CLK1       ;
; N/A                                     ; None                                                ; 19.792 ns      ; lpm_rom0:inst12|altsyncram:altsyncram_component|altsyncram_ecq:auto_generated|ram_block1a14~porta_address_reg5 ; M[18]    ; CLK1       ;
; N/A                                     ; None                                                ; 19.792 ns      ; lpm_rom0:inst12|altsyncram:altsyncram_component|altsyncram_ecq:auto_generated|ram_block1a14~porta_address_reg4 ; M[18]    ; CLK1       ;
; N/A                                     ; None                                                ; 19.792 ns      ; lpm_rom0:inst12|altsyncram:altsyncram_component|altsyncram_ecq:auto_generated|ram_block1a14~porta_address_reg3 ; M[18]    ; CLK1       ;
; N/A                                     ; None                                                ; 19.792 ns      ; lpm_rom0:inst12|altsyncram:altsyncram_component|altsyncram_ecq:auto_generated|ram_block1a14~porta_address_reg2 ; M[18]    ; CLK1       ;
; N/A                                     ; None                                                ; 19.792 ns      ; lpm_rom0:inst12|altsyncram:altsyncram_component|altsyncram_ecq:auto_generated|ram_block1a14~porta_address_reg1 ; M[18]    ; CLK1       ;
; N/A                                     ; None                                                ; 19.792 ns      ; lpm_rom0:inst12|altsyncram:altsyncram_component|altsyncram_ecq:auto_generated|ram_block1a14~porta_address_reg0 ; M[18]    ; CLK1       ;
; N/A                                     ; None                                                ; 19.794 ns      ; lpm_rom0:inst12|altsyncram:altsyncram_component|altsyncram_ecq:auto_generated|ram_block1a14~porta_address_reg5 ; M[11]    ; CLK1       ;
; N/A                                     ; None                                                ; 19.794 ns      ; lpm_rom0:inst12|altsyncram:altsyncram_component|altsyncram_ecq:auto_generated|ram_block1a14~porta_address_reg4 ; M[11]    ; CLK1       ;
; N/A                                     ; None                                                ; 19.794 ns      ; lpm_rom0:inst12|altsyncram:altsyncram_component|altsyncram_ecq:auto_generated|ram_block1a14~porta_address_reg3 ; M[11]    ; CLK1       ;
; N/A                                     ; None                                                ; 19.794 ns      ; lpm_rom0:inst12|altsyncram:altsyncram_component|altsyncram_ecq:auto_generated|ram_block1a14~porta_address_reg2 ; M[11]    ; CLK1       ;
; N/A                                     ; None                                                ; 19.794 ns      ; lpm_rom0:inst12|altsyncram:altsyncram_component|altsyncram_ecq:auto_generated|ram_block1a14~porta_address_reg1 ; M[11]    ; CLK1       ;
; N/A                                     ; None                                                ; 19.794 ns      ; lpm_rom0:inst12|altsyncram:altsyncram_component|altsyncram_ecq:auto_generated|ram_block1a14~porta_address_reg0 ; M[11]    ; CLK1       ;
; N/A                                     ; None                                                ; 19.807 ns      ; 273:inst8|18                                                                                                   ; d1[6]    ; CLK1       ;
; N/A                                     ; None                                                ; 19.808 ns      ; 273:inst8|12                                                                                                   ; d1[1]    ; CLK1       ;
; N/A                                     ; None                                                ; 19.869 ns      ; lpm_rom0:inst12|altsyncram:altsyncram_component|altsyncram_ecq:auto_generated|ram_block1a14~porta_address_reg5 ; M[12]    ; CLK1       ;
; N/A                                     ; None                                                ; 19.869 ns      ; lpm_rom0:inst12|altsyncram:altsyncram_component|altsyncram_ecq:auto_generated|ram_block1a14~porta_address_reg4 ; M[12]    ; CLK1       ;
; N/A                                     ; None                                                ; 19.869 ns      ; lpm_rom0:inst12|altsyncram:altsyncram_component|altsyncram_ecq:auto_generated|ram_block1a14~porta_address_reg3 ; M[12]    ; CLK1       ;
; N/A                                     ; None                                                ; 19.869 ns      ; lpm_rom0:inst12|altsyncram:altsyncram_component|altsyncram_ecq:auto_generated|ram_block1a14~porta_address_reg2 ; M[12]    ; CLK1       ;
; N/A                                     ; None                                                ; 19.869 ns      ; lpm_rom0:inst12|altsyncram:altsyncram_component|altsyncram_ecq:auto_generated|ram_block1a14~porta_address_reg1 ; M[12]    ; CLK1       ;
; N/A                                     ; None                                                ; 19.869 ns      ; lpm_rom0:inst12|altsyncram:altsyncram_component|altsyncram_ecq:auto_generated|ram_block1a14~porta_address_reg0 ; M[12]    ; CLK1       ;
; N/A                                     ; None                                                ; 19.872 ns      ; lpm_rom0:inst12|altsyncram:altsyncram_component|altsyncram_ecq:auto_generated|ram_block1a14~porta_address_reg5 ; M[20]    ; CLK1       ;
; N/A                                     ; None                                                ; 19.872 ns      ; lpm_rom0:inst12|altsyncram:altsyncram_component|altsyncram_ecq:auto_generated|ram_block1a14~porta_address_reg4 ; M[20]    ; CLK1       ;
; N/A                                     ; None                                                ; 19.872 ns      ; lpm_rom0:inst12|altsyncram:altsyncram_component|altsyncram_ecq:auto_generated|ram_block1a14~porta_address_reg3 ; M[20]    ; CLK1       ;
; N/A                                     ; None                                                ; 19.872 ns      ; lpm_rom0:inst12|altsyncram:altsyncram_component|altsyncram_ecq:auto_generated|ram_block1a14~porta_address_reg2 ; M[20]    ; CLK1       ;
; N/A                                     ; None                                                ; 19.872 ns      ; lpm_rom0:inst12|altsyncram:altsyncram_component|altsyncram_ecq:auto_generated|ram_block1a14~porta_address_reg1 ; M[20]    ; CLK1       ;
; N/A                                     ; None                                                ; 19.872 ns      ; lpm_rom0:inst12|altsyncram:altsyncram_component|altsyncram_ecq:auto_generated|ram_block1a14~porta_address_reg0 ; M[20]    ; CLK1       ;
; N/A                                     ; None                                                ; 19.916 ns      ; 273:inst19|18                                                                                                  ; d1[6]    ; CLK1       ;
; N/A                                     ; None                                                ; 19.954 ns      ; 273:inst8|13                                                                                                   ; d1[0]    ; CLK1       ;
; N/A                                     ; None                                                ; 20.007 ns      ; lpm_rom0:inst12|altsyncram:altsyncram_component|altsyncram_ecq:auto_generated|ram_block1a14~porta_address_reg5 ; M[13]    ; CLK1       ;
; N/A                                     ; None                                                ; 20.007 ns      ; lpm_rom0:inst12|altsyncram:altsyncram_component|altsyncram_ecq:auto_generated|ram_block1a14~porta_address_reg4 ; M[13]    ; CLK1       ;
; N/A                                     ; None                                                ; 20.007 ns      ; lpm_rom0:inst12|altsyncram:altsyncram_component|altsyncram_ecq:auto_generated|ram_block1a14~porta_address_reg3 ; M[13]    ; CLK1       ;
; N/A                                     ; None                                                ; 20.007 ns      ; lpm_rom0:inst12|altsyncram:altsyncram_component|altsyncram_ecq:auto_generated|ram_block1a14~porta_address_reg2 ; M[13]    ; CLK1       ;
; N/A                                     ; None                                                ; 20.007 ns      ; lpm_rom0:inst12|altsyncram:altsyncram_component|altsyncram_ecq:auto_generated|ram_block1a14~porta_address_reg1 ; M[13]    ; CLK1       ;
; N/A                                     ; None                                                ; 20.007 ns      ; lpm_rom0:inst12|altsyncram:altsyncram_component|altsyncram_ecq:auto_generated|ram_block1a14~porta_address_reg0 ; M[13]    ; CLK1       ;
; N/A                                     ; None                                                ; 20.050 ns      ; lpm_rom0:inst12|altsyncram:altsyncram_component|altsyncram_ecq:auto_generated|ram_block1a14~porta_address_reg5 ; M[6]     ; CLK1       ;
; N/A                                     ; None                                                ; 20.050 ns      ; lpm_rom0:inst12|altsyncram:altsyncram_component|altsyncram_ecq:auto_generated|ram_block1a14~porta_address_reg4 ; M[6]     ; CLK1       ;
; N/A                                     ; None                                                ; 20.050 ns      ; lpm_rom0:inst12|altsyncram:altsyncram_component|altsyncram_ecq:auto_generated|ram_block1a14~porta_address_reg3 ; M[6]     ; CLK1       ;
; N/A                                     ; None                                                ; 20.050 ns      ; lpm_rom0:inst12|altsyncram:altsyncram_component|altsyncram_ecq:auto_generated|ram_block1a14~porta_address_reg2 ; M[6]     ; CLK1       ;
; N/A                                     ; None                                                ; 20.050 ns      ; lpm_rom0:inst12|altsyncram:altsyncram_component|altsyncram_ecq:auto_generated|ram_block1a14~porta_address_reg1 ; M[6]     ; CLK1       ;
; N/A                                     ; None                                                ; 20.050 ns      ; lpm_rom0:inst12|altsyncram:altsyncram_component|altsyncram_ecq:auto_generated|ram_block1a14~porta_address_reg0 ; M[6]     ; CLK1       ;
; N/A                                     ; None                                                ; 20.078 ns      ; lpm_rom0:inst12|altsyncram:altsyncram_component|altsyncram_ecq:auto_generated|ram_block1a14~porta_address_reg5 ; M[8]     ; CLK1       ;
; N/A                                     ; None                                                ; 20.078 ns      ; lpm_rom0:inst12|altsyncram:altsyncram_component|altsyncram_ecq:auto_generated|ram_block1a14~porta_address_reg4 ; M[8]     ; CLK1       ;
; N/A                                     ; None                                                ; 20.078 ns      ; lpm_rom0:inst12|altsyncram:altsyncram_component|altsyncram_ecq:auto_generated|ram_block1a14~porta_address_reg3 ; M[8]     ; CLK1       ;
; N/A                                     ; None                                                ; 20.078 ns      ; lpm_rom0:inst12|altsyncram:altsyncram_component|altsyncram_ecq:auto_generated|ram_block1a14~porta_address_reg2 ; M[8]     ; CLK1       ;
; N/A                                     ; None                                                ; 20.078 ns      ; lpm_rom0:inst12|altsyncram:altsyncram_component|altsyncram_ecq:auto_generated|ram_block1a14~porta_address_reg1 ; M[8]     ; CLK1       ;
; N/A                                     ; None                                                ; 20.078 ns      ; lpm_rom0:inst12|altsyncram:altsyncram_component|altsyncram_ecq:auto_generated|ram_block1a14~porta_address_reg0 ; M[8]     ; CLK1       ;
; N/A                                     ; None                                                ; 20.151 ns      ; lpm_rom0:inst12|altsyncram:altsyncram_component|altsyncram_ecq:auto_generated|ram_block1a14~porta_address_reg5 ; M[19]    ; CLK1       ;
; N/A                                     ; None                                                ; 20.151 ns      ; lpm_rom0:inst12|altsyncram:altsyncram_component|altsyncram_ecq:auto_generated|ram_block1a14~porta_address_reg4 ; M[19]    ; CLK1       ;
; N/A                                     ; None                                                ; 20.151 ns      ; lpm_rom0:inst12|altsyncram:altsyncram_component|altsyncram_ecq:auto_generated|ram_block1a14~porta_address_reg3 ; M[19]    ; CLK1       ;
; N/A                                     ; None                                                ; 20.151 ns      ; lpm_rom0:inst12|altsyncram:altsyncram_component|altsyncram_ecq:auto_generated|ram_block1a14~porta_address_reg2 ; M[19]    ; CLK1       ;
; N/A                                     ; None                                                ; 20.151 ns      ; lpm_rom0:inst12|altsyncram:altsyncram_component|altsyncram_ecq:auto_generated|ram_block1a14~porta_address_reg1 ; M[19]    ; CLK1       ;
; N/A                                     ; None                                                ; 20.151 ns      ; lpm_rom0:inst12|altsyncram:altsyncram_component|altsyncram_ecq:auto_generated|ram_block1a14~porta_address_reg0 ; M[19]    ; CLK1       ;
; N/A                                     ; None                                                ; 20.152 ns      ; lpm_rom0:inst12|altsyncram:altsyncram_component|altsyncram_ecq:auto_generated|ram_block1a14~porta_address_reg5 ; M[1]     ; CLK1       ;
; N/A                                     ; None                                                ; 20.152 ns      ; lpm_rom0:inst12|altsyncram:altsyncram_component|altsyncram_ecq:auto_generated|ram_block1a14~porta_address_reg4 ; M[1]     ; CLK1       ;
; N/A                                     ; None                                                ; 20.152 ns      ; lpm_rom0:inst12|altsyncram:altsyncram_component|altsyncram_ecq:auto_generated|ram_block1a14~porta_address_reg3 ; M[1]     ; CLK1       ;
; N/A                                     ; None                                                ; 20.152 ns      ; lpm_rom0:inst12|altsyncram:altsyncram_component|altsyncram_ecq:auto_generated|ram_block1a14~porta_address_reg2 ; M[1]     ; CLK1       ;
; N/A                                     ; None                                                ; 20.152 ns      ; lpm_rom0:inst12|altsyncram:altsyncram_component|altsyncram_ecq:auto_generated|ram_block1a14~porta_address_reg1 ; M[1]     ; CLK1       ;
; N/A                                     ; None                                                ; 20.152 ns      ; lpm_rom0:inst12|altsyncram:altsyncram_component|altsyncram_ecq:auto_generated|ram_block1a14~porta_address_reg0 ; M[1]     ; CLK1       ;
; N/A                                     ; None                                                ; 20.180 ns      ; 273:inst8|13                                                                                                   ; d1[1]    ; CLK1       ;
; N/A                                     ; None                                                ; 20.220 ns      ; lpm_rom0:inst12|altsyncram:altsyncram_component|altsyncram_ecq:auto_generated|ram_block1a14~porta_address_reg5 ; M[22]    ; CLK1       ;
; N/A                                     ; None                                                ; 20.220 ns      ; lpm_rom0:inst12|altsyncram:altsyncram_component|altsyncram_ecq:auto_generated|ram_block1a14~porta_address_reg4 ; M[22]    ; CLK1       ;
; N/A                                     ; None                                                ; 20.220 ns      ; lpm_rom0:inst12|altsyncram:altsyncram_component|altsyncram_ecq:auto_generated|ram_block1a14~porta_address_reg3 ; M[22]    ; CLK1       ;
; N/A                                     ; None                                                ; 20.220 ns      ; lpm_rom0:inst12|altsyncram:altsyncram_component|altsyncram_ecq:auto_generated|ram_block1a14~porta_address_reg2 ; M[22]    ; CLK1       ;
; N/A                                     ; None                                                ; 20.220 ns      ; lpm_rom0:inst12|altsyncram:altsyncram_component|altsyncram_ecq:auto_generated|ram_block1a14~porta_address_reg1 ; M[22]    ; CLK1       ;
; N/A                                     ; None                                                ; 20.220 ns      ; lpm_rom0:inst12|altsyncram:altsyncram_component|altsyncram_ecq:auto_generated|ram_block1a14~porta_address_reg0 ; M[22]    ; CLK1       ;
; N/A                                     ; None                                                ; 20.229 ns      ; 273:inst19|12                                                                                                  ; d1[2]    ; CLK1       ;
; N/A                                     ; None                                                ; 20.291 ns      ; lpm_rom0:inst12|altsyncram:altsyncram_component|altsyncram_ecq:auto_generated|ram_block1a14~porta_address_reg5 ; M[3]     ; CLK1       ;
; N/A                                     ; None                                                ; 20.291 ns      ; lpm_rom0:inst12|altsyncram:altsyncram_component|altsyncram_ecq:auto_generated|ram_block1a14~porta_address_reg4 ; M[3]     ; CLK1       ;
; N/A                                     ; None                                                ; 20.291 ns      ; lpm_rom0:inst12|altsyncram:altsyncram_component|altsyncram_ecq:auto_generated|ram_block1a14~porta_address_reg3 ; M[3]     ; CLK1       ;
; N/A                                     ; None                                                ; 20.291 ns      ; lpm_rom0:inst12|altsyncram:altsyncram_component|altsyncram_ecq:auto_generated|ram_block1a14~porta_address_reg2 ; M[3]     ; CLK1       ;
; N/A                                     ; None                                                ; 20.291 ns      ; lpm_rom0:inst12|altsyncram:altsyncram_component|altsyncram_ecq:auto_generated|ram_block1a14~porta_address_reg1 ; M[3]     ; CLK1       ;
; N/A                                     ; None                                                ; 20.291 ns      ; lpm_rom0:inst12|altsyncram:altsyncram_component|altsyncram_ecq:auto_generated|ram_block1a14~porta_address_reg0 ; M[3]     ; CLK1       ;
; N/A                                     ; None                                                ; 20.297 ns      ; 273:inst8|18                                                                                                   ; d1[5]    ; CLK1       ;
; N/A                                     ; None                                                ; 20.342 ns      ; 273:inst8|18                                                                                                   ; d1[4]    ; CLK1       ;
; N/A                                     ; None                                                ; 20.360 ns      ; lpm_rom0:inst12|altsyncram:altsyncram_component|altsyncram_ecq:auto_generated|ram_block1a14~porta_address_reg5 ; M[10]    ; CLK1       ;
; N/A                                     ; None                                                ; 20.360 ns      ; lpm_rom0:inst12|altsyncram:altsyncram_component|altsyncram_ecq:auto_generated|ram_block1a14~porta_address_reg4 ; M[10]    ; CLK1       ;
; N/A                                     ; None                                                ; 20.360 ns      ; lpm_rom0:inst12|altsyncram:altsyncram_component|altsyncram_ecq:auto_generated|ram_block1a14~porta_address_reg3 ; M[10]    ; CLK1       ;
; N/A                                     ; None                                                ; 20.360 ns      ; lpm_rom0:inst12|altsyncram:altsyncram_component|altsyncram_ecq:auto_generated|ram_block1a14~porta_address_reg2 ; M[10]    ; CLK1       ;
; N/A                                     ; None                                                ; 20.360 ns      ; lpm_rom0:inst12|altsyncram:altsyncram_component|altsyncram_ecq:auto_generated|ram_block1a14~porta_address_reg1 ; M[10]    ; CLK1       ;
; N/A                                     ; None                                                ; 20.360 ns      ; lpm_rom0:inst12|altsyncram:altsyncram_component|altsyncram_ecq:auto_generated|ram_block1a14~porta_address_reg0 ; M[10]    ; CLK1       ;
; N/A                                     ; None                                                ; 20.406 ns      ; 273:inst19|18                                                                                                  ; d1[5]    ; CLK1       ;
; N/A                                     ; None                                                ; 20.451 ns      ; 273:inst19|18                                                                                                  ; d1[4]    ; CLK1       ;
; N/A                                     ; None                                                ; 20.456 ns      ; lpm_rom0:inst12|altsyncram:altsyncram_component|altsyncram_ecq:auto_generated|ram_block1a14~porta_address_reg5 ; M[5]     ; CLK1       ;
; N/A                                     ; None                                                ; 20.456 ns      ; lpm_rom0:inst12|altsyncram:altsyncram_component|altsyncram_ecq:auto_generated|ram_block1a14~porta_address_reg4 ; M[5]     ; CLK1       ;
; N/A                                     ; None                                                ; 20.456 ns      ; lpm_rom0:inst12|altsyncram:altsyncram_component|altsyncram_ecq:auto_generated|ram_block1a14~porta_address_reg3 ; M[5]     ; CLK1       ;
; N/A                                     ; None                                                ; 20.456 ns      ; lpm_rom0:inst12|altsyncram:altsyncram_component|altsyncram_ecq:auto_generated|ram_block1a14~porta_address_reg2 ; M[5]     ; CLK1       ;
; N/A                                     ; None                                                ; 20.456 ns      ; lpm_rom0:inst12|altsyncram:altsyncram_component|altsyncram_ecq:auto_generated|ram_block1a14~porta_address_reg1 ; M[5]     ; CLK1       ;
; N/A                                     ; None                                                ; 20.456 ns      ; lpm_rom0:inst12|altsyncram:altsyncram_component|altsyncram_ecq:auto_generated|ram_block1a14~porta_address_reg0 ; M[5]     ; CLK1       ;
; N/A                                     ; None                                                ; 20.587 ns      ; 273:inst19|13                                                                                                  ; d1[2]    ; CLK1       ;
; N/A                                     ; None                                                ; 20.672 ns      ; lpm_rom0:inst12|altsyncram:altsyncram_component|altsyncram_ecq:auto_generated|ram_block1a14~porta_address_reg5 ; M[24]    ; CLK1       ;
; N/A                                     ; None                                                ; 20.672 ns      ; lpm_rom0:inst12|altsyncram:altsyncram_component|altsyncram_ecq:auto_generated|ram_block1a14~porta_address_reg4 ; M[24]    ; CLK1       ;
; N/A                                     ; None                                                ; 20.672 ns      ; lpm_rom0:inst12|altsyncram:altsyncram_component|altsyncram_ecq:auto_generated|ram_block1a14~porta_address_reg3 ; M[24]    ; CLK1       ;
; N/A                                     ; None                                                ; 20.672 ns      ; lpm_rom0:inst12|altsyncram:altsyncram_component|altsyncram_ecq:auto_generated|ram_block1a14~porta_address_reg2 ; M[24]    ; CLK1       ;
; N/A                                     ; None                                                ; 20.672 ns      ; lpm_rom0:inst12|altsyncram:altsyncram_component|altsyncram_ecq:auto_generated|ram_block1a14~porta_address_reg1 ; M[24]    ; CLK1       ;
; N/A                                     ; None                                                ; 20.672 ns      ; lpm_rom0:inst12|altsyncram:altsyncram_component|altsyncram_ecq:auto_generated|ram_block1a14~porta_address_reg0 ; M[24]    ; CLK1       ;
; N/A                                     ; None                                                ; 20.714 ns      ; lpm_rom0:inst12|altsyncram:altsyncram_component|altsyncram_ecq:auto_generated|ram_block1a14~porta_address_reg5 ; d1[0]    ; CLK1       ;
; N/A                                     ; None                                                ; 20.714 ns      ; lpm_rom0:inst12|altsyncram:altsyncram_component|altsyncram_ecq:auto_generated|ram_block1a14~porta_address_reg4 ; d1[0]    ; CLK1       ;
; Timing analysis restricted to 200 rows. ; To change the limit use Settings (Assignments menu) ;                ;                                                                                                                ;          ;            ;
+-----------------------------------------+-----------------------------------------------------+----------------+----------------------------------------------------------------------------------------------------------------+----------+------------+


+--------------------------+
; Timing Analyzer Messages ;
+--------------------------+
Info: *******************************************************************
Info: Running Quartus II Timing Analyzer
    Info: Version 4.1 Build 181 06/29/2004 SJ Full Version
    Info: Processing started: Fri Dec 29 05:21:18 2023
Info: Command: quartus_tan --import_settings_files=off --export_settings_files=off shixi -c shixi --timing_analysis_only
Info: Found combinational loop of 6 nodes
    Info: Node ALU2:inst18|74181:inst1|78~287
    Info: Node ALU2:inst18|74181:inst1|78~283
    Info: Node ALU2:inst18|74181:inst1|78~284
    Info: Node ALU2:inst18|74181:inst|74~100
    Info: Node ALU2:inst18|74181:inst|78~15
    Info: Node ALU2:inst18|inst2~0
Warning: Found pins functioning as undefined clocks and/or memory enables
    Info: Assuming node CLK1 is an undefined clock
Warning: Found 35 node(s) in clock paths which may be acting as ripple and/or gated clocks -- node(s) analyzed as buffer(s) resulting in clock skew
    Info: Detected gated clock reg_3:inst1|inst~32 as buffer
    Info: Detected gated clock inst27 as buffer
    Info: Detected gated clock reg_3:inst1|inst7~8 as buffer
    Info: Detected gated clock reg_3:inst1|inst6~17 as buffer
    Info: Detected gated clock reg_3:inst1|inst~33 as buffer
    Info: Detected ripple clock 273:inst22|18 as buffer
    Info: Detected ripple clock 273:inst22|19 as buffer
    Info: Detected gated clock inst26 as buffer
    Info: Detected gated clock reg_3:inst1|inst~34 as buffer
    Info: Detected ripple clock 273:inst22|17 as buffer
    Info: Detected ripple clock 273:inst22|16 as buffer
    Info: Detected gated clock inst29~18 as buffer
    Info: Detected gated clock inst28 as buffer
    Info: Detected gated clock inst24 as buffer
    Info: Detected gated clock inst9 as buffer
    Info: Detected ripple clock t4:inst4|inst4 as buffer
    Info: Detected ripple clock lpm_rom0:inst12|altsyncram:altsyncram_component|altsyncram_ecq:auto_generated|ram_block1a14~porta_address_reg5 as buffer
    Info: Detected ripple clock lpm_rom0:inst12|altsyncram:altsyncram_component|altsyncram_ecq:auto_generated|ram_block1a14~porta_address_reg4 as buffer
    Info: Detected ripple clock lpm_rom0:inst12|altsyncram:altsyncram_component|altsyncram_ecq:auto_generated|ram_block1a14~porta_address_reg3 as buffer
    Info: Detected ripple clock lpm_rom0:inst12|altsyncram:altsyncram_component|altsyncram_ecq:auto_generated|ram_block1a14~porta_address_reg2 as buffer
    Info: Detected gated clock t4:inst4|inst13 as buffer
    Info: Detected ripple clock t4:inst4|inst2 as buffer
    Info: Detected ripple clock t4:inst4|inst1 as buffer
    Info: Detected ripple clock t4:inst4|inst3 as buffer
    Info: Detected ripple clock lpm_rom0:inst12|altsyncram:altsyncram_component|altsyncram_ecq:auto_generated|ram_block1a14~porta_address_reg1 as buffer
    Info: Detected ripple clock t4:inst4|inst as buffer
    Info: Detected ripple clock lpm_rom0:inst12|altsyncram:altsyncram_component|altsyncram_ecq:auto_generated|ram_block1a14~porta_address_reg0 as buffer
    Info: Detected gated clock lpm_rom0:inst12|altsyncram:altsyncram_component|altsyncram_ecq:auto_generated|q_a[12] as buffer
    Info: Detected gated clock lpm_rom0:inst12|altsyncram:altsyncram_component|altsyncram_ecq:auto_generated|q_a[13] as buffer
    Info: Detected gated clock lpm_rom0:inst12|altsyncram:altsyncram_component|altsyncram_ecq:auto_generated|q_a[16] as buffer
    Info: Detected gated clock lpm_rom0:inst12|altsyncram:altsyncram_component|altsyncram_ecq:auto_generated|q_a[15] as buffer
    Info: Detected gated clock lpm_rom0:inst12|altsyncram:altsyncram_component|altsyncram_ecq:auto_generated|q_a[8] as buffer
    Info: Detected gated clock lpm_rom0:inst12|altsyncram:altsyncram_component|altsyncram_ecq:auto_generated|q_a[7] as buffer
    Info: Detected gated clock lpm_rom0:inst12|altsyncram:altsyncram_component|altsyncram_ecq:auto_generated|q_a[6] as buffer
    Info: Detected gated clock lpm_rom0:inst12|altsyncram:altsyncram_component|altsyncram_ecq:auto_generated|q_a[14] as buffer
Info: Clock CLK1 has Internal fmax of 34.51 MHz between source register 273:inst8|14 and destination memory lpm_ram_dq0:inst10|altsyncram:altsyncram_component|altsyncram_dru:auto_generated|ram_block1a7~porta_datain_reg3 (period= 28.98 ns)
    Info: + Longest register to memory delay is 12.988 ns
        Info: 1: + IC(0.000 ns) + CELL(0.000 ns) = 0.000 ns; Loc. = LC_X13_Y18_N5; Fanout = 2; REG Node = '273:inst8|14'
        Info: 2: + IC(0.607 ns) + CELL(0.087 ns) = 0.694 ns; Loc. = LC_X13_Y18_N4; Fanout = 2; COMB Node = 'ALU2:inst18|74181:inst|44~17'
        Info: 3: + IC(0.570 ns) + CELL(0.332 ns) = 1.596 ns; Loc. = LC_X13_Y18_N6; Fanout = 7; COMB Node = 'ALU2:inst18|74181:inst|74~98'
        Info: 4: + IC(0.000 ns) + CELL(7.802 ns) = 9.398 ns; Loc. = LC_X13_Y18_N7; Fanout = 4; COMB LOOP Node = 'ALU2:inst18|74181:inst1|78~284'
            Info: Loc. = LC_X14_Y18_N8; Node ALU2:inst18|74181:inst1|78~287
            Info: Loc. = LC_X14_Y19_N0; Node ALU2:inst18|inst2~0
            Info: Loc. = LC_X14_Y19_N4; Node ALU2:inst18|74181:inst1|78~283
            Info: Loc. = LC_X13_Y18_N7; Node ALU2:inst18|74181:inst1|78~284
            Info: Loc. = LC_X12_Y18_N6; Node ALU2:inst18|74181:inst|74~100
            Info: Loc. = LC_X17_Y18_N9; Node ALU2:inst18|74181:inst|78~15
        Info: 5: + IC(1.166 ns) + CELL(0.087 ns) = 10.651 ns; Loc. = LC_X14_Y20_N6; Fanout = 3; COMB Node = 'ALU2:inst18|74181:inst|80'
        Info: 6: + IC(0.343 ns) + CELL(0.087 ns) = 11.081 ns; Loc. = LC_X14_Y20_N0; Fanout = 2; COMB Node = 'lpm_mux0:inst17|lpm_mux:lpm_mux_component|mux_jgc:auto_generated|w_result314w~163'
        Info: 7: + IC(0.139 ns) + CELL(0.087 ns) = 11.307 ns; Loc. = LC_X14_Y20_N1; Fanout = 9; COMB Node = '273:inst20|15~COMBOUT'
        Info: 8: + IC(1.410 ns) + CELL(0.271 ns) = 12.988 ns; Loc. = M4K_X15_Y18; Fanout = 1; MEM Node = 'lpm_ram_dq0:inst10|altsyncram:altsyncram_component|altsyncram_dru:auto_generated|ram_block1a7~porta_datain_reg3'
        Info: Total cell delay = 8.753 ns ( 67.39 % )
        Info: Total interconnect delay = 4.235 ns ( 32.61 % )
    Info: - Smallest clock skew is -15.667 ns
        Info: + Shortest clock path from clock CLK1 to destination memory is 10.750 ns
            Info: 1: + IC(0.000 ns) + CELL(1.141 ns) = 1.141 ns; Loc. = PIN_AE11; Fanout = 1; CLK Node = 'CLK1'
            Info: 2: + IC(1.402 ns) + CELL(0.087 ns) = 2.630 ns; Loc. = LC_X18_Y6_N7; Fanout = 5; COMB Node = 't4:inst4|inst13'
            Info: 3: + IC(3.562 ns) + CELL(0.736 ns) = 6.928 ns; Loc. = LC_X8_Y17_N5; Fanout = 33; REG Node = 't4:inst4|inst1'
            Info: 4: + IC(3.253 ns) + CELL(0.569 ns) = 10.750 ns; Loc. = M4K_X15_Y18; Fanout = 1; MEM Node = 'lpm_ram_dq0:inst10|altsyncram:altsyncram_component|altsyncram_dru:auto_generated|ram_block1a7~porta_datain_reg3'
            Info: Total cell delay = 2.533 ns ( 23.56 % )
            Info: Total interconnect delay = 8.217 ns ( 76.44 % )
        Info: - Longest clock path from clock CLK1 to source register is 26.417 ns
            Info: 1: + IC(0.000 ns) + CELL(1.141 ns) = 1.141 ns; Loc. = PIN_AE11; Fanout = 1; CLK Node = 'CLK1'
            Info: 2: + IC(1.402 ns) + CELL(0.087 ns) = 2.630 ns; Loc. = LC_X18_Y6_N7; Fanout = 5; COMB Node = 't4:inst4|inst13'
            Info: 3: + IC(3.488 ns) + CELL(0.736 ns) = 6.854 ns; Loc. = LC_X18_Y6_N7; Fanout = 1; REG Node = 't4:inst4|inst4'
            Info: 4: + IC(0.000 ns) + CELL(0.291 ns) = 7.145 ns; Loc. = LC_X18_Y6_N7; Fanout = 5; COMB Node = 't4:inst4|inst13'
            Info: 5: + IC(3.488 ns) + CELL(0.736 ns) = 11.369 ns; Loc. = LC_X18_Y6_N0; Fanout = 8; REG Node = 't4:inst4|inst'
            Info: 6: + IC(3.816 ns) + CELL(1.036 ns) = 16.221 ns; Loc. = M4K_X15_Y19; Fanout = 24; MEM Node = 'lpm_rom0:inst12|altsyncram:altsyncram_component|altsyncram_ecq:auto_generated|ram_block1a14~porta_address_reg0'
            Info: 7: + IC(0.000 ns) + CELL(3.489 ns) = 19.710 ns; Loc. = M4K_X15_Y19; Fanout = 9; MEM Node = 'lpm_rom0:inst12|altsyncram:altsyncram_component|altsyncram_ecq:auto_generated|q_a[13]'
            Info: 8: + IC(1.640 ns) + CELL(0.459 ns) = 21.809 ns; Loc. = LC_X13_Y13_N6; Fanout = 8; COMB Node = 'inst9'
            Info: 9: + IC(4.048 ns) + CELL(0.560 ns) = 26.417 ns; Loc. = LC_X13_Y18_N5; Fanout = 2; REG Node = '273:inst8|14'
            Info: Total cell delay = 8.535 ns ( 32.31 % )
            Info: Total interconnect delay = 17.882 ns ( 67.69 % )
    Info: + Micro clock to output delay of source is 0.176 ns
    Info: + Micro setup delay of destination is 0.149 ns
Warning: Circuit may not operate. Detected 201 non-operational path(s) clocked by clock CLK1 with clock skew larger than data delay. See Compilation Report for details.
Info: Found hold time violation between source  pin or register 273:inst19|14 and destination pin or register 273:inst21|17 for clock CLK1 (Hold time is 5.96 ns)
    Info: + Largest clock skew is 14.210 ns
        Info: + Longest clock path from clock CLK1 to destination register is 25.902 ns
            Info: 1: + IC(0.000 ns) + CELL(1.141 ns) = 1.141 ns; Loc. = PIN_AE11; Fanout = 1; CLK Node = 'CLK1'
            Info: 2: + IC(1.402 ns) + CELL(0.087 ns) = 2.630 ns; Loc. = LC_X18_Y6_N7; Fanout = 5; COMB Node = 't4:inst4|inst13'
            Info: 3: + IC(3.488 ns) + CELL(0.736 ns) = 6.854 ns; Loc. = LC_X18_Y6_N7; Fanout = 1; REG Node = 't4:inst4|inst4'
            Info: 4: + IC(0.000 ns) + CELL(0.291 ns) = 7.145 ns; Loc. = LC_X18_Y6_N7; Fanout = 5; COMB Node = 't4:inst4|inst13'
            Info: 5: + IC(3.488 ns) + CELL(0.736 ns) = 11.369 ns; Loc. = LC_X18_Y6_N0; Fanout = 8; REG Node = 't4:inst4|inst'
            Info: 6: + IC(3.816 ns) + CELL(1.036 ns) = 16.221 ns; Loc. = M4K_X15_Y19; Fanout = 24; MEM Node = 'lpm_rom0:inst12|altsyncram:altsyncram_component|altsyncram_ecq:auto_generated|ram_block1a14~porta_address_reg0'
            Info: 7: + IC(0.000 ns) + CELL(3.489 ns) = 19.710 ns; Loc. = M4K_X15_Y19; Fanout = 9; MEM Node = 'lpm_rom0:inst12|altsyncram:altsyncram_component|altsyncram_ecq:auto_generated|q_a[16]'
            Info: 8: + IC(1.611 ns) + CELL(0.213 ns) = 21.534 ns; Loc. = LC_X18_Y6_N6; Fanout = 8; COMB Node = 'inst28'
            Info: 9: + IC(3.808 ns) + CELL(0.560 ns) = 25.902 ns; Loc. = LC_X13_Y17_N4; Fanout = 1; REG Node = '273:inst21|17'
            Info: Total cell delay = 8.289 ns ( 32.00 % )
            Info: Total interconnect delay = 17.613 ns ( 68.00 % )
        Info: - Shortest clock path from clock CLK1 to source register is 11.692 ns
            Info: 1: + IC(0.000 ns) + CELL(1.141 ns) = 1.141 ns; Loc. = PIN_AE11; Fanout = 1; CLK Node = 'CLK1'
            Info: 2: + IC(1.402 ns) + CELL(0.087 ns) = 2.630 ns; Loc. = LC_X18_Y6_N7; Fanout = 5; COMB Node = 't4:inst4|inst13'
            Info: 3: + IC(3.539 ns) + CELL(0.736 ns) = 6.905 ns; Loc. = LC_X13_Y13_N6; Fanout = 5; REG Node = 't4:inst4|inst2'
            Info: 4: + IC(0.425 ns) + CELL(0.332 ns) = 7.662 ns; Loc. = LC_X13_Y13_N8; Fanout = 8; COMB Node = 'inst24'
            Info: 5: + IC(3.470 ns) + CELL(0.560 ns) = 11.692 ns; Loc. = LC_X13_Y18_N4; Fanout = 2; REG Node = '273:inst19|14'
            Info: Total cell delay = 2.856 ns ( 24.43 % )
            Info: Total interconnect delay = 8.836 ns ( 75.57 % )
    Info: - Micro clock to output delay of source is 0.176 ns
    Info: - Shortest register to register delay is 8.174 ns
        Info: 1: + IC(0.000 ns) + CELL(0.000 ns) = 0.000 ns; Loc. = LC_X13_Y18_N4; Fanout = 2; REG Node = '273:inst19|14'
        Info: 2: + IC(0.426 ns) + CELL(0.087 ns) = 0.513 ns; Loc. = LC_X13_Y18_N5; Fanout = 4; COMB Node = 'ALU2:inst18|74181:inst|47~51'
        Info: 3: + IC(0.139 ns) + CELL(0.087 ns) = 0.739 ns; Loc. = LC_X13_Y18_N6; Fanout = 7; COMB Node = 'ALU2:inst18|74181:inst|74~98'
        Info: 4: + IC(0.000 ns) + CELL(5.014 ns) = 5.753 ns; Loc. = LC_X14_Y18_N8; Fanout = 2; COMB LOOP Node = 'ALU2:inst18|74181:inst1|78~287'
            Info: Loc. = LC_X14_Y18_N8; Node ALU2:inst18|74181:inst1|78~287
            Info: Loc. = LC_X14_Y19_N0; Node ALU2:inst18|inst2~0
            Info: Loc. = LC_X14_Y19_N4; Node ALU2:inst18|74181:inst1|78~283
            Info: Loc. = LC_X13_Y18_N7; Node ALU2:inst18|74181:inst1|78~284
            Info: Loc. = LC_X12_Y18_N6; Node ALU2:inst18|74181:inst|74~100
            Info: Loc. = LC_X17_Y18_N9; Node ALU2:inst18|74181:inst|78~15
        Info: 5: + IC(0.139 ns) + CELL(0.087 ns) = 5.979 ns; Loc. = LC_X14_Y18_N9; Fanout = 2; COMB Node = 'ALU2:inst18|74181:inst1|78~5'
        Info: 6: + IC(0.356 ns) + CELL(0.087 ns) = 6.422 ns; Loc. = LC_X14_Y18_N5; Fanout = 3; COMB Node = 'ALU2:inst18|74181:inst1|82'
        Info: 7: + IC(0.139 ns) + CELL(0.087 ns) = 6.648 ns; Loc. = LC_X14_Y18_N6; Fanout = 2; COMB Node = 'lpm_mux0:inst17|lpm_mux:lpm_mux_component|mux_jgc:auto_generated|w_result176w~166'
        Info: 8: + IC(0.139 ns) + CELL(0.087 ns) = 6.874 ns; Loc. = LC_X14_Y18_N7; Fanout = 9; COMB Node = '273:inst20|17~COMBOUT'
        Info: 9: + IC(1.210 ns) + CELL(0.090 ns) = 8.174 ns; Loc. = LC_X13_Y17_N4; Fanout = 1; REG Node = '273:inst21|17'
        Info: Total cell delay = 5.626 ns ( 68.83 % )
        Info: Total interconnect delay = 2.548 ns ( 31.17 % )
    Info: + Micro hold delay of destination is 0.100 ns
Info: tsu for memory lpm_ram_dq0:inst10|altsyncram:altsyncram_component|altsyncram_dru:auto_generated|ram_block1a7~porta_datain_reg1 (data pin = d0[6], clock pin = CLK1) is -0.173 ns
    Info: + Longest pin to memory delay is 10.428 ns
        Info: 1: + IC(0.000 ns) + CELL(1.141 ns) = 1.141 ns; Loc. = PIN_B6; Fanout = 1; PIN Node = 'd0[6]'
        Info: 2: + IC(4.560 ns) + CELL(0.332 ns) = 6.033 ns; Loc. = LC_X13_Y20_N7; Fanout = 1; COMB Node = 'lpm_mux0:inst17|lpm_mux:lpm_mux_component|mux_jgc:auto_generated|w_result453w~212'
        Info: 3: + IC(2.161 ns) + CELL(0.213 ns) = 8.407 ns; Loc. = LC_X13_Y18_N3; Fanout = 2; COMB Node = 'lpm_mux0:inst17|lpm_mux:lpm_mux_component|mux_jgc:auto_generated|w_result452w~171'
        Info: 4: + IC(0.557 ns) + CELL(0.087 ns) = 9.051 ns; Loc. = LC_X12_Y18_N3; Fanout = 9; COMB Node = '273:inst20|13~COMBOUT'
        Info: 5: + IC(1.106 ns) + CELL(0.271 ns) = 10.428 ns; Loc. = M4K_X15_Y18; Fanout = 1; MEM Node = 'lpm_ram_dq0:inst10|altsyncram:altsyncram_component|altsyncram_dru:auto_generated|ram_block1a7~porta_datain_reg1'
        Info: Total cell delay = 2.044 ns ( 19.60 % )
        Info: Total interconnect delay = 8.384 ns ( 80.40 % )
    Info: + Micro setup delay of destination is 0.149 ns
    Info: - Shortest clock path from clock CLK1 to destination memory is 10.750 ns
        Info: 1: + IC(0.000 ns) + CELL(1.141 ns) = 1.141 ns; Loc. = PIN_AE11; Fanout = 1; CLK Node = 'CLK1'
        Info: 2: + IC(1.402 ns) + CELL(0.087 ns) = 2.630 ns; Loc. = LC_X18_Y6_N7; Fanout = 5; COMB Node = 't4:inst4|inst13'
        Info: 3: + IC(3.562 ns) + CELL(0.736 ns) = 6.928 ns; Loc. = LC_X8_Y17_N5; Fanout = 33; REG Node = 't4:inst4|inst1'
        Info: 4: + IC(3.253 ns) + CELL(0.569 ns) = 10.750 ns; Loc. = M4K_X15_Y18; Fanout = 1; MEM Node = 'lpm_ram_dq0:inst10|altsyncram:altsyncram_component|altsyncram_dru:auto_generated|ram_block1a7~porta_datain_reg1'
        Info: Total cell delay = 2.533 ns ( 23.56 % )
        Info: Total interconnect delay = 8.217 ns ( 76.44 % )
Info: tco from clock CLK1 to destination pin d1[4] through register 273:inst8|14 is 41.937 ns
    Info: + Longest clock path from clock CLK1 to source register is 26.417 ns
        Info: 1: + IC(0.000 ns) + CELL(1.141 ns) = 1.141 ns; Loc. = PIN_AE11; Fanout = 1; CLK Node = 'CLK1'
        Info: 2: + IC(1.402 ns) + CELL(0.087 ns) = 2.630 ns; Loc. = LC_X18_Y6_N7; Fanout = 5; COMB Node = 't4:inst4|inst13'
        Info: 3: + IC(3.488 ns) + CELL(0.736 ns) = 6.854 ns; Loc. = LC_X18_Y6_N7; Fanout = 1; REG Node = 't4:inst4|inst4'
        Info: 4: + IC(0.000 ns) + CELL(0.291 ns) = 7.145 ns; Loc. = LC_X18_Y6_N7; Fanout = 5; COMB Node = 't4:inst4|inst13'
        Info: 5: + IC(3.488 ns) + CELL(0.736 ns) = 11.369 ns; Loc. = LC_X18_Y6_N0; Fanout = 8; REG Node = 't4:inst4|inst'
        Info: 6: + IC(3.816 ns) + CELL(1.036 ns) = 16.221 ns; Loc. = M4K_X15_Y19; Fanout = 24; MEM Node = 'lpm_rom0:inst12|altsyncram:altsyncram_component|altsyncram_ecq:auto_generated|ram_block1a14~porta_address_reg0'
        Info: 7: + IC(0.000 ns) + CELL(3.489 ns) = 19.710 ns; Loc. = M4K_X15_Y19; Fanout = 9; MEM Node = 'lpm_rom0:inst12|altsyncram:altsyncram_component|altsyncram_ecq:auto_generated|q_a[13]'
        Info: 8: + IC(1.640 ns) + CELL(0.459 ns) = 21.809 ns; Loc. = LC_X13_Y13_N6; Fanout = 8; COMB Node = 'inst9'
        Info: 9: + IC(4.048 ns) + CELL(0.560 ns) = 26.417 ns; Loc. = LC_X13_Y18_N5; Fanout = 2; REG Node = '273:inst8|14'
        Info: Total cell delay = 8.535 ns ( 32.31 % )
        Info: Total interconnect delay = 17.882 ns ( 67.69 % )
    Info: + Micro clock to output delay of source is 0.176 ns
    Info: + Longest register to pin delay is 15.344 ns
        Info: 1: + IC(0.000 ns) + CELL(0.000 ns) = 0.000 ns; Loc. = LC_X13_Y18_N5; Fanout = 2; REG Node = '273:inst8|14'
        Info: 2: + IC(0.607 ns) + CELL(0.087 ns) = 0.694 ns; Loc. = LC_X13_Y18_N4; Fanout = 2; COMB Node = 'ALU2:inst18|74181:inst|44~17'
        Info: 3: + IC(0.570 ns) + CELL(0.332 ns) = 1.596 ns; Loc. = LC_X13_Y18_N6; Fanout = 7; COMB Node = 'ALU2:inst18|74181:inst|74~98'
        Info: 4: + IC(0.000 ns) + CELL(7.802 ns) = 9.398 ns; Loc. = LC_X13_Y18_N7; Fanout = 4; COMB LOOP Node = 'ALU2:inst18|74181:inst1|78~284'
            Info: Loc. = LC_X14_Y18_N8; Node ALU2:inst18|74181:inst1|78~287
            Info: Loc. = LC_X14_Y19_N0; Node ALU2:inst18|inst2~0
            Info: Loc. = LC_X14_Y19_N4; Node ALU2:inst18|74181:inst1|78~283
            Info: Loc. = LC_X13_Y18_N7; Node ALU2:inst18|74181:inst1|78~284
            Info: Loc. = LC_X12_Y18_N6; Node ALU2:inst18|74181:inst|74~100
            Info: Loc. = LC_X17_Y18_N9; Node ALU2:inst18|74181:inst|78~15
        Info: 5: + IC(1.166 ns) + CELL(0.087 ns) = 10.651 ns; Loc. = LC_X14_Y20_N6; Fanout = 3; COMB Node = 'ALU2:inst18|74181:inst|80'
        Info: 6: + IC(2.198 ns) + CELL(2.495 ns) = 15.344 ns; Loc. = PIN_L6; Fanout = 0; PIN Node = 'd1[4]'
        Info: Total cell delay = 10.803 ns ( 70.41 % )
        Info: Total interconnect delay = 4.541 ns ( 29.59 % )
Info: th for register reg_3:inst1|273:reg2|19 (data pin = d0[0], clock pin = CLK1) is 24.778 ns
    Info: + Longest clock path from clock CLK1 to destination register is 32.774 ns
        Info: 1: + IC(0.000 ns) + CELL(1.141 ns) = 1.141 ns; Loc. = PIN_AE11; Fanout = 1; CLK Node = 'CLK1'
        Info: 2: + IC(1.402 ns) + CELL(0.087 ns) = 2.630 ns; Loc. = LC_X18_Y6_N7; Fanout = 5; COMB Node = 't4:inst4|inst13'
        Info: 3: + IC(3.488 ns) + CELL(0.736 ns) = 6.854 ns; Loc. = LC_X18_Y6_N7; Fanout = 1; REG Node = 't4:inst4|inst4'
        Info: 4: + IC(0.000 ns) + CELL(0.291 ns) = 7.145 ns; Loc. = LC_X18_Y6_N7; Fanout = 5; COMB Node = 't4:inst4|inst13'
        Info: 5: + IC(3.488 ns) + CELL(0.736 ns) = 11.369 ns; Loc. = LC_X18_Y6_N0; Fanout = 8; REG Node = 't4:inst4|inst'
        Info: 6: + IC(3.816 ns) + CELL(1.036 ns) = 16.221 ns; Loc. = M4K_X15_Y19; Fanout = 24; MEM Node = 'lpm_rom0:inst12|altsyncram:altsyncram_component|altsyncram_ecq:auto_generated|ram_block1a14~porta_address_reg0'
        Info: 7: + IC(0.000 ns) + CELL(3.489 ns) = 19.710 ns; Loc. = M4K_X15_Y19; Fanout = 9; MEM Node = 'lpm_rom0:inst12|altsyncram:altsyncram_component|altsyncram_ecq:auto_generated|q_a[13]'
        Info: 8: + IC(1.640 ns) + CELL(0.459 ns) = 21.809 ns; Loc. = LC_X13_Y13_N5; Fanout = 8; COMB Node = 'inst29~18'
        Info: 9: + IC(4.052 ns) + CELL(0.736 ns) = 26.597 ns; Loc. = LC_X13_Y13_N3; Fanout = 3; REG Node = '273:inst22|16'
        Info: 10: + IC(0.000 ns) + CELL(0.291 ns) = 26.888 ns; Loc. = LC_X13_Y13_N3; Fanout = 1; COMB Node = 'reg_3:inst1|inst~32'
        Info: 11: + IC(0.139 ns) + CELL(0.087 ns) = 27.114 ns; Loc. = LC_X13_Y13_N4; Fanout = 3; COMB Node = 'reg_3:inst1|inst~33'
        Info: 12: + IC(0.583 ns) + CELL(0.087 ns) = 27.784 ns; Loc. = LC_X14_Y13_N6; Fanout = 8; COMB Node = 'reg_3:inst1|inst~34'
        Info: 13: + IC(4.430 ns) + CELL(0.560 ns) = 32.774 ns; Loc. = LC_X13_Y20_N9; Fanout = 1; REG Node = 'reg_3:inst1|273:reg2|19'
        Info: Total cell delay = 9.736 ns ( 29.71 % )
        Info: Total interconnect delay = 23.038 ns ( 70.29 % )
    Info: + Micro hold delay of destination is 0.100 ns
    Info: - Shortest pin to register delay is 8.096 ns
        Info: 1: + IC(0.000 ns) + CELL(1.020 ns) = 1.020 ns; Loc. = PIN_D12; Fanout = 1; PIN Node = 'd0[0]'
        Info: 2: + IC(4.676 ns) + CELL(0.459 ns) = 6.155 ns; Loc. = LC_X14_Y20_N3; Fanout = 1; COMB Node = 'lpm_mux0:inst17|lpm_mux:lpm_mux_component|mux_jgc:auto_generated|w_result37w~165'
        Info: 3: + IC(0.360 ns) + CELL(0.213 ns) = 6.728 ns; Loc. = LC_X14_Y20_N7; Fanout = 2; COMB Node = 'lpm_mux0:inst17|lpm_mux:lpm_mux_component|mux_jgc:auto_generated|w_result36w~168'
        Info: 4: + IC(0.139 ns) + CELL(0.087 ns) = 6.954 ns; Loc. = LC_X14_Y20_N8; Fanout = 9; COMB Node = '273:inst20|19~COMBOUT'
        Info: 5: + IC(1.052 ns) + CELL(0.090 ns) = 8.096 ns; Loc. = LC_X13_Y20_N9; Fanout = 1; REG Node = 'reg_3:inst1|273:reg2|19'
        Info: Total cell delay = 1.869 ns ( 23.09 % )
        Info: Total interconnect delay = 6.227 ns ( 76.91 % )
Info: Minimum tco from clock CLK1 to destination pin uaddr[2] through register se6_1:inst7|inst41 is 15.100 ns
    Info: + Shortest clock path from clock CLK1 to source register is 10.644 ns
        Info: 1: + IC(0.000 ns) + CELL(1.141 ns) = 1.141 ns; Loc. = PIN_AE11; Fanout = 1; CLK Node = 'CLK1'
        Info: 2: + IC(1.402 ns) + CELL(0.087 ns) = 2.630 ns; Loc. = LC_X18_Y6_N7; Fanout = 5; COMB Node = 't4:inst4|inst13'
        Info: 3: + IC(3.562 ns) + CELL(0.736 ns) = 6.928 ns; Loc. = LC_X8_Y17_N5; Fanout = 33; REG Node = 't4:inst4|inst1'
        Info: 4: + IC(3.156 ns) + CELL(0.560 ns) = 10.644 ns; Loc. = LC_X13_Y21_N2; Fanout = 2; REG Node = 'se6_1:inst7|inst41'
        Info: Total cell delay = 2.524 ns ( 23.71 % )
        Info: Total interconnect delay = 8.120 ns ( 76.29 % )
    Info: + Micro clock to output delay of source is 0.176 ns
    Info: + Shortest register to pin delay is 4.280 ns
        Info: 1: + IC(0.000 ns) + CELL(0.000 ns) = 0.000 ns; Loc. = LC_X13_Y21_N2; Fanout = 2; REG Node = 'se6_1:inst7|inst41'
        Info: 2: + IC(1.776 ns) + CELL(2.504 ns) = 4.280 ns; Loc. = PIN_A9; Fanout = 0; PIN Node = 'uaddr[2]'
        Info: Total cell delay = 2.504 ns ( 58.50 % )
        Info: Total interconnect delay = 1.776 ns ( 41.50 % )
Info: Quartus II Timing Analyzer was successful. 0 errors, 3 warnings
    Info: Processing ended: Fri Dec 29 05:21:18 2023
    Info: Elapsed time: 00:00:00


