Fitter report for jzsx
Fri Dec 29 05:48:17 2023
Version 4.1 Build 181 06/29/2004 SJ Full Version


---------------------
; Table of Contents ;
---------------------
  1. Legal Notice
  2. Fitter Summary
  3. Fitter Settings
  4. Fitter Device Options
  5. Fitter Equations
  6. Floorplan View
  7. Pin-Out File
  8. Fitter Resource Usage Summary
  9. Input Pins
 10. Output Pins
 11. I/O Bank Usage
 12. All Package Pins
 13. Output Pin Load For Reported TCO
 14. Fitter Resource Utilization by Entity
 15. Delay Chain Summary
 16. Pad To Core Delay Chain Fanout
 17. Control Signals
 18. Global & Other Fast Signals
 19. Non-Global High Fan-Out Signals
 20. Fitter RAM Summary
 21. Interconnect Usage Summary
 22. LAB Logic Elements
 23. LAB-wide Signals
 24. LAB Signals Sourced
 25. LAB Signals Sourced Out
 26. LAB Distinct Inputs
 27. Fitter Messages



----------------
; Legal Notice ;
----------------
Copyright (C) 1991-2004 Altera Corporation
Any  megafunction  design,  and related netlist (encrypted  or  decrypted),
support information,  device programming or simulation file,  and any other
associated  documentation or information  provided by  Altera  or a partner
under  Altera's   Megafunction   Partnership   Program  may  be  used  only
to program  PLD  devices (but not masked  PLD  devices) from  Altera.   Any
other  use  of such  megafunction  design,  netlist,  support  information,
device programming or simulation file,  or any other  related documentation
or information  is prohibited  for  any  other purpose,  including, but not
limited to  modification,  reverse engineering,  de-compiling, or use  with
any other  silicon devices,  unless such use is  explicitly  licensed under
a separate agreement with  Altera  or a megafunction partner.  Title to the
intellectual property,  including patents,  copyrights,  trademarks,  trade
secrets,  or maskworks,  embodied in any such megafunction design, netlist,
support  information,  device programming or simulation file,  or any other
related documentation or information provided by  Altera  or a megafunction
partner, remains with Altera, the megafunction partner, or their respective
licensors. No other licenses, including any licenses needed under any third
party's intellectual property, are provided herein.



+---------------------------------------------------------------------+
; Fitter Summary                                                      ;
+--------------------------+------------------------------------------+
; Fitter Status            ; Successful - Fri Dec 29 05:48:17 2023    ;
; Quartus II Version       ; 4.1 Build 181 06/29/2004 SJ Full Version ;
; Revision Name            ; jzsx                                     ;
; Top-level Entity Name    ; jzsx                                     ;
; Family                   ; Stratix                                  ;
; Device                   ; EP1S10B672C6                             ;
; Timing Models            ; Production                               ;
; Total logic elements     ; 149 / 10,570 ( 1 % )                     ;
; Total pins               ; 74 / 346 ( 21 % )                        ;
; Total memory bits        ; 3,584 / 920,448 ( < 1 % )                ;
; DSP block 9-bit elements ; 0 / 48 ( 0 % )                           ;
; Total PLLs               ; 0 / 6 ( 0 % )                            ;
; Total DLLs               ; 0 / 2 ( 0 % )                            ;
+--------------------------+------------------------------------------+


+----------------------------------------------------------------------------------------------------------------------+
; Fitter Settings                                                                                                      ;
+----------------------------------------------------+--------------------------------+--------------------------------+
; Option                                             ; Setting                        ; Default Value                  ;
+----------------------------------------------------+--------------------------------+--------------------------------+
; Device                                             ; EP1S10B672C6                   ;                                ;
; Optimize Hold Timing                               ; IO Paths and Minimum TPD Paths ; IO Paths and Minimum TPD Paths ;
; Optimize Timing                                    ; Normal compilation             ; Normal compilation             ;
; Optimize IOC Register Placement for Timing         ; On                             ; On                             ;
; Limit to One Fitting Attempt                       ; Off                            ; Off                            ;
; Final Placement Optimizations                      ; Automatically                  ; Automatically                  ;
; Fitter Initial Placement Seed                      ; 1                              ; 1                              ;
; Slow Slew Rate                                     ; Off                            ; Off                            ;
; PCI I/O                                            ; Off                            ; Off                            ;
; Weak Pull-Up Resistor                              ; Off                            ; Off                            ;
; Enable Bus-Hold Circuitry                          ; Off                            ; Off                            ;
; Auto Global Memory Control Signals                 ; Off                            ; Off                            ;
; Auto Packed Registers -- Stratix/Stratix GX        ; Auto                           ; Auto                           ;
; Auto Delay Chains                                  ; On                             ; On                             ;
; Auto Merge PLLs                                    ; On                             ; On                             ;
; Perform Physical Synthesis for Combinational Logic ; Off                            ; Off                            ;
; Perform Register Duplication                       ; Off                            ; Off                            ;
; Perform Register Retiming                          ; Off                            ; Off                            ;
; Physical Synthesis Effort Level                    ; Normal                         ; Normal                         ;
; Logic Cell Insertion -- Logic Duplication          ; Auto                           ; Auto                           ;
; Auto Register Duplication                          ; Off                            ; Off                            ;
; Auto Global Clock                                  ; On                             ; On                             ;
; Auto Global Register Control Signals               ; On                             ; On                             ;
+----------------------------------------------------+--------------------------------+--------------------------------+


+-------------------------------------------------------------------------+
; Fitter Device Options                                                   ;
+----------------------------------------------+--------------------------+
; Option                                       ; Setting                  ;
+----------------------------------------------+--------------------------+
; Auto-restart configuration after error       ; On                       ;
; Release clears before tri-states             ; Off                      ;
; Enable user-supplied start-up clock (CLKUSR) ; Off                      ;
; Enable device-wide reset (DEV_CLRn)          ; Off                      ;
; Enable device-wide output enable (DEV_OE)    ; Off                      ;
; Enable INIT_DONE output                      ; Off                      ;
; Configuration scheme                         ; Passive Serial           ;
; Reserve Data[0] pin after configuration      ; As input tri-stated      ;
; Reserve all unused pins                      ; As output driving ground ;
; Base pin-out file on sameframe device        ; Off                      ;
+----------------------------------------------+--------------------------+


+------------------+
; Fitter Equations ;
+------------------+
The equations can be found in E:/Desktop/jzsx (2)/jzsx.fit.eqn.


+----------------+
; Floorplan View ;
+----------------+
Floorplan report data cannot be output to ASCII.
Please use Quartus II to view the floorplan report data.


+--------------+
; Pin-Out File ;
+--------------+
The pin-out file can be found in E:/Desktop/jzsx (2)/jzsx.pin.


+------------------------------------------------------------------------------------------------------------------------+
; Fitter Resource Usage Summary                                                                                          ;
+--------------------------------+---------------------------------------------------------------------------------------+
; Resource                       ; Usage                                                                                 ;
+--------------------------------+---------------------------------------------------------------------------------------+
; Logic cells                    ; 149 / 10,570 ( 1 % )                                                                  ;
; Registers                      ; 83 / 12,566 ( < 1 % )                                                                 ;
; Total LABs                     ; 26 / 1,057 ( 2 % )                                                                    ;
; Logic elements in carry chains ; 8                                                                                     ;
; User inserted logic cells      ; 0                                                                                     ;
; Virtual pins                   ; 0                                                                                     ;
; I/O pins                       ; 74 / 346 ( 21 % )                                                                     ;
;     -- Clock pins              ; 7 / 16 ( 43 % )                                                                       ;
; Global signals                 ; 15                                                                                    ;
; M512s                          ; 0 / 94 ( 0 % )                                                                        ;
; M4Ks                           ; 2 / 60 ( 3 % )                                                                        ;
; M-RAMs                         ; 0 / 1 ( 0 % )                                                                         ;
; Total memory bits              ; 3,584 / 920,448 ( < 1 % )                                                             ;
; Total RAM block bits           ; 9,216 / 920,448 ( 1 % )                                                               ;
; DSP block 9-bit elements       ; 0 / 48 ( 0 % )                                                                        ;
; Global clocks                  ; 15 / 16 ( 93 % )                                                                      ;
; Regional clocks                ; 0 / 16 ( 0 % )                                                                        ;
; Fast regional clocks           ; 0 / 8 ( 0 % )                                                                         ;
; DIFFIOCLKs                     ; 0 / 16 ( 0 % )                                                                        ;
; SERDES transmitters            ; 0 / 44 ( 0 % )                                                                        ;
; SERDES receivers               ; 0 / 44 ( 0 % )                                                                        ;
; Maximum fan-out node           ; lpm_rom0:inst12|altsyncram:altsyncram_component|altsyncram_28s:auto_generated|q_a[14] ;
; Maximum fan-out                ; 87                                                                                    ;
; Total fan-out                  ; 622                                                                                   ;
; Average fan-out                ; 2.75                                                                                  ;
+--------------------------------+---------------------------------------------------------------------------------------+


+-------------------------------------------------------------------------------------------------------------------------------------------------------------------------------------------------------------------------------------------------------------+
; Input Pins                                                                                                                                                                                                                                                  ;
+-------+-------+----------+--------------+--------------+-------------+-----------------------+--------------------+--------+----------------+---------------+-----------------+----------+--------------+--------------+-------------+----------------------+
; Name  ; Pin # ; I/O Bank ; X coordinate ; Y coordinate ; Cell number ; Combinational Fan-Out ; Registered Fan-Out ; Global ; Input Register ; Power Up High ; PCI I/O Enabled ; Bus Hold ; Weak Pull Up ; I/O Standard ; Termination ; Location assigned by ;
+-------+-------+----------+--------------+--------------+-------------+-----------------------+--------------------+--------+----------------+---------------+-----------------+----------+--------------+--------------+-------------+----------------------+
; CLK1  ; AE11  ; 8        ; 19           ; 0            ; 0           ; 1                     ; 0                  ; no     ; no             ; no            ; no              ; no       ; Off          ; LVTTL        ; Off         ; Fitter               ;
; RST1  ; M24   ; 5        ; 53           ; 19           ; 3           ; 14                    ; 0                  ; yes    ; no             ; no            ; no              ; no       ; Off          ; LVTTL        ; Off         ; Fitter               ;
; STEP  ; M26   ; 5        ; 53           ; 19           ; 1           ; 5                     ; 0                  ; yes    ; no             ; no            ; no              ; no       ; Off          ; LVTTL        ; Off         ; Fitter               ;
; SWA   ; N2    ; 2        ; 0            ; 19           ; 2           ; 1                     ; 0                  ; no     ; no             ; no            ; no              ; no       ; Off          ; LVTTL        ; Off         ; Fitter               ;
; SWB   ; N3    ; 2        ; 0            ; 19           ; 3           ; 1                     ; 0                  ; no     ; no             ; no            ; no              ; no       ; Off          ; LVTTL        ; Off         ; Fitter               ;
; d0[0] ; D12   ; 3        ; 21           ; 31           ; 0           ; 1                     ; 0                  ; no     ; no             ; no            ; no              ; no       ; Off          ; LVTTL        ; Off         ; Fitter               ;
; d0[1] ; R1    ; 1        ; 0            ; 12           ; 2           ; 1                     ; 0                  ; no     ; no             ; no            ; no              ; no       ; Off          ; LVTTL        ; Off         ; Fitter               ;
; d0[2] ; W9    ; 8        ; 9            ; 0            ; 3           ; 1                     ; 0                  ; no     ; no             ; no            ; no              ; no       ; Off          ; LVTTL        ; Off         ; Fitter               ;
; d0[3] ; R2    ; 1        ; 0            ; 12           ; 3           ; 1                     ; 0                  ; no     ; no             ; no            ; no              ; no       ; Off          ; LVTTL        ; Off         ; Fitter               ;
; d0[4] ; M6    ; 2        ; 0            ; 23           ; 2           ; 1                     ; 0                  ; no     ; no             ; no            ; no              ; no       ; Off          ; LVTTL        ; Off         ; Fitter               ;
; d0[5] ; R3    ; 1        ; 0            ; 12           ; 0           ; 1                     ; 0                  ; no     ; no             ; no            ; no              ; no       ; Off          ; LVTTL        ; Off         ; Fitter               ;
; d0[6] ; B6    ; 3        ; 7            ; 31           ; 5           ; 1                     ; 0                  ; no     ; no             ; no            ; no              ; no       ; Off          ; LVTTL        ; Off         ; Fitter               ;
; d0[7] ; M1    ; 2        ; 0            ; 19           ; 1           ; 1                     ; 0                  ; no     ; no             ; no            ; no              ; no       ; Off          ; LVTTL        ; Off         ; Fitter               ;
+-------+-------+----------+--------------+--------------+-------------+-----------------------+--------------------+--------+----------------+---------------+-----------------+----------+--------------+--------------+-------------+----------------------+


+-------------------------------------------------------------------------------------------------------------------------------------------------------------------------------------------------------------------------------------------------------------------------------------+
; Output Pins                                                                                                                                                                                                                                                                         ;
+----------+-------+----------+--------------+--------------+-------------+-----------------+------------------------+---------------+----------------+-----------------+------------+----------+--------------+--------------+------------------+-------------+----------------------+
; Name     ; Pin # ; I/O Bank ; X coordinate ; Y coordinate ; Cell number ; Output Register ; Output Enable Register ; Power Up High ; Slow Slew Rate ; PCI I/O Enabled ; Open Drain ; Bus Hold ; Weak Pull Up ; I/O Standard ; Current Strength ; Termination ; Location assigned by ;
+----------+-------+----------+--------------+--------------+-------------+-----------------+------------------------+---------------+----------------+-----------------+------------+----------+--------------+--------------+------------------+-------------+----------------------+
; I[0]     ; R9    ; 1        ; 0            ; 10           ; 1           ; no              ; no                     ; no            ; no             ; no              ; no         ; no       ; Off          ; LVTTL        ; 24mA             ; Off         ; Fitter               ;
; I[1]     ; AD10  ; 8        ; 12           ; 0            ; 0           ; no              ; no                     ; no            ; no             ; no              ; no         ; no       ; Off          ; LVTTL        ; 24mA             ; Off         ; Fitter               ;
; I[2]     ; M4    ; 2        ; 0            ; 22           ; 2           ; no              ; no                     ; no            ; no             ; no              ; no         ; no       ; Off          ; LVTTL        ; 24mA             ; Off         ; Fitter               ;
; I[3]     ; AD9   ; 8        ; 12           ; 0            ; 5           ; no              ; no                     ; no            ; no             ; no              ; no         ; no       ; Off          ; LVTTL        ; 24mA             ; Off         ; Fitter               ;
; I[4]     ; N7    ; 2        ; 0            ; 21           ; 3           ; no              ; no                     ; no            ; no             ; no              ; no         ; no       ; Off          ; LVTTL        ; 24mA             ; Off         ; Fitter               ;
; I[5]     ; A7    ; 3        ; 9            ; 31           ; 5           ; no              ; no                     ; no            ; no             ; no              ; no         ; no       ; Off          ; LVTTL        ; 24mA             ; Off         ; Fitter               ;
; I[6]     ; L5    ; 2        ; 0            ; 25           ; 0           ; no              ; no                     ; no            ; no             ; no              ; no         ; no       ; Off          ; LVTTL        ; 24mA             ; Off         ; Fitter               ;
; I[7]     ; N6    ; 2        ; 0            ; 21           ; 2           ; no              ; no                     ; no            ; no             ; no              ; no         ; no       ; Off          ; LVTTL        ; 24mA             ; Off         ; Fitter               ;
; LDAR     ; AF9   ; 8        ; 12           ; 0            ; 1           ; no              ; no                     ; no            ; no             ; no              ; no         ; no       ; Off          ; LVTTL        ; 24mA             ; Off         ; Fitter               ;
; LDPC     ; R7    ; 1        ; 0            ; 10           ; 3           ; no              ; no                     ; no            ; no             ; no              ; no         ; no       ; Off          ; LVTTL        ; 24mA             ; Off         ; Fitter               ;
; LED_B    ; AA11  ; 8        ; 19           ; 0            ; 4           ; no              ; no                     ; no            ; no             ; no              ; no         ; no       ; Off          ; LVTTL        ; 24mA             ; Off         ; Fitter               ;
; LOAD     ; Y8    ; 8        ; 9            ; 0            ; 0           ; no              ; no                     ; no            ; no             ; no              ; no         ; no       ; Off          ; LVTTL        ; 24mA             ; Off         ; Fitter               ;
; M[10]    ; B10   ; 3        ; 12           ; 31           ; 3           ; no              ; no                     ; no            ; no             ; no              ; no         ; no       ; Off          ; LVTTL        ; 24mA             ; Off         ; Fitter               ;
; M[11]    ; AA9   ; 8        ; 12           ; 0            ; 2           ; no              ; no                     ; no            ; no             ; no              ; no         ; no       ; Off          ; LVTTL        ; 24mA             ; Off         ; Fitter               ;
; M[12]    ; M5    ; 2        ; 0            ; 22           ; 3           ; no              ; no                     ; no            ; no             ; no              ; no         ; no       ; Off          ; LVTTL        ; 24mA             ; Off         ; Fitter               ;
; M[13]    ; Y10   ; 8        ; 17           ; 0            ; 0           ; no              ; no                     ; no            ; no             ; no              ; no         ; no       ; Off          ; LVTTL        ; 24mA             ; Off         ; Fitter               ;
; M[14]    ; AA10  ; 8        ; 17           ; 0            ; 3           ; no              ; no                     ; no            ; no             ; no              ; no         ; no       ; Off          ; LVTTL        ; 24mA             ; Off         ; Fitter               ;
; M[15]    ; P6    ; 1        ; 0            ; 11           ; 0           ; no              ; no                     ; no            ; no             ; no              ; no         ; no       ; Off          ; LVTTL        ; 24mA             ; Off         ; Fitter               ;
; M[16]    ; AF10  ; 8        ; 17           ; 0            ; 4           ; no              ; no                     ; no            ; no             ; no              ; no         ; no       ; Off          ; LVTTL        ; 24mA             ; Off         ; Fitter               ;
; M[17]    ; W10   ; 8        ; 17           ; 0            ; 2           ; no              ; no                     ; no            ; no             ; no              ; no         ; no       ; Off          ; LVTTL        ; 24mA             ; Off         ; Fitter               ;
; M[18]    ; C12   ; 3        ; 21           ; 31           ; 1           ; no              ; no                     ; no            ; no             ; no              ; no         ; no       ; Off          ; LVTTL        ; 24mA             ; Off         ; Fitter               ;
; M[19]    ; H10   ; 3        ; 19           ; 31           ; 2           ; no              ; no                     ; no            ; no             ; no              ; no         ; no       ; Off          ; LVTTL        ; 24mA             ; Off         ; Fitter               ;
; M[1]     ; AC10  ; 8        ; 17           ; 0            ; 1           ; no              ; no                     ; no            ; no             ; no              ; no         ; no       ; Off          ; LVTTL        ; 24mA             ; Off         ; Fitter               ;
; M[20]    ; M8    ; 2        ; 0            ; 21           ; 0           ; no              ; no                     ; no            ; no             ; no              ; no         ; no       ; Off          ; LVTTL        ; 24mA             ; Off         ; Fitter               ;
; M[21]    ; E10   ; 3        ; 17           ; 31           ; 4           ; no              ; no                     ; no            ; no             ; no              ; no         ; no       ; Off          ; LVTTL        ; 24mA             ; Off         ; Fitter               ;
; M[22]    ; N8    ; 2        ; 0            ; 20           ; 1           ; no              ; no                     ; no            ; no             ; no              ; no         ; no       ; Off          ; LVTTL        ; 24mA             ; Off         ; Fitter               ;
; M[23]    ; G10   ; 3        ; 17           ; 31           ; 5           ; no              ; no                     ; no            ; no             ; no              ; no         ; no       ; Off          ; LVTTL        ; 24mA             ; Off         ; Fitter               ;
; M[24]    ; D10   ; 3        ; 17           ; 31           ; 1           ; no              ; no                     ; no            ; no             ; no              ; no         ; no       ; Off          ; LVTTL        ; 24mA             ; Off         ; Fitter               ;
; M[2]     ; G11   ; 3        ; 19           ; 31           ; 5           ; no              ; no                     ; no            ; no             ; no              ; no         ; no       ; Off          ; LVTTL        ; 24mA             ; Off         ; Fitter               ;
; M[3]     ; E9    ; 3        ; 12           ; 31           ; 4           ; no              ; no                     ; no            ; no             ; no              ; no         ; no       ; Off          ; LVTTL        ; 24mA             ; Off         ; Fitter               ;
; M[4]     ; F6    ; 3        ; 7            ; 31           ; 1           ; no              ; no                     ; no            ; no             ; no              ; no         ; no       ; Off          ; LVTTL        ; 24mA             ; Off         ; Fitter               ;
; M[5]     ; F9    ; 3        ; 17           ; 31           ; 0           ; no              ; no                     ; no            ; no             ; no              ; no         ; no       ; Off          ; LVTTL        ; 24mA             ; Off         ; Fitter               ;
; M[6]     ; F10   ; 3        ; 17           ; 31           ; 2           ; no              ; no                     ; no            ; no             ; no              ; no         ; no       ; Off          ; LVTTL        ; 24mA             ; Off         ; Fitter               ;
; M[7]     ; P7    ; 1        ; 0            ; 11           ; 1           ; no              ; no                     ; no            ; no             ; no              ; no         ; no       ; Off          ; LVTTL        ; 24mA             ; Off         ; Fitter               ;
; M[8]     ; A8    ; 3        ; 9            ; 31           ; 4           ; no              ; no                     ; no            ; no             ; no              ; no         ; no       ; Off          ; LVTTL        ; 24mA             ; Off         ; Fitter               ;
; M[9]     ; AB10  ; 8        ; 17           ; 0            ; 5           ; no              ; no                     ; no            ; no             ; no              ; no         ; no       ; Off          ; LVTTL        ; 24mA             ; Off         ; Fitter               ;
; PC_B     ; C9    ; 3        ; 12           ; 31           ; 1           ; no              ; no                     ; no            ; no             ; no              ; no         ; no       ; Off          ; LVTTL        ; 24mA             ; Off         ; Fitter               ;
; RAM_B    ; AC11  ; 8        ; 19           ; 0            ; 2           ; no              ; no                     ; no            ; no             ; no              ; no         ; no       ; Off          ; LVTTL        ; 24mA             ; Off         ; Fitter               ;
; SW_B     ; Y11   ; 8        ; 19           ; 0            ; 5           ; no              ; no                     ; no            ; no             ; no              ; no         ; no       ; Off          ; LVTTL        ; 24mA             ; Off         ; Fitter               ;
; d1[0]    ; A10   ; 3        ; 19           ; 31           ; 1           ; no              ; no                     ; no            ; no             ; no              ; no         ; no       ; Off          ; LVTTL        ; 24mA             ; Off         ; Fitter               ;
; d1[1]    ; M7    ; 2        ; 0            ; 23           ; 3           ; no              ; no                     ; no            ; no             ; no              ; no         ; no       ; Off          ; LVTTL        ; 24mA             ; Off         ; Fitter               ;
; d1[2]    ; B8    ; 3        ; 9            ; 31           ; 2           ; no              ; no                     ; no            ; no             ; no              ; no         ; no       ; Off          ; LVTTL        ; 24mA             ; Off         ; Fitter               ;
; d1[3]    ; E6    ; 3        ; 5            ; 31           ; 2           ; no              ; no                     ; no            ; no             ; no              ; no         ; no       ; Off          ; LVTTL        ; 24mA             ; Off         ; Fitter               ;
; d1[4]    ; L6    ; 2        ; 0            ; 24           ; 1           ; no              ; no                     ; no            ; no             ; no              ; no         ; no       ; Off          ; LVTTL        ; 24mA             ; Off         ; Fitter               ;
; d1[5]    ; L7    ; 2        ; 0            ; 24           ; 0           ; no              ; no                     ; no            ; no             ; no              ; no         ; no       ; Off          ; LVTTL        ; 24mA             ; Off         ; Fitter               ;
; d1[6]    ; A6    ; 3        ; 7            ; 31           ; 3           ; no              ; no                     ; no            ; no             ; no              ; no         ; no       ; Off          ; LVTTL        ; 24mA             ; Off         ; Fitter               ;
; d1[7]    ; B9    ; 3        ; 12           ; 31           ; 5           ; no              ; no                     ; no            ; no             ; no              ; no         ; no       ; Off          ; LVTTL        ; 24mA             ; Off         ; Fitter               ;
; led[0]   ; A12   ; 3        ; 21           ; 31           ; 3           ; no              ; no                     ; no            ; no             ; no              ; no         ; no       ; Off          ; LVTTL        ; 24mA             ; Off         ; Fitter               ;
; led[1]   ; AE10  ; 8        ; 12           ; 0            ; 3           ; no              ; no                     ; no            ; no             ; no              ; no         ; no       ; Off          ; LVTTL        ; 24mA             ; Off         ; Fitter               ;
; led[2]   ; AB9   ; 8        ; 12           ; 0            ; 4           ; no              ; no                     ; no            ; no             ; no              ; no         ; no       ; Off          ; LVTTL        ; 24mA             ; Off         ; Fitter               ;
; led[3]   ; P8    ; 2        ; 0            ; 20           ; 0           ; no              ; no                     ; no            ; no             ; no              ; no         ; no       ; Off          ; LVTTL        ; 24mA             ; Off         ; Fitter               ;
; led[4]   ; E11   ; 3        ; 19           ; 31           ; 4           ; no              ; no                     ; no            ; no             ; no              ; no         ; no       ; Off          ; LVTTL        ; 24mA             ; Off         ; Fitter               ;
; led[5]   ; R6    ; 1        ; 0            ; 10           ; 2           ; no              ; no                     ; no            ; no             ; no              ; no         ; no       ; Off          ; LVTTL        ; 24mA             ; Off         ; Fitter               ;
; led[6]   ; L3    ; 2        ; 0            ; 25           ; 2           ; no              ; no                     ; no            ; no             ; no              ; no         ; no       ; Off          ; LVTTL        ; 24mA             ; Off         ; Fitter               ;
; led[7]   ; R8    ; 1        ; 0            ; 10           ; 0           ; no              ; no                     ; no            ; no             ; no              ; no         ; no       ; Off          ; LVTTL        ; 24mA             ; Off         ; Fitter               ;
; uaddr[1] ; D11   ; 3        ; 19           ; 31           ; 0           ; no              ; no                     ; no            ; no             ; no              ; no         ; no       ; Off          ; LVTTL        ; 24mA             ; Off         ; Fitter               ;
; uaddr[2] ; A9    ; 3        ; 12           ; 31           ; 0           ; no              ; no                     ; no            ; no             ; no              ; no         ; no       ; Off          ; LVTTL        ; 24mA             ; Off         ; Fitter               ;
; uaddr[3] ; C10   ; 3        ; 12           ; 31           ; 2           ; no              ; no                     ; no            ; no             ; no              ; no         ; no       ; Off          ; LVTTL        ; 24mA             ; Off         ; Fitter               ;
; uaddr[4] ; M9    ; 2        ; 0            ; 21           ; 1           ; no              ; no                     ; no            ; no             ; no              ; no         ; no       ; Off          ; LVTTL        ; 24mA             ; Off         ; Fitter               ;
; uaddr[5] ; C11   ; 3        ; 19           ; 31           ; 3           ; no              ; no                     ; no            ; no             ; no              ; no         ; no       ; Off          ; LVTTL        ; 24mA             ; Off         ; Fitter               ;
; uaddr[6] ; G9    ; 3        ; 17           ; 31           ; 3           ; no              ; no                     ; no            ; no             ; no              ; no         ; no       ; Off          ; LVTTL        ; 24mA             ; Off         ; Fitter               ;
+----------+-------+----------+--------------+--------------+-------------+-----------------+------------------------+---------------+----------------+-----------------+------------+----------+--------------+--------------+------------------+-------------+----------------------+


+------------------------------------------------------------+
; I/O Bank Usage                                             ;
+----------+------------------+---------------+--------------+
; I/O Bank ; Usage            ; VCCIO Voltage ; VREF Voltage ;
+----------+------------------+---------------+--------------+
; 1        ; 9 / 39 ( 23 % )  ; 3.3V          ; --           ;
; 2        ; 17 / 39 ( 43 % ) ; 3.3V          ; --           ;
; 3        ; 28 / 43 ( 65 % ) ; 3.3V          ; --           ;
; 4        ; 1 / 45 ( 2 % )   ; 3.3V          ; --           ;
; 5        ; 2 / 39 ( 5 % )   ; 3.3V          ; --           ;
; 6        ; 0 / 39 ( 0 % )   ; 3.3V          ; --           ;
; 7        ; 0 / 45 ( 0 % )   ; 3.3V          ; --           ;
; 8        ; 18 / 44 ( 40 % ) ; 3.3V          ; --           ;
; 9        ; 0 / 6 ( 0 % )    ; 3.3V          ; --           ;
; 11       ; 0 / 6 ( 0 % )    ; 3.3V          ; --           ;
+----------+------------------+---------------+--------------+


+---------------------------------------------------------------------------------------------------------------------------------------------+
; All Package Pins                                                                                                                            ;
+----------+------------+----------+---------------------------+--------+--------------+---------+------------+-------------+-----------------+
; Location ; Pad Number ; I/O Bank ; Pin Name/Usage            ; Dir.   ; I/O Standard ; Voltage ; I/O Type   ; Termination ; User Assignment ;
+----------+------------+----------+---------------------------+--------+--------------+---------+------------+-------------+-----------------+
; A2       ;            ; 1        ; GND                       ; gnd    ;              ;         ; --         ; --          ;                 ;
; A3       ; 451        ; 3        ; GND*                      ;        ;              ;         ; Column I/O ; --          ;                 ;
; A4       ;            ; 3        ; VCCIO3                    ; power  ;              ; 3.3V    ; --         ; --          ;                 ;
; A5       ; 444        ; 3        ; GND*                      ;        ;              ;         ; Column I/O ; --          ;                 ;
; A6       ; 438        ; 3        ; d1[6]                     ; output ; LVTTL        ;         ; Column I/O ; Off         ; N               ;
; A7       ; 430        ; 3        ; I[5]                      ; output ; LVTTL        ;         ; Column I/O ; Off         ; N               ;
; A8       ; 429        ; 3        ; M[8]                      ; output ; LVTTL        ;         ; Column I/O ; Off         ; N               ;
; A9       ; 427        ; 3        ; uaddr[2]                  ; output ; LVTTL        ;         ; Column I/O ; Off         ; N               ;
; A10      ; 416        ; 3        ; d1[0]                     ; output ; LVTTL        ;         ; Column I/O ; Off         ; N               ;
; A11      ;            ; 3        ; VCCIO3                    ; power  ;              ; 3.3V    ; --         ; --          ;                 ;
; A12      ; 407        ; 3        ; led[0]                    ; output ; LVTTL        ;         ; Column I/O ; Off         ; N               ;
; A13      ;            ; 1        ; GND                       ; gnd    ;              ;         ; --         ; --          ;                 ;
; A14      ;            ; 1        ; GND                       ; gnd    ;              ;         ; --         ; --          ;                 ;
; A15      ; 391        ; 4        ; GND+                      ;        ;              ;         ; Column I/O ; --          ;                 ;
; A16      ;            ; 4        ; VCCIO4                    ; power  ;              ; 3.3V    ; --         ; --          ;                 ;
; A17      ; 371        ; 4        ; GND*                      ;        ;              ;         ; Column I/O ; --          ;                 ;
; A18      ;            ; 1        ; NC                        ;        ;              ;         ; --         ; --          ;                 ;
; A19      ; 355        ; 4        ; GND*                      ;        ;              ;         ; Column I/O ; --          ;                 ;
; A20      ; 351        ; 4        ; GND*                      ;        ;              ;         ; Column I/O ; --          ;                 ;
; A21      ; 346        ; 4        ; GND*                      ;        ;              ;         ; Column I/O ; --          ;                 ;
; A22      ; 338        ; 4        ; GND*                      ;        ;              ;         ; Column I/O ; --          ;                 ;
; A23      ;            ; 4        ; VCCIO4                    ; power  ;              ; 3.3V    ; --         ; --          ;                 ;
; A24      ; 337        ; 4        ; GND*                      ;        ;              ;         ; Column I/O ; --          ;                 ;
; A25      ;            ; 1        ; GND                       ; gnd    ;              ;         ; --         ; --          ;                 ;
; AA1      ; 89         ; 1        ; GND*                      ;        ;              ;         ; Row I/O    ; --          ;                 ;
; AA2      ; 88         ; 1        ; GND*                      ;        ;              ;         ; Row I/O    ; --          ;                 ;
; AA3      ; 91         ; 1        ; GND*                      ;        ;              ;         ; Row I/O    ; --          ;                 ;
; AA4      ; 90         ; 1        ; GND*                      ;        ;              ;         ; Row I/O    ; --          ;                 ;
; AA5      ; 86         ; 1        ; GND*                      ;        ;              ;         ; Row I/O    ; --          ;                 ;
; AA6      ; 85         ; 1        ; GND*                      ;        ;              ;         ; Row I/O    ; --          ;                 ;
; AA7      ; 116        ; 8        ; GND*                      ;        ;              ;         ; Column I/O ; --          ;                 ;
; AA8      ; 128        ; 8        ; GND*                      ;        ;              ;         ; Column I/O ; --          ;                 ;
; AA9      ; 134        ; 8        ; M[11]                     ; output ; LVTTL        ;         ; Column I/O ; Off         ; N               ;
; AA10     ; 139        ; 8        ; M[14]                     ; output ; LVTTL        ;         ; Column I/O ; Off         ; N               ;
; AA11     ; 148        ; 8        ; LED_B                     ; output ; LVTTL        ;         ; Column I/O ; Off         ; N               ;
; AA12     ; 163        ; 11       ; GND*                      ;        ;              ;         ; Column I/O ; --          ;                 ;
; AA13     ; 167        ; 11       ; GND*                      ;        ;              ;         ; Column I/O ; --          ;                 ;
; AA14     ; 165        ; 11       ; GND*                      ;        ;              ;         ; Column I/O ; --          ;                 ;
; AA15     ; 177        ; 7        ; ^nIO_PULLUP               ;        ;              ;         ; --         ; --          ;                 ;
; AA16     ;            ; 1        ; NC                        ;        ;              ;         ; --         ; --          ;                 ;
; AA17     ; 191        ; 7        ; GND*                      ;        ;              ;         ; Column I/O ; --          ;                 ;
; AA18     ; 196        ; 7        ; GND*                      ;        ;              ;         ; Column I/O ; --          ;                 ;
; AA19     ; 203        ; 7        ; GND*                      ;        ;              ;         ; Column I/O ; --          ;                 ;
; AA20     ; 208        ; 7        ; GND*                      ;        ;              ;         ; Column I/O ; --          ;                 ;
; AA21     ; 213        ; 7        ; GND*                      ;        ;              ;         ; Column I/O ; --          ;                 ;
; AA22     ; 243        ; 6        ; GND*                      ;        ;              ;         ; Row I/O    ; --          ;                 ;
; AA23     ; 239        ; 6        ; GND*                      ;        ;              ;         ; Row I/O    ; --          ;                 ;
; AA24     ; 238        ; 6        ; GND*                      ;        ;              ;         ; Row I/O    ; --          ;                 ;
; AA25     ; 241        ; 6        ; GND*                      ;        ;              ;         ; Row I/O    ; --          ;                 ;
; AA26     ; 240        ; 6        ; GND*                      ;        ;              ;         ; Row I/O    ; --          ;                 ;
; AB1      ;            ; 1        ; NC                        ;        ;              ;         ; --         ; --          ;                 ;
; AB2      ;            ; 1        ; NC                        ;        ;              ;         ; --         ; --          ;                 ;
; AB3      ; 95         ; 1        ; GND*                      ;        ;              ;         ; Row I/O    ; --          ;                 ;
; AB4      ; 94         ; 1        ; GND*                      ;        ;              ;         ; Row I/O    ; --          ;                 ;
; AB5      ; 108        ; 8        ; GND*                      ;        ;              ;         ; Column I/O ; --          ;                 ;
; AB6      ;            ; 1        ; NC                        ;        ;              ;         ; --         ; --          ;                 ;
; AB7      ; 113        ; 8        ; GND*                      ;        ;              ;         ; Column I/O ; --          ;                 ;
; AB8      ;            ; 1        ; NC                        ;        ;              ;         ; --         ; --          ;                 ;
; AB9      ; 136        ; 8        ; led[2]                    ; output ; LVTTL        ;         ; Column I/O ; Off         ; N               ;
; AB10     ; 141        ; 8        ; M[9]                      ; output ; LVTTL        ;         ; Column I/O ; Off         ; N               ;
; AB11     ; 143        ; 8        ; GND*                      ;        ;              ;         ; Column I/O ; --          ;                 ;
; AB12     ; 162        ; 11       ; GND*                      ;        ;              ;         ; Column I/O ; --          ;                 ;
; AB13     ; 166        ; 11       ; GND*                      ;        ;              ;         ; Column I/O ; --          ;                 ;
; AB14     ; 164        ; 11       ; GND*                      ;        ;              ;         ; Column I/O ; --          ;                 ;
; AB15     ; 186        ; 7        ; GND                       ;        ;              ;         ; --         ; --          ;                 ;
; AB16     ; 184        ; 7        ; GND*                      ;        ;              ;         ; Column I/O ; --          ;                 ;
; AB17     ; 195        ; 7        ; GND*                      ;        ;              ;         ; Column I/O ; --          ;                 ;
; AB18     ; 217        ; 7        ; GND                       ;        ;              ;         ; --         ; --          ;                 ;
; AB19     ; 204        ; 7        ; GND*                      ;        ;              ;         ; Column I/O ; --          ;                 ;
; AB20     ; 210        ; 7        ; GND*                      ;        ;              ;         ; Column I/O ; --          ;                 ;
; AB21     ; 229        ; 7        ; GND*                      ;        ;              ;         ; Column I/O ; --          ;                 ;
; AB22     ; 224        ; 7        ; GND*                      ;        ;              ;         ; Column I/O ; --          ;                 ;
; AB23     ; 235        ; 6        ; GND*                      ;        ;              ;         ; Row I/O    ; --          ;                 ;
; AB24     ; 234        ; 6        ; GND*                      ;        ;              ;         ; Row I/O    ; --          ;                 ;
; AB25     ;            ; 1        ; NC                        ;        ;              ;         ; --         ; --          ;                 ;
; AB26     ;            ; 1        ; NC                        ;        ;              ;         ; --         ; --          ;                 ;
; AC1      ;            ; 1        ; VCCIO1                    ; power  ;              ; 3.3V    ; --         ; --          ;                 ;
; AC2      ; 96         ; 1        ; GND*                      ;        ;              ;         ; Row I/O    ; --          ;                 ;
; AC3      ; 99         ; 1        ; GND*                      ;        ;              ;         ; Row I/O    ; --          ;                 ;
; AC4      ; 98         ; 1        ; GND*                      ;        ;              ;         ; Row I/O    ; --          ;                 ;
; AC5      ;            ; 1        ; NC                        ;        ;              ;         ; --         ; --          ;                 ;
; AC6      ;            ; 1        ; NC                        ;        ;              ;         ; --         ; --          ;                 ;
; AC7      ; 107        ; 8        ; GND*                      ;        ;              ;         ; Column I/O ; --          ;                 ;
; AC8      ;            ; 1        ; NC                        ;        ;              ;         ; --         ; --          ;                 ;
; AC9      ; 130        ; 8        ; GND*                      ;        ;              ;         ; Column I/O ; --          ;                 ;
; AC10     ; 137        ; 8        ; M[1]                      ; output ; LVTTL        ;         ; Column I/O ; Off         ; N               ;
; AC11     ; 146        ; 8        ; RAM_B                     ; output ; LVTTL        ;         ; Column I/O ; Off         ; N               ;
; AC12     ; 151        ; 8        ; GND+                      ;        ;              ;         ; Column I/O ; --          ;                 ;
; AC13     ;            ; 1        ; GND                       ; gnd    ;              ;         ; --         ; --          ;                 ;
; AC14     ;            ; 1        ; GNDA_PLL6                 ; gnd    ;              ;         ; --         ; --          ;                 ;
; AC15     ; 180        ; 7        ; GND*                      ;        ;              ;         ; Column I/O ; --          ;                 ;
; AC16     ; 183        ; 7        ; GND*                      ;        ;              ;         ; Column I/O ; --          ;                 ;
; AC17     ; 197        ; 7        ; GND*                      ;        ;              ;         ; Column I/O ; --          ;                 ;
; AC18     ;            ; 1        ; NC                        ;        ;              ;         ; --         ; --          ;                 ;
; AC19     ;            ; 1        ; NC                        ;        ;              ;         ; --         ; --          ;                 ;
; AC20     ; 212        ; 7        ; GND*                      ;        ;              ;         ; Column I/O ; --          ;                 ;
; AC21     ; 216        ; 7        ; GND*                      ;        ;              ;         ; Column I/O ; --          ;                 ;
; AC22     ; 227        ; 7        ; GND*                      ;        ;              ;         ; Column I/O ; --          ;                 ;
; AC23     ; 226        ; 7        ; GND*                      ;        ;              ;         ; Column I/O ; --          ;                 ;
; AC24     ; 231        ; 6        ; GND*                      ;        ;              ;         ; Row I/O    ; --          ;                 ;
; AC25     ; 233        ; 6        ; GND*                      ;        ;              ;         ; Row I/O    ; --          ;                 ;
; AC26     ;            ; 6        ; VCCIO6                    ; power  ;              ; 3.3V    ; --         ; --          ;                 ;
; AD1      ; 97         ; 1        ; GND*                      ;        ;              ;         ; Row I/O    ; --          ;                 ;
; AD2      ; 101        ; 8        ; GND*                      ;        ;              ;         ; Column I/O ; --          ;                 ;
; AD3      ; 103        ; 8        ; GND*                      ;        ;              ;         ; Column I/O ; --          ;                 ;
; AD4      ; 105        ; 8        ; GND*                      ;        ;              ;         ; Column I/O ; --          ;                 ;
; AD5      ; 100        ; 8        ; GND*                      ;        ;              ;         ; Column I/O ; --          ;                 ;
; AD6      ; 109        ; 8        ; GND*                      ;        ;              ;         ; Column I/O ; --          ;                 ;
; AD7      ; 114        ; 8        ; GND*                      ;        ;              ;         ; Column I/O ; --          ;                 ;
; AD8      ;            ; 1        ; NC                        ;        ;              ;         ; --         ; --          ;                 ;
; AD9      ; 135        ; 8        ; I[3]                      ; output ; LVTTL        ;         ; Column I/O ; Off         ; N               ;
; AD10     ; 132        ; 8        ; I[1]                      ; output ; LVTTL        ;         ; Column I/O ; Off         ; N               ;
; AD11     ;            ; 1        ; NC                        ;        ;              ;         ; --         ; --          ;                 ;
; AD12     ; 150        ; 8        ; GND*                      ;        ;              ;         ; Column I/O ; --          ;                 ;
; AD13     ;            ; 1        ; VCCG_PLL6                 ; power  ;              ; 1.5V    ; --         ; --          ;                 ;
; AD14     ;            ; 1        ; VCCA_PLL6                 ; power  ;              ; 1.5V    ; --         ; --          ;                 ;
; AD15     ; 182        ; 7        ; GND*                      ;        ;              ;         ; Column I/O ; --          ;                 ;
; AD16     ; 185        ; 7        ; GND*                      ;        ;              ;         ; Column I/O ; --          ;                 ;
; AD17     ; 198        ; 7        ; GND*                      ;        ;              ;         ; Column I/O ; --          ;                 ;
; AD18     ;            ; 1        ; NC                        ;        ;              ;         ; --         ; --          ;                 ;
; AD19     ;            ; 1        ; NC                        ;        ;              ;         ; --         ; --          ;                 ;
; AD20     ; 215        ; 7        ; GND*                      ;        ;              ;         ; Column I/O ; --          ;                 ;
; AD21     ;            ; 1        ; NC                        ;        ;              ;         ; --         ; --          ;                 ;
; AD22     ;            ; 1        ; NC                        ;        ;              ;         ; --         ; --          ;                 ;
; AD23     ;            ; 1        ; NC                        ;        ;              ;         ; --         ; --          ;                 ;
; AD24     ;            ; 1        ; NC                        ;        ;              ;         ; --         ; --          ;                 ;
; AD25     ; 230        ; 6        ; GND*                      ;        ;              ;         ; Row I/O    ; --          ;                 ;
; AD26     ; 232        ; 6        ; GND*                      ;        ;              ;         ; Row I/O    ; --          ;                 ;
; AE1      ;            ; 1        ; GND                       ; gnd    ;              ;         ; --         ; --          ;                 ;
; AE2      ; 102        ; 8        ; GND*                      ;        ;              ;         ; Column I/O ; --          ;                 ;
; AE3      ; 106        ; 8        ; GND*                      ;        ;              ;         ; Column I/O ; --          ;                 ;
; AE4      ; 104        ; 8        ; GND*                      ;        ;              ;         ; Column I/O ; --          ;                 ;
; AE5      ; 112        ; 8        ; GND                       ;        ;              ;         ; --         ; --          ;                 ;
; AE6      ; 115        ; 8        ; GND*                      ;        ;              ;         ; Column I/O ; --          ;                 ;
; AE7      ; 111        ; 8        ; GND*                      ;        ;              ;         ; Column I/O ; --          ;                 ;
; AE8      ;            ; 1        ; NC                        ;        ;              ;         ; --         ; --          ;                 ;
; AE9      ; 149        ; 8        ; GND                       ;        ;              ;         ; --         ; --          ;                 ;
; AE10     ; 133        ; 8        ; led[1]                    ; output ; LVTTL        ;         ; Column I/O ; Off         ; N               ;
; AE11     ; 144        ; 8        ; CLK1                      ; input  ; LVTTL        ;         ; Column I/O ; Off         ; N               ;
; AE12     ; 153        ; 8        ; GND+                      ;        ;              ;         ; Column I/O ; --          ;                 ;
; AE13     ;            ; 11       ; VCC_PLL6_OUTA             ; power  ;              ; 3.3V    ; --         ; --          ;                 ;
; AE14     ;            ; 1        ; GNDG_PLL6                 ; gnd    ;              ;         ; --         ; --          ;                 ;
; AE15     ; 168        ; 7        ; GND+                      ;        ;              ;         ; Column I/O ; --          ;                 ;
; AE16     ; 188        ; 7        ; GND*                      ;        ;              ;         ; Column I/O ; --          ;                 ;
; AE17     ; 193        ; 7        ; GND*                      ;        ;              ;         ; Column I/O ; --          ;                 ;
; AE18     ;            ; 1        ; NC                        ;        ;              ;         ; --         ; --          ;                 ;
; AE19     ;            ; 1        ; NC                        ;        ;              ;         ; --         ; --          ;                 ;
; AE20     ; 206        ; 7        ; GND*                      ;        ;              ;         ; Column I/O ; --          ;                 ;
; AE21     ; 214        ; 7        ; GND*                      ;        ;              ;         ; Column I/O ; --          ;                 ;
; AE22     ; 223        ; 7        ; GND*                      ;        ;              ;         ; Column I/O ; --          ;                 ;
; AE23     ; 225        ; 7        ; GND*                      ;        ;              ;         ; Column I/O ; --          ;                 ;
; AE24     ; 228        ; 7        ; GND*                      ;        ;              ;         ; Column I/O ; --          ;                 ;
; AE25     ; 220        ; 7        ; GND*                      ;        ;              ;         ; Column I/O ; --          ;                 ;
; AE26     ;            ; 1        ; GND                       ; gnd    ;              ;         ; --         ; --          ;                 ;
; AF2      ;            ; 1        ; GND                       ; gnd    ;              ;         ; --         ; --          ;                 ;
; AF3      ; 110        ; 8        ; GND*                      ;        ;              ;         ; Column I/O ; --          ;                 ;
; AF4      ;            ; 8        ; VCCIO8                    ; power  ;              ; 3.3V    ; --         ; --          ;                 ;
; AF5      ;            ; 1        ; NC                        ;        ;              ;         ; --         ; --          ;                 ;
; AF6      ; 118        ; 8        ; GND*                      ;        ;              ;         ; Column I/O ; --          ;                 ;
; AF7      ; 117        ; 8        ; GND*                      ;        ;              ;         ; Column I/O ; --          ;                 ;
; AF8      ; 124        ; 8        ; GND*                      ;        ;              ;         ; Column I/O ; --          ;                 ;
; AF9      ; 131        ; 8        ; LDAR                      ; output ; LVTTL        ;         ; Column I/O ; Off         ; N               ;
; AF10     ; 142        ; 8        ; M[16]                     ; output ; LVTTL        ;         ; Column I/O ; Off         ; N               ;
; AF11     ;            ; 8        ; VCCIO8                    ; power  ;              ; 3.3V    ; --         ; --          ;                 ;
; AF12     ; 152        ; 8        ; GND*                      ;        ;              ;         ; Column I/O ; --          ;                 ;
; AF13     ;            ; 1        ; GND                       ; gnd    ;              ;         ; --         ; --          ;                 ;
; AF14     ;            ; 1        ; GND                       ; gnd    ;              ;         ; --         ; --          ;                 ;
; AF15     ; 170        ; 7        ; GND+                      ;        ;              ;         ; Column I/O ; --          ;                 ;
; AF16     ;            ; 7        ; VCCIO7                    ; power  ;              ; 3.3V    ; --         ; --          ;                 ;
; AF17     ; 190        ; 7        ; GND*                      ;        ;              ;         ; Column I/O ; --          ;                 ;
; AF18     ; 199        ; 7        ; GND*                      ;        ;              ;         ; Column I/O ; --          ;                 ;
; AF19     ; 201        ; 7        ; GND*                      ;        ;              ;         ; Column I/O ; --          ;                 ;
; AF20     ;            ; 1        ; NC                        ;        ;              ;         ; --         ; --          ;                 ;
; AF21     ; 211        ; 7        ; GND*                      ;        ;              ;         ; Column I/O ; --          ;                 ;
; AF22     ; 221        ; 7        ; GND*                      ;        ;              ;         ; Column I/O ; --          ;                 ;
; AF23     ;            ; 7        ; VCCIO7                    ; power  ;              ; 3.3V    ; --         ; --          ;                 ;
; AF24     ; 222        ; 7        ; GND*                      ;        ;              ;         ; Column I/O ; --          ;                 ;
; AF25     ;            ; 1        ; GND                       ; gnd    ;              ;         ; --         ; --          ;                 ;
; B1       ;            ; 1        ; GND                       ; gnd    ;              ;         ; --         ; --          ;                 ;
; B2       ;            ; 1        ; GND                       ; gnd    ;              ;         ; --         ; --          ;                 ;
; B3       ; 455        ; 3        ; GND*                      ;        ;              ;         ; Column I/O ; --          ;                 ;
; B4       ; 453        ; 3        ; GND*                      ;        ;              ;         ; Column I/O ; --          ;                 ;
; B5       ;            ; 1        ; NC                        ;        ;              ;         ; --         ; --          ;                 ;
; B6       ; 436        ; 3        ; d0[6]                     ; input  ; LVTTL        ;         ; Column I/O ; Off         ; N               ;
; B7       ;            ; 1        ; NC                        ;        ;              ;         ; --         ; --          ;                 ;
; B8       ; 431        ; 3        ; d1[2]                     ; output ; LVTTL        ;         ; Column I/O ; Off         ; N               ;
; B9       ; 424        ; 3        ; d1[7]                     ; output ; LVTTL        ;         ; Column I/O ; Off         ; N               ;
; B10      ; 426        ; 3        ; M[10]                     ; output ; LVTTL        ;         ; Column I/O ; Off         ; N               ;
; B11      ;            ; 1        ; NC                        ;        ;              ;         ; --         ; --          ;                 ;
; B12      ; 406        ; 3        ; GND+                      ;        ;              ;         ; Column I/O ; --          ;                 ;
; B13      ;            ; 1        ; GNDG_PLL5                 ; gnd    ;              ;         ; --         ; --          ;                 ;
; B14      ;            ; 1        ; GNDA_PLL5                 ; gnd    ;              ;         ; --         ; --          ;                 ;
; B15      ; 389        ; 4        ; GND+                      ;        ;              ;         ; Column I/O ; --          ;                 ;
; B16      ;            ; 1        ; NC                        ;        ;              ;         ; --         ; --          ;                 ;
; B17      ; 366        ; 4        ; GND*                      ;        ;              ;         ; Column I/O ; --          ;                 ;
; B18      ; 357        ; 4        ; GND*                      ;        ;              ;         ; Column I/O ; --          ;                 ;
; B19      ;            ; 1        ; NC                        ;        ;              ;         ; --         ; --          ;                 ;
; B20      ; 348        ; 4        ; GND*                      ;        ;              ;         ; Column I/O ; --          ;                 ;
; B21      ;            ; 1        ; NC                        ;        ;              ;         ; --         ; --          ;                 ;
; B22      ; 336        ; 4        ; GND*                      ;        ;              ;         ; Column I/O ; --          ;                 ;
; B23      ;            ; 1        ; NC                        ;        ;              ;         ; --         ; --          ;                 ;
; B24      ; 331        ; 4        ; GND*                      ;        ;              ;         ; Column I/O ; --          ;                 ;
; B25      ;            ; 1        ; NC                        ;        ;              ;         ; --         ; --          ;                 ;
; B26      ;            ; 1        ; GND                       ; gnd    ;              ;         ; --         ; --          ;                 ;
; C1       ; 0          ; 2        ; GND*                      ;        ;              ;         ; Row I/O    ; --          ;                 ;
; C2       ; 454        ; 3        ; GND*                      ;        ;              ;         ; Column I/O ; --          ;                 ;
; C3       ; 450        ; 3        ; GND*                      ;        ;              ;         ; Column I/O ; --          ;                 ;
; C4       ; 457        ; 3        ; GND*                      ;        ;              ;         ; Column I/O ; --          ;                 ;
; C5       ;            ; 1        ; NC                        ;        ;              ;         ; --         ; --          ;                 ;
; C6       ;            ; 1        ; NC                        ;        ;              ;         ; --         ; --          ;                 ;
; C7       ; 446        ; 3        ; GND*                      ;        ;              ;         ; Column I/O ; --          ;                 ;
; C8       ;            ; 1        ; NC                        ;        ;              ;         ; --         ; --          ;                 ;
; C9       ; 428        ; 3        ; PC_B                      ; output ; LVTTL        ;         ; Column I/O ; Off         ; N               ;
; C10      ; 425        ; 3        ; uaddr[3]                  ; output ; LVTTL        ;         ; Column I/O ; Off         ; N               ;
; C11      ; 414        ; 3        ; uaddr[5]                  ; output ; LVTTL        ;         ; Column I/O ; Off         ; N               ;
; C12      ; 409        ; 3        ; M[18]                     ; output ; LVTTL        ;         ; Column I/O ; Off         ; N               ;
; C13      ;            ; 1        ; GND                       ; gnd    ;              ;         ; --         ; --          ;                 ;
; C14      ;            ; 1        ; VCCG_PLL5                 ; power  ;              ; 1.5V    ; --         ; --          ;                 ;
; C15      ; 378        ; 4        ; GND*                      ;        ;              ;         ; Column I/O ; --          ;                 ;
; C16      ; 375        ; 4        ; GND*                      ;        ;              ;         ; Column I/O ; --          ;                 ;
; C17      ; 364        ; 4        ; GND*                      ;        ;              ;         ; Column I/O ; --          ;                 ;
; C18      ; 356        ; 4        ; GND*                      ;        ;              ;         ; Column I/O ; --          ;                 ;
; C19      ;            ; 1        ; NC                        ;        ;              ;         ; --         ; --          ;                 ;
; C20      ; 343        ; 4        ; GND*                      ;        ;              ;         ; Column I/O ; --          ;                 ;
; C21      ; 347        ; 4        ; GND*                      ;        ;              ;         ; Column I/O ; --          ;                 ;
; C22      ; 339        ; 4        ; GND*                      ;        ;              ;         ; Column I/O ; --          ;                 ;
; C23      ; 330        ; 4        ; GND*                      ;        ;              ;         ; Column I/O ; --          ;                 ;
; C24      ; 334        ; 4        ; GND*                      ;        ;              ;         ; Column I/O ; --          ;                 ;
; C25      ; 327        ; 5        ; GND*                      ;        ;              ;         ; Row I/O    ; --          ;                 ;
; C26      ; 329        ; 5        ; GND*                      ;        ;              ;         ; Row I/O    ; --          ;                 ;
; D1       ;            ; 2        ; VCCIO2                    ; power  ;              ; 3.3V    ; --         ; --          ;                 ;
; D2       ; 1          ; 2        ; GND*                      ;        ;              ;         ; Row I/O    ; --          ;                 ;
; D3       ; 458        ; 3        ; GND*                      ;        ;              ;         ; Column I/O ; --          ;                 ;
; D4       ; 456        ; 3        ; GND*                      ;        ;              ;         ; Column I/O ; --          ;                 ;
; D5       ; 452        ; 3        ; GND*                      ;        ;              ;         ; Column I/O ; --          ;                 ;
; D6       ; 442        ; 3        ; GND*                      ;        ;              ;         ; Column I/O ; --          ;                 ;
; D7       ;            ; 1        ; NC                        ;        ;              ;         ; --         ; --          ;                 ;
; D8       ;            ; 1        ; NC                        ;        ;              ;         ; --         ; --          ;                 ;
; D9       ; 447        ; 3        ; GND                       ;        ;              ;         ; --         ; --          ;                 ;
; D10      ; 422        ; 3        ; M[24]                     ; output ; LVTTL        ;         ; Column I/O ; Off         ; N               ;
; D11      ; 415        ; 3        ; uaddr[1]                  ; output ; LVTTL        ;         ; Column I/O ; Off         ; N               ;
; D12      ; 408        ; 3        ; d0[0]                     ; input  ; LVTTL        ;         ; Column I/O ; Off         ; N               ;
; D13      ;            ; 9        ; VCC_PLL5_OUTA             ; power  ;              ; 3.3V    ; --         ; --          ;                 ;
; D14      ;            ; 1        ; VCCA_PLL5                 ; power  ;              ; 1.5V    ; --         ; --          ;                 ;
; D15      ; 381        ; 4        ; #TRST                     ; input  ;              ;         ; --         ; --          ;                 ;
; D16      ; 374        ; 4        ; GND*                      ;        ;              ;         ; Column I/O ; --          ;                 ;
; D17      ; 369        ; 4        ; GND*                      ;        ;              ;         ; Column I/O ; --          ;                 ;
; D18      ; 358        ; 4        ; GND*                      ;        ;              ;         ; Column I/O ; --          ;                 ;
; D19      ;            ; 1        ; NC                        ;        ;              ;         ; --         ; --          ;                 ;
; D20      ; 345        ; 4        ; GND*                      ;        ;              ;         ; Column I/O ; --          ;                 ;
; D21      ; 344        ; 4        ; GND*                      ;        ;              ;         ; Column I/O ; --          ;                 ;
; D22      ; 333        ; 4        ; GND*                      ;        ;              ;         ; Column I/O ; --          ;                 ;
; D23      ; 332        ; 4        ; GND*                      ;        ;              ;         ; Column I/O ; --          ;                 ;
; D24      ; 326        ; 5        ; GND*                      ;        ;              ;         ; Row I/O    ; --          ;                 ;
; D25      ; 328        ; 5        ; GND*                      ;        ;              ;         ; Row I/O    ; --          ;                 ;
; D26      ;            ; 5        ; VCCIO5                    ; power  ;              ; 3.3V    ; --         ; --          ;                 ;
; E1       ;            ; 1        ; NC                        ;        ;              ;         ; --         ; --          ;                 ;
; E2       ;            ; 1        ; NC                        ;        ;              ;         ; --         ; --          ;                 ;
; E3       ; 2          ; 2        ; GND*                      ;        ;              ;         ; Row I/O    ; --          ;                 ;
; E4       ; 3          ; 2        ; GND*                      ;        ;              ;         ; Row I/O    ; --          ;                 ;
; E5       ; 445        ; 3        ; GND*                      ;        ;              ;         ; Column I/O ; --          ;                 ;
; E6       ; 443        ; 3        ; d1[3]                     ; output ; LVTTL        ;         ; Column I/O ; Off         ; N               ;
; E7       ;            ; 1        ; NC                        ;        ;              ;         ; --         ; --          ;                 ;
; E8       ;            ; 1        ; NC                        ;        ;              ;         ; --         ; --          ;                 ;
; E9       ; 423        ; 3        ; M[3]                      ; output ; LVTTL        ;         ; Column I/O ; Off         ; N               ;
; E10      ; 417        ; 3        ; M[21]                     ; output ; LVTTL        ;         ; Column I/O ; Off         ; N               ;
; E11      ; 411        ; 3        ; led[4]                    ; output ; LVTTL        ;         ; Column I/O ; Off         ; N               ;
; E12      ; 397        ; 9        ; GND*                      ;        ;              ;         ; Column I/O ; --          ;                 ;
; E13      ; 393        ; 9        ; GND*                      ;        ;              ;         ; Column I/O ; --          ;                 ;
; E14      ; 395        ; 9        ; GND*                      ;        ;              ;         ; Column I/O ; --          ;                 ;
; E15      ; 380        ; 4        ; #TMS                      ; input  ;              ;         ; --         ; --          ;                 ;
; E16      ; 376        ; 4        ; GND*                      ;        ;              ;         ; Column I/O ; --          ;                 ;
; E17      ; 367        ; 4        ; GND*                      ;        ;              ;         ; Column I/O ; --          ;                 ;
; E18      ; 362        ; 4        ; GND*                      ;        ;              ;         ; Column I/O ; --          ;                 ;
; E19      ;            ; 1        ; NC                        ;        ;              ;         ; --         ; --          ;                 ;
; E20      ;            ; 1        ; NC                        ;        ;              ;         ; --         ; --          ;                 ;
; E21      ; 349        ; 4        ; GND*                      ;        ;              ;         ; Column I/O ; --          ;                 ;
; E22      ; 335        ; 4        ; GND*                      ;        ;              ;         ; Column I/O ; --          ;                 ;
; E23      ; 322        ; 5        ; GND*                      ;        ;              ;         ; Row I/O    ; --          ;                 ;
; E24      ; 323        ; 5        ; GND*                      ;        ;              ;         ; Row I/O    ; --          ;                 ;
; E25      ;            ; 1        ; NC                        ;        ;              ;         ; --         ; --          ;                 ;
; E26      ;            ; 1        ; NC                        ;        ;              ;         ; --         ; --          ;                 ;
; F1       ; 8          ; 2        ; GND*                      ;        ;              ;         ; Row I/O    ; --          ;                 ;
; F2       ; 9          ; 2        ; GND*                      ;        ;              ;         ; Row I/O    ; --          ;                 ;
; F3       ; 6          ; 2        ; GND*                      ;        ;              ;         ; Row I/O    ; --          ;                 ;
; F4       ; 7          ; 2        ; GND*                      ;        ;              ;         ; Row I/O    ; --          ;                 ;
; F5       ; 441        ; 3        ; GND*                      ;        ;              ;         ; Column I/O ; --          ;                 ;
; F6       ; 440        ; 3        ; M[4]                      ; output ; LVTTL        ;         ; Column I/O ; Off         ; N               ;
; F7       ;            ; 1        ; NC                        ;        ;              ;         ; --         ; --          ;                 ;
; F8       ;            ; 1        ; GND                       ;        ;              ;         ; --         ; --          ;                 ;
; F9       ; 421        ; 3        ; M[5]                      ; output ; LVTTL        ;         ; Column I/O ; Off         ; N               ;
; F10      ; 419        ; 3        ; M[6]                      ; output ; LVTTL        ;         ; Column I/O ; Off         ; N               ;
; F11      ; 410        ; 3        ; GND                       ;        ;              ;         ; --         ; --          ;                 ;
; F12      ; 396        ; 9        ; GND*                      ;        ;              ;         ; Column I/O ; --          ;                 ;
; F13      ; 392        ; 9        ; GND*                      ;        ;              ;         ; Column I/O ; --          ;                 ;
; F14      ; 394        ; 9        ; GND*                      ;        ;              ;         ; Column I/O ; --          ;                 ;
; F15      ; 383        ; 4        ; GND*                      ;        ;              ;         ; Column I/O ; --          ;                 ;
; F16      ; 377        ; 4        ; +~DATA0~ / RESERVED_INPUT ; input  ; LVTTL        ;         ; Column I/O ; Off         ; N               ;
; F17      ; 368        ; 4        ; GND*                      ;        ;              ;         ; Column I/O ; --          ;                 ;
; F18      ; 373        ; 4        ; GND                       ;        ;              ;         ; --         ; --          ;                 ;
; F19      ; 363        ; 4        ; GND*                      ;        ;              ;         ; Column I/O ; --          ;                 ;
; F20      ;            ; 1        ; NC                        ;        ;              ;         ; --         ; --          ;                 ;
; F21      ; 353        ; 4        ; GND*                      ;        ;              ;         ; Column I/O ; --          ;                 ;
; F22      ; 342        ; 4        ; GND                       ;        ;              ;         ; --         ; --          ;                 ;
; F23      ; 318        ; 5        ; GND*                      ;        ;              ;         ; Row I/O    ; --          ;                 ;
; F24      ; 319        ; 5        ; GND*                      ;        ;              ;         ; Row I/O    ; --          ;                 ;
; F25      ; 320        ; 5        ; GND*                      ;        ;              ;         ; Row I/O    ; --          ;                 ;
; F26      ; 321        ; 5        ; GND*                      ;        ;              ;         ; Row I/O    ; --          ;                 ;
; G1       ; 13         ; 2        ; GND*                      ;        ;              ;         ; Row I/O    ; --          ;                 ;
; G2       ; 14         ; 2        ; GND*                      ;        ;              ;         ; Row I/O    ; --          ;                 ;
; G3       ; 15         ; 2        ; GND*                      ;        ;              ;         ; Row I/O    ; --          ;                 ;
; G4       ; 16         ; 2        ; GND*                      ;        ;              ;         ; Row I/O    ; --          ;                 ;
; G5       ; 10         ; 2        ; GND*                      ;        ;              ;         ; Row I/O    ; --          ;                 ;
; G6       ; 11         ; 2        ; GND*                      ;        ;              ;         ; Row I/O    ; --          ;                 ;
; G7       ;            ; 1        ; NC                        ;        ;              ;         ; --         ; --          ;                 ;
; G8       ;            ; 1        ; GND                       ; gnd    ;              ;         ; --         ; --          ;                 ;
; G9       ; 420        ; 3        ; uaddr[6]                  ; output ; LVTTL        ;         ; Column I/O ; Off         ; N               ;
; G10      ; 418        ; 3        ; M[23]                     ; output ; LVTTL        ;         ; Column I/O ; Off         ; N               ;
; G11      ; 412        ; 3        ; M[2]                      ; output ; LVTTL        ;         ; Column I/O ; Off         ; N               ;
; G12      ; 404        ; 3        ; ^DCLK                     ;        ;              ;         ; --         ; --          ;                 ;
; G13      ;            ; 1        ; TEMPDIODEn                ;        ;              ;         ; --         ; --          ;                 ;
; G14      ; 387        ; 4        ; #TDO                      ; output ;              ;         ; --         ; --          ;                 ;
; G15      ; 382        ; 4        ; #TCK                      ; input  ;              ;         ; --         ; --          ;                 ;
; G16      ;            ; 1        ; NC                        ;        ;              ;         ; --         ; --          ;                 ;
; G17      ; 370        ; 4        ; GND*                      ;        ;              ;         ; Column I/O ; --          ;                 ;
; G18      ; 365        ; 4        ; GND*                      ;        ;              ;         ; Column I/O ; --          ;                 ;
; G19      ; 361        ; 4        ; GND*                      ;        ;              ;         ; Column I/O ; --          ;                 ;
; G20      ; 360        ; 4        ; GND*                      ;        ;              ;         ; Column I/O ; --          ;                 ;
; G21      ; 309        ; 5        ; GND*                      ;        ;              ;         ; Row I/O    ; --          ;                 ;
; G22      ; 310        ; 5        ; GND*                      ;        ;              ;         ; Row I/O    ; --          ;                 ;
; G23      ; 313        ; 5        ; GND*                      ;        ;              ;         ; Row I/O    ; --          ;                 ;
; G24      ; 314        ; 5        ; GND*                      ;        ;              ;         ; Row I/O    ; --          ;                 ;
; G25      ; 315        ; 5        ; GND*                      ;        ;              ;         ; Row I/O    ; --          ;                 ;
; G26      ; 316        ; 5        ; GND*                      ;        ;              ;         ; Row I/O    ; --          ;                 ;
; H1       ;            ; 1        ; NC                        ;        ;              ;         ; --         ; --          ;                 ;
; H2       ;            ; 1        ; NC                        ;        ;              ;         ; --         ; --          ;                 ;
; H3       ; 19         ; 2        ; GND*                      ;        ;              ;         ; Row I/O    ; --          ;                 ;
; H4       ; 20         ; 2        ; GND*                      ;        ;              ;         ; Row I/O    ; --          ;                 ;
; H5       ;            ; 1        ; NC                        ;        ;              ;         ; --         ; --          ;                 ;
; H6       ;            ; 1        ; NC                        ;        ;              ;         ; --         ; --          ;                 ;
; H7       ;            ; 1        ; NC                        ;        ;              ;         ; --         ; --          ;                 ;
; H8       ; 12         ; 2        ; GND                       ;        ;              ;         ; --         ; --          ;                 ;
; H9       ;            ; 1        ; GND                       ; gnd    ;              ;         ; --         ; --          ;                 ;
; H10      ; 413        ; 3        ; M[19]                     ; output ; LVTTL        ;         ; Column I/O ; Off         ; N               ;
; H11      ; 405        ; 3        ; ^CONF_DONE                ;        ;              ;         ; --         ; --          ;                 ;
; H12      ; 403        ; 3        ; ^nCONFIG                  ;        ;              ;         ; --         ; --          ;                 ;
; H13      ; 402        ; 3        ; ^nSTATUS                  ;        ;              ;         ; --         ; --          ;                 ;
; H14      ;            ; 1        ; TEMPDIODEp                ;        ;              ;         ; --         ; --          ;                 ;
; H15      ; 386        ; 4        ; #TDI                      ; input  ;              ;         ; --         ; --          ;                 ;
; H16      ; 379        ; 4        ; GND*                      ;        ;              ;         ; Column I/O ; --          ;                 ;
; H17      ;            ; 1        ; GND                       ; gnd    ;              ;         ; --         ; --          ;                 ;
; H18      ; 372        ; 4        ; GND*                      ;        ;              ;         ; Column I/O ; --          ;                 ;
; H19      ;            ; 1        ; NC                        ;        ;              ;         ; --         ; --          ;                 ;
; H20      ;            ; 1        ; NC                        ;        ;              ;         ; --         ; --          ;                 ;
; H21      ;            ; 1        ; NC                        ;        ;              ;         ; --         ; --          ;                 ;
; H22      ;            ; 1        ; NC                        ;        ;              ;         ; --         ; --          ;                 ;
; H23      ;            ; 1        ; NC                        ;        ;              ;         ; --         ; --          ;                 ;
; H24      ;            ; 1        ; NC                        ;        ;              ;         ; --         ; --          ;                 ;
; H25      ;            ; 1        ; NC                        ;        ;              ;         ; --         ; --          ;                 ;
; H26      ;            ; 1        ; NC                        ;        ;              ;         ; --         ; --          ;                 ;
; J1       ;            ; 1        ; NC                        ;        ;              ;         ; --         ; --          ;                 ;
; J2       ;            ; 1        ; NC                        ;        ;              ;         ; --         ; --          ;                 ;
; J3       ;            ; 1        ; NC                        ;        ;              ;         ; --         ; --          ;                 ;
; J4       ;            ; 1        ; NC                        ;        ;              ;         ; --         ; --          ;                 ;
; J5       ;            ; 1        ; NC                        ;        ;              ;         ; --         ; --          ;                 ;
; J6       ;            ; 1        ; NC                        ;        ;              ;         ; --         ; --          ;                 ;
; J7       ;            ; 1        ; NC                        ;        ;              ;         ; --         ; --          ;                 ;
; J8       ;            ; 1        ; NC                        ;        ;              ;         ; --         ; --          ;                 ;
; J9       ;            ; 1        ; GND                       ; gnd    ;              ;         ; --         ; --          ;                 ;
; J10      ;            ; 1        ; GND                       ; gnd    ;              ;         ; --         ; --          ;                 ;
; J11      ;            ; 3        ; VCCIO3                    ; power  ;              ; 3.3V    ; --         ; --          ;                 ;
; J12      ;            ; 3        ; VCCIO3                    ; power  ;              ; 3.3V    ; --         ; --          ;                 ;
; J13      ;            ; 1        ; GND                       ; gnd    ;              ;         ; --         ; --          ;                 ;
; J14      ;            ; 1        ; GND                       ; gnd    ;              ;         ; --         ; --          ;                 ;
; J15      ;            ; 4        ; VCCIO4                    ; power  ;              ; 3.3V    ; --         ; --          ;                 ;
; J16      ;            ; 4        ; VCCIO4                    ; power  ;              ; 3.3V    ; --         ; --          ;                 ;
; J17      ;            ; 1        ; GND                       ; gnd    ;              ;         ; --         ; --          ;                 ;
; J18      ; 317        ; 5        ; GND                       ;        ;              ;         ; --         ; --          ;                 ;
; J19      ;            ; 1        ; NC                        ;        ;              ;         ; --         ; --          ;                 ;
; J20      ;            ; 1        ; NC                        ;        ;              ;         ; --         ; --          ;                 ;
; J21      ; 325        ; 5        ; GND*                      ;        ;              ;         ; Row I/O    ; --          ;                 ;
; J22      ; 324        ; 5        ; GND*                      ;        ;              ;         ; Row I/O    ; --          ;                 ;
; J23      ;            ; 1        ; NC                        ;        ;              ;         ; --         ; --          ;                 ;
; J24      ;            ; 1        ; NC                        ;        ;              ;         ; --         ; --          ;                 ;
; J25      ;            ; 1        ; NC                        ;        ;              ;         ; --         ; --          ;                 ;
; J26      ;            ; 1        ; NC                        ;        ;              ;         ; --         ; --          ;                 ;
; K1       ;            ; 1        ; NC                        ;        ;              ;         ; --         ; --          ;                 ;
; K2       ;            ; 1        ; NC                        ;        ;              ;         ; --         ; --          ;                 ;
; K3       ; 5          ; 2        ; GND*                      ;        ;              ;         ; Row I/O    ; --          ;                 ;
; K4       ; 4          ; 2        ; GND*                      ;        ;              ;         ; Row I/O    ; --          ;                 ;
; K5       ; 18         ; 2        ; GND*                      ;        ;              ;         ; Row I/O    ; --          ;                 ;
; K6       ; 17         ; 2        ; GND*                      ;        ;              ;         ; Row I/O    ; --          ;                 ;
; K7       ;            ; 1        ; NC                        ;        ;              ;         ; --         ; --          ;                 ;
; K8       ;            ; 1        ; NC                        ;        ;              ;         ; --         ; --          ;                 ;
; K9       ;            ; 1        ; NC                        ;        ;              ;         ; --         ; --          ;                 ;
; K10      ;            ; 1        ; GND                       ; gnd    ;              ;         ; --         ; --          ;                 ;
; K11      ;            ;          ; VCCINT                    ; power  ;              ; 1.5V    ; --         ; --          ;                 ;
; K12      ;            ; 1        ; GND                       ; gnd    ;              ;         ; --         ; --          ;                 ;
; K13      ;            ;          ; VCCINT                    ; power  ;              ; 1.5V    ; --         ; --          ;                 ;
; K14      ;            ; 1        ; GND                       ; gnd    ;              ;         ; --         ; --          ;                 ;
; K15      ;            ;          ; VCCINT                    ; power  ;              ; 1.5V    ; --         ; --          ;                 ;
; K16      ;            ; 1        ; GND                       ; gnd    ;              ;         ; --         ; --          ;                 ;
; K17      ;            ;          ; VCCINT                    ; power  ;              ; 1.5V    ; --         ; --          ;                 ;
; K18      ;            ; 1        ; GND                       ; gnd    ;              ;         ; --         ; --          ;                 ;
; K19      ; 306        ; 5        ; GND*                      ;        ;              ;         ; Row I/O    ; --          ;                 ;
; K20      ; 305        ; 5        ; GND*                      ;        ;              ;         ; Row I/O    ; --          ;                 ;
; K21      ;            ; 1        ; NC                        ;        ;              ;         ; --         ; --          ;                 ;
; K22      ;            ; 1        ; NC                        ;        ;              ;         ; --         ; --          ;                 ;
; K23      ; 312        ; 5        ; GND*                      ;        ;              ;         ; Row I/O    ; --          ;                 ;
; K24      ; 311        ; 5        ; GND*                      ;        ;              ;         ; Row I/O    ; --          ;                 ;
; K25      ;            ; 1        ; NC                        ;        ;              ;         ; --         ; --          ;                 ;
; K26      ;            ; 1        ; NC                        ;        ;              ;         ; --         ; --          ;                 ;
; L1       ;            ; 2        ; VCCIO2                    ; power  ;              ; 3.3V    ; --         ; --          ;                 ;
; L2       ; 22         ; 2        ; GND*                      ;        ;              ;         ; Row I/O    ; --          ;                 ;
; L3       ; 21         ; 2        ; led[6]                    ; output ; LVTTL        ;         ; Row I/O    ; Off         ; N               ;
; L4       ; 24         ; 2        ; GND*                      ;        ;              ;         ; Row I/O    ; --          ;                 ;
; L5       ; 23         ; 2        ; I[6]                      ; output ; LVTTL        ;         ; Row I/O    ; Off         ; N               ;
; L6       ; 28         ; 2        ; d1[4]                     ; output ; LVTTL        ;         ; Row I/O    ; Off         ; N               ;
; L7       ; 27         ; 2        ; d1[5]                     ; output ; LVTTL        ;         ; Row I/O    ; Off         ; N               ;
; L8       ; 37         ; 2        ; GND                       ;        ;              ;         ; --         ; --          ;                 ;
; L9       ;            ; 2        ; VCCIO2                    ; power  ;              ; 3.3V    ; --         ; --          ;                 ;
; L10      ;            ;          ; VCCINT                    ; power  ;              ; 1.5V    ; --         ; --          ;                 ;
; L11      ;            ; 1        ; GND                       ; gnd    ;              ;         ; --         ; --          ;                 ;
; L12      ;            ;          ; VCCINT                    ; power  ;              ; 1.5V    ; --         ; --          ;                 ;
; L13      ;            ; 1        ; GND                       ; gnd    ;              ;         ; --         ; --          ;                 ;
; L14      ;            ;          ; VCCINT                    ; power  ;              ; 1.5V    ; --         ; --          ;                 ;
; L15      ;            ; 1        ; GND                       ; gnd    ;              ;         ; --         ; --          ;                 ;
; L16      ;            ;          ; VCCINT                    ; power  ;              ; 1.5V    ; --         ; --          ;                 ;
; L17      ;            ; 1        ; GND                       ; gnd    ;              ;         ; --         ; --          ;                 ;
; L18      ;            ; 5        ; VCCIO5                    ; power  ;              ; 3.3V    ; --         ; --          ;                 ;
; L19      ; 292        ; 5        ; GND                       ;        ;              ;         ; --         ; --          ;                 ;
; L20      ; 302        ; 5        ; GND*                      ;        ;              ;         ; Row I/O    ; --          ;                 ;
; L21      ; 301        ; 5        ; GND*                      ;        ;              ;         ; Row I/O    ; --          ;                 ;
; L22      ; 299        ; 5        ; GND*                      ;        ;              ;         ; Row I/O    ; --          ;                 ;
; L23      ; 300        ; 5        ; GND*                      ;        ;              ;         ; Row I/O    ; --          ;                 ;
; L24      ; 308        ; 5        ; GND*                      ;        ;              ;         ; Row I/O    ; --          ;                 ;
; L25      ; 307        ; 5        ; GND*                      ;        ;              ;         ; Row I/O    ; --          ;                 ;
; L26      ;            ; 5        ; VCCIO5                    ; power  ;              ; 3.3V    ; --         ; --          ;                 ;
; M1       ; 49         ; 2        ; d0[7]                     ; input  ; LVTTL        ;         ; Row I/O    ; Off         ; N               ;
; M2       ;            ; 1        ; VCCG_PLL1                 ; power  ;              ; 1.5V    ; --         ; --          ;                 ;
; M3       ;            ; 1        ; VCCA_PLL1                 ; power  ;              ; 1.5V    ; --         ; --          ;                 ;
; M4       ; 33         ; 2        ; I[2]                      ; output ; LVTTL        ;         ; Row I/O    ; Off         ; N               ;
; M5       ; 34         ; 2        ; M[12]                     ; output ; LVTTL        ;         ; Row I/O    ; Off         ; N               ;
; M6       ; 29         ; 2        ; d0[4]                     ; input  ; LVTTL        ;         ; Row I/O    ; Off         ; N               ;
; M7       ; 30         ; 2        ; d1[1]                     ; output ; LVTTL        ;         ; Row I/O    ; Off         ; N               ;
; M8       ; 40         ; 2        ; M[20]                     ; output ; LVTTL        ;         ; Row I/O    ; Off         ; N               ;
; M9       ; 41         ; 2        ; uaddr[4]                  ; output ; LVTTL        ;         ; Row I/O    ; Off         ; N               ;
; M10      ;            ; 1        ; GND                       ; gnd    ;              ;         ; --         ; --          ;                 ;
; M11      ;            ;          ; VCCINT                    ; power  ;              ; 1.5V    ; --         ; --          ;                 ;
; M12      ;            ; 1        ; GND                       ; gnd    ;              ;         ; --         ; --          ;                 ;
; M13      ;            ;          ; VCCINT                    ; power  ;              ; 1.5V    ; --         ; --          ;                 ;
; M14      ;            ; 1        ; GND                       ; gnd    ;              ;         ; --         ; --          ;                 ;
; M15      ;            ;          ; VCCINT                    ; power  ;              ; 1.5V    ; --         ; --          ;                 ;
; M16      ;            ; 1        ; GND                       ; gnd    ;              ;         ; --         ; --          ;                 ;
; M17      ;            ;          ; VCCINT                    ; power  ;              ; 1.5V    ; --         ; --          ;                 ;
; M18      ; 288        ; 5        ; GND*                      ;        ;              ;         ; Row I/O    ; --          ;                 ;
; M19      ; 289        ; 5        ; GND*                      ;        ;              ;         ; Row I/O    ; --          ;                 ;
; M20      ; 290        ; 5        ; GND*                      ;        ;              ;         ; Row I/O    ; --          ;                 ;
; M21      ; 291        ; 5        ; GND*                      ;        ;              ;         ; Row I/O    ; --          ;                 ;
; M22      ; 295        ; 5        ; GND*                      ;        ;              ;         ; Row I/O    ; --          ;                 ;
; M23      ; 296        ; 5        ; GND*                      ;        ;              ;         ; Row I/O    ; --          ;                 ;
; M24      ; 282        ; 5        ; RST1                      ; input  ; LVTTL        ;         ; Row I/O    ; Off         ; N               ;
; M25      ; 283        ; 5        ; GND+                      ;        ;              ;         ; Row I/O    ; --          ;                 ;
; M26      ; 280        ; 5        ; STEP                      ; input  ; LVTTL        ;         ; Row I/O    ; Off         ; N               ;
; N1       ;            ; 1        ; GND                       ; gnd    ;              ;         ; --         ; --          ;                 ;
; N2       ; 46         ; 2        ; SWA                       ; input  ; LVTTL        ;         ; Row I/O    ; Off         ; N               ;
; N3       ; 47         ; 2        ; SWB                       ; input  ; LVTTL        ;         ; Row I/O    ; Off         ; N               ;
; N4       ;            ; 1        ; GNDG_PLL1                 ; gnd    ;              ;         ; --         ; --          ;                 ;
; N5       ;            ; 1        ; GNDA_PLL1                 ; gnd    ;              ;         ; --         ; --          ;                 ;
; N6       ; 38         ; 2        ; I[7]                      ; output ; LVTTL        ;         ; Row I/O    ; Off         ; N               ;
; N7       ; 39         ; 2        ; I[4]                      ; output ; LVTTL        ;         ; Row I/O    ; Off         ; N               ;
; N8       ; 45         ; 2        ; M[22]                     ; output ; LVTTL        ;         ; Row I/O    ; Off         ; N               ;
; N9       ;            ; 1        ; GND                       ; gnd    ;              ;         ; --         ; --          ;                 ;
; N10      ;            ;          ; VCCINT                    ; power  ;              ; 1.5V    ; --         ; --          ;                 ;
; N11      ;            ; 1        ; GND                       ; gnd    ;              ;         ; --         ; --          ;                 ;
; N12      ;            ;          ; VCCINT                    ; power  ;              ; 1.5V    ; --         ; --          ;                 ;
; N13      ;            ; 1        ; GND                       ; gnd    ;              ;         ; --         ; --          ;                 ;
; N14      ;            ;          ; VCCINT                    ; power  ;              ; 1.5V    ; --         ; --          ;                 ;
; N15      ;            ; 1        ; GND                       ; gnd    ;              ;         ; --         ; --          ;                 ;
; N16      ;            ;          ; VCCINT                    ; power  ;              ; 1.5V    ; --         ; --          ;                 ;
; N17      ;            ; 1        ; GND                       ; gnd    ;              ;         ; --         ; --          ;                 ;
; N18      ;            ; 1        ; GND                       ; gnd    ;              ;         ; --         ; --          ;                 ;
; N19      ; 273        ; 6        ; GND*                      ;        ;              ;         ; Row I/O    ; --          ;                 ;
; N20      ; 284        ; 5        ; GND*                      ;        ;              ;         ; Row I/O    ; --          ;                 ;
; N21      ; 285        ; 5        ; GND*                      ;        ;              ;         ; Row I/O    ; --          ;                 ;
; N22      ;            ; 1        ; GNDG_PLL4                 ; gnd    ;              ;         ; --         ; --          ;                 ;
; N23      ;            ; 1        ; GNDA_PLL4                 ; gnd    ;              ;         ; --         ; --          ;                 ;
; N24      ;            ; 1        ; VCCG_PLL4                 ; power  ;              ; 1.5V    ; --         ; --          ;                 ;
; N25      ;            ; 1        ; VCCA_PLL4                 ; power  ;              ; 1.5V    ; --         ; --          ;                 ;
; N26      ;            ; 1        ; GND                       ; gnd    ;              ;         ; --         ; --          ;                 ;
; P1       ;            ; 1        ; GND                       ; gnd    ;              ;         ; --         ; --          ;                 ;
; P2       ;            ; 1        ; GNDG_PLL2                 ; gnd    ;              ;         ; --         ; --          ;                 ;
; P3       ;            ; 1        ; GNDA_PLL2                 ; gnd    ;              ;         ; --         ; --          ;                 ;
; P4       ;            ; 1        ; VCCG_PLL2                 ; power  ;              ; 1.5V    ; --         ; --          ;                 ;
; P5       ;            ; 1        ; VCCA_PLL2                 ; power  ;              ; 1.5V    ; --         ; --          ;                 ;
; P6       ; 56         ; 1        ; M[15]                     ; output ; LVTTL        ;         ; Row I/O    ; Off         ; N               ;
; P7       ; 57         ; 1        ; M[7]                      ; output ; LVTTL        ;         ; Row I/O    ; Off         ; N               ;
; P8       ; 44         ; 2        ; led[3]                    ; output ; LVTTL        ;         ; Row I/O    ; Off         ; N               ;
; P9       ;            ; 1        ; GND                       ; gnd    ;              ;         ; --         ; --          ;                 ;
; P10      ;            ; 1        ; GND                       ; gnd    ;              ;         ; --         ; --          ;                 ;
; P11      ;            ;          ; VCCINT                    ; power  ;              ; 1.5V    ; --         ; --          ;                 ;
; P12      ;            ; 1        ; GND                       ; gnd    ;              ;         ; --         ; --          ;                 ;
; P13      ;            ;          ; VCCINT                    ; power  ;              ; 1.5V    ; --         ; --          ;                 ;
; P14      ;            ; 1        ; GND                       ; gnd    ;              ;         ; --         ; --          ;                 ;
; P15      ;            ;          ; VCCINT                    ; power  ;              ; 1.5V    ; --         ; --          ;                 ;
; P16      ;            ; 1        ; GND                       ; gnd    ;              ;         ; --         ; --          ;                 ;
; P17      ;            ;          ; VCCINT                    ; power  ;              ; 1.5V    ; --         ; --          ;                 ;
; P18      ;            ; 1        ; GND                       ; gnd    ;              ;         ; --         ; --          ;                 ;
; P19      ; 272        ; 6        ; GND*                      ;        ;              ;         ; Row I/O    ; --          ;                 ;
; P20      ; 268        ; 6        ; GND*                      ;        ;              ;         ; Row I/O    ; --          ;                 ;
; P21      ; 269        ; 6        ; GND*                      ;        ;              ;         ; Row I/O    ; --          ;                 ;
; P22      ;            ; 1        ; VCCA_PLL3                 ; power  ;              ; 1.5V    ; --         ; --          ;                 ;
; P23      ;            ; 1        ; VCCG_PLL3                 ; power  ;              ; 1.5V    ; --         ; --          ;                 ;
; P24      ; 277        ; 6        ; GND+                      ;        ;              ;         ; Row I/O    ; --          ;                 ;
; P25      ; 278        ; 6        ; GND+                      ;        ;              ;         ; Row I/O    ; --          ;                 ;
; P26      ;            ; 1        ; GND                       ; gnd    ;              ;         ; --         ; --          ;                 ;
; R1       ; 50         ; 1        ; d0[1]                     ; input  ; LVTTL        ;         ; Row I/O    ; Off         ; N               ;
; R2       ; 51         ; 1        ; d0[3]                     ; input  ; LVTTL        ;         ; Row I/O    ; Off         ; N               ;
; R3       ; 52         ; 1        ; d0[5]                     ; input  ; LVTTL        ;         ; Row I/O    ; Off         ; N               ;
; R4       ; 63         ; 1        ; GND*                      ;        ;              ;         ; Row I/O    ; --          ;                 ;
; R5       ; 64         ; 1        ; GND*                      ;        ;              ;         ; Row I/O    ; --          ;                 ;
; R6       ; 58         ; 1        ; led[5]                    ; output ; LVTTL        ;         ; Row I/O    ; Off         ; N               ;
; R7       ; 59         ; 1        ; LDPC                      ; output ; LVTTL        ;         ; Row I/O    ; Off         ; N               ;
; R8       ; 60         ; 1        ; led[7]                    ; output ; LVTTL        ;         ; Row I/O    ; Off         ; N               ;
; R9       ; 61         ; 1        ; I[0]                      ; output ; LVTTL        ;         ; Row I/O    ; Off         ; N               ;
; R10      ;            ;          ; VCCINT                    ; power  ;              ; 1.5V    ; --         ; --          ;                 ;
; R11      ;            ; 1        ; GND                       ; gnd    ;              ;         ; --         ; --          ;                 ;
; R12      ;            ;          ; VCCINT                    ; power  ;              ; 1.5V    ; --         ; --          ;                 ;
; R13      ;            ; 1        ; GND                       ; gnd    ;              ;         ; --         ; --          ;                 ;
; R14      ;            ;          ; VCCINT                    ; power  ;              ; 1.5V    ; --         ; --          ;                 ;
; R15      ;            ; 1        ; GND                       ; gnd    ;              ;         ; --         ; --          ;                 ;
; R16      ;            ;          ; VCCINT                    ; power  ;              ; 1.5V    ; --         ; --          ;                 ;
; R17      ;            ; 1        ; GND                       ; gnd    ;              ;         ; --         ; --          ;                 ;
; R18      ;            ; 1        ; NC                        ;        ;              ;         ; --         ; --          ;                 ;
; R19      ; 256        ; 6        ; GND*                      ;        ;              ;         ; Row I/O    ; --          ;                 ;
; R20      ; 270        ; 6        ; GND*                      ;        ;              ;         ; Row I/O    ; --          ;                 ;
; R21      ; 271        ; 6        ; GND*                      ;        ;              ;         ; Row I/O    ; --          ;                 ;
; R22      ; 265        ; 6        ; GND*                      ;        ;              ;         ; Row I/O    ; --          ;                 ;
; R23      ; 266        ; 6        ; GND*                      ;        ;              ;         ; Row I/O    ; --          ;                 ;
; R24      ;            ; 1        ; GNDA_PLL3                 ; gnd    ;              ;         ; --         ; --          ;                 ;
; R25      ;            ; 1        ; GNDG_PLL3                 ; gnd    ;              ;         ; --         ; --          ;                 ;
; R26      ; 279        ; 6        ; GND+                      ;        ;              ;         ; Row I/O    ; --          ;                 ;
; T1       ;            ; 1        ; VCCIO1                    ; power  ;              ; 3.3V    ; --         ; --          ;                 ;
; T2       ; 68         ; 1        ; GND*                      ;        ;              ;         ; Row I/O    ; --          ;                 ;
; T3       ; 67         ; 1        ; GND*                      ;        ;              ;         ; Row I/O    ; --          ;                 ;
; T4       ; 76         ; 1        ; GND*                      ;        ;              ;         ; Row I/O    ; --          ;                 ;
; T5       ; 75         ; 1        ; GND*                      ;        ;              ;         ; Row I/O    ; --          ;                 ;
; T6       ; 74         ; 1        ; GND*                      ;        ;              ;         ; Row I/O    ; --          ;                 ;
; T7       ; 73         ; 1        ; GND*                      ;        ;              ;         ; Row I/O    ; --          ;                 ;
; T8       ; 62         ; 1        ; GND                       ;        ;              ;         ; --         ; --          ;                 ;
; T9       ;            ; 1        ; VCCIO1                    ; power  ;              ; 3.3V    ; --         ; --          ;                 ;
; T10      ;            ; 1        ; GND                       ; gnd    ;              ;         ; --         ; --          ;                 ;
; T11      ;            ;          ; VCCINT                    ; power  ;              ; 1.5V    ; --         ; --          ;                 ;
; T12      ;            ; 1        ; GND                       ; gnd    ;              ;         ; --         ; --          ;                 ;
; T13      ;            ;          ; VCCINT                    ; power  ;              ; 1.5V    ; --         ; --          ;                 ;
; T14      ;            ; 1        ; GND                       ; gnd    ;              ;         ; --         ; --          ;                 ;
; T15      ;            ;          ; VCCINT                    ; power  ;              ; 1.5V    ; --         ; --          ;                 ;
; T16      ;            ; 1        ; GND                       ; gnd    ;              ;         ; --         ; --          ;                 ;
; T17      ;            ;          ; VCCINT                    ; power  ;              ; 1.5V    ; --         ; --          ;                 ;
; T18      ;            ; 6        ; VCCIO6                    ; power  ;              ; 3.3V    ; --         ; --          ;                 ;
; T19      ; 255        ; 6        ; GND*                      ;        ;              ;         ; Row I/O    ; --          ;                 ;
; T20      ; 252        ; 6        ; GND*                      ;        ;              ;         ; Row I/O    ; --          ;                 ;
; T21      ; 251        ; 6        ; GND*                      ;        ;              ;         ; Row I/O    ; --          ;                 ;
; T22      ; 262        ; 6        ; GND*                      ;        ;              ;         ; Row I/O    ; --          ;                 ;
; T23      ; 261        ; 6        ; GND*                      ;        ;              ;         ; Row I/O    ; --          ;                 ;
; T24      ; 254        ; 6        ; GND*                      ;        ;              ;         ; Row I/O    ; --          ;                 ;
; T25      ; 253        ; 6        ; GND*                      ;        ;              ;         ; Row I/O    ; --          ;                 ;
; T26      ;            ; 6        ; VCCIO6                    ; power  ;              ; 3.3V    ; --         ; --          ;                 ;
; U1       ; 80         ; 1        ; GND*                      ;        ;              ;         ; Row I/O    ; --          ;                 ;
; U2       ; 79         ; 1        ; GND*                      ;        ;              ;         ; Row I/O    ; --          ;                 ;
; U3       ;            ; 1        ; NC                        ;        ;              ;         ; --         ; --          ;                 ;
; U4       ;            ; 1        ; NC                        ;        ;              ;         ; --         ; --          ;                 ;
; U5       ; 78         ; 1        ; GND*                      ;        ;              ;         ; Row I/O    ; --          ;                 ;
; U6       ; 77         ; 1        ; GND*                      ;        ;              ;         ; Row I/O    ; --          ;                 ;
; U7       ;            ; 1        ; NC                        ;        ;              ;         ; --         ; --          ;                 ;
; U8       ;            ; 1        ; NC                        ;        ;              ;         ; --         ; --          ;                 ;
; U9       ;            ; 1        ; NC                        ;        ;              ;         ; --         ; --          ;                 ;
; U10      ;            ;          ; VCCINT                    ; power  ;              ; 1.5V    ; --         ; --          ;                 ;
; U11      ;            ; 1        ; GND                       ; gnd    ;              ;         ; --         ; --          ;                 ;
; U12      ;            ;          ; VCCINT                    ; power  ;              ; 1.5V    ; --         ; --          ;                 ;
; U13      ;            ; 1        ; GND                       ; gnd    ;              ;         ; --         ; --          ;                 ;
; U14      ;            ;          ; VCCINT                    ; power  ;              ; 1.5V    ; --         ; --          ;                 ;
; U15      ;            ; 1        ; GND                       ; gnd    ;              ;         ; --         ; --          ;                 ;
; U16      ;            ;          ; VCCINT                    ; power  ;              ; 1.5V    ; --         ; --          ;                 ;
; U17      ;            ; 1        ; GND                       ; gnd    ;              ;         ; --         ; --          ;                 ;
; U18      ;            ; 1        ; NC                        ;        ;              ;         ; --         ; --          ;                 ;
; U19      ;            ; 1        ; NC                        ;        ;              ;         ; --         ; --          ;                 ;
; U20      ;            ; 1        ; NC                        ;        ;              ;         ; --         ; --          ;                 ;
; U21      ; 250        ; 6        ; GND*                      ;        ;              ;         ; Row I/O    ; --          ;                 ;
; U22      ; 249        ; 6        ; GND*                      ;        ;              ;         ; Row I/O    ; --          ;                 ;
; U23      ; 237        ; 6        ; GND*                      ;        ;              ;         ; Row I/O    ; --          ;                 ;
; U24      ; 236        ; 6        ; GND*                      ;        ;              ;         ; Row I/O    ; --          ;                 ;
; U25      ;            ; 1        ; NC                        ;        ;              ;         ; --         ; --          ;                 ;
; U26      ;            ; 1        ; NC                        ;        ;              ;         ; --         ; --          ;                 ;
; V1       ;            ; 1        ; NC                        ;        ;              ;         ; --         ; --          ;                 ;
; V2       ;            ; 1        ; NC                        ;        ;              ;         ; --         ; --          ;                 ;
; V3       ;            ; 1        ; NC                        ;        ;              ;         ; --         ; --          ;                 ;
; V4       ;            ; 1        ; NC                        ;        ;              ;         ; --         ; --          ;                 ;
; V5       ; 93         ; 1        ; GND*                      ;        ;              ;         ; Row I/O    ; --          ;                 ;
; V6       ; 92         ; 1        ; GND*                      ;        ;              ;         ; Row I/O    ; --          ;                 ;
; V7       ; 87         ; 1        ; GND                       ;        ;              ;         ; --         ; --          ;                 ;
; V8       ;            ; 1        ; NC                        ;        ;              ;         ; --         ; --          ;                 ;
; V9       ;            ; 1        ; GND                       ; gnd    ;              ;         ; --         ; --          ;                 ;
; V10      ;            ; 1        ; GND                       ; gnd    ;              ;         ; --         ; --          ;                 ;
; V11      ;            ; 8        ; VCCIO8                    ; power  ;              ; 3.3V    ; --         ; --          ;                 ;
; V12      ;            ; 8        ; VCCIO8                    ; power  ;              ; 3.3V    ; --         ; --          ;                 ;
; V13      ;            ; 1        ; GND                       ; gnd    ;              ;         ; --         ; --          ;                 ;
; V14      ;            ; 1        ; GND                       ; gnd    ;              ;         ; --         ; --          ;                 ;
; V15      ;            ; 7        ; VCCIO7                    ; power  ;              ; 3.3V    ; --         ; --          ;                 ;
; V16      ;            ; 7        ; VCCIO7                    ; power  ;              ; 3.3V    ; --         ; --          ;                 ;
; V17      ;            ; 1        ; GND                       ; gnd    ;              ;         ; --         ; --          ;                 ;
; V18      ;            ; 1        ; GND                       ; gnd    ;              ;         ; --         ; --          ;                 ;
; V19      ;            ; 1        ; NC                        ;        ;              ;         ; --         ; --          ;                 ;
; V20      ; 267        ; 6        ; GND                       ;        ;              ;         ; --         ; --          ;                 ;
; V21      ;            ; 1        ; NC                        ;        ;              ;         ; --         ; --          ;                 ;
; V22      ;            ; 1        ; NC                        ;        ;              ;         ; --         ; --          ;                 ;
; V23      ;            ; 1        ; NC                        ;        ;              ;         ; --         ; --          ;                 ;
; V24      ;            ; 1        ; NC                        ;        ;              ;         ; --         ; --          ;                 ;
; V25      ;            ; 1        ; NC                        ;        ;              ;         ; --         ; --          ;                 ;
; V26      ;            ; 1        ; NC                        ;        ;              ;         ; --         ; --          ;                 ;
; W1       ;            ; 1        ; NC                        ;        ;              ;         ; --         ; --          ;                 ;
; W2       ;            ; 1        ; NC                        ;        ;              ;         ; --         ; --          ;                 ;
; W3       ;            ; 1        ; NC                        ;        ;              ;         ; --         ; --          ;                 ;
; W4       ;            ; 1        ; NC                        ;        ;              ;         ; --         ; --          ;                 ;
; W5       ;            ; 1        ; NC                        ;        ;              ;         ; --         ; --          ;                 ;
; W6       ;            ; 1        ; NC                        ;        ;              ;         ; --         ; --          ;                 ;
; W7       ;            ; 1        ; NC                        ;        ;              ;         ; --         ; --          ;                 ;
; W8       ;            ; 1        ; NC                        ;        ;              ;         ; --         ; --          ;                 ;
; W9       ; 127        ; 8        ; d0[2]                     ; input  ; LVTTL        ;         ; Column I/O ; Off         ; N               ;
; W10      ; 140        ; 8        ; M[17]                     ; output ; LVTTL        ;         ; Column I/O ; Off         ; N               ;
; W11      ;            ; 1        ; NC                        ;        ;              ;         ; --         ; --          ;                 ;
; W12      ; 154        ; 8        ; PLL_ENA                   ;        ;              ;         ; --         ; --          ;                 ;
; W13      ; 157        ; 8        ; ^MSEL2                    ;        ;              ;         ; --         ; --          ;                 ;
; W14      ; 173        ; 7        ; ^nCEO                     ;        ;              ;         ; --         ; --          ;                 ;
; W15      ; 176        ; 7        ; GND*                      ;        ;              ;         ; Column I/O ; --          ;                 ;
; W16      ; 179        ; 7        ; ^PORSEL                   ;        ;              ;         ; --         ; --          ;                 ;
; W17      ; 187        ; 7        ; GND*                      ;        ;              ;         ; Column I/O ; --          ;                 ;
; W18      ; 194        ; 7        ; GND*                      ;        ;              ;         ; Column I/O ; --          ;                 ;
; W19      ;            ; 1        ; NC                        ;        ;              ;         ; --         ; --          ;                 ;
; W20      ;            ; 1        ; NC                        ;        ;              ;         ; --         ; --          ;                 ;
; W21      ;            ; 1        ; NC                        ;        ;              ;         ; --         ; --          ;                 ;
; W22      ;            ; 1        ; NC                        ;        ;              ;         ; --         ; --          ;                 ;
; W23      ;            ; 1        ; NC                        ;        ;              ;         ; --         ; --          ;                 ;
; W24      ;            ; 1        ; NC                        ;        ;              ;         ; --         ; --          ;                 ;
; W25      ;            ; 1        ; NC                        ;        ;              ;         ; --         ; --          ;                 ;
; W26      ;            ; 1        ; NC                        ;        ;              ;         ; --         ; --          ;                 ;
; Y1       ; 84         ; 1        ; GND*                      ;        ;              ;         ; Row I/O    ; --          ;                 ;
; Y2       ; 83         ; 1        ; GND*                      ;        ;              ;         ; Row I/O    ; --          ;                 ;
; Y3       ;            ; 1        ; NC                        ;        ;              ;         ; --         ; --          ;                 ;
; Y4       ;            ; 1        ; NC                        ;        ;              ;         ; --         ; --          ;                 ;
; Y5       ; 82         ; 1        ; GND*                      ;        ;              ;         ; Row I/O    ; --          ;                 ;
; Y6       ; 81         ; 1        ; GND*                      ;        ;              ;         ; Row I/O    ; --          ;                 ;
; Y7       ;            ; 1        ; NC                        ;        ;              ;         ; --         ; --          ;                 ;
; Y8       ; 126        ; 8        ; LOAD                      ; output ; LVTTL        ;         ; Column I/O ; Off         ; N               ;
; Y9       ;            ; 1        ; NC                        ;        ;              ;         ; --         ; --          ;                 ;
; Y10      ; 138        ; 8        ; M[13]                     ; output ; LVTTL        ;         ; Column I/O ; Off         ; N               ;
; Y11      ; 147        ; 8        ; SW_B                      ; output ; LVTTL        ;         ; Column I/O ; Off         ; N               ;
; Y12      ; 155        ; 8        ; ^MSEL0                    ;        ;              ;         ; --         ; --          ;                 ;
; Y13      ; 156        ; 8        ; ^MSEL1                    ;        ;              ;         ; --         ; --          ;                 ;
; Y14      ; 172        ; 7        ; ^nCE                      ;        ;              ;         ; --         ; --          ;                 ;
; Y15      ; 178        ; 7        ; ^VCCSEL                   ;        ;              ;         ; --         ; --          ;                 ;
; Y16      ; 181        ; 7        ; GND*                      ;        ;              ;         ; Column I/O ; --          ;                 ;
; Y17      ; 189        ; 7        ; GND*                      ;        ;              ;         ; Column I/O ; --          ;                 ;
; Y18      ; 192        ; 7        ; GND*                      ;        ;              ;         ; Column I/O ; --          ;                 ;
; Y19      ;            ; 1        ; NC                        ;        ;              ;         ; --         ; --          ;                 ;
; Y20      ; 202        ; 7        ; GND*                      ;        ;              ;         ; Column I/O ; --          ;                 ;
; Y21      ; 242        ; 6        ; GND                       ;        ;              ;         ; --         ; --          ;                 ;
; Y22      ; 244        ; 6        ; GND*                      ;        ;              ;         ; Row I/O    ; --          ;                 ;
; Y23      ; 248        ; 6        ; GND*                      ;        ;              ;         ; Row I/O    ; --          ;                 ;
; Y24      ; 247        ; 6        ; GND*                      ;        ;              ;         ; Row I/O    ; --          ;                 ;
; Y25      ; 246        ; 6        ; GND*                      ;        ;              ;         ; Row I/O    ; --          ;                 ;
; Y26      ; 245        ; 6        ; GND*                      ;        ;              ;         ; Row I/O    ; --          ;                 ;
+----------+------------+----------+---------------------------+--------+--------------+---------+------------+-------------+-----------------+


+----------------------------------------------------------------------+
; Output Pin Load For Reported TCO                                     ;
+-------------------------+-------+------------------------------------+
; I/O Standard            ; Load  ; Termination Resistance             ;
+-------------------------+-------+------------------------------------+
; LVTTL                   ; 10 pF ; Not Available                      ;
; LVCMOS                  ; 10 pF ; Not Available                      ;
; 2.5 V                   ; 10 pF ; Not Available                      ;
; 1.8 V                   ; 10 pF ; Not Available                      ;
; 1.5 V                   ; 10 pF ; Not Available                      ;
; GTL                     ; 30 pF ; 25 Ohm                             ;
; GTL+                    ; 30 pF ; 25 Ohm                             ;
; 3.3-V PCI               ; 10 pF ; 25 Ohm                             ;
; 3.3-V PCI-X             ; 8 pF  ; 25 Ohm                             ;
; Compact PCI             ; 10 pF ; 25 Ohm                             ;
; AGP 1X                  ; 10 pF ; Not Available                      ;
; AGP 2X                  ; 10 pF ; Not Available                      ;
; CTT                     ; 30 pF ; 50 Ohm                             ;
; SSTL-3 Class I          ; 30 pF ; 50 Ohm (Parallel), 25 Ohm (Serial) ;
; SSTL-3 Class II         ; 30 pF ; 25 Ohm (Parallel), 25 Ohm (Serial) ;
; SSTL-2 Class I          ; 30 pF ; 50 Ohm (Parallel), 25 Ohm (Serial) ;
; SSTL-2 Class II         ; 30 pF ; 25 Ohm (Parallel), 25 Ohm (Serial) ;
; SSTL-18 Class I         ; 30 pF ; 50 Ohm (Parallel), 25 Ohm (Serial) ;
; SSTL-18 Class II        ; 30 pF ; 25 Ohm (Parallel), 25 Ohm (Serial) ;
; 1.5-V HSTL Class I      ; 20 pF ; 50 Ohm                             ;
; 1.5-V HSTL Class II     ; 20 pF ; 25 Ohm                             ;
; 1.8-V HSTL Class I      ; 20 pF ; 50 Ohm                             ;
; 1.8-V HSTL Class II     ; 20 pF ; 25 Ohm                             ;
; LVDS                    ; 4 pF  ; 100 Ohm                            ;
; Differential LVPECL     ; 4 pF  ; 100 Ohm                            ;
; 3.3-V PCML              ; 4 pF  ; 50 Ohm                             ;
; HyperTransport          ; 4 pF  ; 100 Ohm                            ;
; Differential 1.5-V HSTL ; 0 pF  ; (See 1.5-V HSTL Class I)           ;
; Differential SSTL-2     ; 30 pF ; (See SSTL-2)                       ;
+-------------------------+-------+------------------------------------+


+-------------------------------------------------------------------------------------------------------------------------------------------------------------------------------------------------------------------------------------------------------------------------------------------------------------------------------+
; Fitter Resource Utilization by Entity                                                                                                                                                                                                                                                                                         ;
+-------------------------------------------+-------------+--------------+-------------+--------------+---------+-----------+-----------+------+--------------+--------------+-------------------+------------------+-----------------+-----------------------------------------------------------------------------------------+
; Compilation Hierarchy Node                ; Logic Cells ; LC Registers ; Memory Bits ; DSP Elements ; DSP 9x9 ; DSP 18x18 ; DSP 36x36 ; Pins ; Virtual Pins ; LUT-Only LCs ; Register-Only LCs ; LUT/Register LCs ; Carry Chain LCs ; Full Hierarchy Name                                                                     ;
+-------------------------------------------+-------------+--------------+-------------+--------------+---------+-----------+-----------+------+--------------+--------------+-------------------+------------------+-----------------+-----------------------------------------------------------------------------------------+
; |jzsx                                     ; 149 (6)     ; 83           ; 3584        ; 0            ; 0       ; 0         ; 0         ; 74   ; 0            ; 66 (6)       ; 23 (0)            ; 60 (0)           ; 8 (0)           ; |jzsx                                                                                   ;
;    |273:inst19|                           ; 8 (8)       ; 8            ; 0           ; 0            ; 0       ; 0         ; 0         ; 0    ; 0            ; 0 (0)        ; 0 (0)             ; 8 (8)            ; 0 (0)           ; |jzsx|273:inst19                                                                        ;
;    |273:inst20|                           ; 8 (8)       ; 8            ; 0           ; 0            ; 0       ; 0         ; 0         ; 0    ; 0            ; 0 (0)        ; 0 (0)             ; 8 (8)            ; 0 (0)           ; |jzsx|273:inst20                                                                        ;
;    |273:inst21|                           ; 8 (8)       ; 8            ; 0           ; 0            ; 0       ; 0         ; 0         ; 0    ; 0            ; 0 (0)        ; 8 (8)             ; 0 (0)            ; 0 (0)           ; |jzsx|273:inst21                                                                        ;
;    |273:inst22|                           ; 8 (8)       ; 8            ; 0           ; 0            ; 0       ; 0         ; 0         ; 0    ; 0            ; 0 (0)        ; 0 (0)             ; 8 (8)            ; 0 (0)           ; |jzsx|273:inst22                                                                        ;
;    |273:inst8|                            ; 8 (8)       ; 8            ; 0           ; 0            ; 0       ; 0         ; 0         ; 0    ; 0            ; 0 (0)        ; 0 (0)             ; 8 (8)            ; 0 (0)           ; |jzsx|273:inst8                                                                         ;
;    |74148:inst3|                          ; 5 (5)       ; 0            ; 0           ; 0            ; 0       ; 0         ; 0         ; 0    ; 0            ; 5 (5)        ; 0 (0)             ; 0 (0)            ; 0 (0)           ; |jzsx|74148:inst3                                                                       ;
;    |ALU2:inst18|                          ; 24 (1)      ; 0            ; 0           ; 0            ; 0       ; 0         ; 0         ; 0    ; 0            ; 24 (1)       ; 0 (0)             ; 0 (0)            ; 0 (0)           ; |jzsx|ALU2:inst18                                                                       ;
;       |74181:inst1|                       ; 11 (11)     ; 0            ; 0           ; 0            ; 0       ; 0         ; 0         ; 0    ; 0            ; 11 (11)      ; 0 (0)             ; 0 (0)            ; 0 (0)           ; |jzsx|ALU2:inst18|74181:inst1                                                           ;
;       |74181:inst|                        ; 12 (12)     ; 0            ; 0           ; 0            ; 0       ; 0         ; 0         ; 0    ; 0            ; 12 (12)      ; 0 (0)             ; 0 (0)            ; 0 (0)           ; |jzsx|ALU2:inst18|74181:inst                                                            ;
;    |decode2_4:inst13|                     ; 3 (3)       ; 0            ; 0           ; 0            ; 0       ; 0         ; 0         ; 0    ; 0            ; 3 (3)        ; 0 (0)             ; 0 (0)            ; 0 (0)           ; |jzsx|decode2_4:inst13                                                                  ;
;    |decodea:inst16|                       ; 2 (2)       ; 0            ; 0           ; 0            ; 0       ; 0         ; 0         ; 0    ; 0            ; 2 (2)        ; 0 (0)             ; 0 (0)            ; 0 (0)           ; |jzsx|decodea:inst16                                                                    ;
;    |decodeb:inst15|                       ; 1 (1)       ; 0            ; 0           ; 0            ; 0       ; 0         ; 0         ; 0    ; 0            ; 1 (1)        ; 0 (0)             ; 0 (0)            ; 0 (0)           ; |jzsx|decodeb:inst15                                                                    ;
;    |decodec:inst14|                       ; 1 (1)       ; 0            ; 0           ; 0            ; 0       ; 0         ; 0         ; 0    ; 0            ; 1 (1)        ; 0 (0)             ; 0 (0)            ; 0 (0)           ; |jzsx|decodec:inst14                                                                    ;
;    |lpm_counter0:inst11|                  ; 8 (0)       ; 8            ; 0           ; 0            ; 0       ; 0         ; 0         ; 0    ; 0            ; 0 (0)        ; 0 (0)             ; 8 (0)            ; 8 (0)           ; |jzsx|lpm_counter0:inst11                                                               ;
;       |lpm_counter:lpm_counter_component| ; 8 (0)       ; 8            ; 0           ; 0            ; 0       ; 0         ; 0         ; 0    ; 0            ; 0 (0)        ; 0 (0)             ; 8 (0)            ; 8 (0)           ; |jzsx|lpm_counter0:inst11|lpm_counter:lpm_counter_component                             ;
;          |cntr_fa8:auto_generated|        ; 8 (8)       ; 8            ; 0           ; 0            ; 0       ; 0         ; 0         ; 0    ; 0            ; 0 (0)        ; 0 (0)             ; 8 (8)            ; 8 (8)           ; |jzsx|lpm_counter0:inst11|lpm_counter:lpm_counter_component|cntr_fa8:auto_generated     ;
;    |lpm_mux0:inst17|                      ; 17 (0)      ; 0            ; 0           ; 0            ; 0       ; 0         ; 0         ; 0    ; 0            ; 17 (0)       ; 0 (0)             ; 0 (0)            ; 0 (0)           ; |jzsx|lpm_mux0:inst17                                                                   ;
;       |lpm_mux:lpm_mux_component|         ; 17 (0)      ; 0            ; 0           ; 0            ; 0       ; 0         ; 0         ; 0    ; 0            ; 17 (0)       ; 0 (0)             ; 0 (0)            ; 0 (0)           ; |jzsx|lpm_mux0:inst17|lpm_mux:lpm_mux_component                                         ;
;          |mux_jgc:auto_generated|         ; 17 (17)     ; 0            ; 0           ; 0            ; 0       ; 0         ; 0         ; 0    ; 0            ; 17 (17)      ; 0 (0)             ; 0 (0)            ; 0 (0)           ; |jzsx|lpm_mux0:inst17|lpm_mux:lpm_mux_component|mux_jgc:auto_generated                  ;
;    |lpm_ram_dq0:inst10|                   ; 0 (0)       ; 0            ; 2048        ; 0            ; 0       ; 0         ; 0         ; 0    ; 0            ; 0 (0)        ; 0 (0)             ; 0 (0)            ; 0 (0)           ; |jzsx|lpm_ram_dq0:inst10                                                                ;
;       |altsyncram:altsyncram_component|   ; 0 (0)       ; 0            ; 2048        ; 0            ; 0       ; 0         ; 0         ; 0    ; 0            ; 0 (0)        ; 0 (0)             ; 0 (0)            ; 0 (0)           ; |jzsx|lpm_ram_dq0:inst10|altsyncram:altsyncram_component                                ;
;          |altsyncram_mf21:auto_generated| ; 0 (0)       ; 0            ; 2048        ; 0            ; 0       ; 0         ; 0         ; 0    ; 0            ; 0 (0)        ; 0 (0)             ; 0 (0)            ; 0 (0)           ; |jzsx|lpm_ram_dq0:inst10|altsyncram:altsyncram_component|altsyncram_mf21:auto_generated ;
;    |lpm_rom0:inst12|                      ; 0 (0)       ; 0            ; 1536        ; 0            ; 0       ; 0         ; 0         ; 0    ; 0            ; 0 (0)        ; 0 (0)             ; 0 (0)            ; 0 (0)           ; |jzsx|lpm_rom0:inst12                                                                   ;
;       |altsyncram:altsyncram_component|   ; 0 (0)       ; 0            ; 1536        ; 0            ; 0       ; 0         ; 0         ; 0    ; 0            ; 0 (0)        ; 0 (0)             ; 0 (0)            ; 0 (0)           ; |jzsx|lpm_rom0:inst12|altsyncram:altsyncram_component                                   ;
;          |altsyncram_28s:auto_generated|  ; 0 (0)       ; 0            ; 1536        ; 0            ; 0       ; 0         ; 0         ; 0    ; 0            ; 0 (0)        ; 0 (0)             ; 0 (0)            ; 0 (0)           ; |jzsx|lpm_rom0:inst12|altsyncram:altsyncram_component|altsyncram_28s:auto_generated     ;
;    |reg_3:inst1|                          ; 25 (1)      ; 24           ; 0           ; 0            ; 0       ; 0         ; 0         ; 0    ; 0            ; 1 (1)        ; 8 (0)             ; 16 (0)           ; 0 (0)           ; |jzsx|reg_3:inst1                                                                       ;
;       |273:reg0|                          ; 8 (8)       ; 8            ; 0           ; 0            ; 0       ; 0         ; 0         ; 0    ; 0            ; 0 (0)        ; 0 (0)             ; 8 (8)            ; 0 (0)           ; |jzsx|reg_3:inst1|273:reg0                                                              ;
;       |273:reg1|                          ; 8 (8)       ; 8            ; 0           ; 0            ; 0       ; 0         ; 0         ; 0    ; 0            ; 0 (0)        ; 8 (8)             ; 0 (0)            ; 0 (0)           ; |jzsx|reg_3:inst1|273:reg1                                                              ;
;       |273:reg2|                          ; 8 (8)       ; 8            ; 0           ; 0            ; 0       ; 0         ; 0         ; 0    ; 0            ; 0 (0)        ; 0 (0)             ; 8 (8)            ; 0 (0)           ; |jzsx|reg_3:inst1|273:reg2                                                              ;
;    |se5_1:inst6|                          ; 6 (6)       ; 0            ; 0           ; 0            ; 0       ; 0         ; 0         ; 0    ; 0            ; 6 (6)        ; 0 (0)             ; 0 (0)            ; 0 (0)           ; |jzsx|se5_1:inst6                                                                       ;
;    |se6_1:inst7|                          ; 6 (6)       ; 6            ; 0           ; 0            ; 0       ; 0         ; 0         ; 0    ; 0            ; 0 (0)        ; 6 (6)             ; 0 (0)            ; 0 (0)           ; |jzsx|se6_1:inst7                                                                       ;
;    |t4:inst4|                             ; 5 (5)       ; 5            ; 0           ; 0            ; 0       ; 0         ; 0         ; 0    ; 0            ; 0 (0)        ; 1 (1)             ; 4 (4)            ; 0 (0)           ; |jzsx|t4:inst4                                                                          ;
+-------------------------------------------+-------------+--------------+-------------+--------------+---------+-----------+-----------+------+--------------+--------------+-------------------+------------------+-----------------+-----------------------------------------------------------------------------------------+


+-------------------------------------------------------------------------------------------------------------------------------------------------------------------------------------------------------------------------------------------------------------+
; Delay Chain Summary                                                                                                                                                                                                                                         ;
+----------+----------+---------------+---------------+-----------------------+-------------------------+----------------------------------------+---------------------------------+--------------------------------+-----+------+----------------------------+
; Name     ; Pin Type ; Pad to Core 0 ; Pad to Core 1 ; Pad to Input Register ; Core to Output Register ; Clock Enable to Output Enable Register ; Clock Enable to Output Register ; Clock Enable to Input Register ; TCO ; TCOE ; Falling Edge Output Enable ;
+----------+----------+---------------+---------------+-----------------------+-------------------------+----------------------------------------+---------------------------------+--------------------------------+-----+------+----------------------------+
; RST1     ; Input    ; OFF           ; OFF           ; --                    ; --                      ; --                                     ; --                              ; --                             ; --  ; --   ; --                         ;
; SWB      ; Input    ; ON            ; ON            ; --                    ; --                      ; --                                     ; --                              ; --                             ; --  ; --   ; --                         ;
; SWA      ; Input    ; ON            ; ON            ; --                    ; --                      ; --                                     ; --                              ; --                             ; --  ; --   ; --                         ;
; CLK1     ; Input    ; OFF           ; OFF           ; --                    ; --                      ; --                                     ; --                              ; --                             ; --  ; --   ; --                         ;
; STEP     ; Input    ; OFF           ; OFF           ; --                    ; --                      ; --                                     ; --                              ; --                             ; --  ; --   ; --                         ;
; d0[7]    ; Input    ; OFF           ; ON            ; --                    ; --                      ; --                                     ; --                              ; --                             ; --  ; --   ; --                         ;
; d0[6]    ; Input    ; OFF           ; ON            ; --                    ; --                      ; --                                     ; --                              ; --                             ; --  ; --   ; --                         ;
; d0[5]    ; Input    ; OFF           ; ON            ; --                    ; --                      ; --                                     ; --                              ; --                             ; --  ; --   ; --                         ;
; d0[4]    ; Input    ; ON            ; ON            ; --                    ; --                      ; --                                     ; --                              ; --                             ; --  ; --   ; --                         ;
; d0[3]    ; Input    ; ON            ; ON            ; --                    ; --                      ; --                                     ; --                              ; --                             ; --  ; --   ; --                         ;
; d0[2]    ; Input    ; OFF           ; ON            ; --                    ; --                      ; --                                     ; --                              ; --                             ; --  ; --   ; --                         ;
; d0[0]    ; Input    ; OFF           ; ON            ; --                    ; --                      ; --                                     ; --                              ; --                             ; --  ; --   ; --                         ;
; d0[1]    ; Input    ; ON            ; ON            ; --                    ; --                      ; --                                     ; --                              ; --                             ; --  ; --   ; --                         ;
; LOAD     ; Output   ; --            ; --            ; --                    ; --                      ; --                                     ; --                              ; --                             ; --  ; OFF  ; OFF                        ;
; M[24]    ; Output   ; --            ; --            ; --                    ; --                      ; --                                     ; --                              ; --                             ; --  ; OFF  ; OFF                        ;
; M[23]    ; Output   ; --            ; --            ; --                    ; --                      ; --                                     ; --                              ; --                             ; --  ; OFF  ; OFF                        ;
; M[22]    ; Output   ; --            ; --            ; --                    ; --                      ; --                                     ; --                              ; --                             ; --  ; OFF  ; OFF                        ;
; M[21]    ; Output   ; --            ; --            ; --                    ; --                      ; --                                     ; --                              ; --                             ; --  ; OFF  ; OFF                        ;
; M[20]    ; Output   ; --            ; --            ; --                    ; --                      ; --                                     ; --                              ; --                             ; --  ; OFF  ; OFF                        ;
; M[19]    ; Output   ; --            ; --            ; --                    ; --                      ; --                                     ; --                              ; --                             ; --  ; OFF  ; OFF                        ;
; M[18]    ; Output   ; --            ; --            ; --                    ; --                      ; --                                     ; --                              ; --                             ; --  ; OFF  ; OFF                        ;
; M[17]    ; Output   ; --            ; --            ; --                    ; --                      ; --                                     ; --                              ; --                             ; --  ; OFF  ; OFF                        ;
; M[16]    ; Output   ; --            ; --            ; --                    ; --                      ; --                                     ; --                              ; --                             ; --  ; OFF  ; OFF                        ;
; M[15]    ; Output   ; --            ; --            ; --                    ; --                      ; --                                     ; --                              ; --                             ; --  ; OFF  ; OFF                        ;
; M[14]    ; Output   ; --            ; --            ; --                    ; --                      ; --                                     ; --                              ; --                             ; --  ; OFF  ; OFF                        ;
; M[13]    ; Output   ; --            ; --            ; --                    ; --                      ; --                                     ; --                              ; --                             ; --  ; OFF  ; OFF                        ;
; M[12]    ; Output   ; --            ; --            ; --                    ; --                      ; --                                     ; --                              ; --                             ; --  ; OFF  ; OFF                        ;
; M[11]    ; Output   ; --            ; --            ; --                    ; --                      ; --                                     ; --                              ; --                             ; --  ; OFF  ; OFF                        ;
; M[10]    ; Output   ; --            ; --            ; --                    ; --                      ; --                                     ; --                              ; --                             ; --  ; OFF  ; OFF                        ;
; M[9]     ; Output   ; --            ; --            ; --                    ; --                      ; --                                     ; --                              ; --                             ; --  ; OFF  ; OFF                        ;
; M[8]     ; Output   ; --            ; --            ; --                    ; --                      ; --                                     ; --                              ; --                             ; --  ; OFF  ; OFF                        ;
; M[7]     ; Output   ; --            ; --            ; --                    ; --                      ; --                                     ; --                              ; --                             ; --  ; OFF  ; OFF                        ;
; M[6]     ; Output   ; --            ; --            ; --                    ; --                      ; --                                     ; --                              ; --                             ; --  ; OFF  ; OFF                        ;
; M[5]     ; Output   ; --            ; --            ; --                    ; --                      ; --                                     ; --                              ; --                             ; --  ; OFF  ; OFF                        ;
; M[4]     ; Output   ; --            ; --            ; --                    ; --                      ; --                                     ; --                              ; --                             ; --  ; OFF  ; OFF                        ;
; M[3]     ; Output   ; --            ; --            ; --                    ; --                      ; --                                     ; --                              ; --                             ; --  ; OFF  ; OFF                        ;
; M[2]     ; Output   ; --            ; --            ; --                    ; --                      ; --                                     ; --                              ; --                             ; --  ; OFF  ; OFF                        ;
; M[1]     ; Output   ; --            ; --            ; --                    ; --                      ; --                                     ; --                              ; --                             ; --  ; OFF  ; OFF                        ;
; uaddr[6] ; Output   ; --            ; --            ; --                    ; --                      ; --                                     ; --                              ; --                             ; --  ; OFF  ; OFF                        ;
; uaddr[5] ; Output   ; --            ; --            ; --                    ; --                      ; --                                     ; --                              ; --                             ; --  ; OFF  ; OFF                        ;
; uaddr[4] ; Output   ; --            ; --            ; --                    ; --                      ; --                                     ; --                              ; --                             ; --  ; OFF  ; OFF                        ;
; uaddr[3] ; Output   ; --            ; --            ; --                    ; --                      ; --                                     ; --                              ; --                             ; --  ; OFF  ; OFF                        ;
; uaddr[2] ; Output   ; --            ; --            ; --                    ; --                      ; --                                     ; --                              ; --                             ; --  ; OFF  ; OFF                        ;
; uaddr[1] ; Output   ; --            ; --            ; --                    ; --                      ; --                                     ; --                              ; --                             ; --  ; OFF  ; OFF                        ;
; d1[7]    ; Output   ; --            ; --            ; --                    ; --                      ; --                                     ; --                              ; --                             ; --  ; OFF  ; OFF                        ;
; d1[6]    ; Output   ; --            ; --            ; --                    ; --                      ; --                                     ; --                              ; --                             ; --  ; OFF  ; OFF                        ;
; d1[5]    ; Output   ; --            ; --            ; --                    ; --                      ; --                                     ; --                              ; --                             ; --  ; OFF  ; OFF                        ;
; d1[4]    ; Output   ; --            ; --            ; --                    ; --                      ; --                                     ; --                              ; --                             ; --  ; OFF  ; OFF                        ;
; d1[3]    ; Output   ; --            ; --            ; --                    ; --                      ; --                                     ; --                              ; --                             ; --  ; OFF  ; OFF                        ;
; d1[2]    ; Output   ; --            ; --            ; --                    ; --                      ; --                                     ; --                              ; --                             ; --  ; OFF  ; OFF                        ;
; d1[1]    ; Output   ; --            ; --            ; --                    ; --                      ; --                                     ; --                              ; --                             ; --  ; OFF  ; OFF                        ;
; d1[0]    ; Output   ; --            ; --            ; --                    ; --                      ; --                                     ; --                              ; --                             ; --  ; OFF  ; OFF                        ;
; LDAR     ; Output   ; --            ; --            ; --                    ; --                      ; --                                     ; --                              ; --                             ; --  ; OFF  ; OFF                        ;
; PC_B     ; Output   ; --            ; --            ; --                    ; --                      ; --                                     ; --                              ; --                             ; --  ; OFF  ; OFF                        ;
; LDPC     ; Output   ; --            ; --            ; --                    ; --                      ; --                                     ; --                              ; --                             ; --  ; OFF  ; OFF                        ;
; I[7]     ; Output   ; --            ; --            ; --                    ; --                      ; --                                     ; --                              ; --                             ; --  ; OFF  ; OFF                        ;
; I[6]     ; Output   ; --            ; --            ; --                    ; --                      ; --                                     ; --                              ; --                             ; --  ; OFF  ; OFF                        ;
; I[5]     ; Output   ; --            ; --            ; --                    ; --                      ; --                                     ; --                              ; --                             ; --  ; OFF  ; OFF                        ;
; I[4]     ; Output   ; --            ; --            ; --                    ; --                      ; --                                     ; --                              ; --                             ; --  ; OFF  ; OFF                        ;
; I[3]     ; Output   ; --            ; --            ; --                    ; --                      ; --                                     ; --                              ; --                             ; --  ; OFF  ; OFF                        ;
; I[2]     ; Output   ; --            ; --            ; --                    ; --                      ; --                                     ; --                              ; --                             ; --  ; OFF  ; OFF                        ;
; I[1]     ; Output   ; --            ; --            ; --                    ; --                      ; --                                     ; --                              ; --                             ; --  ; OFF  ; OFF                        ;
; I[0]     ; Output   ; --            ; --            ; --                    ; --                      ; --                                     ; --                              ; --                             ; --  ; OFF  ; OFF                        ;
; RAM_B    ; Output   ; --            ; --            ; --                    ; --                      ; --                                     ; --                              ; --                             ; --  ; OFF  ; OFF                        ;
; SW_B     ; Output   ; --            ; --            ; --                    ; --                      ; --                                     ; --                              ; --                             ; --  ; OFF  ; OFF                        ;
; LED_B    ; Output   ; --            ; --            ; --                    ; --                      ; --                                     ; --                              ; --                             ; --  ; OFF  ; OFF                        ;
; led[7]   ; Output   ; --            ; --            ; --                    ; --                      ; --                                     ; --                              ; --                             ; --  ; OFF  ; OFF                        ;
; led[6]   ; Output   ; --            ; --            ; --                    ; --                      ; --                                     ; --                              ; --                             ; --  ; OFF  ; OFF                        ;
; led[5]   ; Output   ; --            ; --            ; --                    ; --                      ; --                                     ; --                              ; --                             ; --  ; OFF  ; OFF                        ;
; led[4]   ; Output   ; --            ; --            ; --                    ; --                      ; --                                     ; --                              ; --                             ; --  ; OFF  ; OFF                        ;
; led[3]   ; Output   ; --            ; --            ; --                    ; --                      ; --                                     ; --                              ; --                             ; --  ; OFF  ; OFF                        ;
; led[2]   ; Output   ; --            ; --            ; --                    ; --                      ; --                                     ; --                              ; --                             ; --  ; OFF  ; OFF                        ;
; led[1]   ; Output   ; --            ; --            ; --                    ; --                      ; --                                     ; --                              ; --                             ; --  ; OFF  ; OFF                        ;
; led[0]   ; Output   ; --            ; --            ; --                    ; --                      ; --                                     ; --                              ; --                             ; --  ; OFF  ; OFF                        ;
+----------+----------+---------------+---------------+-----------------------+-------------------------+----------------------------------------+---------------------------------+--------------------------------+-----+------+----------------------------+


+------------------------------------------------------------------------------------------------------------------------+
; Pad To Core Delay Chain Fanout                                                                                         ;
+------------------------------------------------------------------------------------------+-------------------+---------+
; Source Pin / Fanout                                                                      ; Pad To Core Index ; Setting ;
+------------------------------------------------------------------------------------------+-------------------+---------+
; RST1                                                                                     ;                   ;         ;
; SWB                                                                                      ;                   ;         ;
;      - se5_1:inst6|inst9~154                                                             ; 0                 ; ON      ;
; SWA                                                                                      ;                   ;         ;
;      - se5_1:inst6|inst10~128                                                            ; 0                 ; ON      ;
; CLK1                                                                                     ;                   ;         ;
;      - t4:inst4|inst4                                                                    ; 0                 ; OFF     ;
; STEP                                                                                     ;                   ;         ;
; d0[7]                                                                                    ;                   ;         ;
;      - lpm_mux0:inst17|lpm_mux:lpm_mux_component|mux_jgc:auto_generated|w_result522w~130 ; 1                 ; ON      ;
; d0[6]                                                                                    ;                   ;         ;
;      - lpm_mux0:inst17|lpm_mux:lpm_mux_component|mux_jgc:auto_generated|w_result453w~212 ; 1                 ; ON      ;
; d0[5]                                                                                    ;                   ;         ;
;      - lpm_mux0:inst17|lpm_mux:lpm_mux_component|mux_jgc:auto_generated|w_result384w~130 ; 1                 ; ON      ;
; d0[4]                                                                                    ;                   ;         ;
;      - lpm_mux0:inst17|lpm_mux:lpm_mux_component|mux_jgc:auto_generated|w_result315w~130 ; 0                 ; ON      ;
; d0[3]                                                                                    ;                   ;         ;
;      - lpm_mux0:inst17|lpm_mux:lpm_mux_component|mux_jgc:auto_generated|w_result246w~130 ; 0                 ; ON      ;
; d0[2]                                                                                    ;                   ;         ;
;      - lpm_mux0:inst17|lpm_mux:lpm_mux_component|mux_jgc:auto_generated|w_result177w~130 ; 1                 ; ON      ;
; d0[0]                                                                                    ;                   ;         ;
;      - lpm_mux0:inst17|lpm_mux:lpm_mux_component|mux_jgc:auto_generated|w_result37w~165  ; 1                 ; ON      ;
; d0[1]                                                                                    ;                   ;         ;
;      - lpm_mux0:inst17|lpm_mux:lpm_mux_component|mux_jgc:auto_generated|w_result108w~165 ; 0                 ; ON      ;
+------------------------------------------------------------------------------------------+-------------------+---------+


+-----------------------------------------------------------------------------------------------------------------------------------------------------------------------------------+
; Control Signals                                                                                                                                                                   ;
+---------------------------------------------------------------------------------------+---------------+---------+--------------+--------+----------------------+------------------+
; Name                                                                                  ; Location      ; Fan-Out ; Usage        ; Global ; Global Resource Used ; Global Line Name ;
+---------------------------------------------------------------------------------------+---------------+---------+--------------+--------+----------------------+------------------+
; RST1                                                                                  ; PIN_M24       ; 14      ; Async. clear ; yes    ; Global clock         ; GCLK14           ;
; STEP                                                                                  ; PIN_M26       ; 5       ; Async. clear ; yes    ; Global clock         ; GCLK10           ;
; decodeb:inst15|inst4~28                                                               ; LC_X12_Y18_N5 ; 9       ; Sync. load   ; no     ; --                   ; --               ;
; inst24                                                                                ; LC_X13_Y13_N8 ; 8       ; Clock        ; yes    ; Global clock         ; GCLK3            ;
; inst25                                                                                ; LC_X13_Y13_N9 ; 8       ; Async. load  ; yes    ; Global clock         ; GCLK12           ;
; inst26                                                                                ; LC_X13_Y13_N2 ; 8       ; Clock        ; yes    ; Global clock         ; GCLK7            ;
; inst27                                                                                ; LC_X13_Y19_N0 ; 8       ; Clock        ; yes    ; Global clock         ; GCLK1            ;
; inst28                                                                                ; LC_X18_Y6_N6  ; 8       ; Clock        ; yes    ; Global clock         ; GCLK6            ;
; inst29~18                                                                             ; LC_X13_Y13_N5 ; 8       ; Clock        ; yes    ; Global clock         ; GCLK8            ;
; inst9                                                                                 ; LC_X13_Y13_N6 ; 8       ; Clock        ; yes    ; Global clock         ; GCLK9            ;
; lpm_rom0:inst12|altsyncram:altsyncram_component|altsyncram_28s:auto_generated|q_a[17] ; M4K_X15_Y19   ; 2       ; Write enable ; no     ; --                   ; --               ;
; reg_3:inst1|inst6~17                                                                  ; LC_X14_Y13_N1 ; 8       ; Clock        ; yes    ; Global clock         ; GCLK13           ;
; reg_3:inst1|inst7~8                                                                   ; LC_X14_Y13_N5 ; 8       ; Clock        ; yes    ; Global clock         ; GCLK2            ;
; reg_3:inst1|inst~34                                                                   ; LC_X14_Y13_N6 ; 8       ; Clock        ; yes    ; Global clock         ; GCLK11           ;
; se5_1:inst6|inst                                                                      ; LC_X14_Y21_N2 ; 1       ; Async. load  ; no     ; --                   ; --               ;
; se5_1:inst6|inst10~130                                                                ; LC_X13_Y19_N1 ; 1       ; Async. load  ; no     ; --                   ; --               ;
; se5_1:inst6|inst24~9                                                                  ; LC_X13_Y19_N8 ; 1       ; Async. load  ; no     ; --                   ; --               ;
; se5_1:inst6|inst25~8                                                                  ; LC_X13_Y19_N3 ; 1       ; Async. load  ; no     ; --                   ; --               ;
; se5_1:inst6|inst9~156                                                                 ; LC_X13_Y19_N5 ; 1       ; Async. load  ; no     ; --                   ; --               ;
; t4:inst4|inst                                                                         ; LC_X18_Y6_N0  ; 3       ; Clock        ; yes    ; Global clock         ; GCLK5            ;
; t4:inst4|inst1                                                                        ; LC_X8_Y17_N5  ; 9       ; Clock        ; yes    ; Global clock         ; GCLK0            ;
; t4:inst4|inst13                                                                       ; LC_X18_Y6_N7  ; 5       ; Clock        ; yes    ; Global clock         ; GCLK4            ;
+---------------------------------------------------------------------------------------+---------------+---------+--------------+--------+----------------------+------------------+


+------------------------------------------------------------------------------------------+
; Global & Other Fast Signals                                                              ;
+----------------------+---------------+---------+----------------------+------------------+
; Name                 ; Location      ; Fan-Out ; Global Resource Used ; Global Line Name ;
+----------------------+---------------+---------+----------------------+------------------+
; RST1                 ; PIN_M24       ; 14      ; Global clock         ; GCLK14           ;
; STEP                 ; PIN_M26       ; 5       ; Global clock         ; GCLK10           ;
; inst24               ; LC_X13_Y13_N8 ; 8       ; Global clock         ; GCLK3            ;
; inst25               ; LC_X13_Y13_N9 ; 8       ; Global clock         ; GCLK12           ;
; inst26               ; LC_X13_Y13_N2 ; 8       ; Global clock         ; GCLK7            ;
; inst27               ; LC_X13_Y19_N0 ; 8       ; Global clock         ; GCLK1            ;
; inst28               ; LC_X18_Y6_N6  ; 8       ; Global clock         ; GCLK6            ;
; inst29~18            ; LC_X13_Y13_N5 ; 8       ; Global clock         ; GCLK8            ;
; inst9                ; LC_X13_Y13_N6 ; 8       ; Global clock         ; GCLK9            ;
; reg_3:inst1|inst6~17 ; LC_X14_Y13_N1 ; 8       ; Global clock         ; GCLK13           ;
; reg_3:inst1|inst7~8  ; LC_X14_Y13_N5 ; 8       ; Global clock         ; GCLK2            ;
; reg_3:inst1|inst~34  ; LC_X14_Y13_N6 ; 8       ; Global clock         ; GCLK11           ;
; t4:inst4|inst        ; LC_X18_Y6_N0  ; 3       ; Global clock         ; GCLK5            ;
; t4:inst4|inst1       ; LC_X8_Y17_N5  ; 9       ; Global clock         ; GCLK0            ;
; t4:inst4|inst13      ; LC_X18_Y6_N7  ; 5       ; Global clock         ; GCLK4            ;
+----------------------+---------------+---------+----------------------+------------------+


+-------------------------------------------------------------------------------------------------------------+
; Non-Global High Fan-Out Signals                                                                             ;
+---------------------------------------------------------------------------------------------------+---------+
; Name                                                                                              ; Fan-Out ;
+---------------------------------------------------------------------------------------------------+---------+
; 74148:inst3|8~71                                                                                  ; 24      ;
; 74148:inst3|109~113                                                                               ; 16      ;
; lpm_mux0:inst17|lpm_mux:lpm_mux_component|mux_jgc:auto_generated|w_result473w~20                  ; 16      ;
; t4:inst4|inst3                                                                                    ; 10      ;
; lpm_rom0:inst12|altsyncram:altsyncram_component|altsyncram_28s:auto_generated|q_a[7]              ; 10      ;
; 273:inst20|18~COMBOUT                                                                             ; 9       ;
; 273:inst20|19~COMBOUT                                                                             ; 9       ;
; 273:inst20|17~COMBOUT                                                                             ; 9       ;
; 273:inst20|16~COMBOUT                                                                             ; 9       ;
; 273:inst20|15~COMBOUT                                                                             ; 9       ;
; 273:inst20|14~COMBOUT                                                                             ; 9       ;
; 273:inst20|13~COMBOUT                                                                             ; 9       ;
; 273:inst20|12~COMBOUT                                                                             ; 9       ;
; decodeb:inst15|inst4~28                                                                           ; 9       ;
; lpm_rom0:inst12|altsyncram:altsyncram_component|altsyncram_28s:auto_generated|q_a[12]             ; 9       ;
; lpm_rom0:inst12|altsyncram:altsyncram_component|altsyncram_28s:auto_generated|q_a[13]             ; 9       ;
; lpm_rom0:inst12|altsyncram:altsyncram_component|altsyncram_28s:auto_generated|q_a[23]             ; 9       ;
; lpm_rom0:inst12|altsyncram:altsyncram_component|altsyncram_28s:auto_generated|q_a[22]             ; 9       ;
; lpm_rom0:inst12|altsyncram:altsyncram_component|altsyncram_28s:auto_generated|q_a[21]             ; 9       ;
; lpm_rom0:inst12|altsyncram:altsyncram_component|altsyncram_28s:auto_generated|q_a[20]             ; 9       ;
; lpm_rom0:inst12|altsyncram:altsyncram_component|altsyncram_28s:auto_generated|q_a[19]             ; 9       ;
; lpm_rom0:inst12|altsyncram:altsyncram_component|altsyncram_28s:auto_generated|q_a[16]             ; 9       ;
; lpm_rom0:inst12|altsyncram:altsyncram_component|altsyncram_28s:auto_generated|q_a[8]              ; 9       ;
; lpm_rom0:inst12|altsyncram:altsyncram_component|altsyncram_28s:auto_generated|q_a[6]              ; 9       ;
; lpm_rom0:inst12|altsyncram:altsyncram_component|altsyncram_28s:auto_generated|q_a[14]             ; 9       ;
; 74148:inst3|9~1                                                                                   ; 8       ;
; lpm_rom0:inst12|altsyncram:altsyncram_component|altsyncram_28s:auto_generated|q_a[15]             ; 7       ;
; lpm_rom0:inst12|altsyncram:altsyncram_component|altsyncram_28s:auto_generated|q_a[11]             ; 6       ;
; lpm_rom0:inst12|altsyncram:altsyncram_component|altsyncram_28s:auto_generated|q_a[10]             ; 6       ;
; lpm_rom0:inst12|altsyncram:altsyncram_component|altsyncram_28s:auto_generated|q_a[9]              ; 6       ;
; t4:inst4|inst2                                                                                    ; 4       ;
; ALU2:inst18|74181:inst|46~51                                                                      ; 4       ;
; ALU2:inst18|74181:inst1|78~284                                                                    ; 4       ;
; ALU2:inst18|74181:inst|47~51                                                                      ; 4       ;
; 273:inst22|19                                                                                     ; 3       ;
; 273:inst22|18                                                                                     ; 3       ;
; reg_3:inst1|inst~33                                                                               ; 3       ;
; lpm_counter0:inst11|lpm_counter:lpm_counter_component|cntr_fa8:auto_generated|counter_cella4~COUT ; 3       ;
; ALU2:inst18|inst2~0                                                                               ; 3       ;
; ALU2:inst18|74181:inst1|80~85                                                                     ; 3       ;
; ALU2:inst18|74181:inst1|81                                                                        ; 3       ;
; ALU2:inst18|74181:inst1|82                                                                        ; 3       ;
; ALU2:inst18|74181:inst1|77                                                                        ; 3       ;
; ALU2:inst18|74181:inst|80                                                                         ; 3       ;
; ALU2:inst18|74181:inst|81                                                                         ; 3       ;
; ALU2:inst18|74181:inst|82                                                                         ; 3       ;
; ALU2:inst18|74181:inst|77                                                                         ; 3       ;
; ALU2:inst18|74181:inst1|44~17                                                                     ; 3       ;
; ALU2:inst18|74181:inst1|43~34                                                                     ; 3       ;
; ALU2:inst18|74181:inst1|46~51                                                                     ; 3       ;
+---------------------------------------------------------------------------------------------------+---------+


+----------------------------------------------------------------------------------------------------------------------------------------------------------------------------------------------------------------------------------------------------------------------------------+
; Fitter RAM Summary                                                                                                                                                                                                                                                               ;
+----------------------------------------------------------------------------------------------+------+-------------+--------------+--------------+--------------+--------------+------+---------------------+-------+------+--------+-------------------------------+-------------+
; Name                                                                                         ; Type ; Mode        ; Port A Depth ; Port A Width ; Port B Depth ; Port B Width ; Size ; Implementation Bits ; M512s ; M4Ks ; M-RAMs ; MIF                           ; Location    ;
+----------------------------------------------------------------------------------------------+------+-------------+--------------+--------------+--------------+--------------+------+---------------------+-------+------+--------+-------------------------------+-------------+
; lpm_ram_dq0:inst10|altsyncram:altsyncram_component|altsyncram_mf21:auto_generated|ALTSYNCRAM ; AUTO ; Single Port ; 256          ; 8            ; --           ; --           ; 2048 ; 2048                ; 0     ; 1    ; 0      ; D:/JIZHUSY/jzsx/uCode (1).hex ; M4K_X15_Y18 ;
; lpm_rom0:inst12|altsyncram:altsyncram_component|altsyncram_28s:auto_generated|ALTSYNCRAM     ; AUTO ; ROM         ; 64           ; 24           ; --           ; --           ; 1536 ; 1536                ; 0     ; 1    ; 0      ; D:/JIZHUSY/jzsx/uCode (1).hex ; M4K_X15_Y19 ;
+----------------------------------------------------------------------------------------------+------+-------------+--------------+--------------+--------------+--------------+------+---------------------+-------+------+--------+-------------------------------+-------------+


+------------------------------------------------------+
; Interconnect Usage Summary                           ;
+-----------------------------+------------------------+
; Interconnect Resource Type  ; Usage                  ;
+-----------------------------+------------------------+
; C16 interconnects           ; 20 / 2,286 ( < 1 % )   ;
; C4 interconnects            ; 156 / 31,320 ( < 1 % ) ;
; C8 interconnects            ; 95 / 7,272 ( 1 % )     ;
; DIFFIOCLKs                  ; 0 / 16 ( 0 % )         ;
; DQS bus muxes               ; 0 / 56 ( 0 % )         ;
; DQS-32 I/O buses            ; 0 / 4 ( 0 % )          ;
; DQS-8 I/O buses             ; 0 / 16 ( 0 % )         ;
; Direct links                ; 28 / 44,740 ( < 1 % )  ;
; Fast regional clocks        ; 0 / 8 ( 0 % )          ;
; Global clocks               ; 15 / 16 ( 93 % )       ;
; I/O buses                   ; 5 / 208 ( 2 % )        ;
; LUT chains                  ; 25 / 9,513 ( < 1 % )   ;
; Local routing interconnects ; 60 / 10,570 ( < 1 % )  ;
; R24 interconnects           ; 27 / 2,280 ( 1 % )     ;
; R4 interconnects            ; 220 / 62,520 ( < 1 % ) ;
; R8 interconnects            ; 101 / 10,410 ( < 1 % ) ;
; Regional clocks             ; 0 / 16 ( 0 % )         ;
+-----------------------------+------------------------+


+---------------------------------------------------------------------------+
; LAB Logic Elements                                                        ;
+--------------------------------------------+------------------------------+
; Number of Logic Elements  (Average = 5.73) ; Number of LABs  (Total = 26) ;
+--------------------------------------------+------------------------------+
; 1                                          ; 8                            ;
; 2                                          ; 2                            ;
; 3                                          ; 1                            ;
; 4                                          ; 2                            ;
; 5                                          ; 0                            ;
; 6                                          ; 1                            ;
; 7                                          ; 0                            ;
; 8                                          ; 0                            ;
; 9                                          ; 0                            ;
; 10                                         ; 12                           ;
+--------------------------------------------+------------------------------+


+-------------------------------------------------------------------+
; LAB-wide Signals                                                  ;
+------------------------------------+------------------------------+
; LAB-wide Signals  (Average = 1.62) ; Number of LABs  (Total = 26) ;
+------------------------------------+------------------------------+
; 1 Async. clear                     ; 10                           ;
; 1 Async. load                      ; 5                            ;
; 1 Clock                            ; 11                           ;
; 1 Sync. load                       ; 3                            ;
; 2 Clocks                           ; 13                           ;
+------------------------------------+------------------------------+


+----------------------------------------------------------------------------+
; LAB Signals Sourced                                                        ;
+---------------------------------------------+------------------------------+
; Number of Signals Sourced  (Average = 7.04) ; Number of LABs  (Total = 26) ;
+---------------------------------------------+------------------------------+
; 0                                           ; 0                            ;
; 1                                           ; 8                            ;
; 2                                           ; 1                            ;
; 3                                           ; 2                            ;
; 4                                           ; 1                            ;
; 5                                           ; 0                            ;
; 6                                           ; 2                            ;
; 7                                           ; 0                            ;
; 8                                           ; 0                            ;
; 9                                           ; 0                            ;
; 10                                          ; 3                            ;
; 11                                          ; 1                            ;
; 12                                          ; 2                            ;
; 13                                          ; 2                            ;
; 14                                          ; 3                            ;
; 15                                          ; 0                            ;
; 16                                          ; 0                            ;
; 17                                          ; 0                            ;
; 18                                          ; 1                            ;
+---------------------------------------------+------------------------------+


+--------------------------------------------------------------------------------+
; LAB Signals Sourced Out                                                        ;
+-------------------------------------------------+------------------------------+
; Number of Signals Sourced Out  (Average = 5.35) ; Number of LABs  (Total = 26) ;
+-------------------------------------------------+------------------------------+
; 0                                               ; 0                            ;
; 1                                               ; 9                            ;
; 2                                               ; 1                            ;
; 3                                               ; 2                            ;
; 4                                               ; 0                            ;
; 5                                               ; 0                            ;
; 6                                               ; 3                            ;
; 7                                               ; 0                            ;
; 8                                               ; 2                            ;
; 9                                               ; 5                            ;
; 10                                              ; 3                            ;
; 11                                              ; 0                            ;
; 12                                              ; 0                            ;
; 13                                              ; 1                            ;
+-------------------------------------------------+------------------------------+


+-----------------------------------------------------------------------------+
; LAB Distinct Inputs                                                         ;
+----------------------------------------------+------------------------------+
; Number of Distinct Inputs  (Average = 10.65) ; Number of LABs  (Total = 26) ;
+----------------------------------------------+------------------------------+
; 0                                            ; 0                            ;
; 1                                            ; 0                            ;
; 2                                            ; 2                            ;
; 3                                            ; 3                            ;
; 4                                            ; 4                            ;
; 5                                            ; 1                            ;
; 6                                            ; 1                            ;
; 7                                            ; 1                            ;
; 8                                            ; 1                            ;
; 9                                            ; 0                            ;
; 10                                           ; 0                            ;
; 11                                           ; 2                            ;
; 12                                           ; 2                            ;
; 13                                           ; 1                            ;
; 14                                           ; 0                            ;
; 15                                           ; 0                            ;
; 16                                           ; 0                            ;
; 17                                           ; 1                            ;
; 18                                           ; 1                            ;
; 19                                           ; 0                            ;
; 20                                           ; 2                            ;
; 21                                           ; 1                            ;
; 22                                           ; 2                            ;
; 23                                           ; 1                            ;
+----------------------------------------------+------------------------------+


+-----------------+
; Fitter Messages ;
+-----------------+
Info: *******************************************************************
Info: Running Quartus II Fitter
    Info: Version 4.1 Build 181 06/29/2004 SJ Full Version
    Info: Processing started: Fri Dec 29 05:48:11 2023
Info: Command: quartus_fit --import_settings_files=off --export_settings_files=off jzsx -c jzsx
Info: Selected device EP1S10B672C6 for design jzsx
Info: Fitter is performing an Auto Fit compilation -- Fitter effort may be decreased to reduce compilation time
Info: Device migration not selected. If you intend to use device migration later, you may need to change the pin assignments as they may be incompatible with other devices. 
    Info: Device EP1S20B672C6 is compatible
    Info: Device EP1S25B672C6 is compatible
Info: No exact pin location assignment(s) for 74 pins of 74 total pins
    Info: Pin LOAD not assigned to an exact location on the device
    Info: Pin M[24] not assigned to an exact location on the device
    Info: Pin M[23] not assigned to an exact location on the device
    Info: Pin M[22] not assigned to an exact location on the device
    Info: Pin M[21] not assigned to an exact location on the device
    Info: Pin M[20] not assigned to an exact location on the device
    Info: Pin M[19] not assigned to an exact location on the device
    Info: Pin M[18] not assigned to an exact location on the device
    Info: Pin M[17] not assigned to an exact location on the device
    Info: Pin M[16] not assigned to an exact location on the device
    Info: Pin M[15] not assigned to an exact location on the device
    Info: Pin M[14] not assigned to an exact location on the device
    Info: Pin M[13] not assigned to an exact location on the device
    Info: Pin M[12] not assigned to an exact location on the device
    Info: Pin M[11] not assigned to an exact location on the device
    Info: Pin M[10] not assigned to an exact location on the device
    Info: Pin M[9] not assigned to an exact location on the device
    Info: Pin M[8] not assigned to an exact location on the device
    Info: Pin M[7] not assigned to an exact location on the device
    Info: Pin M[6] not assigned to an exact location on the device
    Info: Pin M[5] not assigned to an exact location on the device
    Info: Pin M[4] not assigned to an exact location on the device
    Info: Pin M[3] not assigned to an exact location on the device
    Info: Pin M[2] not assigned to an exact location on the device
    Info: Pin M[1] not assigned to an exact location on the device
    Info: Pin uaddr[6] not assigned to an exact location on the device
    Info: Pin uaddr[5] not assigned to an exact location on the device
    Info: Pin uaddr[4] not assigned to an exact location on the device
    Info: Pin uaddr[3] not assigned to an exact location on the device
    Info: Pin uaddr[2] not assigned to an exact location on the device
    Info: Pin uaddr[1] not assigned to an exact location on the device
    Info: Pin d1[7] not assigned to an exact location on the device
    Info: Pin d1[6] not assigned to an exact location on the device
    Info: Pin d1[5] not assigned to an exact location on the device
    Info: Pin d1[4] not assigned to an exact location on the device
    Info: Pin d1[3] not assigned to an exact location on the device
    Info: Pin d1[2] not assigned to an exact location on the device
    Info: Pin d1[1] not assigned to an exact location on the device
    Info: Pin d1[0] not assigned to an exact location on the device
    Info: Pin LDAR not assigned to an exact location on the device
    Info: Pin PC_B not assigned to an exact location on the device
    Info: Pin LDPC not assigned to an exact location on the device
    Info: Pin I[7] not assigned to an exact location on the device
    Info: Pin I[6] not assigned to an exact location on the device
    Info: Pin I[5] not assigned to an exact location on the device
    Info: Pin I[4] not assigned to an exact location on the device
    Info: Pin I[3] not assigned to an exact location on the device
    Info: Pin I[2] not assigned to an exact location on the device
    Info: Pin I[1] not assigned to an exact location on the device
    Info: Pin I[0] not assigned to an exact location on the device
    Info: Pin RAM_B not assigned to an exact location on the device
    Info: Pin SW_B not assigned to an exact location on the device
    Info: Pin LED_B not assigned to an exact location on the device
    Info: Pin led[7] not assigned to an exact location on the device
    Info: Pin led[6] not assigned to an exact location on the device
    Info: Pin led[5] not assigned to an exact location on the device
    Info: Pin led[4] not assigned to an exact location on the device
    Info: Pin led[3] not assigned to an exact location on the device
    Info: Pin led[2] not assigned to an exact location on the device
    Info: Pin led[1] not assigned to an exact location on the device
    Info: Pin led[0] not assigned to an exact location on the device
    Info: Pin RST1 not assigned to an exact location on the device
    Info: Pin SWB not assigned to an exact location on the device
    Info: Pin SWA not assigned to an exact location on the device
    Info: Pin CLK1 not assigned to an exact location on the device
    Info: Pin STEP not assigned to an exact location on the device
    Info: Pin d0[7] not assigned to an exact location on the device
    Info: Pin d0[6] not assigned to an exact location on the device
    Info: Pin d0[5] not assigned to an exact location on the device
    Info: Pin d0[4] not assigned to an exact location on the device
    Info: Pin d0[3] not assigned to an exact location on the device
    Info: Pin d0[2] not assigned to an exact location on the device
    Info: Pin d0[0] not assigned to an exact location on the device
    Info: Pin d0[1] not assigned to an exact location on the device
Info: Timing requirements not specified -- optimizing circuit to achieve the following default global requirements
    Info: Assuming a global fmax requirement of 1 MHz
    Info: Not setting a global tsu requirement
    Info: Not setting a global tco requirement
    Info: Not setting a global tpd requirement
Info: Performing register packing on registers with non-logic cell location assignments
Info: Completed register packing on registers with non-logic cell location assignments
Info: Completed User Assigned Global Signals Promotion Operation
Info: Automatically promoted some destinations of signal t4:inst4|inst to use Global clock
    Info: Destination t4:inst4|inst may be non-global or may not use global clock
    Info: Destination t4:inst4|inst1 may be non-global or may not use global clock
Info: Automatically promoted some destinations of signal t4:inst4|inst1 to use Global clock
    Info: Destination t4:inst4|inst may be non-global or may not use global clock
    Info: Destination t4:inst4|inst2 may be non-global or may not use global clock
Info: Automatically promoted signal inst24 to use Global clock
Info: Automatically promoted signal inst26 to use Global clock
Info: Automatically promoted signal inst27 to use Global clock
Info: Automatically promoted signal inst28 to use Global clock
Info: Automatically promoted signal inst29~18 to use Global clock
Info: Automatically promoted signal inst9 to use Global clock
Info: Automatically promoted signal reg_3:inst1|inst6~17 to use Global clock
Info: Automatically promoted signal reg_3:inst1|inst7~8 to use Global clock
Info: Automatically promoted signal reg_3:inst1|inst~34 to use Global clock
Info: Automatically promoted signal t4:inst4|inst13 to use Global clock
Info: Automatically promoted signal RST1 to use Global clock in PIN M24
Info: Automatically promoted signal STEP to use Global clock in PIN M26
Info: Automatically promoted signal inst25 to use Global clock
Info: Completed Auto Global Promotion Operation
Info: Starting register packing
Info: Started Fast Input/Output/OE register processing
Info: Finished Fast Input/Output/OE register processing
Info: Start DSP scan-chain inferencing
Info: Completed DSP scan-chain inferencing
Info: Moving registers into I/Os, LUTs, DSP and RAM blocks to improve timing and density
Info: Fitter is using Normal packing mode for logic elements with Auto setting for Auto Packed Registers logic option
Info: Finished moving registers into I/Os, LUTs, DSP and RAM blocks
Info: Finished register packing
Info: Statistics of I/O pins that use the same VCCIO and VREF, before I/O pin placement
    Info: Number of I/O pins in group: 72 (unused VREF, 3.30 VCCIO, 11 input, 61 output, 0 bidirectional)
        Info: I/O standards used: LVTTL.
Info: Details of I/O bank before I/O pin placement
    Info: Statistics of I/O banks
        Info: I/O bank number 1 does not use VREF pins and has unused VCCIO pins. 0 total pin(s) used --  39 pins available
        Info: I/O bank number 2 does not use VREF pins and has unused VCCIO pins. 0 total pin(s) used --  39 pins available
        Info: I/O bank number 3 does not use VREF pins and has unused VCCIO pins. 0 total pin(s) used --  43 pins available
        Info: I/O bank number 4 does not use VREF pins and has unused VCCIO pins. 1 total pin(s) used --  44 pins available
        Info: I/O bank number 5 does not use VREF pins and has unused VCCIO pins. 2 total pin(s) used --  37 pins available
        Info: I/O bank number 6 does not use VREF pins and has unused VCCIO pins. 0 total pin(s) used --  39 pins available
        Info: I/O bank number 7 does not use VREF pins and has unused VCCIO pins. 0 total pin(s) used --  45 pins available
        Info: I/O bank number 8 does not use VREF pins and has unused VCCIO pins. 0 total pin(s) used --  44 pins available
        Info: I/O bank number 9 does not use VREF pins and has unused VCCIO pins. 0 total pin(s) used --  6 pins available
        Info: I/O bank number 10 does not use VREF pins and has unused VCCIO pins. 0 total pin(s) used --  0 pins available
        Info: I/O bank number 11 does not use VREF pins and has unused VCCIO pins. 0 total pin(s) used --  6 pins available
        Info: I/O bank number 12 does not use VREF pins and has unused VCCIO pins. 0 total pin(s) used --  0 pins available
Info: Details of I/O bank after I/O pin placement
    Info: Statistics of I/O banks
        Info: I/O bank number 1 does not use VREF pins and has 3.30V VCCIO pins. 36 total pin(s) used --  3 pins available
        Info: I/O bank number 2 does not use VREF pins and has 3.30V VCCIO pins. 36 total pin(s) used --  3 pins available
        Info: I/O bank number 3 does not use VREF pins and has unused VCCIO pins. 0 total pin(s) used --  43 pins available
        Info: I/O bank number 4 does not use VREF pins and has unused VCCIO pins. 1 total pin(s) used --  44 pins available
        Info: I/O bank number 5 does not use VREF pins and has unused VCCIO pins. 2 total pin(s) used --  37 pins available
        Info: I/O bank number 6 does not use VREF pins and has unused VCCIO pins. 0 total pin(s) used --  39 pins available
        Info: I/O bank number 7 does not use VREF pins and has unused VCCIO pins. 0 total pin(s) used --  45 pins available
        Info: I/O bank number 8 does not use VREF pins and has unused VCCIO pins. 0 total pin(s) used --  44 pins available
        Info: I/O bank number 9 does not use VREF pins and has unused VCCIO pins. 0 total pin(s) used --  6 pins available
        Info: I/O bank number 10 does not use VREF pins and has unused VCCIO pins. 0 total pin(s) used --  0 pins available
        Info: I/O bank number 11 does not use VREF pins and has unused VCCIO pins. 0 total pin(s) used --  6 pins available
        Info: I/O bank number 12 does not use VREF pins and has unused VCCIO pins. 0 total pin(s) used --  0 pins available
Info: Fitter placement preparation operations beginning
Info: Fitter placement preparation operations ending: elapsed time = 0 seconds
Info: Fitter placement operations beginning
Info: Fitter placement was successful
Info: Estimated most critical path is register to memory delay of 4.341 ns
    Info: 1: + IC(0.000 ns) + CELL(0.000 ns) = 0.000 ns; Loc. = LAB_X18_Y20; Fanout = 1; REG Node = 'reg_3:inst1|273:reg1|14'
    Info: 2: + IC(0.768 ns) + CELL(0.332 ns) = 1.100 ns; Loc. = LAB_X12_Y20; Fanout = 1; COMB Node = 'lpm_mux0:inst17|lpm_mux:lpm_mux_component|mux_jgc:auto_generated|w_result404w~222'
    Info: 3: + IC(0.215 ns) + CELL(0.459 ns) = 1.774 ns; Loc. = LAB_X13_Y20; Fanout = 2; COMB Node = 'lpm_mux0:inst17|lpm_mux:lpm_mux_component|mux_jgc:auto_generated|w_result404w~223'
    Info: 4: + IC(0.744 ns) + CELL(0.459 ns) = 2.977 ns; Loc. = LAB_X14_Y17; Fanout = 9; COMB Node = '273:inst20|14~COMBOUT'
    Info: 5: + IC(1.093 ns) + CELL(0.271 ns) = 4.341 ns; Loc. = M4K_X15_Y18; Fanout = 1; MEM Node = 'lpm_ram_dq0:inst10|altsyncram:altsyncram_component|altsyncram_mf21:auto_generated|ram_block1a5~porta_datain_reg0'
    Info: Total cell delay = 1.521 ns ( 35.04 % )
    Info: Total interconnect delay = 2.820 ns ( 64.96 % )
Info: Estimated interconnect usage is 1% of the available device resources
Info: Fitter placement operations ending: elapsed time = 0 seconds
Info: Fitter routing operations beginning
Info: Fitter routing operations ending: elapsed time = 0 seconds
Info: Fitter performed an Auto Fit compilation. Optimizations were skipped to reduce compilation time.
Info: Completed Fixed Delay Chain Operation
Info: Started post-fitting delay annotation
Info: Delay annotation completed successfully
Info: Completed Auto Delay Chain Operation
Warning: Global route sourced by node RST1, which is placed in Dedicated Clock Pin_M24, begins its route with non-global routing to its global destinations. This will lead to increased delay along these routes.
Info: Quartus II Fitter was successful. 0 errors, 1 warning
    Info: Processing ended: Fri Dec 29 05:48:17 2023
    Info: Elapsed time: 00:00:06


